{
   "number_epochs": 400,
   "info_used": "use imputation",
   "perc_full_data": 0.04,
   "n_epochs_no_selection": 0,
   "Frequency % cutoff": 0.33,
   "hidden_size": 32,
   "random_state": 10,
   "train_errors": [
      0.2951207458972931,
      0.19273900985717773,
      0.1122063398361206,
      0.06059654429554939,
      0.0463646799325943,
      0.061206527054309845,
      0.0693494975566864,
      0.05657621845602989,
      0.04529253765940666,
      0.0407756008207798,
      0.03930940851569176,
      0.04026191309094429,
      0.04211317375302315,
      0.04186491668224335,
      0.04049535468220711,
      0.03792518377304077,
      0.03671449050307274,
      0.034865934401750565,
      0.03373299166560173,
      0.033565957099199295,
      0.032951828092336655,
      0.03274871036410332,
      0.03140287473797798,
      0.03097628429532051,
      0.0297121349722147,
      0.029069287702441216,
      0.028669843450188637,
      0.028650207445025444,
      0.02756587415933609,
      0.02757253870368004,
      0.0262388214468956,
      0.026658501476049423,
      0.025600524619221687,
      0.025034073740243912,
      0.02490081451833248,
      0.024463942274451256,
      0.024569788947701454,
      0.024440042674541473,
      0.023913610726594925,
      0.02304823137819767,
      0.022831039503216743,
      0.02245309017598629,
      0.021504733711481094,
      0.02137349173426628,
      0.021410098299384117,
      0.021163925528526306,
      0.019679058343172073,
      0.02006574720144272,
      0.020088685676455498,
      0.019141672179102898,
      0.018822846934199333,
      0.018330451101064682,
      0.01933053694665432,
      0.018407126888632774,
      0.018441995605826378,
      0.017705850303173065,
      0.017076382413506508,
      0.0160793736577034,
      0.01685524918138981,
      0.017237002030014992,
      0.01689961738884449,
      0.01540790032595396,
      0.017135752364993095,
      0.0158463753759861,
      0.015222541987895966,
      0.015353762544691563,
      0.015181330032646656,
      0.015408173203468323,
      0.015502003952860832,
      0.014635671861469746,
      0.015113286674022675,
      0.015031151473522186,
      0.014414952136576176,
      0.01414446160197258,
      0.014338615350425243,
      0.014526212587952614,
      0.01405976340174675,
      0.014308355748653412,
      0.013914736919105053,
      0.013850740157067776,
      0.014041364192962646,
      0.013913179747760296,
      0.013566330075263977,
      0.013660715892910957,
      0.012915979139506817,
      0.013942697085440159,
      0.013202938251197338,
      0.013399684801697731,
      0.012997680343687534,
      0.01236158050596714,
      0.012667538598179817,
      0.012874624691903591,
      0.012295077554881573,
      0.012335963547229767,
      0.012311052531003952,
      0.012674842029809952,
      0.012046817690134048,
      0.01240141224116087,
      0.012574571184813976,
      0.012033485807478428,
      0.011960712261497974,
      0.011899772100150585,
      0.011839073151350021,
      0.01226944848895073,
      0.011460619047284126,
      0.012196197174489498,
      0.011707304045557976,
      0.011444938369095325,
      0.011425110511481762,
      0.010959971696138382,
      0.011078163050115108,
      0.011415917426347733,
      0.011663313955068588,
      0.010667217895388603,
      0.01031316164880991,
      0.010567991994321346,
      0.010744510218501091,
      0.01036642026156187,
      0.010372667573392391,
      0.011005484499037266,
      0.01084243692457676,
      0.010014910250902176,
      0.0106786685064435,
      0.009808726608753204,
      0.00987769290804863,
      0.010405284352600574,
      0.0098546352237463,
      0.009982505813241005,
      0.010095782577991486,
      0.009222558699548244,
      0.009915556758642197,
      0.00988877471536398,
      0.00936626736074686,
      0.009770653210580349,
      0.010275161825120449,
      0.009030853398144245,
      0.00940509233623743,
      0.00960452388972044,
      0.009381136856973171,
      0.010017277672886848,
      0.010115592740476131,
      0.008992212824523449,
      0.009528150781989098,
      0.010080558247864246,
      0.009155265986919403,
      0.009145158343017101,
      0.009500320069491863,
      0.009350231848657131,
      0.009078172966837883,
      0.00896535161882639,
      0.009193908423185349,
      0.00910005159676075,
      0.009843175299465656,
      0.008923907764256,
      0.00893030222505331,
      0.009338201954960823,
      0.009368191473186016,
      0.008905027993023396,
      0.009039542637765408,
      0.009132081642746925,
      0.008817165158689022,
      0.008983640000224113,
      0.009120807982981205,
      0.009089351631700993,
      0.00876456219702959,
      0.008881361223757267,
      0.008575182408094406,
      0.008989956229925156,
      0.0089190062135458,
      0.008849411271512508,
      0.0091268764808774,
      0.008546903729438782,
      0.008495652116835117,
      0.008439356461167336,
      0.008972050622105598,
      0.00867025088518858,
      0.00837317481637001,
      0.008825618773698807,
      0.008438989520072937,
      0.008438672870397568,
      0.008719857782125473,
      0.0085502490401268,
      0.008745488710701466,
      0.007848520763218403,
      0.008692251518368721,
      0.0084174619987607,
      0.008390338160097599,
      0.009028308093547821,
      0.008829344063997269,
      0.008634044788777828,
      0.007996166124939919,
      0.008069846779108047,
      0.008425512351095676,
      0.008375364355742931,
      0.008337940089404583,
      0.008012643083930016,
      0.008402177132666111,
      0.008640546351671219,
      0.009029709734022617,
      0.008832721970975399,
      0.009517942555248737,
      0.008847564458847046,
      0.008964702486991882,
      0.008425349369645119,
      0.008748178370296955,
      0.008344931527972221,
      0.008467394858598709,
      0.00885985791683197,
      0.00818484928458929,
      0.008418044075369835,
      0.007995166815817356,
      0.008127900771796703,
      0.008325732313096523,
      0.008608310483396053,
      0.008024521172046661,
      0.008924286812543869,
      0.008553897961974144,
      0.008353347890079021,
      0.008045773021876812,
      0.008318085223436356,
      0.008229158818721771,
      0.008552201092243195,
      0.00820545107126236,
      0.008463266305625439,
      0.008199803531169891,
      0.008296090178191662,
      0.008401015773415565,
      0.008455050177872181,
      0.008095046505331993,
      0.007727724965661764,
      0.007818417623639107,
      0.007893547415733337,
      0.00806110817939043,
      0.008060227148234844,
      0.008345644921064377,
      0.008255857042968273,
      0.008577462285757065,
      0.008206329308450222,
      0.008500386029481888,
      0.008009370416402817,
      0.008117874152958393,
      0.0074408468790352345,
      0.00804951786994934,
      0.0076117669232189655,
      0.007900558412075043,
      0.00844049546867609,
      0.008527485653758049,
      0.0073037720285356045,
      0.008282247930765152,
      0.007788523565977812,
      0.007958111353218555,
      0.00796909723430872,
      0.008116128854453564,
      0.00831365492194891,
      0.008787316270172596,
      0.00815968681126833,
      0.007586260326206684,
      0.007676327601075172,
      0.00824766606092453,
      0.008778231218457222,
      0.007539389189332724,
      0.007878022268414497,
      0.007738240994513035,
      0.008144347928464413,
      0.008075139485299587,
      0.00878753513097763,
      0.008053069934248924,
      0.007462440058588982,
      0.008322983048856258,
      0.008048749528825283,
      0.007265126332640648,
      0.008046014234423637,
      0.008194920606911182,
      0.007840393111109734,
      0.007659527473151684,
      0.008173758164048195,
      0.008490292355418205,
      0.008317911997437477,
      0.008640866726636887,
      0.008027475327253342,
      0.007722527254372835,
