{
   "number_epochs": 400,
   "info_used": "use imputation",
   "perc_full_data": 0.04,
   "n_epochs_no_selection": 0,
   "Frequency % cutoff": 0.33,
   "hidden_size": 32,
   "random_state": 8,
   "train_errors": [
      0.3128867745399475,
      0.20634552836418152,
      0.13055092096328735,
      0.07659920305013657,
      0.04533463343977928,
      0.042799558490514755,
      0.056199878454208374,
      0.06227217614650726,
      0.054847463965415955,
      0.044623419642448425,
      0.03787139803171158,
      0.03451970964670181,
      0.035771433264017105,
      0.037079744040966034,
      0.03664974495768547,
      0.03606506064534187,
      0.03495967388153076,
      0.03375770524144173,
      0.032164499163627625,
      0.0319245271384716,
      0.03077300824224949,
      0.030975574627518654,
      0.031257838010787964,
      0.030613623559474945,
      0.030084898695349693,
      0.028933478519320488,
      0.029081087559461594,
      0.028345074504613876,
      0.028027435764670372,
      0.027308158576488495,
      0.026437606662511826,
      0.02645520493388176,
      0.025706740096211433,
      0.025555135682225227,
      0.0249111820012331,
      0.0245649516582489,
      0.02455197460949421,
      0.023561755195260048,
      0.023854801431298256,
      0.023525655269622803,
      0.023132434114813805,
      0.02249487116932869,
      0.021686166524887085,
      0.021451003849506378,
      0.021636344492435455,
      0.021184314042329788,
      0.021558474749326706,
      0.021276254206895828,
      0.02070261724293232,
      0.019959531724452972,
      0.02036101184785366,
      0.019871676340699196,
      0.019805243238806725,
      0.019671641290187836,
      0.01927603967487812,
      0.019011853262782097,
      0.01881220005452633,
      0.01862996257841587,
      0.018970634788274765,
      0.01862364448606968,
      0.018941277638077736,
      0.01814463920891285,
      0.017908206209540367,
      0.017857301980257034,
      0.017709918320178986,
      0.017865436151623726,
      0.01765289530158043,
      0.017480971291661263,
      0.017115062102675438,
      0.01776718720793724,
      0.01704311929643154,
      0.017596488818526268,
      0.017083745449781418,
      0.01760847494006157,
      0.01665389910340309,
      0.016391009092330933,
      0.016945049166679382,
      0.016320709139108658,
      0.016415320336818695,
      0.01607387699186802,
      0.015355193056166172,
      0.01604355499148369,
      0.01597829908132553,
      0.016181662678718567,
      0.015298163518309593,
      0.01616244949400425,
      0.0156285110861063,
      0.01548479963093996,
      0.015944786369800568,
      0.015633011236786842,
      0.014900139532983303,
      0.014988882467150688,
      0.01549884956330061,
      0.01465147826820612,
      0.015433695167303085,
      0.015039291232824326,
      0.014871721155941486,
      0.01444908045232296,
      0.014721451327204704,
      0.014405578374862671,
      0.014295144937932491,
      0.015054688788950443,
      0.014447899535298347,
      0.013958566822111607,
      0.014155128039419651,
      0.01469494216144085,
      0.014571026898920536,
      0.013942468911409378,
      0.014516130089759827,
      0.013873396441340446,
      0.014333934523165226,
      0.01459948904812336,
      0.013656435534358025,
      0.013771412894129753,
      0.014019522815942764,
      0.012877288274466991,
      0.013556912541389465,
      0.013933498412370682,
      0.013055572286248207,
      0.013036999851465225,
      0.012956205755472183,
      0.013815164566040039,
      0.012680012732744217,
      0.012910062447190285,
      0.013507813215255737,
      0.012986390851438046,
      0.012620768509805202,
      0.012809707783162594,
      0.013156388886272907,
      0.013233894482254982,
      0.013060304336249828,
      0.013208407908678055,
      0.01280522532761097,
      0.013675220310688019,
      0.013004319742321968,
      0.011980462819337845,
      0.012547063641250134,
      0.013339890167117119,
      0.012736639939248562,
      0.012468834407627583,
      0.012628274969756603,
      0.011909004300832748,
      0.013006995432078838,
      0.012581469491124153,
      0.012913010083138943,
      0.012062911875545979,
      0.012379234656691551,
      0.012379022315144539,
      0.012050963006913662,
      0.012549703940749168,
      0.012317657470703125,
      0.012363703921437263,
      0.012372544966638088,
      0.01217661239206791,
      0.012519768439233303,
      0.012273339554667473,
      0.01222703792154789,
      0.01244281604886055,
      0.012300960719585419,
      0.01222859974950552,
      0.01222301460802555,
      0.012029674835503101,
      0.01196495071053505,
      0.012076670303940773,
      0.011780395172536373,
      0.012630959041416645,
      0.01197142992168665,
      0.012144722044467926,
      0.011884104460477829,
      0.01136692613363266,
      0.01221633329987526,
      0.012550191022455692,
      0.012068984098732471,
      0.011860918253660202,
      0.011783775873482227,
      0.011676508001983166,
      0.011519057676196098,
      0.011152505874633789,
      0.011252153664827347,
      0.01182523276656866,
      0.012422692030668259,
      0.011112556792795658,
      0.011198657564818859,
      0.01172992866486311,
      0.011544193141162395,
      0.01132979802787304,
      0.01116702239960432,
      0.012162859551608562,
      0.011831737123429775,
      0.011114452965557575,
      0.011678250506520271,
      0.011948980391025543,
      0.012025910429656506,
      0.011612585745751858,
      0.011002196930348873,
      0.0110697653144598,
      0.011173179373145103,
      0.011364210397005081,
      0.011033298447728157,
      0.01097410824149847,
      0.011121350340545177,
      0.010840841569006443,
      0.010644320398569107,
      0.01064241025596857,
      0.01056436263024807,
      0.010361840948462486,
      0.010837861336767673,
      0.010850004851818085,
      0.010654326528310776,
      0.010680604726076126,
      0.010838505811989307,
      0.01077047549188137,
      0.010653660632669926,
      0.01077586505562067,
      0.010180344805121422,
      0.010569820180535316,
      0.010952924378216267,
      0.010622208938002586,
      0.010408744215965271,
      0.009826431050896645,
      0.010156207717955112,
      0.010009508579969406,
      0.010191138833761215,
      0.010386005975306034,
      0.010375665500760078,
      0.009924028068780899,
      0.01051381416618824,
      0.009546449407935143,
      0.010426035150885582,
      0.010181642137467861,
      0.009799695573747158,
      0.009981834329664707,
      0.00987987034022808,
      0.010510141961276531,
      0.009847884997725487,
      0.010835736989974976,
      0.009853181429207325,
      0.009601367637515068,
      0.009923513047397137,
      0.0108258705586195,
      0.009871209971606731,
      0.009954862296581268,
      0.009606688283383846,
      0.00994420051574707,
      0.009768465533852577,
      0.009681520983576775,
      0.010249289683997631,
      0.010102875530719757,
      0.00978136993944645,
      0.009877735748887062,
      0.009898316115140915,
      0.0092720165848732,
      0.009937543421983719,
      0.009734567254781723,
      0.010382355190813541,
      0.009653347544372082,
      0.009564535692334175,
      0.009748208336532116,
      0.009681492112576962,
      0.009858333505690098,
      0.010376391932368279,
      0.009535922668874264,
      0.009395903907716274,
      0.009737938642501831,
      0.009561627171933651,
      0.009307012893259525,
      0.009224544279277325,
      0.009286505170166492,
      0.010188276879489422,
      0.009521035477519035,
      0.009669866412878036,
      0.009398136287927628,
      0.009483464062213898,
      0.009466923773288727,
      0.00945527758449316,
      0.009678289294242859,
      0.009467204101383686,
      0.009554741904139519,
      0.009359363466501236,
      0.009739785455167294,
