{
   "number_epochs": 400,
   "info_used": "use imputation",
   "perc_full_data": 0.04,
   "n_epochs_no_selection": 0,
   "Frequency % cutoff": 0.33,
   "hidden_size": 32,
   "random_state": 4,
   "train_errors": [
      0.2840871810913086,
      0.20598778128623962,
      0.13832753896713257,
      0.0885850191116333,
      0.06357955932617188,
      0.06390176713466644,
      0.0730513334274292,
      0.0733194500207901,
      0.06359981000423431,
      0.05265473574399948,
      0.04630379378795624,
      0.04532413184642792,
      0.04484918713569641,
      0.0437123104929924,
      0.04184018447995186,
      0.03943553939461708,
      0.03807768225669861,
      0.03604734688997269,
      0.03546786680817604,
      0.03475264459848404,
      0.034396324306726456,
      0.033990390598773956,
      0.03269263729453087,
      0.03159023076295853,
      0.0312662199139595,
      0.0315634161233902,
      0.030543910339474678,
      0.029845748096704483,
      0.030174987390637398,
      0.029460864141583443,
      0.029266631230711937,
      0.02812948077917099,
      0.028352171182632446,
      0.028524324297904968,
      0.027240239083766937,
      0.0269779060035944,
      0.02692985348403454,
      0.026637837290763855,
      0.02637896127998829,
      0.026411140337586403,
      0.02588556706905365,
      0.02493477240204811,
      0.025378335267305374,
      0.0247341375797987,
      0.025018565356731415,
      0.023781660944223404,
      0.024007268249988556,
      0.022523824125528336,
      0.022643066942691803,
      0.022619586437940598,
      0.022839240729808807,
      0.02223028428852558,
      0.022426845505833626,
      0.02113572135567665,
      0.021162142977118492,
      0.021093888208270073,
      0.020587902516126633,
      0.020016778260469437,
      0.02090362086892128,
      0.021065933629870415,
      0.01924545131623745,
      0.019096694886684418,
      0.019599225372076035,
      0.01931614615023136,
      0.0190618596971035,
      0.01889082044363022,
      0.01829756237566471,
      0.018994765356183052,
      0.01875694841146469,
      0.018262188881635666,
      0.018594101071357727,
      0.018738888204097748,
      0.018129337579011917,
      0.018364571034908295,
      0.018631871789693832,
      0.017781436443328857,
      0.018716203048825264,
      0.017570173367857933,
      0.018150845542550087,
      0.017788225784897804,
      0.017345458269119263,
      0.017893217504024506,
      0.01634620875120163,
      0.01627025380730629,
      0.017078308388590813,
      0.017244519665837288,
      0.017270131036639214,
      0.01630469597876072,
      0.01729436218738556,
      0.016799425706267357,
      0.016693903133273125,
      0.016750436276197433,
      0.016390658915042877,
      0.016405830159783363,
      0.01619735360145569,
      0.015809323638677597,
      0.015922430902719498,
      0.015303856693208218,
      0.015695957466959953,
      0.015685496851801872,
      0.01600363850593567,
      0.015148278325796127,
      0.01516574714332819,
      0.015193537808954716,
      0.015313309617340565,
      0.015306261368095875,
      0.015081724151968956,
      0.014996635727584362,
      0.014306865632534027,
      0.014841132797300816,
      0.014550269581377506,
      0.014293348416686058,
      0.014882460236549377,
      0.014534476213157177,
      0.015133189037442207,
      0.013667578808963299,
      0.0138150779530406,
      0.01374965999275446,
      0.014748681336641312,
      0.013612262904644012,
      0.01421484537422657,
      0.013874728232622147,
      0.01321768295019865,
      0.012726771645247936,
      0.012862198986113071,
      0.013505630195140839,
      0.013591556809842587,
      0.012763217091560364,
      0.013960813172161579,
      0.013020217418670654,
      0.013431438244879246,
      0.01354165654629469,
      0.012637579813599586,
      0.01312477421015501,
      0.0133022740483284,
      0.013248683884739876,
      0.012544538825750351,
      0.012423044070601463,
      0.01271140668541193,
      0.01283844280987978,
      0.012993406504392624,
      0.012850943021476269,
      0.01377934031188488,
      0.012905007228255272,
      0.012453700415790081,
      0.012781829573214054,
      0.012346906587481499,
      0.012928481213748455,
      0.012568948790431023,
      0.012089398689568043,
      0.012193259783089161,
      0.012603925541043282,
      0.01327186357229948,
      0.012186206877231598,
      0.011981667950749397,
      0.011870008893311024,
      0.012518681585788727,
      0.01276187039911747,
      0.011796066537499428,
      0.01320754736661911,
      0.013015064410865307,
      0.0123523510992527,
      0.0117648271843791,
      0.011950774118304253,
      0.012299889698624611,
      0.012143676169216633,
      0.012269101105630398,
      0.012122674845159054,
      0.012181280180811882,
      0.011840530671179295,
      0.01197900716215372,
      0.012532325461506844,
      0.011514156125485897,
      0.012563033029437065,
      0.012679562903940678,
      0.011988765560090542,
      0.01197375264018774,
      0.012015937827527523,
      0.011926358565688133,
      0.011918497271835804,
      0.011472324840724468,
      0.01235627755522728,
      0.011369317770004272,
      0.011662901379168034,
      0.012062333524227142,
      0.011752389371395111,
      0.012169095687568188,
      0.012086850591003895,
      0.011928685940802097,
      0.011514376848936081,
      0.01191031001508236,
      0.011797497048974037,
      0.011936641298234463,
      0.01198335736989975,
      0.011938456445932388,
      0.011274641379714012,
      0.011364622041583061,
      0.0114545663818717,
      0.012239529751241207,
      0.010760913603007793,
      0.010954479686915874,
      0.011852930299937725,
      0.011321278288960457,
      0.011268755421042442,
      0.011137432418763638,
      0.01113227941095829,
      0.010997427627444267,
      0.012024136260151863,
      0.010898795910179615,
      0.01121551264077425,
      0.011269165202975273,
      0.012272996827960014,
      0.011478323489427567,
      0.01147948857396841,
      0.011677397415041924,
      0.011311882175505161,
      0.011446088552474976,
      0.01071306224912405,
      0.01159404031932354,
      0.011889750137925148,
      0.011623991653323174,
      0.011598711833357811,
      0.011208286508917809,
      0.010986484587192535,
      0.012138732708990574,
      0.011290272697806358,
      0.011930074542760849,
      0.010951279662549496,
      0.010585193522274494,
      0.01123045664280653,
      0.011143064126372337,
      0.010986682027578354,
      0.011391417123377323,
      0.010756655596196651,
      0.011007770895957947,
      0.011137090623378754,
      0.0114551717415452,
      0.011709127575159073,
      0.011257832869887352,
      0.011344649828970432,
      0.01066596433520317,
      0.010618680156767368,
      0.010920090600848198,
      0.01087166927754879,
      0.010753774084150791,
      0.011197884567081928,
      0.011270408518612385,
      0.010495656169950962,
      0.011685807257890701,
      0.011087492108345032,
      0.01081820111721754,
      0.011510699056088924,
      0.010489888489246368,
      0.011521702632308006,
      0.010711537674069405,
      0.011251630261540413,
      0.011335636489093304,
      0.011101366952061653,
      0.01066675130277872,
      0.010568274185061455,
      0.010697991587221622,
      0.010436425916850567,
      0.010494655929505825,
      0.010948832146823406,
      0.0106144268065691,
      0.010829371400177479,
      0.01129378192126751,
      0.011457687243819237,
      0.010746937245130539,
      0.01097913645207882,
      0.011027938686311245,
      0.011144271120429039,
      0.010501938872039318,
      0.010888532735407352,
      0.010528042912483215,
      0.011308586224913597,
      0.011151681654155254,
      0.010944203473627567,
      0.01016529742628336,
      0.010775798931717873,
      0.010400119237601757,
