{
   "number_epochs": 400,
   "info_used": "use imputation",
   "perc_full_data": 0.04,
   "n_epochs_no_selection": 0,
   "Frequency % cutoff": 0.33,
   "hidden_size": 32,
   "random_state": 14,
   "train_errors": [
      0.4092079997062683,
      0.30644261837005615,
      0.21886883676052094,
      0.14597424864768982,
      0.08692757040262222,
      0.052924931049346924,
      0.047217536717653275,
      0.061242979019880295,
      0.07501866668462753,
      0.06852339953184128,
      0.05664396658539772,
      0.04615139961242676,
      0.04022829607129097,
      0.03905373811721802,
      0.04031326249241829,
      0.04200521111488342,
      0.04239547997713089,
      0.04087429866194725,
      0.038409024477005005,
      0.03546163812279701,
      0.03405185043811798,
      0.03329832851886749,
      0.033010274171829224,
      0.032391320914030075,
      0.031844086945056915,
      0.031527191400527954,
      0.03093011863529682,
      0.031081903725862503,
      0.029660334810614586,
      0.029619548469781876,
      0.02838759310543537,
      0.02730870619416237,
      0.026781586930155754,
      0.027377864345908165,
      0.025455430150032043,
      0.02573150210082531,
      0.0251032505184412,
      0.025707168504595757,
      0.025163743644952774,
      0.02383626066148281,
      0.02546757459640503,
      0.02399376779794693,
      0.02264813333749771,
      0.02259840816259384,
      0.02203492447733879,
      0.021267300471663475,
      0.02181270159780979,
      0.021283365786075592,
      0.021906541660428047,
      0.02146550454199314,
      0.020793147385120392,
      0.020750273019075394,
      0.02064577117562294,
      0.020434735342860222,
      0.020441042259335518,
      0.018427247181534767,
      0.019485142081975937,
      0.01820434257388115,
      0.018477734178304672,
      0.01831391267478466,
      0.01827925443649292,
      0.01865006797015667,
      0.017187422141432762,
      0.018037954345345497,
      0.01679196208715439,
      0.01608007401227951,
      0.017011184245347977,
      0.016458719968795776,
      0.01660088635981083,
      0.016372421756386757,
      0.016155637800693512,
      0.015460897237062454,
      0.015851248055696487,
      0.015596799552440643,
      0.015824532136321068,
      0.015343411825597286,
      0.015692252665758133,
      0.014881724491715431,
      0.015075383707880974,
      0.014538557268679142,
      0.014793716371059418,
      0.015046754851937294,
      0.014797229319810867,
      0.015406893566250801,
      0.014769703149795532,
      0.014797861687839031,
      0.014046924188733101,
      0.014034301042556763,
      0.015031898394227028,
      0.013744122348725796,
      0.013978181406855583,
      0.014496474526822567,
      0.014190993271768093,
      0.013804893009364605,
      0.013607213273644447,
      0.013553748838603497,
      0.014509902335703373,
      0.015104614198207855,
      0.013670599088072777,
      0.01375978346914053,
      0.013365499675273895,
      0.013676999136805534,
      0.01416104193776846,
      0.012802143581211567,
      0.013564525172114372,
      0.013967782258987427,
      0.013196483254432678,
      0.012125244364142418,
      0.012536079622805119,
      0.013083012774586678,
      0.012937425635755062,
      0.01279432512819767,
      0.013611138798296452,
      0.013736134395003319,
      0.012785215862095356,
      0.013039473444223404,
      0.011858075857162476,
      0.012387186288833618,
      0.012599265202879906,
      0.013131511397659779,
      0.01208385918289423,
      0.011933228000998497,
      0.012270712293684483,
      0.012314450927078724,
      0.01213715597987175,
      0.011671523563563824,
      0.01327509805560112,
      0.011611029505729675,
      0.011881100945174694,
      0.011423907242715359,
      0.012063194066286087,
      0.01139506883919239,
      0.011255219578742981,
      0.011474711820483208,
      0.012751867063343525,
      0.011304177343845367,
      0.010367016308009624,
      0.012202847748994827,
      0.011531728319823742,
      0.012058335356414318,
      0.011731679551303387,
      0.011040927842259407,
      0.01148530188947916,
      0.011388384737074375,
      0.012346760369837284,
      0.01183996070176363,
      0.01110987737774849,
      0.012005946598947048,
      0.01155600044876337,
      0.012026533484458923,
      0.01229656208306551,
      0.012337290681898594,
      0.011708942241966724,
      0.011616612784564495,
      0.011901778168976307,
      0.011051284149289131,
      0.012722051702439785,
      0.011749006807804108,
      0.011285495944321156,
      0.011090629734098911,
      0.011324326507747173,
      0.011472034268081188,
      0.010614552535116673,
      0.011834876611828804,
      0.010920573957264423,
      0.011366552673280239,
      0.011707072146236897,
      0.010854174382984638,
      0.011236085556447506,
      0.011187214404344559,
      0.011353488080203533,
      0.011507583782076836,
      0.010795033536851406,
      0.011935289017856121,
      0.011067367158830166,
      0.011606162413954735,
      0.010808464139699936,
      0.011254450306296349,
      0.01149500347673893,
      0.012283540330827236,
      0.011289752088487148,
      0.011259942315518856,
      0.01135636493563652,
      0.011319605633616447,
      0.011316192336380482,
      0.011024100705981255,
      0.011329789645969868,
      0.011402007192373276,
      0.010843944735825062,
      0.010035885497927666,
      0.011449775658547878,
      0.010609781369566917,
      0.010230899788439274,
      0.010828498750925064,
      0.011693191714584827,
      0.010947036556899548,
      0.01124071516096592,
      0.010557064786553383,
      0.011363135650753975,
      0.010853519663214684,
      0.011065447703003883,
      0.010958419181406498,
      0.011669429019093513,
      0.01171912532299757,
      0.011167977936565876,
      0.010481687262654305,
      0.01121244765818119,
      0.011527161113917828,
      0.011662333272397518,
      0.010563456453382969,
      0.010738528333604336,
      0.010028090327978134,
      0.010413896292448044,
      0.010978338308632374,
      0.010685345157980919,
      0.010570120066404343,
      0.010066516697406769,
      0.010338541120290756,
      0.010996995493769646,
      0.011440896429121494,
      0.011286469176411629,
      0.010277600027620792,
      0.010814073495566845,
      0.010421632789075375,
      0.010044864378869534,
      0.010360152460634708,
      0.011578398756682873,
      0.011240111663937569,
      0.010871033184230328,
      0.01136324554681778,
      0.010766757652163506,
      0.011217670515179634,
      0.009898399002850056,
      0.01017606072127819,
      0.01058997493237257,
      0.010090592317283154,
      0.009666201658546925,
      0.009718494489789009,
      0.01060489472001791,
      0.009975148364901543,
      0.009821726009249687,
      0.010161795653402805,
      0.011403858661651611,
      0.010382289066910744,
      0.009895788505673409,
      0.010276133194565773,
      0.010850740596652031,
      0.010181449353694916,
      0.010038028471171856,
      0.010182568803429604,
      0.010721038095653057,
      0.010828256607055664,
      0.010139910504221916,
      0.009512030519545078,
      0.0093654440715909,
      0.010618485510349274,
      0.010848854668438435,
      0.00977620854973793,
      0.01147612277418375,
      0.009952432475984097,
      0.00981421023607254,
      0.010464554652571678,
      0.010682016611099243,
      0.010174233466386795,
      0.009799574501812458,
      0.010520086623728275,
      0.01031848881393671,
      0.010001844726502895,
      0.010049833916127682,
      0.010823573917150497,
      0.010806099511682987,
      0.011075072921812534,
      0.009382559917867184,
      0.010969565249979496,
      0.010907231830060482,
      0.011298809200525284,
      0.010663463734090328,
      0.00985654816031456,
      0.010153748095035553,
      0.01027574110776186,
