{
   "number_epochs": 400,
   "info_used": "use imputation",
   "perc_full_data": 0.04,
   "n_epochs_no_selection": 0,
   "Frequency % cutoff": 0.33,
   "hidden_size": 32,
   "random_state": 6,
   "train_errors": [
      0.2644544541835785,
      0.17508409917354584,
      0.10640884190797806,
      0.06095252186059952,
      0.04524264112114906,
      0.05859106406569481,
      0.06832130998373032,
      0.06278068572282791,
      0.050199706107378006,
      0.04122919961810112,
      0.040006183087825775,
      0.04032447189092636,
      0.04251033067703247,
      0.043088365346193314,
      0.04027871415019035,
      0.038901057094335556,
      0.03602621704339981,
      0.035810358822345734,
      0.034294940531253815,
      0.034981049597263336,
      0.03484508767724037,
      0.03457621484994888,
      0.03263300657272339,
      0.03187495470046997,
      0.031173892319202423,
      0.030608044937253,
      0.030172275379300117,
      0.029895881190896034,
      0.027800774201750755,
      0.027094567194581032,
      0.02683999575674534,
      0.02739986777305603,
      0.026243990287184715,
      0.025328362360596657,
      0.02510964684188366,
      0.024808140471577644,
      0.025318298488855362,
      0.024311967194080353,
      0.025042759254574776,
      0.02340018004179001,
      0.023102274164557457,
      0.023153332993388176,
      0.022816013544797897,
      0.023166121914982796,
      0.0217819232493639,
      0.02176659367978573,
      0.022033343091607094,
      0.021312987431883812,
      0.022123420611023903,
      0.020460521802306175,
      0.02016519568860531,
      0.020546965301036835,
      0.020664431154727936,
      0.019513189792633057,
      0.019934017211198807,
      0.019810209050774574,
      0.01950943097472191,
      0.018698763102293015,
      0.018390368670225143,
      0.018547505140304565,
      0.01836301013827324,
      0.018001804128289223,
      0.017228752374649048,
      0.017886025831103325,
      0.01712643913924694,
      0.01720903068780899,
      0.017392784357070923,
      0.017426559701561928,
      0.01677568443119526,
      0.017276301980018616,
      0.016211047768592834,
      0.015942687168717384,
      0.01634594053030014,
      0.015654737129807472,
      0.016796167939901352,
      0.01616872288286686,
      0.015576343983411789,
      0.015837298706173897,
      0.015306060202419758,
      0.016142698004841805,
      0.015171919949352741,
      0.015294297598302364,
      0.015616528689861298,
      0.015042472630739212,
      0.014027342200279236,
      0.014860369265079498,
      0.015801966190338135,
      0.015250173397362232,
      0.01501902099698782,
      0.015279537998139858,
      0.014662515372037888,
      0.01424900908023119,
      0.014504045248031616,
      0.014767048880457878,
      0.014488949440419674,
      0.014287369325757027,
      0.013723216950893402,
      0.014418362639844418,
      0.014619095250964165,
      0.014092153869569302,
      0.014190314337611198,
      0.014167331159114838,
      0.013716746121644974,
      0.013825404457747936,
      0.013859817758202553,
      0.013895362615585327,
      0.014133363962173462,
      0.013939811848104,
      0.01411267276853323,
      0.013552301563322544,
      0.013198750093579292,
      0.013590319082140923,
      0.013365459628403187,
      0.013597468845546246,
      0.012985553592443466,
      0.0129952821880579,
      0.012552234344184399,
      0.01301539409905672,
      0.01314767636358738,
      0.013453907333314419,
      0.012963340617716312,
      0.013110937550663948,
      0.013317265547811985,
      0.0124482037499547,
      0.012831270694732666,
      0.012395618483424187,
      0.012804553844034672,
      0.012975042685866356,
      0.013051924295723438,
      0.012648675590753555,
      0.012776576913893223,
      0.013611949980258942,
      0.012733273208141327,
      0.012833628803491592,
      0.013055738061666489,
      0.012630835175514221,
      0.012457073666155338,
      0.012163734994828701,
      0.012344264425337315,
      0.012019828893244267,
      0.012847162783145905,
      0.012603119015693665,
      0.012115955352783203,
      0.012298808433115482,
      0.012594956904649734,
      0.012570207938551903,
      0.012065449729561806,
      0.012652752920985222,
      0.012636393308639526,
      0.01175780314952135,
      0.012452918104827404,
      0.011903242208063602,
      0.011629867367446423,
      0.013036488555371761,
      0.012436872348189354,
      0.011994467116892338,
      0.012019368819892406,
      0.012668351642787457,
      0.01218613050878048,
      0.011735565960407257,
      0.012296824716031551,
      0.011891323141753674,
      0.011491301469504833,
      0.012164823710918427,
      0.012010437436401844,
      0.011927410028874874,
      0.012698804959654808,
      0.012064800597727299,
      0.011978230439126492,
      0.012486117891967297,
      0.011246070265769958,
      0.011795811355113983,
      0.012504924088716507,
      0.012578465044498444,
      0.012388753704726696,
      0.01200379803776741,
      0.011606317944824696,
      0.011486422270536423,
      0.011984067969024181,
      0.012571116909384727,
      0.011281930841505527,
      0.011678826063871384,
      0.011585459113121033,
      0.01148540060967207,
      0.012514129281044006,
      0.011113089509308338,
      0.01186115387827158,
      0.012283172458410263,
      0.011673901230096817,
      0.01269790530204773,
      0.011519172228872776,
      0.011895925737917423,
      0.011763627640902996,
      0.011708041653037071,
      0.011385131627321243,
      0.012459209188818932,
      0.012016337364912033,
      0.011960862204432487,
      0.013200128450989723,
      0.011208898387849331,
      0.011711948551237583,
      0.011977288872003555,
      0.012308175675570965,
      0.01166706345975399,
      0.011211363598704338,
      0.012382946908473969,
      0.011959859170019627,
      0.01216349471360445,
      0.011584039777517319,
      0.011986191384494305,
      0.011620667763054371,
      0.01218097098171711,
      0.011421076953411102,
      0.011584574356675148,
      0.011778447777032852,
      0.011881315149366856,
      0.011915670707821846,
      0.011700539849698544,
      0.012286851182579994,
      0.010971946641802788,
      0.011412467807531357,
      0.011558054015040398,
      0.011898326687514782,
      0.012483866885304451,
      0.011330422945320606,
      0.012008550576865673,
      0.01145040150731802,
      0.011352808214724064,
      0.011652681976556778,
      0.01209494099020958,
      0.011187709867954254,
      0.011281207203865051,
      0.011027354747056961,
      0.011943778954446316,
      0.012642310000956059,
      0.01181291788816452,
      0.011338738724589348,
      0.011161042377352715,
      0.011653445661067963,
      0.0112875085324049,
      0.011547806672751904,
      0.011760208755731583,
      0.011272606439888477,
      0.011610620655119419,
      0.011011181399226189,
      0.011432530358433723,
      0.011224222369492054,
      0.011482160538434982,
      0.011739945970475674,
      0.01153595931828022,
      0.010934298858046532,
      0.012191585265100002,
      0.010795841924846172,
      0.011444596573710442,
      0.011160841211676598,
      0.011508269235491753,
      0.010937618091702461,
      0.011114731431007385,
      0.012112976051867008,
      0.011679255403578281,
      0.011284812353551388,
      0.011242312379181385,
      0.011455434374511242,
      0.01133828703314066,
      0.012323042377829552,
      0.011186467483639717,
      0.011597981676459312,
      0.012387893162667751,
      0.011317694559693336,
      0.011338678188621998,
      0.010955971665680408,
      0.011355164460837841,
      0.01093623973429203,
      0.011355442926287651,
      0.011456221342086792,
      0.010908461175858974,
      0.010829291306436062,
      0.01106337271630764,
      0.010802406817674637,
      0.011254760436713696,
