{
   "number_epochs": 400,
   "info_used": "use imputation",
   "perc_full_data": 0.04,
   "n_epochs_no_selection": 0,
   "Frequency % cutoff": 0.33,
   "hidden_size": 32,
   "random_state": 3,
   "train_errors": [
      0.25962015986442566,
      0.17167963087558746,
      0.10356669127941132,
      0.060352955013513565,
      0.04320049658417702,
      0.05025095120072365,
      0.0657140463590622,
      0.0648227110505104,
      0.05395190045237541,
      0.04462815448641777,
      0.039614420384168625,
      0.03843138366937637,
      0.04049009457230568,
      0.04005138576030731,
      0.04048461839556694,
      0.03860028088092804,
      0.037022728472948074,
      0.034723713994026184,
      0.03435088321566582,
      0.034268394112586975,
      0.034929949790239334,
      0.03429270163178444,
      0.033223193138837814,
      0.0326538123190403,
      0.031660422682762146,
      0.03070356883108616,
      0.030982112511992455,
      0.029396044090390205,
      0.028929585590958595,
      0.029979752376675606,
      0.02806016243994236,
      0.028119714930653572,
      0.026893706992268562,
      0.026711689308285713,
      0.025616589933633804,
      0.02575293555855751,
      0.024899819865822792,
      0.024804651737213135,
      0.02416832000017166,
      0.023372933268547058,
      0.02227749302983284,
      0.021438628435134888,
      0.022248616442084312,
      0.02140125073492527,
      0.020425444468855858,
      0.020913876593112946,
      0.020034892484545708,
      0.019878093153238297,
      0.020351629704236984,
      0.01960217021405697,
      0.019107326865196228,
      0.019060485064983368,
      0.01826382800936699,
      0.01785539835691452,
      0.01815849356353283,
      0.017185203731060028,
      0.017644748091697693,
      0.01739661581814289,
      0.016781149432063103,
      0.016285058110952377,
      0.01651092991232872,
      0.017247097566723824,
      0.016196569427847862,
      0.01640554703772068,
      0.016551101580262184,
      0.01606411300599575,
      0.015498748980462551,
      0.015525689348578453,
      0.01516715344041586,
      0.015519946813583374,
      0.014699522405862808,
      0.015290610492229462,
      0.014516767114400864,
      0.015928393229842186,
      0.015002775937318802,
      0.014281284995377064,
      0.014523846097290516,
      0.014311935752630234,
      0.014402005821466446,
      0.01490504015237093,
      0.014824265614151955,
      0.014115485362708569,
      0.014149446040391922,
      0.014502753503620625,
      0.01364859938621521,
      0.014213737100362778,
      0.013693373650312424,
      0.0135648213326931,
      0.013823732733726501,
      0.01363811269402504,
      0.014041884802281857,
      0.01448776200413704,
      0.013475987128913403,
      0.013463507406413555,
      0.013696405105292797,
      0.014092567376792431,
      0.014007890596985817,
      0.013332714326679707,
      0.013386894948780537,
      0.013694355264306068,
      0.013006443157792091,
      0.013523317873477936,
      0.01315544918179512,
      0.013784359209239483,
      0.013005447573959827,
      0.012834160588681698,
      0.01307050883769989,
      0.013299434445798397,
      0.012880133464932442,
      0.01302099134773016,
      0.011934801004827023,
      0.013655540533363819,
      0.013390950858592987,
      0.012607547454535961,
      0.013127513229846954,
      0.013381843455135822,
      0.012685153633356094,
      0.012439173646271229,
      0.012453566305339336,
      0.01177183911204338,
      0.012570774182677269,
      0.012400130741298199,
      0.011926633305847645,
      0.01234180387109518,
      0.01272400002926588,
      0.011525926180183887,
      0.012347591109573841,
      0.011967870406806469,
      0.011968686245381832,
      0.012167707085609436,
      0.012068595737218857,
      0.011873054318130016,
      0.011735123582184315,
      0.011444526724517345,
      0.011807689443230629,
      0.011656537652015686,
      0.011962884105741978,
      0.01132561732083559,
      0.011693197302520275,
      0.011458304710686207,
      0.011521889828145504,
      0.011357762850821018,
      0.011220281012356281,
      0.011465790681540966,
      0.01135390717536211,
      0.011803783476352692,
      0.011471834033727646,
      0.01144035067409277,
      0.011685841716825962,
      0.011859370395541191,
      0.011122810654342175,
      0.010828977450728416,
      0.01135437935590744,
      0.011212628334760666,
      0.011532619595527649,
      0.011652662418782711,
      0.011478716507554054,
      0.011999531649053097,
      0.011343150399625301,
      0.011252181604504585,
      0.011026538908481598,
      0.01170660462230444,
      0.011342651210725307,
      0.012053397484123707,
      0.01115498412400484,
      0.011082779616117477,
      0.010438754223287106,
      0.01102272979915142,
      0.011440329253673553,
      0.011040475219488144,
      0.010870087891817093,
      0.011062952689826488,
      0.010769583284854889,
      0.010450425557792187,
      0.010464558377861977,
      0.010928812436759472,
      0.010733501985669136,
      0.011086755432188511,
      0.010150140151381493,
      0.01058355625718832,
      0.01015517022460699,
      0.01052708551287651,
      0.010852914303541183,
      0.010263725183904171,
      0.01118478737771511,
      0.010167598724365234,
      0.010310000739991665,
      0.010152783244848251,
      0.011216863058507442,
      0.010784788988530636,
      0.010835504159331322,
      0.010860193520784378,
      0.010195335373282433,
      0.010038296692073345,
      0.010674675926566124,
      0.010675927624106407,
      0.01048211194574833,
      0.010935408994555473,
      0.01042192243039608,
      0.010417907498776913,
      0.010970791801810265,
      0.010517316870391369,
      0.010171650908887386,
      0.009882780723273754,
      0.010269715450704098,
      0.010051275603473186,
      0.010610686615109444,
      0.010464577004313469,
      0.01079252827912569,
      0.010366242378950119,
      0.009970355778932571,
      0.010457360185682774,
      0.010354820638895035,
      0.010540916584432125,
      0.010096794925630093,
      0.00951947458088398,
      0.010295293293893337,
      0.009776919148862362,
      0.010037426836788654,
      0.009386736899614334,
      0.010253780521452427,
      0.010114360600709915,
      0.010554440319538116,
      0.009895596653223038,
      0.009403539821505547,
      0.00994984433054924,
      0.009950526058673859,
      0.009675486944615841,
      0.010200862772762775,
      0.009939750656485558,
      0.00956116896122694,
      0.00950254499912262,
      0.009265828877687454,
      0.009127156808972359,
      0.010193755850195885,
      0.009603329934179783,
      0.009573704563081264,
      0.00951789878308773,
      0.009646497666835785,
      0.009325836785137653,
      0.009708365425467491,
      0.00909737404435873,
      0.009716124273836613,
      0.009498749859631062,
      0.009039501659572124,
      0.009151684120297432,
      0.00949475821107626,
      0.009213434532284737,
      0.009451743215322495,
      0.009434856474399567,
      0.009062795899808407,
      0.00940009392797947,
      0.009239687584340572,
      0.009600984863936901,
      0.009323046542704105,
      0.008953073993325233,
      0.009106803685426712,
      0.010004769079387188,
      0.009752263315021992,
      0.009359171614050865,
      0.009103529155254364,
      0.009785890579223633,
      0.00971179362386465,
      0.009254592470824718,
      0.009537659585475922,
      0.009017224423587322,
      0.009134862571954727,
      0.009412928484380245,
      0.009577814489603043,
      0.009351283311843872,
      0.00884791649878025,
      0.008887384086847305,
      0.009308304637670517,
      0.008721205405890942,
      0.008751120418310165,
      0.009603159502148628,
      0.009061244316399097,
      0.009045535698533058,
      0.008434231393039227,
      0.008737443946301937,
