{
   "number_epochs": 400,
   "info_used": "use imputation",
   "perc_full_data": 0.04,
   "n_epochs_no_selection": 0,
   "Frequency % cutoff": 0.33,
   "hidden_size": 32,
   "random_state": 11,
   "train_errors": [
      0.4565454423427582,
      0.3367381989955902,
      0.23276004195213318,
      0.14843949675559998,
      0.08597678691148758,
      0.049979668110609055,
      0.05000881478190422,
      0.07227715849876404,
      0.08280760049819946,
      0.07801371067762375,
      0.062225233763456345,
      0.046817585825920105,
      0.04009668529033661,
      0.03985854610800743,
      0.040421828627586365,
      0.04316474497318268,
      0.041499339044094086,
      0.040525201708078384,
      0.037789683789014816,
      0.036032725125551224,
      0.035324595868587494,
      0.0360281839966774,
      0.036219142377376556,
      0.0363597571849823,
      0.036239299923181534,
      0.03601408749818802,
      0.033294178545475006,
      0.033189911395311356,
      0.03324508294463158,
      0.031586986035108566,
      0.032190434634685516,
      0.03198925405740738,
      0.03138909116387367,
      0.031204793602228165,
      0.031990084797143936,
      0.030270488932728767,
      0.028935108333826065,
      0.030249793082475662,
      0.029853975400328636,
      0.028969647362828255,
      0.02880483865737915,
      0.027722500264644623,
      0.029188986867666245,
      0.028719671070575714,
      0.027897363528609276,
      0.02755197510123253,
      0.02731280028820038,
      0.026396730914711952,
      0.027693308889865875,
      0.02628910169005394,
      0.026488477364182472,
      0.025467028841376305,
      0.025399181991815567,
      0.025195593014359474,
      0.025079458951950073,
      0.02536165900528431,
      0.02538113482296467,
      0.023900751024484634,
      0.024655980989336967,
      0.02308064140379429,
      0.02368842624127865,
      0.02338556759059429,
      0.022059330716729164,
      0.022312739863991737,
      0.022921113297343254,
      0.023297546431422234,
      0.021516097709536552,
      0.021293364465236664,
      0.022977279499173164,
      0.02082768827676773,
      0.021096542477607727,
      0.02055373042821884,
      0.021190600469708443,
      0.01932554692029953,
      0.020116375759243965,
      0.019122961908578873,
      0.019362935796380043,
      0.0187773946672678,
      0.018264707177877426,
      0.01832130365073681,
      0.017222823575139046,
      0.018515588715672493,
      0.018543286249041557,
      0.01939360611140728,
      0.017096374183893204,
      0.018155822530388832,
      0.017738252878189087,
      0.017120255157351494,
      0.017516233026981354,
      0.01657206565141678,
      0.017201760783791542,
      0.01626603491604328,
      0.017428308725357056,
      0.015976199880242348,
      0.016657963395118713,
      0.015490946359932423,
      0.016099222004413605,
      0.015320315025746822,
      0.015380574390292168,
      0.015923315659165382,
      0.014847970567643642,
      0.01664263941347599,
      0.0150274857878685,
      0.01487528346478939,
      0.014505703002214432,
      0.016307437792420387,
      0.015114259906113148,
      0.01565823331475258,
      0.014027229510247707,
      0.014866749756038189,
      0.014148915186524391,
      0.014197173528373241,
      0.014710361137986183,
      0.014303725212812424,
      0.013186103664338589,
      0.014672594144940376,
      0.014309050515294075,
      0.014635096304118633,
      0.014216210693120956,
      0.013813860714435577,
      0.013745036907494068,
      0.013860154896974564,
      0.013399900868535042,
      0.013585349544882774,
      0.0147866765037179,
      0.014186201617121696,
      0.014280383475124836,
      0.0140436552464962,
      0.013274610042572021,
      0.0132523812353611,
      0.012734620831906796,
      0.01336342841386795,
      0.013596518896520138,
      0.01346200704574585,
      0.012077120132744312,
      0.013641436584293842,
      0.013246326707303524,
      0.013210979290306568,
      0.01379640307277441,
      0.013560188002884388,
      0.013178671710193157,
      0.012722909450531006,
      0.012756719253957272,
      0.012547051534056664,
      0.012503048405051231,
      0.012293372303247452,
      0.012717173434793949,
      0.012277212925255299,
      0.012779825367033482,
      0.011701302602887154,
      0.011607526801526546,
      0.0123281916603446,
      0.012569714337587357,
      0.012714898213744164,
      0.011093607172369957,
      0.011897388845682144,
      0.011745280586183071,
      0.01207952294498682,
      0.012808583676815033,
      0.011657889932394028,
      0.011666073463857174,
      0.011993058025836945,
      0.011878089979290962,
      0.011867611669003963,
      0.012240706011652946,
      0.010838530026376247,
      0.012277805246412754,
      0.01272963173687458,
      0.011279645375907421,
      0.012231049127876759,
      0.011717627756297588,
      0.012177709490060806,
      0.011813361197710037,
      0.011440192349255085,
      0.011198705993592739,
      0.011558523401618004,
      0.011499312706291676,
      0.011390898376703262,
      0.012724912725389004,
      0.011755476705729961,
      0.010994012467563152,
      0.011362424120306969,
      0.012124797329306602,
      0.011595580726861954,
      0.010911716148257256,
      0.010830224491655827,
      0.010594655759632587,
      0.011976951733231544,
      0.011484939604997635,
      0.011088956147432327,
      0.012201240286231041,
      0.010962442494928837,
      0.010928507894277573,
      0.012019766494631767,
      0.01177580002695322,
      0.012239904142916203,
      0.011620759032666683,
      0.01173433568328619,
      0.01163149531930685,
      0.012275326065719128,
      0.010997769422829151,
      0.011818197555840015,
      0.010534288361668587,
      0.01170163694769144,
      0.011405560187995434,
      0.011134631000459194,
      0.011245525442063808,
      0.010719405487179756,
      0.01115286722779274,
      0.011437085457146168,
      0.010869269259274006,
      0.010550938546657562,
      0.011354408226907253,
      0.011059525422751904,
      0.010847228579223156,
      0.010761369951069355,
      0.01081384252756834,
      0.011247538030147552,
      0.010859621688723564,
      0.011686662212014198,
      0.010553025640547276,
      0.011466826312243938,
      0.011305664665997028,
      0.010514535009860992,
      0.011064180172979832,
      0.010944671928882599,
      0.010671812109649181,
      0.00998432282358408,
      0.011047394946217537,
      0.010660468600690365,
      0.00996551476418972,
      0.010536984540522099,
      0.010787305422127247,
      0.010999628342688084,
      0.010558989830315113,
      0.011857916601002216,
      0.011082836426794529,
      0.011055187322199345,
      0.01108116377145052,
      0.010909099131822586,
      0.010985337197780609,
      0.010303406044840813,
      0.010758317075669765,
      0.010641966946423054,
      0.010103228501975536,
      0.010761973448097706,
      0.010864464566111565,
      0.009890819899737835,
      0.01025101076811552,
      0.01040051132440567,
      0.01125524565577507,
      0.011032371781766415,
      0.010691787116229534,
      0.010101414285600185,
      0.010327844880521297,
      0.010901244357228279,
      0.010884024202823639,
      0.01077872421592474,
      0.010288123041391373,
      0.010351725853979588,
      0.010286732576787472,
      0.010204714722931385,
      0.011045238003134727,
      0.01091840025037527,
      0.010820879600942135,
      0.010434119962155819,
      0.010765518061816692,
      0.010654863901436329,
      0.01088537648320198,
      0.010414708405733109,
      0.01103923562914133,
      0.010542425327003002,
      0.010288017801940441,
      0.010609992779791355,
      0.010581777431070805,
      0.010117532685399055,
      0.01052206102758646,
      0.010333001613616943,
      0.010895725339651108,
      0.0097657460719347,
