{
   "number_epochs": 400,
   "info_used": "use imputation",
   "perc_full_data": 0.04,
   "n_epochs_no_selection": 0,
   "Frequency % cutoff": 0.33,
   "hidden_size": 32,
   "random_state": 2,
   "train_errors": [
      0.21849529445171356,
      0.17558133602142334,
      0.13563944399356842,
      0.09916172921657562,
      0.06704628467559814,
      0.04488067701458931,
      0.03459310159087181,
      0.04058293253183365,
      0.04736747220158577,
      0.04708997532725334,
      0.04185004159808159,
      0.034649159759283066,
      0.033158041536808014,
      0.03238514065742493,
      0.03387239947915077,
      0.034543056041002274,
      0.03444373980164528,
      0.03317828103899956,
      0.03184136748313904,
      0.03103301301598549,
      0.029841162264347076,
      0.029567541554570198,
      0.02915288135409355,
      0.029362883418798447,
      0.029306838288903236,
      0.028168071061372757,
      0.028244568035006523,
      0.02760608121752739,
      0.027804026380181313,
      0.02722157910466194,
      0.02669282630085945,
      0.026195693761110306,
      0.02568899653851986,
      0.025503581389784813,
      0.025557424873113632,
      0.024669943377375603,
      0.024818915873765945,
      0.024747032672166824,
      0.024332668632268906,
      0.024127637967467308,
      0.023958472535014153,
      0.023587536066770554,
      0.0232219435274601,
      0.023066025227308273,
      0.022789351642131805,
      0.022845694795250893,
      0.022521723061800003,
      0.021517956629395485,
      0.02141641266644001,
      0.022228427231311798,
      0.022133078426122665,
      0.02108379639685154,
      0.020829107612371445,
      0.02120784856379032,
      0.02076655440032482,
      0.019811276346445084,
      0.02005711942911148,
      0.020246967673301697,
      0.019566025584936142,
      0.01977549120783806,
      0.020023638382554054,
      0.019045265391469002,
      0.018933746963739395,
      0.01939784362912178,
      0.018598012626171112,
      0.01861005648970604,
      0.018778236582875252,
      0.018430320546030998,
      0.018054092302918434,
      0.01804802194237709,
      0.01808689534664154,
      0.017933761700987816,
      0.017956949770450592,
      0.01729230210185051,
      0.017166221514344215,
      0.01676212251186371,
      0.017774304375052452,
      0.016970302909612656,
      0.016953954473137856,
      0.016069939360022545,
      0.01718120276927948,
      0.01654001697897911,
      0.016455063596367836,
      0.016728602349758148,
      0.016090285032987595,
      0.01594901643693447,
      0.015787508338689804,
      0.01606510579586029,
      0.014956618659198284,
      0.015601511113345623,
      0.015459482558071613,
      0.01503304485231638,
      0.014846177771687508,
      0.01472302433103323,
      0.01451695803552866,
      0.014449809677898884,
      0.014511882327497005,
      0.01449562981724739,
      0.014715155586600304,
      0.013714758679270744,
      0.014447656460106373,
      0.01487757544964552,
      0.013681065291166306,
      0.013216466642916203,
      0.014154131524264812,
      0.013678938150405884,
      0.013290341012179852,
      0.013301040045917034,
      0.013102835975587368,
      0.013751961290836334,
      0.013131602667272091,
      0.012858613394200802,
      0.012548188678920269,
      0.012200758792459965,
      0.01291227713227272,
      0.012312761507928371,
      0.013127095066010952,
      0.013347215950489044,
      0.012655681930482388,
      0.01267651841044426,
      0.013482561334967613,
      0.013484361581504345,
      0.012053689919412136,
      0.012267674319446087,
      0.012121543288230896,
      0.013231434859335423,
      0.01188476849347353,
      0.011843277141451836,
      0.012074491009116173,
      0.012831045314669609,
      0.012421048246324062,
      0.011610502377152443,
      0.011790815740823746,
      0.013230158016085625,
      0.01230847928673029,
      0.011935913935303688,
      0.0114735197275877,
      0.011571809649467468,
      0.012602231465280056,
      0.011655380018055439,
      0.012295783497393131,
      0.01158714760094881,
      0.011717638000845909,
      0.01177453063428402,
      0.011691059917211533,
      0.012196702882647514,
      0.01181267760694027,
      0.01084574032574892,
      0.012688827700912952,
      0.011302166618406773,
      0.011560872197151184,
      0.01171189732849598,
      0.011333729140460491,
      0.011568677611649036,
      0.011599062010645866,
      0.011585013940930367,
      0.011159081943333149,
      0.011062116362154484,
      0.011030563153326511,
      0.010925850830972195,
      0.010853681713342667,
      0.011254300363361835,
      0.010837691836059093,
      0.012178026139736176,
      0.011084111407399178,
      0.011356858536601067,
      0.011170151643455029,
      0.010832339525222778,
      0.010844471864402294,
      0.011626765131950378,
      0.010787483304738998,
      0.011074927635490894,
      0.0115756681188941,
      0.011328755877912045,
      0.011127765290439129,
      0.01115940511226654,
      0.010826699435710907,
      0.011558327823877335,
      0.011015651747584343,
      0.0110481483861804,
      0.01090694684535265,
      0.010643258690834045,
      0.010682377964258194,
      0.011645841412246227,
      0.010805672965943813,
      0.011143097653985023,
      0.011065930128097534,
      0.010800240561366081,
      0.01121317408978939,
      0.011037767864763737,
      0.010306687094271183,
      0.010842273011803627,
      0.010589836165308952,
      0.011147156357765198,
      0.01139785535633564,
      0.010614098981022835,
      0.010937992483377457,
      0.010846198536455631,
      0.010113884694874287,
      0.01067549642175436,
      0.010189630091190338,
      0.010077356360852718,
      0.010662173852324486,
      0.010118712671101093,
      0.009870622307062149,
      0.010551325045526028,
      0.010305942967534065,
      0.010140200145542622,
      0.010577778331935406,
      0.010051587596535683,
      0.01053976733237505,
      0.010035167448222637,
      0.010224427096545696,
      0.009984869509935379,
      0.01006501354277134,
      0.009473063983023167,
      0.010225765407085419,
      0.009599545039236546,
      0.009983512572944164,
      0.009909253567457199,
      0.010113179683685303,
      0.009674755856394768,
      0.010338055901229382,
      0.009563915431499481,
      0.009778082370758057,
      0.010085513815283775,
      0.010150480084121227,
      0.009732521139085293,
      0.009831275790929794,
      0.009814814664423466,
      0.009891143068671227,
      0.00975096132606268,
      0.010137575678527355,
      0.009869509376585484,
      0.010254321619868279,
      0.009421532042324543,
      0.009632783010601997,
      0.009746763855218887,
      0.009585944004356861,
      0.010051015764474869,
      0.009368013590574265,
      0.009186937473714352,
      0.009403378702700138,
      0.009947489015758038,
      0.009624083526432514,
      0.009870651178061962,
      0.009323997423052788,
      0.009669581428170204,
      0.009636880829930305,
      0.009687252342700958,
      0.008894030936062336,
      0.008927715010941029,
      0.009918317198753357,
      0.009234873577952385,
      0.00924336351454258,
      0.008838972076773643,
      0.009352185763418674,
      0.00867757573723793,
      0.009026446379721165,
      0.009168419986963272,
      0.00829588808119297,
      0.009688126854598522,
      0.008987710811197758,
      0.009216072969138622,
      0.008596329018473625,
      0.008914582431316376,
      0.008824482560157776,
      0.00920084211975336,
      0.008861755020916462,
      0.008930263109505177,
      0.008733420632779598,
      0.008983856998383999,
      0.00871606357395649,
      0.00864266138523817,
      0.009036443196237087,
      0.008503662422299385,
      0.008578593842685223,
      0.008268280886113644,
      0.008402824401855469,
      0.009101121686398983,
