{
   "number_epochs": 400,
   "info_used": "use imputation",
   "perc_full_data": 0.04,
   "n_epochs_no_selection": 0,
   "Frequency % cutoff": 0.33,
   "hidden_size": 32,
   "random_state": 13,
   "train_errors": [
      0.10878417640924454,
      0.050578031688928604,
      0.0370798222720623,
      0.05010203644633293,
      0.051563650369644165,
      0.043938878923654556,
      0.03499050810933113,
      0.03298452869057655,
      0.03355083987116814,
      0.03446393832564354,
      0.03483990952372551,
      0.033839378505945206,
      0.03223371133208275,
      0.03029414266347885,
      0.03010469675064087,
      0.029818398877978325,
      0.030318358913064003,
      0.02963942661881447,
      0.02873089164495468,
      0.028172528371214867,
      0.025963537395000458,
      0.026282967999577522,
      0.02646525949239731,
      0.025313662365078926,
      0.025128016248345375,
      0.024893175810575485,
      0.02495531737804413,
      0.023893529549241066,
      0.024679945781826973,
      0.023242264986038208,
      0.023471904918551445,
      0.023113038390874863,
      0.023893622681498528,
      0.02245604619383812,
      0.02272837422788143,
      0.021913116797804832,
      0.02211650460958481,
      0.021966969594359398,
      0.022096021100878716,
      0.02149125561118126,
      0.020779196172952652,
      0.020932979881763458,
      0.02093876339495182,
      0.01978638581931591,
      0.020255977287888527,
      0.02014056034386158,
      0.020102018490433693,
      0.0191955603659153,
      0.018992459401488304,
      0.01843770407140255,
      0.018555475398898125,
      0.018241018056869507,
      0.01815161295235157,
      0.017386749386787415,
      0.017205948010087013,
      0.01774187572300434,
      0.017522575333714485,
      0.016695698723196983,
      0.01627875305712223,
      0.01624956913292408,
      0.01570184901356697,
      0.01570926047861576,
      0.015951473265886307,
      0.016308331862092018,
      0.015776533633470535,
      0.014944121241569519,
      0.015829242765903473,
      0.015553884208202362,
      0.014754550531506538,
      0.015358306467533112,
      0.014651922509074211,
      0.015074974857270718,
      0.014617620967328548,
      0.013950038701295853,
      0.01422790251672268,
      0.014606239274144173,
      0.013929321430623531,
      0.013309448957443237,
      0.013833006843924522,
      0.013324511237442493,
      0.01330586802214384,
      0.013087277300655842,
      0.013152778148651123,
      0.013658368960022926,
      0.012857615016400814,
      0.012708825059235096,
      0.012397759594023228,
      0.0124086644500494,
      0.012441800907254219,
      0.012271427549421787,
      0.012103583663702011,
      0.012166154570877552,
      0.012692868709564209,
      0.011532547883689404,
      0.012087582610547543,
      0.011980941519141197,
      0.01210622489452362,
      0.011314580217003822,
      0.011388006620109081,
      0.01148593332618475,
      0.011873315088450909,
      0.011239423416554928,
      0.01115720346570015,
      0.011895031668245792,
      0.01118065882474184,
      0.011287715286016464,
      0.011245948262512684,
      0.011301456019282341,
      0.011216921731829643,
      0.011104786768555641,
      0.010866369120776653,
      0.011069271713495255,
      0.012116562575101852,
      0.011954844929277897,
      0.011806708760559559,
      0.011428724974393845,
      0.010841192677617073,
      0.010764897800981998,
      0.010714756324887276,
      0.010630777105689049,
      0.010712669230997562,
      0.010723398998379707,
      0.011036748066544533,
      0.010445616208016872,
      0.010429362766444683,
      0.01077511627227068,
      0.010382458567619324,
      0.010749373584985733,
      0.010651065036654472,
      0.0107206329703331,
      0.009577003307640553,
      0.010766122490167618,
      0.010252206586301327,
      0.010442385450005531,
      0.01060425490140915,
      0.01021859236061573,
      0.010486356914043427,
      0.010101322084665298,
      0.010453893803060055,
      0.010458739474415779,
      0.009802409447729588,
      0.010189363732933998,
      0.010595979169011116,
      0.009839490056037903,
      0.009939870797097683,
      0.010233724489808083,
      0.010392602533102036,
      0.009904290549457073,
      0.010289681144058704,
      0.00998654868453741,
      0.00965813733637333,
      0.009754251688718796,
      0.010268385522067547,
      0.010486871935427189,
      0.009938388131558895,
      0.010096900165081024,
      0.009870356880128384,
      0.010032888501882553,
      0.010129356756806374,
      0.010030556470155716,
      0.009382515214383602,
      0.00983042549341917,
      0.009981540963053703,
      0.009982284158468246,
      0.00984063372015953,
      0.009661397896707058,
      0.0094958720728755,
      0.010145261883735657,
      0.009717236272990704,
      0.009941133670508862,
      0.009926402010023594,
      0.00974299293011427,
      0.0093913022428751,
      0.009534594602882862,
      0.009661844931542873,
      0.009205872192978859,
      0.00929755438119173,
      0.009512181393802166,
      0.009919848293066025,
      0.010242036543786526,
      0.00957244448363781,
      0.01006703544408083,
      0.009780865162611008,
      0.009566515684127808,
      0.009297719225287437,
      0.009618627838790417,
      0.009832333773374557,
      0.009664737619459629,
      0.009389271028339863,
      0.009950817562639713,
      0.009387006983160973,
      0.009490849450230598,
      0.009266640059649944,
      0.009574349969625473,
      0.009160855785012245,
      0.009064982645213604,
      0.009832882322371006,
      0.009627425111830235,
      0.009473410435020924,
      0.00925477035343647,
      0.009266126900911331,
      0.00953612383455038,
      0.009347458370029926,
      0.009344613179564476,
      0.009326711297035217,
      0.009732530452311039,
      0.009352268651127815,
      0.009385166689753532,
      0.009172494523227215,
      0.009207792580127716,
      0.009165722876787186,
      0.00929535087198019,
      0.009950920008122921,
      0.009660890325903893,
      0.00965089350938797,
      0.008963806554675102,
      0.00988764502108097,
      0.009209816344082355,
      0.00920927058905363,
      0.008724276907742023,
      0.009627259336411953,
      0.010071097873151302,
      0.009462584741413593,
      0.008472874760627747,
      0.009455670602619648,
      0.009819967672228813,
      0.009366284124553204,
      0.00958888791501522,
      0.009273873642086983,
      0.00930743757635355,
      0.009413703344762325,
      0.009327523410320282,
      0.008997946046292782,
      0.00892133079469204,
      0.008719196543097496,
      0.008903522044420242,
      0.00945980753749609,
      0.009268934838473797,
      0.00955929048359394,
      0.008930313400924206,
      0.009370007552206516,
      0.009208746254444122,
      0.009036005474627018,
      0.009766779839992523,
      0.008893877267837524,
      0.008782087825238705,
      0.00936214067041874,
      0.008710188791155815,
      0.008938879705965519,
      0.008507099002599716,
      0.009598988108336926,
      0.00930747389793396,
      0.009287088178098202,
      0.009109157137572765,
      0.00953148864209652,
      0.009271449409425259,
      0.00876221340149641,
      0.00867578387260437,
      0.009345377795398235,
      0.009421532042324543,
      0.009330106899142265,
      0.008812086656689644,
      0.009247343987226486,
      0.009350377134978771,
      0.00918486062437296,
      0.008746426552534103,
      0.009118407033383846,
      0.009512401185929775,
      0.009102708660066128,
      0.008505165576934814,
      0.008973004296422005,
      0.008873065002262592,
      0.008878607302904129,
      0.009197196923196316,
      0.008849487639963627,
      0.009509362280368805,
      0.00866138655692339,
      0.008662177249789238,
      0.008831101469695568,
      0.008792012929916382,
