{
   "number_epochs": 400,
   "info_used": "use imputation",
   "perc_full_data": 0.04,
   "n_epochs_no_selection": 0,
   "Frequency % cutoff": 0.33,
   "hidden_size": 32,
   "random_state": 12,
   "train_errors": [
      0.24427105486392975,
      0.1659025102853775,
      0.10407453030347824,
      0.06070631369948387,
      0.03877108544111252,
      0.03630664944648743,
      0.04640424624085426,
      0.05169015750288963,
      0.04593679681420326,
      0.03949645906686783,
      0.03380091115832329,
      0.03224397078156471,
      0.033016759902238846,
      0.03350001946091652,
      0.034081969410181046,
      0.032962169498205185,
      0.03150147199630737,
      0.031057968735694885,
      0.02942499704658985,
      0.02883957512676716,
      0.02908736653625965,
      0.028894541785120964,
      0.02834477834403515,
      0.02714819461107254,
      0.026876995339989662,
      0.02626442350447178,
      0.026296481490135193,
      0.025989430025219917,
      0.023951735347509384,
      0.024389848113059998,
      0.02416197769343853,
      0.023806892335414886,
      0.02366543561220169,
      0.022839324548840523,
      0.022420642897486687,
      0.021702446043491364,
      0.022222859784960747,
      0.021144550293684006,
      0.021320005878806114,
      0.020955251529812813,
      0.020520953461527824,
      0.020551446825265884,
      0.020073071122169495,
      0.019705098122358322,
      0.01902274414896965,
      0.019797423854470253,
      0.018472740426659584,
      0.01830606535077095,
      0.018355298787355423,
      0.018223222345113754,
      0.017814867198467255,
      0.017441127449274063,
      0.017441345378756523,
      0.016428304836153984,
      0.017135014757514,
      0.01706552505493164,
      0.016502143815159798,
      0.016239481046795845,
      0.016480833292007446,
      0.016167713329195976,
      0.016711724922060966,
      0.015606572851538658,
      0.016454128548502922,
      0.0161551833152771,
      0.015296569094061852,
      0.01592111773788929,
      0.015541785396635532,
      0.015613684430718422,
      0.015671180561184883,
      0.01465026568621397,
      0.015343439765274525,
      0.015677105635404587,
      0.01626664586365223,
      0.01588333211839199,
      0.014999247156083584,
      0.0156002352014184,
      0.015950623899698257,
      0.015143251046538353,
      0.015111942775547504,
      0.015016238205134869,
      0.014624599367380142,
      0.014580417424440384,
      0.014866223558783531,
      0.014498693868517876,
      0.014690040610730648,
      0.015313498675823212,
      0.015248196199536324,
      0.0144699327647686,
      0.014998170547187328,
      0.014685146510601044,
      0.014588547870516777,
      0.014779319055378437,
      0.015076170675456524,
      0.015163486823439598,
      0.014718613587319851,
      0.014053263701498508,
      0.014649592339992523,
      0.014429552480578423,
      0.013997468166053295,
      0.014671462588012218,
      0.014408043585717678,
      0.014477986842393875,
      0.014202975668013096,
      0.014146916568279266,
      0.014204557053744793,
      0.013799292035400867,
      0.013636447489261627,
      0.013784139417111874,
      0.014414764009416103,
      0.014644927345216274,
      0.014138572849333286,
      0.014248454011976719,
      0.013845778070390224,
      0.013275227509438992,
      0.013404522091150284,
      0.01370254997164011,
      0.013119232840836048,
      0.013000664301216602,
      0.01383177936077118,
      0.012483777478337288,
      0.013515446335077286,
      0.01318103913217783,
      0.0129783283919096,
      0.01303812675178051,
      0.012614192441105843,
      0.013074851594865322,
      0.013124560005962849,
      0.012716433964669704,
      0.012748111970722675,
      0.01337413303554058,
      0.012125624343752861,
      0.01301115844398737,
      0.012735907919704914,
      0.01266549527645111,
      0.012885008007287979,
      0.012218927033245564,
      0.012215114198625088,
      0.012217512354254723,
      0.011702267453074455,
      0.01255685556679964,
      0.012637970969080925,
      0.012112184427678585,
      0.01277405396103859,
      0.01159700844436884,
      0.011966257356107235,
      0.011267213150858879,
      0.011972537264227867,
      0.012447512708604336,
      0.01210842840373516,
      0.012460884638130665,
      0.011464815586805344,
      0.010916000232100487,
      0.01258667279034853,
      0.011705020442605019,
      0.01183133851736784,
      0.01120684016495943,
      0.011887372471392155,
      0.011839481070637703,
      0.012057958170771599,
      0.011967068538069725,
      0.012656132690608501,
      0.011286448687314987,
      0.011896043084561825,
      0.011212891899049282,
      0.012102116830646992,
      0.012235671281814575,
      0.010549020953476429,
      0.010776041075587273,
      0.01201994251459837,
      0.01130698248744011,
      0.011254393495619297,
      0.011694158427417278,
      0.011426223441958427,
      0.011877696961164474,
      0.011849286034703255,
      0.011466508731245995,
      0.011073322035372257,
      0.011120717041194439,
      0.011735928244888783,
      0.012242740951478481,
      0.011576684191823006,
      0.011339155957102776,
      0.010304580442607403,
      0.010813671164214611,
      0.010938301682472229,
      0.01180453784763813,
      0.012043250724673271,
      0.010982721112668514,
      0.010933421552181244,
      0.010437065735459328,
      0.011860369704663754,
      0.011122969910502434,
      0.011158747598528862,
      0.01113220863044262,
      0.011218824423849583,
      0.011167174205183983,
      0.012226729653775692,
      0.010732695460319519,
      0.011473877355456352,
      0.011290013790130615,
      0.011079523712396622,
      0.011128834448754787,
      0.010982180945575237,
      0.011014833115041256,
      0.011122978292405605,
      0.011421945877373219,
      0.011213826946914196,
      0.011299303732812405,
      0.010722709819674492,
      0.011799365282058716,
      0.012292992323637009,
      0.011999025009572506,
      0.011626455001533031,
      0.010413016192615032,
      0.011012551374733448,
      0.011787922121584415,
      0.010975725017488003,
      0.012058567255735397,
      0.011009473353624344,
      0.011272061616182327,
      0.011439448222517967,
      0.010967320762574673,
      0.01119023747742176,
      0.012253876775503159,
      0.011392546817660332,
      0.011354579590260983,
      0.010796518996357918,
      0.012142627499997616,
      0.011373120360076427,
      0.010621455498039722,
      0.011137071996927261,
      0.01107357069849968,
      0.010880352929234505,
      0.010816683061420918,
      0.010715296491980553,
      0.010871984995901585,
      0.012074334546923637,
      0.010774078778922558,
      0.011263332329690456,
      0.011258507147431374,
      0.01129171159118414,
      0.011746649630367756,
      0.01097029261291027,
      0.011001714505255222,
      0.010897703468799591,
      0.010429191403090954,
      0.011043227277696133,
      0.010790599510073662,
      0.012073229998350143,
      0.011381677351891994,
      0.0105674397200346,
      0.011364639736711979,
      0.010737579315900803,
      0.010393173433840275,
      0.010892734862864017,
      0.01065874844789505,
      0.011036126874387264,
      0.011256481520831585,
      0.010648904368281364,
      0.012092389166355133,
      0.011501179076731205,
      0.010884031653404236,
      0.011378592811524868,
      0.011670089326798916,
      0.01003953441977501,
      0.010679536499083042,
      0.01113321352750063,
      0.011059651151299477,
      0.011112048290669918,
      0.010697195306420326,
      0.010513813234865665,
      0.010856441222131252,
      0.011355657130479813,
      0.010718567296862602,
      0.010596624575555325,
      0.010741698555648327,
      0.011535955592989922,
      0.010748248547315598,
      0.010801441967487335,
      0.011128164827823639,
