{
   "number_epochs": 300,
   "info_used": "use imputation",
   "perc_full_data": 0.3,
   "n_epochs_no_selection": 0,
   "Frequency % cutoff": 0.3,
   "hidden_size": 32,
   "random_state": 1,
   "train_errors": [
      0.05095478892326355,
      0.05008683726191521,
      0.049378812313079834,
      0.04882564768195152,
      0.04794301837682724,
      0.046484410762786865,
      0.04588877782225609,
      0.04454927146434784,
      0.043957408517599106,
      0.042697712779045105,
      0.04181881621479988,
      0.04064527899026871,
      0.03856489062309265,
      0.037298526614904404,
      0.03633207827806473,
      0.03510264679789543,
      0.032800644636154175,
      0.030730511993169785,
      0.02919877879321575,
      0.028266066685318947,
      0.027956444770097733,
      0.02509191632270813,
      0.023614685982465744,
      0.023563044145703316,
      0.022019339725375175,
      0.021636642515659332,
      0.020751124247908592,
      0.02036525495350361,
      0.01914137601852417,
      0.018774904310703278,
      0.01866227202117443,
      0.01757737621665001,
      0.018318330869078636,
      0.017216801643371582,
      0.017313292250037193,
      0.01681794598698616,
      0.01671539805829525,
      0.016751516610383987,
      0.016407674178481102,
      0.015756599605083466,
      0.015441864728927612,
      0.015063343569636345,
      0.014979262836277485,
      0.014653925783932209,
      0.014338451437652111,
      0.014491031877696514,
      0.01450011320412159,
      0.013621720485389233,
      0.014034363441169262,
      0.013752875849604607,
      0.013428503647446632,
      0.012822315096855164,
      0.012768314220011234,
      0.012615257874131203,
      0.012710005976259708,
      0.012293311767280102,
      0.01225612498819828,
      0.012487441301345825,
      0.012517650611698627,
      0.012184605933725834,
      0.01223204005509615,
      0.012291312217712402,
      0.012968852184712887,
      0.012796841561794281,
      0.012026715092360973,
      0.012609952129423618,
      0.01213347539305687,
      0.011634119786322117,
      0.01199510507285595,
      0.01193175371736288,
      0.012150769121944904,
      0.012689026072621346,
      0.01175609976053238,
      0.011625304818153381,
      0.012271651066839695,
      0.011957131326198578,
      0.01233590580523014,
      0.011436978355050087,
      0.01167176105082035,
      0.012189533561468124,
      0.011700603179633617,
      0.011289065703749657,
      0.012597201392054558,
      0.012194872833788395,
      0.011202570982277393,
      0.010807538405060768,
      0.012070700526237488,
      0.011543815955519676,
      0.012116014957427979,
      0.012196126393973827,
      0.010793104767799377,
      0.011490819044411182,
      0.011499564163386822,
      0.01155633945018053,
      0.010698104277253151,
      0.011377067305147648,
      0.011443305760622025,
      0.011535449884831905,
      0.011821707710623741,
      0.011164671741425991,
      0.011979695409536362,
      0.010835028253495693,
      0.011415238492190838,
      0.010670086368918419,
      0.011184192262589931,
      0.011239194311201572,
      0.010686286725103855,
      0.011209068819880486,
      0.011031622998416424,
      0.01095592137426138,
      0.010773655027151108,
      0.011405639350414276,
      0.011328216642141342,
      0.011658751405775547,
      0.011135402135550976,
      0.011038276366889477,
      0.010857410728931427,
      0.010716792196035385,
      0.011735689826309681,
      0.010525321587920189,
      0.011052333749830723,
      0.010413081385195255,
      0.01095052994787693,
      0.01167214848101139,
      0.010786708444356918,
      0.010653276927769184,
      0.010277636349201202,
      0.011093915440142155,
      0.011365452781319618,
      0.011557475663721561,
      0.01195249892771244,
      0.011131652630865574,
      0.010627907700836658,
      0.010345141403377056,
      0.010566715151071548,
      0.010820107534527779,
      0.011547325178980827,
      0.011034331284463406,
      0.011197092942893505,
      0.01161378063261509,
      0.009891374036669731,
      0.01048596203327179,
      0.010877669788897038,
      0.011351685039699078,
      0.010462096892297268,
      0.010788838379085064,
      0.011457489803433418,
      0.010974010452628136,
      0.010244439356029034,
      0.010624200105667114,
      0.010745191015303135,
      0.010637477971613407,
      0.010900773108005524,
      0.010625075548887253,
      0.011508979834616184,
      0.010601510293781757,
      0.010435216128826141,
      0.010506882332265377,
      0.010954834520816803,
      0.010543560609221458,
      0.010741909965872765,
      0.010465030558407307,
      0.010336819104850292,
      0.010120798833668232,
      0.0105610191822052,
      0.0103421276435256,
      0.01105466391891241,
      0.010926350951194763,
      0.010334927588701248,
      0.010212000459432602,
      0.011308291926980019,
      0.01107869017869234,
      0.011063995771110058,
      0.0098597826436162,
      0.010347616858780384,
      0.010794427245855331,
      0.010448860004544258,
      0.010505801066756248,
      0.010402829386293888,
      0.010183475911617279,
      0.01067180186510086,
      0.010439086705446243,
      0.011319694109261036,
      0.010852698236703873,
      0.010892084799706936,
      0.011055191978812218,
      0.009941687807440758,
      0.010331394150853157,
      0.010235503315925598,
      0.01029973104596138,
      0.010356537997722626,
      0.01094806008040905,
      0.010646742768585682,
      0.01115886215120554,
      0.00977543368935585,
      0.010497460141777992,
      0.010048220865428448,
      0.010298454202711582,
      0.010216266848146915,
      0.01062040776014328,
      0.01020857784897089,
      0.010357990860939026,
      0.010770133696496487,
      0.010774791240692139,
      0.01025555282831192,
      0.010745330713689327,
      0.010211912915110588,
      0.010396958328783512,
      0.0100319292396307,
      0.010637147352099419,
      0.010072595439851284,
      0.010379397310316563,
      0.01042964681982994,
      0.010488169267773628,
      0.01077811885625124,
      0.01008013729006052,
      0.010160463862121105,
      0.010177329182624817,
      0.009876296855509281,
      0.010336851701140404,
      0.011067244224250317,
      0.010190594010055065,
      0.010546054691076279,
      0.010111860930919647,
      0.009746323339641094,
      0.009921478107571602,
      0.010175812989473343,
      0.009345787577331066,
      0.009745394811034203,
      0.010233958251774311,
      0.010720414109528065,
      0.010566245764493942,
      0.010202858597040176,
      0.010517993941903114,
      0.010304381139576435,
      0.01040397584438324,
      0.010624813847243786,
      0.010217499919235706,
      0.009891064837574959,
      0.009963475167751312,
      0.010122953914105892,
      0.011018012650310993,
      0.00996045209467411,
      0.010815943591296673,
      0.010981034487485886,
      0.009524478577077389,
      0.010487142018973827,
      0.01053600199520588,
      0.00999623816460371,
      0.010017930530011654,
      0.0096663823351264,
      0.009916055016219616,
      0.00968119315803051,
      0.010820604860782623,
      0.010487992316484451,
      0.010242773219943047,
      0.010594661347568035,
      0.009253157302737236,
      0.010372237302362919,
      0.009712944738566875,
      0.010276061482727528,
      0.01050750445574522,
      0.010024958290159702,
      0.009295880794525146,
      0.01022493839263916,
      0.00992474053055048,
      0.010273163206875324,
      0.009685815311968327,
      0.009490317665040493,
      0.009579959325492382,
      0.010547859594225883,
      0.009327689185738564,
      0.010465038008987904,
      0.010452956892549992,
      0.00981994066387415,
      0.010164504870772362,
      0.009801104664802551,
      0.009104742668569088,
      0.009580722078680992,
      0.010478333570063114,
