{
   "number_epochs": 300,
   "info_used": "use imputation",
   "perc_full_data": 0.3,
   "n_epochs_no_selection": 0,
   "Frequency % cutoff": 0.3,
   "hidden_size": 32,
   "random_state": 9,
   "train_errors": [
      0.07325074076652527,
      0.0680626928806305,
      0.06485457718372345,
      0.061212193220853806,
      0.0595867745578289,
      0.05788670852780342,
      0.056457336992025375,
      0.05586139112710953,
      0.0546552836894989,
      0.053688161075115204,
      0.05252046138048172,
      0.0521194189786911,
      0.05057808384299278,
      0.049459271132946014,
      0.04816069453954697,
      0.04619722440838814,
      0.04497477784752846,
      0.04332595318555832,
      0.04234546050429344,
      0.039337389171123505,
      0.0370713546872139,
      0.03485672548413277,
      0.03345899283885956,
      0.0320613831281662,
      0.031238120049238205,
      0.028614167124032974,
      0.02753141149878502,
      0.02568761631846428,
      0.025671906769275665,
      0.024766169488430023,
      0.024504471570253372,
      0.023725314065814018,
      0.0225613322108984,
      0.02159365639090538,
      0.020879479125142097,
      0.02050633169710636,
      0.02018982544541359,
      0.01926073059439659,
      0.019801171496510506,
      0.017998330295085907,
      0.018182188272476196,
      0.017233503982424736,
      0.01834624633193016,
      0.018634099513292313,
      0.017619909718632698,
      0.017548205330967903,
      0.015585754066705704,
      0.016270795837044716,
      0.015890195965766907,
      0.015577715821564198,
      0.016501164063811302,
      0.016547922044992447,
      0.0159596037119627,
      0.015497630462050438,
      0.014545406214892864,
      0.014810077846050262,
      0.014433705247938633,
      0.015671435743570328,
      0.014278044924139977,
      0.014783725142478943,
      0.014520848169922829,
      0.015795523300766945,
      0.015330497175455093,
      0.014324309304356575,
      0.014211159199476242,
      0.014212487265467644,
      0.014933899976313114,
      0.014887967146933079,
      0.013312384486198425,
      0.013786082156002522,
      0.014187106862664223,
      0.013237498700618744,
      0.012710768729448318,
      0.014345378614962101,
      0.013057556003332138,
      0.013170135207474232,
      0.013207908719778061,
      0.013069342821836472,
      0.012924114242196083,
      0.012881217524409294,
      0.013345829211175442,
      0.01305826473981142,
      0.013806342147290707,
      0.013736143708229065,
      0.012446587905287743,
      0.013106810860335827,
      0.014410407282412052,
      0.013716067187488079,
      0.013524120673537254,
      0.012965995818376541,
      0.012120859697461128,
      0.012902449816465378,
      0.012774180620908737,
      0.01266801729798317,
      0.013886593282222748,
      0.012422572821378708,
      0.013239922001957893,
      0.01357294898480177,
      0.01177851390093565,
      0.012659011408686638,
      0.012407916598021984,
      0.01185737643390894,
      0.012392662465572357,
      0.01286067720502615,
      0.011920485645532608,
      0.012128639034926891,
      0.011709495447576046,
      0.013205516152083874,
      0.013135479763150215,
      0.011955107562243938,
      0.011864994652569294,
      0.012031842023134232,
      0.011387642472982407,
      0.011809444054961205,
      0.012921318411827087,
      0.012617556378245354,
      0.012813079170882702,
      0.011563601903617382,
      0.011663665063679218,
      0.011936366558074951,
      0.012006995268166065,
      0.011513852514326572,
      0.011643704026937485,
      0.011959538795053959,
      0.013137896545231342,
      0.012130211107432842,
      0.01287310291081667,
      0.011897696182131767,
      0.012885378673672676,
      0.012757141143083572,
      0.013280166313052177,
      0.011497356928884983,
      0.012307361699640751,
      0.011100079864263535,
      0.011592833325266838,
      0.011842180974781513,
      0.011816635727882385,
      0.012118231505155563,
      0.01129496842622757,
      0.01285578589886427,
      0.011960902251303196,
      0.012127460911870003,
      0.012230323627591133,
      0.011694567278027534,
      0.011505836620926857,
      0.011271530762314796,
      0.012486813589930534,
      0.010922333225607872,
      0.011675788089632988,
      0.012261200696229935,
      0.011614756658673286,
      0.011077111586928368,
      0.012608413584530354,
      0.011226790025830269,
      0.011963124386966228,
      0.012179644778370857,
      0.011491878889501095,
      0.012005944736301899,
      0.011960914358496666,
      0.012035919353365898,
      0.012052204459905624,
      0.01277969405055046,
      0.011639922857284546,
      0.01155534666031599,
      0.011811943724751472,
      0.010442166589200497,
      0.011480570770800114,
      0.011246677488088608,
      0.01124230120331049,
      0.01265707891434431,
      0.010854866355657578,
      0.011864404194056988,
      0.011784136295318604,
      0.012325222603976727,
      0.012650416232645512,
      0.012398727238178253,
      0.011861358769237995,
      0.011522490531206131,
      0.011453068815171719,
      0.011079971678555012,
      0.01130082830786705,
      0.011086148209869862,
      0.012492155656218529,
      0.010749072767794132,
      0.011387011967599392,
      0.011790255084633827,
      0.011185791343450546,
      0.010625878348946571,
      0.011343013495206833,
      0.011882915161550045,
      0.012106742709875107,
      0.01170569472014904,
      0.010364245623350143,
      0.011494537815451622,
      0.010788978077471256,
      0.011234592646360397,
      0.011202633380889893,
      0.010786846280097961,
      0.011471619829535484,
      0.01087613683193922,
      0.011391906067728996,
      0.011070916429162025,
      0.011221138760447502,
      0.010986685752868652,
      0.011792766861617565,
      0.011149667203426361,
      0.010919608175754547,
      0.011923728510737419,
      0.010888677090406418,
      0.010942378081381321,
      0.011636150069534779,
      0.011450650170445442,
      0.01156060304492712,
      0.011558512225747108,
      0.010858439840376377,
      0.011759789660573006,
      0.011972205713391304,
      0.011287638917565346,
      0.01196582056581974,
      0.011222428642213345,
      0.01111156027764082,
      0.012390251271426678,
      0.011095326393842697,
      0.011510319076478481,
      0.01082917395979166,
      0.01174948364496231,
      0.011566448956727982,
      0.011357066221535206,
      0.011822961270809174,
      0.010423553176224232,
      0.012498629279434681,
      0.010606849566102028,
      0.011566135101020336,
      0.011230328120291233,
      0.01247030682861805,
      0.011184456758201122,
      0.010910586453974247,
      0.011440671049058437,
      0.011235828511416912,
      0.011532003991305828,
      0.010427121073007584,
      0.01115470565855503,
      0.011449157260358334,
      0.011410030536353588,
      0.011012236587703228,
      0.011800671927630901,
      0.01084503810852766,
      0.011057381518185139,
      0.011422991752624512,
      0.01042751781642437,
      0.010678081773221493,
      0.011844970285892487,
      0.010809364728629589,
      0.011174690909683704,
      0.011052747257053852,
      0.011473983526229858,
      0.012074985541403294,
      0.01073653157800436,
      0.01151602528989315,
      0.011258278042078018,
      0.011720525100827217,
      0.01125441025942564,
      0.0111228683963418,
      0.011337610892951488,
      0.01214597001671791,
      0.01101767085492611,
      0.012301910668611526,
      0.011349369771778584,
      0.011807220987975597,
      0.011150569655001163,
      0.011123055592179298,
      0.01134159043431282,
      0.010605936869978905,
      0.01109869871288538,
      0.011883578263223171,
      0.011157919652760029,
      0.01066976971924305,
      0.012209389358758926,
      0.010690861381590366,
      0.011949489824473858,
