{
   "number_epochs": 300,
   "info_used": "use imputation",
   "perc_full_data": 0.3,
   "n_epochs_no_selection": 0,
   "Frequency % cutoff": 0.3,
   "hidden_size": 32,
   "random_state": 2,
   "train_errors": [
      0.11679635941982269,
      0.10453241318464279,
      0.0925624892115593,
      0.08264245837926865,
      0.07345163822174072,
      0.06591261923313141,
      0.060294169932603836,
      0.05527084320783615,
      0.052762072533369064,
      0.05035790055990219,
      0.04893667250871658,
      0.04666183143854141,
      0.04507950320839882,
      0.04388703405857086,
      0.04207150265574455,
      0.0409913994371891,
      0.03913901746273041,
      0.03785769268870354,
      0.03738550841808319,
      0.03538624942302704,
      0.03518408536911011,
      0.03279685229063034,
      0.0320117361843586,
      0.03060033544898033,
      0.029597207903862,
      0.028427686542272568,
      0.0274275541305542,
      0.025723585858941078,
      0.026037221774458885,
      0.024001838639378548,
      0.02435252256691456,
      0.022743429988622665,
      0.0227534007281065,
      0.02152436599135399,
      0.02148931846022606,
      0.022502653300762177,
      0.02152063511312008,
      0.020656941458582878,
      0.021365340799093246,
      0.021564757451415062,
      0.020908860489726067,
      0.019490059465169907,
      0.020276589319109917,
      0.01914847269654274,
      0.019696349278092384,
      0.020438669249415398,
      0.020304907113313675,
      0.019508004188537598,
      0.01946583390235901,
      0.019069362431764603,
      0.019257303327322006,
      0.018679587170481682,
      0.01880437508225441,
      0.018204592168331146,
      0.01817351020872593,
      0.017520954832434654,
      0.01758258230984211,
      0.016842486336827278,
      0.017905859276652336,
      0.017352839931845665,
      0.01721915788948536,
      0.017023466527462006,
      0.016234789043664932,
      0.01692238450050354,
      0.016444580629467964,
      0.015962587669491768,
      0.01647850126028061,
      0.016612684354186058,
      0.015898192301392555,
      0.01568952016532421,
      0.01510104350745678,
      0.016118774190545082,
      0.015336875803768635,
      0.015295579098165035,
      0.01579303853213787,
      0.015777351334691048,
      0.015963545069098473,
      0.014741156250238419,
      0.014833446592092514,
      0.014941210858523846,
      0.01477450504899025,
      0.014448105357587337,
      0.014961476437747478,
      0.013986439444124699,
      0.013730809092521667,
      0.015553383156657219,
      0.013803733512759209,
      0.014413967728614807,
      0.014383635483682156,
      0.015210120007395744,
      0.013576825149357319,
      0.013878182508051395,
      0.01389579102396965,
      0.01546154823154211,
      0.014294887892901897,
      0.014157521538436413,
      0.013258781284093857,
      0.014100330881774426,
      0.013310466893017292,
      0.012939819134771824,
      0.012912345118820667,
      0.013514736667275429,
      0.012338146567344666,
      0.013315376825630665,
      0.01470742467790842,
      0.013310450129210949,
      0.013467689044773579,
      0.012503383681178093,
      0.014173876494169235,
      0.01246863417327404,
      0.014434799551963806,
      0.01178894005715847,
      0.013300632126629353,
      0.013816971331834793,
      0.013044701889157295,
      0.012584513984620571,
      0.013680614531040192,
      0.012872884050011635,
      0.013951047323644161,
      0.012137639336287975,
      0.011920872144401073,
      0.013361232355237007,
      0.013547409325838089,
      0.012679723091423512,
      0.012723327614367008,
      0.01381782628595829,
      0.013982478529214859,
      0.013320086523890495,
      0.013458846136927605,
      0.013170607388019562,
      0.012635190039873123,
      0.012972362339496613,
      0.01301145926117897,
      0.01259244792163372,
      0.012898403219878674,
      0.013201979920268059,
      0.012495341710746288,
      0.011994529515504837,
      0.012068470008671284,
      0.011817905120551586,
      0.01275145635008812,
      0.012311427854001522,
      0.012622840702533722,
      0.0133255235850811,
      0.01227749977260828,
      0.012006278149783611,
      0.0125952223315835,
      0.011629471555352211,
      0.011883363127708435,
      0.011997316963970661,
      0.012373050674796104,
      0.013442935422062874,
      0.012897305190563202,
      0.012936576269567013,
      0.012208102270960808,
      0.012055457569658756,
      0.013386504724621773,
      0.011591404676437378,
      0.01150558516383171,
      0.011875877156853676,
      0.012479701079428196,
      0.012764778919517994,
      0.012162982486188412,
      0.012843600474298,
      0.012010685168206692,
      0.012283401563763618,
      0.012339519336819649,
      0.012002560310065746,
      0.012429710477590561,
      0.011793666519224644,
      0.011418374255299568,
      0.012047368101775646,
      0.011581292375922203,
      0.011840556748211384,
      0.012567763216793537,
      0.012307140976190567,
      0.011534320190548897,
      0.011669575236737728,
      0.011920493096113205,
      0.011535781435668468,
      0.011534595862030983,
      0.010521224699914455,
      0.013242297805845737,
      0.012565437704324722,
      0.012646847404539585,
      0.011730927042663097,
      0.012064972892403603,
      0.012058516032993793,
      0.011908593587577343,
      0.011619712226092815,
      0.013670891523361206,
      0.01094274502247572,
      0.013727362267673016,
      0.011129469610750675,
      0.011763720773160458,
      0.012280168011784554,
      0.012835938483476639,
      0.012558638118207455,
      0.012083647772669792,
      0.012684985063970089,
      0.0121340686455369,
      0.011784442700445652,
      0.011639198288321495,
      0.011383778415620327,
      0.01150350458920002,
      0.011980284936726093,
      0.010656018741428852,
      0.0122050940990448,
      0.012266824021935463,
      0.01245377492159605,
      0.011772356927394867,
      0.010856681503355503,
      0.011527362279593945,
      0.01262070331722498,
      0.012472989037632942,
      0.01178770698606968,
      0.012239710427820683,
      0.011712097562849522,
      0.012375939637422562,
      0.01207078155130148,
      0.012099841609597206,
      0.01180108729749918,
      0.011422471143305302,
      0.012567599304020405,
      0.011554974131286144,
      0.011948749423027039,
      0.011447057127952576,
      0.011249351315200329,
      0.011723418720066547,
      0.010845253244042397,
      0.011638320982456207,
      0.011086512356996536,
      0.01222294569015503,
      0.011199741624295712,
      0.012228068895637989,
      0.011893966235220432,
      0.0123935267329216,
      0.01054923702031374,
      0.011430103331804276,
      0.010691402480006218,
      0.011320109479129314,
      0.011515229009091854,
      0.011747865006327629,
      0.010658330284059048,
      0.010808143764734268,
      0.01102115772664547,
      0.010612109676003456,
      0.012353797443211079,
      0.010956352576613426,
      0.011482177302241325,
      0.011358199641108513,
      0.011213504709303379,
      0.010673190467059612,
      0.010537578724324703,
      0.012104697525501251,
      0.011917408555746078,
      0.010973644442856312,
      0.01135908905416727,
      0.011520827189087868,
      0.012038622982800007,
      0.011433474719524384,
      0.01254112645983696,
      0.010801018215715885,
      0.011836334131658077,
      0.010454555042088032,
      0.011661120690405369,
      0.01116251852363348,
      0.011761042289435863,
      0.01120759453624487,
      0.011639977805316448,
      0.011705943383276463,
      0.012196052819490433,
      0.011443938128650188,
      0.011971390806138515,
      0.012004952877759933,
      0.011656263843178749,
      0.011303657665848732,
      0.011529049836099148,
      0.010943631641566753,
      0.012188872322440147,
      0.011557623744010925,
