{
   "number_epochs": 300,
   "info_used": "use imputation",
   "perc_full_data": 0.3,
   "n_epochs_no_selection": 0,
   "Frequency % cutoff": 0.3,
   "hidden_size": 32,
   "random_state": 14,
   "train_errors": [
      0.045766618102788925,
      0.044845595955848694,
      0.04380691796541214,
      0.042825572192668915,
      0.04190826416015625,
      0.040816858410835266,
      0.0404665581882,
      0.03846430405974388,
      0.03705938160419464,
      0.03573458641767502,
      0.03443005308508873,
      0.03309507295489311,
      0.031482115387916565,
      0.03017493523657322,
      0.02982611022889614,
      0.028265921398997307,
      0.02661767601966858,
      0.0253898985683918,
      0.024936379864811897,
      0.0229114331305027,
      0.02449604868888855,
      0.022458413615822792,
      0.022162187844514847,
      0.021583834663033485,
      0.02090887539088726,
      0.020604077726602554,
      0.021295076236128807,
      0.020528526976704597,
      0.01918013021349907,
      0.018447119742631912,
      0.01808154582977295,
      0.01825873740017414,
      0.016638420522212982,
      0.01663261651992798,
      0.016750328242778778,
      0.017719123512506485,
      0.01657385565340519,
      0.01628073677420616,
      0.016075124964118004,
      0.016367964446544647,
      0.01593957282602787,
      0.01609463058412075,
      0.0159787368029356,
      0.01547347940504551,
      0.014855842106044292,
      0.016126874834299088,
      0.014621586538851261,
      0.014553619548678398,
      0.015173823572695255,
      0.01479589194059372,
      0.014298491179943085,
      0.014315127395093441,
      0.014110306277871132,
      0.015503386035561562,
      0.014862678945064545,
      0.013985062949359417,
      0.014343516901135445,
      0.014955176040530205,
      0.015418080613017082,
      0.015003911219537258,
      0.014796212315559387,
      0.014137526042759418,
      0.013886552304029465,
      0.013177679851651192,
      0.01389909628778696,
      0.015122611075639725,
      0.015114170499145985,
      0.014456555247306824,
      0.015232895500957966,
      0.013709156773984432,
      0.014106892980635166,
      0.013431652449071407,
      0.013871993869543076,
      0.013630256988108158,
      0.014378710649907589,
      0.014143336564302444,
      0.014652661047875881,
      0.01335264090448618,
      0.014528954401612282,
      0.014086825773119926,
      0.013833943754434586,
      0.013909759931266308,
      0.013924739323556423,
      0.013418778777122498,
      0.013442175462841988,
      0.013534290716052055,
      0.012991070747375488,
      0.013732335530221462,
      0.013628894463181496,
      0.013155994936823845,
      0.012780643999576569,
      0.012638584710657597,
      0.013452485203742981,
      0.013619533739984035,
      0.013453616760671139,
      0.013642414472997189,
      0.013415191322565079,
      0.013053614646196365,
      0.012894758954644203,
      0.013092839159071445,
      0.013247576542198658,
      0.012638172134757042,
      0.013135712593793869,
      0.013653515838086605,
      0.013815045356750488,
      0.0131869837641716,
      0.013150345534086227,
      0.012919261120259762,
      0.011840918101370335,
      0.012589599937200546,
      0.012534609995782375,
      0.013007146306335926,
      0.012839393690228462,
      0.012768439017236233,
      0.012632569298148155,
      0.014120272360742092,
      0.012642773799598217,
      0.012587763369083405,
      0.013141433708369732,
      0.011851930059492588,
      0.013409662991762161,
      0.01315446849912405,
      0.01274908147752285,
      0.013667456805706024,
      0.012027950026094913,
      0.012974482960999012,
      0.01314821932464838,
      0.013479584828019142,
      0.011582392267882824,
      0.012714629992842674,
      0.012568129226565361,
      0.012001711875200272,
      0.01168408989906311,
      0.01307592261582613,
      0.011410236358642578,
      0.012917443178594112,
      0.012985373847186565,
      0.012100235559046268,
      0.011911038309335709,
      0.012317578308284283,
      0.012068052776157856,
      0.013328228145837784,
      0.012748788110911846,
      0.012339942157268524,
      0.011947555467486382,
      0.012752734124660492,
      0.012982375919818878,
      0.013179912231862545,
      0.012320597656071186,
      0.01270407997071743,
      0.012906135991215706,
      0.012967049144208431,
      0.012600055895745754,
      0.012780609540641308,
      0.01215564738959074,
      0.013376126065850258,
      0.013020274229347706,
      0.012209317646920681,
      0.012293331325054169,
      0.012668841518461704,
      0.0119783291593194,
      0.011504348367452621,
      0.011401851661503315,
      0.013118430972099304,
      0.012553714215755463,
      0.012575775384902954,
      0.013015047647058964,
      0.011888517998158932,
      0.012238772585988045,
      0.01207148376852274,
      0.012493877671658993,
      0.012159979902207851,
      0.012244010344147682,
      0.01216753851622343,
      0.012576810084283352,
      0.012756572104990482,
      0.01184060424566269,
      0.01214095950126648,
      0.011686229147017002,
      0.012763550505042076,
      0.011553599499166012,
      0.011824687011539936,
      0.013240616768598557,
      0.012645754963159561,
      0.012698594480752945,
      0.013263140805065632,
      0.012058551423251629,
      0.012422936037182808,
      0.012870240025222301,
      0.011554526165127754,
      0.012291206046938896,
      0.011498996987938881,
      0.01135404221713543,
      0.012883147224783897,
      0.012147145345807076,
      0.012606019154191017,
      0.01202861126512289,
      0.01237137895077467,
      0.012495100498199463,
      0.012070883996784687,
      0.01184028945863247,
      0.012799033895134926,
      0.012188060209155083,
      0.012814033776521683,
      0.011920532211661339,
      0.01146094873547554,
      0.012158817611634731,
      0.011711548082530499,
      0.01172163337469101,
      0.012082446366548538,
      0.012425168417394161,
      0.011751368641853333,
      0.01232738234102726,
      0.012936733663082123,
      0.01340752374380827,
      0.01167075801640749,
      0.011892651207745075,
      0.013494906947016716,
      0.012863499112427235,
      0.011253857053816319,
      0.012775619514286518,
      0.012789681553840637,
      0.011962221935391426,
      0.012135733850300312,
      0.011336223222315311,
      0.012087973766028881,
      0.012067443691194057,
      0.011511024087667465,
      0.012665973044931889,
      0.011926447972655296,
      0.011299297213554382,
      0.011807966977357864,
      0.012728207744657993,
      0.012359187938272953,
      0.011581637896597385,
      0.011945166625082493,
      0.012232215143740177,
      0.012521502561867237,
      0.012906674295663834,
      0.011345786042511463,
      0.01169438473880291,
      0.011822936125099659,
      0.011959200724959373,
      0.013025287538766861,
      0.01240041758865118,
      0.011765717528760433,
      0.011127341538667679,
      0.011028522625565529,
      0.011394073255360126,
      0.011501857079565525,
      0.01212748046964407,
      0.011426589451730251,
      0.012191222980618477,
      0.012120615690946579,
      0.01174462866038084,
      0.01190891396254301,
      0.012265349738299847,
      0.011361918412148952,
      0.012522471137344837,
      0.012254765257239342,
      0.01176522858440876,
      0.011893034912645817,
      0.012402709573507309,
      0.013160105794668198,
      0.012806044891476631,
      0.012233811430633068,
      0.01124558225274086,
      0.012015972286462784,
      0.012083090841770172,
      0.01233759056776762,
      0.012866317294538021,
      0.012179458513855934,
      0.011447090655565262,
      0.011089070700109005,
      0.011951618827879429,
      0.011639897711575031,
      0.011790121905505657,
      0.011572781018912792,
      0.011691448278725147,
      0.01216007862240076,
