{
   "number_epochs": 300,
   "info_used": "use imputation",
   "perc_full_data": 0.3,
   "n_epochs_no_selection": 0,
   "Frequency % cutoff": 0.3,
   "hidden_size": 32,
   "random_state": 4,
   "train_errors": [
      0.055367838591337204,
      0.051168300211429596,
      0.048658449202775955,
      0.04772985354065895,
      0.04746942222118378,
      0.04727531969547272,
      0.04622051864862442,
      0.0457480289041996,
      0.044520508497953415,
      0.04343626648187637,
      0.0429082028567791,
      0.04079127311706543,
      0.03947089612483978,
      0.03824116662144661,
      0.0364501066505909,
      0.0352044552564621,
      0.03337663784623146,
      0.031637486070394516,
      0.02984158881008625,
      0.028412073850631714,
      0.02782091498374939,
      0.025485467165708542,
      0.02488679252564907,
      0.02394317090511322,
      0.022926513105630875,
      0.020608223974704742,
      0.02068568952381611,
      0.019828040152788162,
      0.018524445593357086,
      0.01840892620384693,
      0.017818395048379898,
      0.017360283061861992,
      0.01674690656363964,
      0.01664544828236103,
      0.01647952012717724,
      0.015641111880540848,
      0.01618262194097042,
      0.01520991139113903,
      0.015382237732410431,
      0.01507581677287817,
      0.014811101369559765,
      0.014660815708339214,
      0.013780796900391579,
      0.013266097754240036,
      0.014086413197219372,
      0.013135590590536594,
      0.012853083200752735,
      0.012954255566000938,
      0.013545578345656395,
      0.012828700244426727,
      0.012535388581454754,
      0.012150859460234642,
      0.012287710793316364,
      0.012689800933003426,
      0.012590054422616959,
      0.011593093164265156,
      0.012360713444650173,
      0.011739639565348625,
      0.011971356347203255,
      0.011101286858320236,
      0.0117843858897686,
      0.011658270843327045,
      0.010745472274720669,
      0.011609229259192944,
      0.011645691469311714,
      0.011224896647036076,
      0.011043391190469265,
      0.011019694618880749,
      0.010927148163318634,
      0.00969134084880352,
      0.011196869425475597,
      0.01086361613124609,
      0.009966897778213024,
      0.010371994227170944,
      0.010537181049585342,
      0.010173006914556026,
      0.010174332186579704,
      0.010083301924169064,
      0.010303603485226631,
      0.009678039699792862,
      0.010272141546010971,
      0.01000010222196579,
      0.0098568731918931,
      0.009234233759343624,
      0.009774480015039444,
      0.010010924190282822,
      0.010009557008743286,
      0.010306956246495247,
      0.00936848483979702,
      0.009620252065360546,
      0.009537125937640667,
      0.009786427021026611,
      0.009162350557744503,
      0.00940780434757471,
      0.00922106858342886,
      0.01017536036670208,
      0.00908906664699316,
      0.009636951610445976,
      0.008997960947453976,
      0.009181996807456017,
      0.00920278299599886,
      0.00937611237168312,
      0.00993687566369772,
      0.008945431560277939,
      0.009266489185392857,
      0.00840093195438385,
      0.008905130438506603,
      0.008986148983240128,
      0.010064751841127872,
      0.009611820802092552,
      0.009500047191977501,
      0.009317507967352867,
      0.00899480003863573,
      0.009458815678954124,
      0.008165313862264156,
      0.00882661435753107,
      0.009488141164183617,
      0.008382242172956467,
      0.009486314840614796,
      0.00939658097922802,
      0.008112248964607716,
      0.009169479832053185,
      0.0090365931391716,
      0.009577016346156597,
      0.008071929216384888,
      0.008667686954140663,
      0.00826184544712305,
      0.008548089303076267,
      0.008379521779716015,
      0.008602575398981571,
      0.008637193590402603,
      0.00955171324312687,
      0.008477525785565376,
      0.009205588139593601,
      0.008641833439469337,
      0.00833469070494175,
      0.008753915317356586,
      0.008844954892992973,
      0.008226416073739529,
      0.008906344883143902,
      0.008510536514222622,
      0.008574530482292175,
      0.009239629842340946,
      0.008552435785531998,
      0.00819963775575161,
      0.00964336283504963,
      0.007662063464522362,
      0.009392021223902702,
      0.008144143968820572,
      0.008141415193676949,
      0.008286135271191597,
      0.008170200511813164,
      0.008468388579785824,
      0.008182820864021778,
      0.008093265816569328,
      0.008013032376766205,
      0.008133061230182648,
      0.00843570102006197,
      0.008660770952701569,
      0.007955191656947136,
      0.009215976111590862,
      0.008286147378385067,
      0.00859849527478218,
      0.00768234021961689,
      0.008178415708243847,
      0.009080576710402966,
      0.007726889103651047,
      0.0080887321382761,
      0.008073699660599232,
      0.008175224997103214,
      0.009223824366927147,
      0.008288249373435974,
      0.007508787792176008,
      0.008540774695575237,
      0.00793498009443283,
      0.0074134101159870625,
      0.008081318810582161,
      0.007977253757417202,
      0.00816340185701847,
      0.009019480086863041,
      0.008958153426647186,
      0.00806773267686367,
      0.008637703023850918,
      0.008086783811450005,
      0.008309758268296719,
      0.008294600993394852,
      0.008425417356193066,
      0.009351059794425964,
      0.00846831500530243,
      0.008748081512749195,
      0.007568595465272665,
      0.007984606549143791,
      0.008319292217493057,
      0.00745132053270936,
      0.007628080900758505,
      0.008500156924128532,
      0.007488670758903027,
      0.008100469596683979,
      0.007846638560295105,
      0.008194073103368282,
      0.007992282509803772,
      0.007959995418787003,
      0.007387776859104633,
      0.00788924191147089,
      0.008129608817398548,
      0.008270325139164925,
      0.007593088783323765,
      0.00848363433033228,
      0.008527829311788082,
      0.007990162819623947,
      0.008727023378014565,
      0.007608368527144194,
      0.007923430763185024,
      0.00820669811218977,
      0.008319485932588577,
      0.00837196595966816,
      0.007874872535467148,
      0.008848832920193672,
      0.007251632399857044,
      0.007939664646983147,
      0.007274579722434282,
      0.008160591125488281,
      0.007723404094576836,
      0.006923360284417868,
      0.007613674737513065,
      0.008376318961381912,
      0.007471504621207714,
      0.007030985318124294,
      0.008150983601808548,
      0.007949457503855228,
      0.007438755594193935,
      0.007196216844022274,
      0.007843822240829468,
      0.008957549929618835,
      0.007777078077197075,
      0.007604619953781366,
      0.00778615428134799,
      0.007449488155543804,
      0.007678540889173746,
      0.00786979403346777,
      0.007297710049897432,
      0.007671483792364597,
      0.007884716615080833,
      0.008439638651907444,
      0.007832720875740051,
      0.0077061727643013,
      0.007108969148248434,
      0.007448740303516388,
      0.007534228730946779,
      0.007136957254260778,
      0.008086400106549263,
      0.0075903600081801414,
      0.007487103808671236,
      0.007117352914065123,
      0.008636950515210629,
      0.0074357339181005955,
      0.007672897540032864,
      0.007891301065683365,
      0.007586626335978508,
      0.0075568994507193565,
      0.007577134761959314,
      0.007636199239641428,
      0.007513531018048525,
      0.007914938032627106,
      0.007678290829062462,
      0.007808635011315346,
      0.006981036625802517,
      0.008020184934139252,
      0.0074814800173044205,
      0.008007558062672615,
      0.008372737094759941,
      0.006951717659831047,
      0.006804272998124361,
      0.007552355527877808,
      0.007179586216807365,
      0.007181339897215366,
      0.007072418928146362,
      0.007340407930314541,
      0.007516338024288416,
      0.0073880539275705814,
