{
   "number_epochs": 300,
   "info_used": "use imputation",
   "perc_full_data": 0.3,
   "n_epochs_no_selection": 0,
   "Frequency % cutoff": 0.3,
   "hidden_size": 32,
   "random_state": 13,
   "train_errors": [
      0.05892530456185341,
      0.05676046386361122,
      0.05499066412448883,
      0.053177423775196075,
      0.05269196629524231,
      0.050234537571668625,
      0.048085544258356094,
      0.04600083455443382,
      0.04347161576151848,
      0.0430382564663887,
      0.03995230421423912,
      0.03842702880501747,
      0.035774365067481995,
      0.03360489010810852,
      0.03156878426671028,
      0.031151726841926575,
      0.028460759669542313,
      0.027449937537312508,
      0.026624176651239395,
      0.025868920609354973,
      0.023350298404693604,
      0.023552076891064644,
      0.02283475734293461,
      0.023850588127970695,
      0.0228873360902071,
      0.0229924488812685,
      0.022738106548786163,
      0.019937163218855858,
      0.020806528627872467,
      0.021092500537633896,
      0.02019243687391281,
      0.02034573443233967,
      0.01980847306549549,
      0.019333405420184135,
      0.018814416602253914,
      0.01880248263478279,
      0.017880965024232864,
      0.018226921558380127,
      0.01810528337955475,
      0.019679145887494087,
      0.018490182235836983,
      0.018130438402295113,
      0.017212793231010437,
      0.017746832221746445,
      0.017209917306900024,
      0.017312735319137573,
      0.016173535957932472,
      0.017095832154154778,
      0.015281600877642632,
      0.016479548066854477,
      0.0166596919298172,
      0.016600269824266434,
      0.0152259711176157,
      0.015210041776299477,
      0.015068081207573414,
      0.015539395622909069,
      0.014575704000890255,
      0.014233405701816082,
      0.014162983745336533,
      0.013967934064567089,
      0.014166873879730701,
      0.013856571167707443,
      0.014418845996260643,
      0.013434745371341705,
      0.01361593883484602,
      0.014336058869957924,
      0.0133547093719244,
      0.014636097475886345,
      0.013923585414886475,
      0.013717548921704292,
      0.012402992695569992,
      0.013137547299265862,
      0.013158511370420456,
      0.012897693552076817,
      0.012510421685874462,
      0.014079741202294827,
      0.01326032355427742,
      0.012526736594736576,
      0.01291290670633316,
      0.011504153721034527,
      0.012029030360281467,
      0.012381423264741898,
      0.014276348985731602,
      0.012679869309067726,
      0.011338382959365845,
      0.010370783507823944,
      0.013830916956067085,
      0.012526766397058964,
      0.01224103569984436,
      0.012399128638207912,
      0.012181553058326244,
      0.011927030049264431,
      0.012366091832518578,
      0.012362317182123661,
      0.011679260060191154,
      0.01113385520875454,
      0.012430647388100624,
      0.011212696321308613,
      0.011753645725548267,
      0.011251579970121384,
      0.012373249046504498,
      0.011856339871883392,
      0.012640302069485188,
      0.012588703073561192,
      0.01231491006910801,
      0.011470220051705837,
      0.01132351253181696,
      0.01115692500025034,
      0.011468734592199326,
      0.011184782721102238,
      0.011557163670659065,
      0.011223629117012024,
      0.011933269910514355,
      0.011353569105267525,
      0.01115892082452774,
      0.011635287664830685,
      0.011155335232615471,
      0.011344870552420616,
      0.011898246593773365,
      0.011381573043763638,
      0.011620629578828812,
      0.010744347237050533,
      0.010622753761708736,
      0.011126639321446419,
      0.010498457588255405,
      0.010623478330671787,
      0.010814889334142208,
      0.01072218269109726,
      0.010836226865649223,
      0.011951683089137077,
      0.011173800565302372,
      0.011750267818570137,
      0.011561066843569279,
      0.011228969320654869,
      0.010906761512160301,
      0.010577465407550335,
      0.011688451282680035,
      0.010052374564111233,
      0.01049694325774908,
      0.01177632063627243,
      0.0104029206559062,
      0.010155915282666683,
      0.009801303967833519,
      0.009997044689953327,
      0.012093323282897472,
      0.012295025400817394,
      0.011000849306583405,
      0.010449652560055256,
      0.009445269592106342,
      0.010412597097456455,
      0.010924492962658405,
      0.010380000807344913,
      0.01096352469176054,
      0.010502373799681664,
      0.010885280556976795,
      0.01129149366170168,
      0.010324826464056969,
      0.010294337756931782,
      0.010437657125294209,
      0.009487525559961796,
      0.011044262908399105,
      0.01060400903224945,
      0.009502504952251911,
      0.009861839935183525,
      0.011094440706074238,
      0.010062974877655506,
      0.010353535413742065,
      0.010594482533633709,
      0.010450905188918114,
      0.011130359023809433,
      0.010342145338654518,
      0.010498639196157455,
      0.010462070815265179,
      0.010780689306557178,
      0.01132176723331213,
      0.011420154944062233,
      0.010171132162213326,
      0.009713496081531048,
      0.010635728016495705,
      0.011350319720804691,
      0.010644074529409409,
      0.010968280956149101,
      0.010712726972997189,
      0.010336601175367832,
      0.010674274526536465,
      0.010720440186560154,
      0.011119685135781765,
      0.00996366422623396,
      0.009616835974156857,
      0.010618583299219608,
      0.010369366966187954,
      0.009343701414763927,
      0.009989527985453606,
      0.010121069848537445,
      0.009708588011562824,
      0.010837859474122524,
      0.011221516877412796,
      0.0111538115888834,
      0.010469818487763405,
      0.010027329437434673,
      0.00994509644806385,
      0.010116543620824814,
      0.010029170662164688,
      0.010034292936325073,
      0.009670520201325417,
      0.01044894102960825,
      0.010163907893002033,
      0.00986453890800476,
      0.0104873888194561,
      0.010400127619504929,
      0.010564789175987244,
      0.009879888966679573,
      0.009109186939895153,
      0.010598735883831978,
      0.009682634845376015,
      0.010562053881585598,
      0.009704136289656162,
      0.009501651860773563,
      0.010640854947268963,
      0.0102150347083807,
      0.010121091268956661,
      0.010600149631500244,
      0.010934147983789444,
      0.010430438444018364,
      0.009445488452911377,
      0.010204573161900043,
      0.009991866536438465,
      0.010832412168383598,
      0.01031059492379427,
      0.009570649825036526,
      0.009508728981018066,
      0.010152362287044525,
      0.009778909385204315,
      0.00968948658555746,
      0.009814312681555748,
      0.009505584836006165,
      0.010126016102731228,
      0.010393056087195873,
      0.010508804582059383,
      0.01098593045026064,
      0.009581920690834522,
      0.010193532332777977,
      0.00997069664299488,
      0.009421107359230518,
      0.009065384976565838,
      0.009573687799274921,
      0.00947367213666439,
      0.009614821523427963,
      0.009644556790590286,
      0.00950408075004816,
      0.009412003681063652,
      0.009807019494473934,
      0.009766592644155025,
      0.010204263962805271,
      0.010294049046933651,
      0.009842085652053356,
      0.010293151251971722,
      0.00991313997656107,
      0.00976986438035965,
      0.009565724991261959,
      0.008604622446000576,
      0.010008147917687893,
      0.010890415869653225,
      0.009415333159267902,
      0.009811188094317913,
      0.00955571886152029,
      0.00958741270005703,
      0.009332546964287758,
      0.010231885127723217,
      0.009984655305743217,
      0.009998295456171036,
      0.00923148263245821,
      0.010528000071644783,
      0.00871027261018753,
      0.009210742078721523,
      0.009106216952204704,
      0.009439550340175629,
      0.009580378420650959,
      0.009097213856875896,
      0.009550441987812519,
