{
   "number_epochs": 300,
   "info_used": "use imputation",
   "perc_full_data": 0.3,
   "n_epochs_no_selection": 0,
   "Frequency % cutoff": 0.3,
   "hidden_size": 32,
   "random_state": 3,
   "train_errors": [
      0.05248621106147766,
      0.04904811456799507,
      0.048252422362565994,
      0.0477096363902092,
      0.046687763184309006,
      0.04556616023182869,
      0.04477282613515854,
      0.04392506182193756,
      0.04328872263431549,
      0.04190872609615326,
      0.04109286516904831,
      0.039710722863674164,
      0.03796498849987984,
      0.03701198846101761,
      0.03504851832985878,
      0.034178633242845535,
      0.031938519328832626,
      0.029283948242664337,
      0.028559941798448563,
      0.02755812183022499,
      0.02574327029287815,
      0.02551758475601673,
      0.02436922676861286,
      0.022890791296958923,
      0.02150598168373108,
      0.020864974707365036,
      0.02081892266869545,
      0.019830498844385147,
      0.019710564985871315,
      0.019217202439904213,
      0.019993534311652184,
      0.01924169436097145,
      0.017772844061255455,
      0.017123285681009293,
      0.017096074298024178,
      0.01798945479094982,
      0.016810370609164238,
      0.01607176475226879,
      0.015419968403875828,
      0.014449512585997581,
      0.015382582321763039,
      0.014500973746180534,
      0.015771986916661263,
      0.015748564153909683,
      0.014431397430598736,
      0.013290692120790482,
      0.01327116135507822,
      0.013956740498542786,
      0.013327476568520069,
      0.01289981510490179,
      0.01409927662461996,
      0.0129162622615695,
      0.012647951953113079,
      0.012972073629498482,
      0.012855490669608116,
      0.012118411250412464,
      0.013483494520187378,
      0.01275799423456192,
      0.01179251167923212,
      0.011557498946785927,
      0.01152883656322956,
      0.012224980629980564,
      0.011737792752683163,
      0.011507321149110794,
      0.012994521297514439,
      0.010857213288545609,
      0.011625749059021473,
      0.01208440400660038,
      0.010927308350801468,
      0.011310683563351631,
      0.01122145913541317,
      0.011351615190505981,
      0.011157561093568802,
      0.010462497361004353,
      0.010983237065374851,
      0.01039824727922678,
      0.011275879107415676,
      0.010684274137020111,
      0.010705193504691124,
      0.01045981701463461,
      0.011363619938492775,
      0.01051390916109085,
      0.011678698472678661,
      0.010755649767816067,
      0.010154997929930687,
      0.011029562912881374,
      0.011676262132823467,
      0.010422062128782272,
      0.010791079141199589,
      0.010590797290205956,
      0.010055861435830593,
      0.01054104883223772,
      0.011216734535992146,
      0.010623765178024769,
      0.010198055766522884,
      0.00984799675643444,
      0.010150467976927757,
      0.009593537077307701,
      0.010379294864833355,
      0.010466300882399082,
      0.010239047929644585,
      0.008868307806551456,
      0.011893043294548988,
      0.010016723535954952,
      0.009300768375396729,
      0.010136416181921959,
      0.010482990182936192,
      0.009676903486251831,
      0.010164935141801834,
      0.01037953607738018,
      0.009943831712007523,
      0.009931967593729496,
      0.010793095454573631,
      0.008770735934376717,
      0.009443909861147404,
      0.008764499798417091,
      0.010047441348433495,
      0.010616684332489967,
      0.010194666683673859,
      0.009436002001166344,
      0.010587376542389393,
      0.009593246504664421,
      0.00916288886219263,
      0.009647496044635773,
      0.010171585716307163,
      0.009622151032090187,
      0.008800998330116272,
      0.009122580289840698,
      0.00938692782074213,
      0.010004271753132343,
      0.009723616763949394,
      0.009143567644059658,
      0.009569760411977768,
      0.009537745267152786,
      0.00882879551500082,
      0.009958741255104542,
      0.00963730551302433,
      0.009181088767945766,
      0.009409550577402115,
      0.009075028821825981,
      0.008869748562574387,
      0.008954123593866825,
      0.010341670364141464,
      0.00890223030000925,
      0.009753590449690819,
      0.009012051858007908,
      0.009534400887787342,
      0.009081786498427391,
      0.00890699028968811,
      0.008605625480413437,
      0.00887269340455532,
      0.009258302859961987,
      0.009722569957375526,
      0.009564881213009357,
      0.00935271754860878,
      0.008259482681751251,
      0.008567042648792267,
      0.009891205467283726,
      0.009170709177851677,
      0.00839445274323225,
      0.009502189233899117,
      0.009127112105488777,
      0.008843663148581982,
      0.009783833287656307,
      0.008373808115720749,
      0.009140592068433762,
      0.008608940988779068,
      0.008902179077267647,
      0.008648325689136982,
      0.009983458556234837,
      0.00928584299981594,
      0.009173945523798466,
      0.009250490926206112,
      0.008960864506661892,
      0.008736521005630493,
      0.00874418020248413,
      0.008691082708537579,
      0.009050272405147552,
      0.010378928855061531,
      0.008320647291839123,
      0.00824811216443777,
      0.009080606512725353,
      0.009381692856550217,
      0.009294966235756874,
      0.008526165969669819,
      0.008348992094397545,
      0.009383343160152435,
      0.009409182704985142,
      0.0075058648362755775,
      0.008412445895373821,
      0.009600262157619,
      0.008433799259364605,
      0.008668479509651661,
      0.00818802509456873,
      0.007933428511023521,
      0.009751660749316216,
      0.00924622267484665,
      0.008376955054700375,
      0.00900109950453043,
      0.008781361393630505,
      0.010027413256466389,
      0.009133096784353256,
      0.008179721422493458,
      0.008367639034986496,
      0.0088635990396142,
      0.008450823836028576,
      0.008667558431625366,
      0.008711110800504684,
      0.008531847037374973,
      0.007903405465185642,
      0.009070937521755695,
      0.008418305777013302,
      0.008529933169484138,
      0.008698766119778156,
      0.009759649634361267,
      0.009068683721125126,
      0.008430848829448223,
      0.00843757577240467,
      0.008539849892258644,
      0.008381827734410763,
      0.00804500188678503,
      0.009370224550366402,
      0.008831864222884178,
      0.009085510857403278,
      0.008764466270804405,
      0.009058951400220394,
      0.008473498746752739,
      0.008628231473267078,
      0.008531937375664711,
      0.008131278678774834,
      0.00827759224921465,
      0.008315077051520348,
      0.00840137992054224,
      0.008936882950365543,
      0.008788405917584896,
      0.008733500726521015,
      0.008773024193942547,
      0.008266126736998558,
      0.008600854314863682,
      0.008557702414691448,
      0.008588321506977081,
      0.008590606972575188,
      0.008072120137512684,
      0.009000199846923351,
      0.008466233499348164,
      0.00860236119478941,
      0.008125534281134605,
      0.008565304800868034,
      0.008326167240738869,
      0.008189854212105274,
      0.00888898503035307,
      0.008316746912896633,
      0.008570823818445206,
      0.008502127602696419,
      0.009455939754843712,
      0.007946772500872612,
      0.00880395621061325,
      0.008490795269608498,
      0.008853822015225887,
      0.008289219811558723,
      0.008059612475335598,
      0.008254896849393845,
      0.008275757543742657,
      0.00834584515541792,
      0.008571219630539417,
      0.008255052380263805,
      0.008284949697554111,
      0.00842360407114029,
      0.008336661383509636,
      0.008678458631038666,
      0.007857236079871655,
      0.008328031748533249,
      0.007969961501657963,
      0.008402989245951176,
      0.008234482258558273,
      0.009236572310328484,
      0.009190152399241924,
      0.007513980846852064,
      0.008084694854915142,
      0.008072761818766594,
