{
   "number_epochs": 300,
   "info_used": "use imputation",
   "perc_full_data": 0.3,
   "n_epochs_no_selection": 0,
   "Frequency % cutoff": 0.3,
   "hidden_size": 32,
   "random_state": 5,
   "train_errors": [
      0.05847250297665596,
      0.05441192165017128,
      0.05139045789837837,
      0.04955975338816643,
      0.048580415546894073,
      0.047901902347803116,
      0.047591015696525574,
      0.0468224436044693,
      0.046464595943689346,
      0.04519205912947655,
      0.04422713816165924,
      0.04327571019530296,
      0.04226307198405266,
      0.04100848734378815,
      0.03968799486756325,
      0.03854815289378166,
      0.03662104532122612,
      0.03470880910754204,
      0.03275258466601372,
      0.03108392283320427,
      0.028826043009757996,
      0.027049561962485313,
      0.02488575130701065,
      0.023732956498861313,
      0.022207124158740044,
      0.021524515002965927,
      0.01953830011188984,
      0.01913170889019966,
      0.01871017925441265,
      0.017553027719259262,
      0.017358722165226936,
      0.016674600541591644,
      0.01654474064707756,
      0.0159013532102108,
      0.0163059514015913,
      0.01566573791205883,
      0.015206134878098965,
      0.014991290867328644,
      0.014010109007358551,
      0.014709319919347763,
      0.013858851976692677,
      0.014137939549982548,
      0.014080826193094254,
      0.014280417002737522,
      0.013502698391675949,
      0.012873157858848572,
      0.013515598140656948,
      0.012753067538142204,
      0.01309230923652649,
      0.013117274269461632,
      0.012638636864721775,
      0.01279786042869091,
      0.012701858766376972,
      0.012383644469082355,
      0.012990687973797321,
      0.01211556512862444,
      0.011974643915891647,
      0.011678921990096569,
      0.011348381638526917,
      0.012011437676846981,
      0.010546712204813957,
      0.011512038297951221,
      0.011738279834389687,
      0.010710169561207294,
      0.010604919865727425,
      0.01060717273503542,
      0.010608935728669167,
      0.010546042583882809,
      0.010760881938040257,
      0.01006905734539032,
      0.010574175976216793,
      0.010958366096019745,
      0.010236615315079689,
      0.010190155357122421,
      0.010213992558419704,
      0.010803441517055035,
      0.010296225547790527,
      0.00974359456449747,
      0.010195283219218254,
      0.009840394370257854,
      0.00983392633497715,
      0.009308949112892151,
      0.010457636788487434,
      0.009936444461345673,
      0.008625305257737637,
      0.010114449076354504,
      0.009645254351198673,
      0.010337330400943756,
      0.009097852744162083,
      0.009738295339047909,
      0.00898855458945036,
      0.008703213185071945,
      0.00966872088611126,
      0.009231207892298698,
      0.00952113512903452,
      0.009368001483380795,
      0.0091085284948349,
      0.009591353125870228,
      0.009279787540435791,
      0.00887600239366293,
      0.008734310045838356,
      0.009615074843168259,
      0.009402900002896786,
      0.008962070569396019,
      0.008910169824957848,
      0.009083948098123074,
      0.00898060668259859,
      0.008592984639108181,
      0.009436861611902714,
      0.009385298006236553,
      0.009039635770022869,
      0.008833631873130798,
      0.009554173797369003,
      0.008879165165126324,
      0.008695598691701889,
      0.008997146971523762,
      0.008806449361145496,
      0.008822662755846977,
      0.009440580382943153,
      0.008978964760899544,
      0.008854016661643982,
      0.008213566616177559,
      0.008863264694809914,
      0.008347132243216038,
      0.008758274838328362,
      0.008537128567695618,
      0.008639616891741753,
      0.009298914112150669,
      0.00865226611495018,
      0.008199822157621384,
      0.008852974511682987,
      0.009385702200233936,
      0.009620968252420425,
      0.00881152879446745,
      0.008434153161942959,
      0.008761447854340076,
      0.00835508480668068,
      0.008694217540323734,
      0.008101336658000946,
      0.009315784089267254,
      0.008655456826090813,
      0.008836130611598492,
      0.008997071534395218,
      0.00830069463700056,
      0.008963311091065407,
      0.00882201362401247,
      0.007832402363419533,
      0.009119807742536068,
      0.008421352133154869,
      0.009224983863532543,
      0.00814012996852398,
      0.008913543075323105,
      0.007980923168361187,
      0.009198195300996304,
      0.0074942572973668575,
      0.00840594433248043,
      0.00904013030230999,
      0.00858513917773962,
      0.00834184791892767,
      0.008636563085019588,
      0.007993170991539955,
      0.008103602565824986,
      0.008089154027402401,
      0.009205877780914307,
      0.007859408855438232,
      0.007858168333768845,
      0.008698344230651855,
      0.008072235621511936,
      0.008253971114754677,
      0.007782103028148413,
      0.008101771585643291,
      0.008291480131447315,
      0.008226316422224045,
      0.008781296201050282,
      0.008446895517408848,
      0.00870323646813631,
      0.008892777375876904,
      0.0083085335791111,
      0.008077450096607208,
      0.008870555087924004,
      0.008703632280230522,
      0.007746105547994375,
      0.008178995922207832,
      0.00832448061555624,
      0.008498689159750938,
      0.008581267669796944,
      0.008423157967627048,
      0.008160254918038845,
      0.008518059737980366,
      0.007456973660737276,
      0.008437400683760643,
      0.008388123475015163,
      0.006911655887961388,
      0.00802750326693058,
      0.00826034415513277,
      0.007693224120885134,
      0.008328855037689209,
      0.007834834046661854,
      0.008232655003666878,
      0.009149613790214062,
      0.008565329946577549,
      0.007938142865896225,
      0.0081965122371912,
      0.00822580885142088,
      0.007905375212430954,
      0.007974247448146343,
      0.008120120503008366,
      0.008225591853260994,
      0.008956271223723888,
      0.008666718378663063,
      0.0073355697095394135,
      0.007925356738269329,
      0.008481593802571297,
      0.009029037319123745,
      0.007997371256351471,
      0.007568131200969219,
      0.007080669514834881,
      0.00884863082319498,
      0.007135589607059956,
      0.007969780825078487,
      0.007879081182181835,
      0.007776898797601461,
      0.008528745733201504,
      0.007460892200469971,
      0.007539776153862476,
      0.0072036609053611755,
      0.007800485007464886,
      0.007534796372056007,
      0.007322221994400024,
      0.00760258873924613,
      0.007715717423707247,
      0.008724025450646877,
      0.007724437862634659,
      0.008218114264309406,
      0.0074701495468616486,
      0.007729662582278252,
      0.007672464940696955,
      0.008811832405626774,
      0.008454840630292892,
      0.00839154701679945,
      0.007244186010211706,
      0.008829114027321339,
      0.008071448653936386,
      0.007568958215415478,
      0.00812919344753027,
      0.007687434554100037,
      0.007502424530684948,
      0.00734602939337492,
      0.007812164258211851,
      0.007430619560182095,
      0.007386991288512945,
      0.007464871741831303,
      0.007372123654931784,
      0.0078907310962677,
      0.008085557259619236,
      0.008372902870178223,
      0.008137902244925499,
      0.008017904125154018,
      0.008250568993389606,
      0.007846920751035213,
      0.008058701641857624,
      0.00756716588512063,
      0.007519949227571487,
      0.008252673782408237,
      0.008599181659519672,
      0.006645604968070984,
      0.007138107903301716,
      0.007974719628691673,
      0.008130768314003944,
      0.009035222232341766,
      0.00782043393701315,
      0.007821657694876194,
      0.007184674963355064,
      0.007165831979364157,
      0.008147246204316616,
      0.007510427851229906,
      0.006936132907867432,
      0.006959949620068073,
      0.00755575904622674,
      0.00758120184764266,
