{
   "number_epochs": 300,
   "info_used": "use imputation",
   "perc_full_data": 0.3,
   "n_epochs_no_selection": 0,
   "Frequency % cutoff": 0.3,
   "hidden_size": 32,
   "random_state": 11,
   "train_errors": [
      0.05910428985953331,
      0.0575382374227047,
      0.05678579583764076,
      0.055507007986307144,
      0.05469973385334015,
      0.0532124787569046,
      0.051687490195035934,
      0.0503460057079792,
      0.04842883348464966,
      0.04671354591846466,
      0.04481571540236473,
      0.0423511303961277,
      0.04059438779950142,
      0.038127124309539795,
      0.036332868039608,
      0.03336771950125694,
      0.03151100501418114,
      0.029403671622276306,
      0.027912961319088936,
      0.026422444730997086,
      0.02579428255558014,
      0.024161409586668015,
      0.02286090888082981,
      0.022893570363521576,
      0.021601572632789612,
      0.022374816238880157,
      0.02096562460064888,
      0.02092643454670906,
      0.020163163542747498,
      0.019157251343131065,
      0.018729042261838913,
      0.018252680078148842,
      0.01741545833647251,
      0.017368614673614502,
      0.01774044893682003,
      0.01840583235025406,
      0.016240272670984268,
      0.016517532989382744,
      0.01608269102871418,
      0.015367118641734123,
      0.015373282134532928,
      0.015395564958453178,
      0.016297083348035812,
      0.014973284676671028,
      0.014387776143848896,
      0.014881530776619911,
      0.013332857750356197,
      0.013985234312713146,
      0.013694499619305134,
      0.013318861834704876,
      0.013906545005738735,
      0.013119964860379696,
      0.012703406624495983,
      0.012478957884013653,
      0.013159476220607758,
      0.012499012984335423,
      0.011826224625110626,
      0.012940236367285252,
      0.012523848563432693,
      0.011591704562306404,
      0.012507756240665913,
      0.011758849024772644,
      0.012108596041798592,
      0.010722088627517223,
      0.011673662811517715,
      0.010361113585531712,
      0.011012115515768528,
      0.010635582730174065,
      0.010868686251342297,
      0.010703821666538715,
      0.011166084557771683,
      0.011589988134801388,
      0.01048040110617876,
      0.010667560622096062,
      0.010696299374103546,
      0.011487315408885479,
      0.010346464812755585,
      0.011202055960893631,
      0.010936723090708256,
      0.011795138008892536,
      0.010557468049228191,
      0.010205060243606567,
      0.010461436584591866,
      0.009811203926801682,
      0.010677090846002102,
      0.010972682386636734,
      0.00934765674173832,
      0.010660947300493717,
      0.010602721944451332,
      0.010067473165690899,
      0.010456572286784649,
      0.009321280755102634,
      0.01068166270852089,
      0.009730559773743153,
      0.01024914626032114,
      0.010382718406617641,
      0.009682792238891125,
      0.009992431849241257,
      0.010352768003940582,
      0.009445910342037678,
      0.00928941648453474,
      0.009808543138206005,
      0.010470679961144924,
      0.009970162063837051,
      0.009844182059168816,
      0.009530453942716122,
      0.009520250372588634,
      0.008923349902033806,
      0.010067715309560299,
      0.009431698359549046,
      0.009208351373672485,
      0.009838433004915714,
      0.01037510670721531,
      0.01008807122707367,
      0.009091692976653576,
      0.009442990645766258,
      0.010606080293655396,
      0.010639503598213196,
      0.009781799279153347,
      0.009860114194452763,
      0.010067139752209187,
      0.008525542914867401,
      0.009141654707491398,
      0.008809622377157211,
      0.008546777069568634,
      0.009994677267968655,
      0.009776008315384388,
      0.008952461183071136,
      0.00868391152471304,
      0.009776653721928596,
      0.009240502491593361,
      0.009655207395553589,
      0.009252365678548813,
      0.009095773100852966,
      0.00928676687180996,
      0.009591910988092422,
      0.008912692777812481,
      0.009391235187649727,
      0.010085352696478367,
      0.008691382594406605,
      0.009048397652804852,
      0.009022777900099754,
      0.008908262476325035,
      0.008517609909176826,
      0.008705666288733482,
      0.0092903608456254,
      0.008854610845446587,
      0.00897375401109457,
      0.00835512112826109,
      0.00875948742032051,
      0.008907651528716087,
      0.008547515608370304,
      0.009004319086670876,
      0.008019923232495785,
      0.008831762708723545,
      0.009007886052131653,
      0.009332612156867981,
      0.008758137002587318,
      0.008651135489344597,
      0.008281582966446877,
      0.008842779323458672,
      0.008069880306720734,
      0.00799882784485817,
      0.008533894084393978,
      0.00942602101713419,
      0.008427469991147518,
      0.008362757973372936,
      0.008478428237140179,
      0.008509141393005848,
      0.007784127723425627,
      0.008453386835753918,
      0.008268038742244244,
      0.0080706886947155,
      0.009088226594030857,
      0.009062333963811398,
      0.008887985721230507,
      0.009137432090938091,
      0.008818715810775757,
      0.008746619336307049,
      0.008227038197219372,
      0.00829540379345417,
      0.008432959206402302,
      0.008566143922507763,
      0.00858413614332676,
      0.007879863493144512,
      0.008267291821539402,
      0.008545403368771076,
      0.008782721124589443,
      0.008204182609915733,
      0.007914847694337368,
      0.00778157077729702,
      0.008507334627211094,
      0.008725118823349476,
      0.008251090534031391,
      0.008861207403242588,
      0.008631470613181591,
      0.008352424949407578,
      0.007610087748616934,
      0.008246106095612049,
      0.007612899877130985,
      0.007160292938351631,
      0.008003993891179562,
      0.008455386385321617,
      0.009476118721067905,
      0.008759533986449242,
      0.008437792770564556,
      0.008146082051098347,
      0.008257128298282623,
      0.008788596838712692,
      0.007761573884636164,
      0.008469044230878353,
      0.008307368494570255,
      0.0076992628164589405,
      0.00870694499462843,
      0.008016929030418396,
      0.00820284616202116,
      0.00781449768692255,
      0.008063639514148235,
      0.008232029154896736,
      0.00850340910255909,
      0.008709999732673168,
      0.008843081071972847,
      0.008540836162865162,
      0.00838719867169857,
      0.00855120550841093,
      0.008145347237586975,
      0.007960702292621136,
      0.00903190579265356,
      0.00854281522333622,
      0.00785580463707447,
      0.007645696867257357,
      0.008630967698991299,
      0.008371306583285332,
      0.008454092778265476,
      0.007354489993304014,
      0.008586765266954899,
      0.008038694970309734,
      0.008025772869586945,
      0.008214622735977173,
      0.008137325756251812,
      0.008495318703353405,
      0.007918431423604488,
      0.008995209820568562,
      0.007027647458016872,
      0.0077246190048754215,
      0.00831511989235878,
      0.007462872192263603,
      0.008038641884922981,
      0.00763534102588892,
      0.00889658834785223,
      0.007809428498148918,
      0.008732041344046593,
      0.0076527781784534454,
      0.007135631050914526,
      0.008395605720579624,
      0.008238389156758785,
      0.007901349104940891,
      0.008180602453649044,
      0.007958256639540195,
      0.007684813812375069,
      0.007496629375964403,
      0.0075765554793179035,
      0.008172774687409401,
      0.008238917216658592,
      0.00804566964507103,
      0.007411482278257608,
      0.008095167577266693,
      0.007919417694211006,
      0.007891613058745861,
      0.008334929123520851,
      0.008136165328323841,
      0.0072920662350952625,
      0.008060272783041,
      0.007833074778318405,
      0.008587934076786041,
      0.007454116363078356,
      0.007810356095433235,
      0.007920640520751476,
      0.0075184996239840984,
      0.008197181858122349,
