{
   "number_epochs": 300,
   "info_used": "use imputation",
   "perc_full_data": 0.3,
   "n_epochs_no_selection": 0,
   "Frequency % cutoff": 0.3,
   "hidden_size": 32,
   "random_state": 0,
   "train_errors": [
      0.05888056755065918,
      0.0552944540977478,
      0.05269474536180496,
      0.05170581489801407,
      0.049827512353658676,
      0.04860168695449829,
      0.047505855560302734,
      0.04569907858967781,
      0.04409288242459297,
      0.04314082860946655,
      0.041639283299446106,
      0.039435602724552155,
      0.038367100059986115,
      0.03614027425646782,
      0.034261733293533325,
      0.03169417381286621,
      0.030409235507249832,
      0.028909459710121155,
      0.026648202911019325,
      0.02510499395430088,
      0.02417202666401863,
      0.021702490746974945,
      0.02049458958208561,
      0.019674818962812424,
      0.01837673783302307,
      0.01804495044052601,
      0.018299885094165802,
      0.016554109752178192,
      0.017474770545959473,
      0.01643321104347706,
      0.017174340784549713,
      0.015752209350466728,
      0.01562558114528656,
      0.016097810119390488,
      0.014925835654139519,
      0.014620823785662651,
      0.01565975323319435,
      0.0145524051040411,
      0.013955281116068363,
      0.013576225377619267,
      0.013703864999115467,
      0.014044691808521748,
      0.013450239785015583,
      0.012919140979647636,
      0.013098260387778282,
      0.013670983724296093,
      0.012672198005020618,
      0.012682580389082432,
      0.012523998506367207,
      0.01161370798945427,
      0.01267988234758377,
      0.011876235716044903,
      0.012416023761034012,
      0.011449159123003483,
      0.011955435387790203,
      0.011585469357669353,
      0.011365440674126148,
      0.011658009141683578,
      0.012156597338616848,
      0.011899646371603012,
      0.011564960703253746,
      0.010517725721001625,
      0.01111814845353365,
      0.010341738350689411,
      0.010652684606611729,
      0.011010603979229927,
      0.00995719525963068,
      0.011327678337693214,
      0.010978583246469498,
      0.0102417366579175,
      0.010214260779321194,
      0.010238380171358585,
      0.010688748210668564,
      0.010862492956221104,
      0.010577257722616196,
      0.009856232441961765,
      0.0106696467846632,
      0.01007994543761015,
      0.01066290307790041,
      0.009856769815087318,
      0.008844844996929169,
      0.009359100833535194,
      0.008745373226702213,
      0.009908921085298061,
      0.009393738582730293,
      0.009649092331528664,
      0.010171969421207905,
      0.009364516474306583,
      0.00928894430398941,
      0.009622997604310513,
      0.009846802800893784,
      0.009041404351592064,
      0.009748394601047039,
      0.009556529112160206,
      0.009529808536171913,
      0.009054693393409252,
      0.009501826018095016,
      0.009370531886816025,
      0.009737529791891575,
      0.009888040833175182,
      0.009208470582962036,
      0.009091171436011791,
      0.009520307183265686,
      0.010144875384867191,
      0.009753149934113026,
      0.009142113849520683,
      0.009449439123272896,
      0.009875038638710976,
      0.009279994294047356,
      0.010365494526922703,
      0.008823786862194538,
      0.009833461605012417,
      0.008358786813914776,
      0.009268281050026417,
      0.008790744468569756,
      0.009119134396314621,
      0.009885631501674652,
      0.009489963762462139,
      0.008467667736113071,
      0.008256016299128532,
      0.009006768465042114,
      0.009441197849810123,
      0.009431645274162292,
      0.00932537391781807,
      0.008944631554186344,
      0.00899447500705719,
      0.009260893799364567,
      0.009014030918478966,
      0.008321559987962246,
      0.009410081431269646,
      0.008360751904547215,
      0.009021788835525513,
      0.00896510947495699,
      0.008212896063923836,
      0.00887050200253725,
      0.008158472366631031,
      0.008108492940664291,
      0.008440367877483368,
      0.009430603124201298,
      0.009493998251855373,
      0.008968166075646877,
      0.010055949911475182,
      0.00837585236877203,
      0.008741149678826332,
      0.009007996879518032,
      0.00902470387518406,
      0.009022204205393791,
      0.00808006152510643,
      0.009136134758591652,
      0.008888260461390018,
      0.008835016749799252,
      0.009172399528324604,
      0.008502572774887085,
      0.008968792855739594,
      0.009386123158037663,
      0.009188476018607616,
      0.009553931653499603,
      0.008878033608198166,
      0.009401808492839336,
      0.008636877872049809,
      0.009227333590388298,
      0.008643203414976597,
      0.008519282564520836,
      0.008491842076182365,
      0.008776298724114895,
      0.009027842432260513,
      0.0087739834561944,
      0.008695527911186218,
      0.00884395744651556,
      0.008931292220950127,
      0.007952378131449223,
      0.008431708440184593,
      0.008319567888975143,
      0.008853720501065254,
      0.008434544317424297,
      0.008533964864909649,
      0.008493157103657722,
      0.00919826328754425,
      0.008903074078261852,
      0.008668385446071625,
      0.008800525218248367,
      0.009537244215607643,
      0.009789769537746906,
      0.00855465792119503,
      0.008657747879624367,
      0.00864088162779808,
      0.008302693255245686,
      0.008524689823389053,
      0.009193680249154568,
      0.0089163389056921,
      0.008983034640550613,
      0.008860085159540176,
      0.009407115168869495,
      0.008635991252958775,
      0.008883054368197918,
      0.008210967294871807,
      0.008295365609228611,
      0.008886768482625484,
      0.007979853078722954,
      0.008259200491011143,
      0.008530093356966972,
      0.008891995064914227,
      0.00925876758992672,
      0.009376990608870983,
      0.008482120931148529,
      0.008657284080982208,
      0.008547554723918438,
      0.008426169864833355,
      0.0077010937966406345,
      0.009254065342247486,
      0.008715948089957237,
      0.008501659147441387,
      0.008673668839037418,
      0.007302258163690567,
      0.00897760409861803,
      0.008532088249921799,
      0.008243989199399948,
      0.008501878008246422,
      0.007856130599975586,
      0.008886176161468029,
      0.008028912357985973,
      0.007830695249140263,
      0.007847710512578487,
      0.008325689472258091,
      0.008294842205941677,
      0.008708501234650612,
      0.008527936413884163,
      0.008243707939982414,
      0.008385646156966686,
      0.008129340596497059,
      0.00794393103569746,
      0.008575608022511005,
      0.007813767530024052,
      0.007736909668892622,
      0.008186225779354572,
      0.008018887601792812,
      0.008987946435809135,
      0.009214109741151333,
      0.009388228878378868,
      0.00878617912530899,
      0.007747545372694731,
      0.008476241491734982,
      0.00810825452208519,
      0.008238241076469421,
      0.008178405463695526,
      0.008697872050106525,
      0.007590655703097582,
      0.008390759117901325,
      0.008597522042691708,
      0.00873110257089138,
      0.008467665873467922,
      0.008468022570014,
      0.007985816337168217,
      0.008022231049835682,
      0.008809130638837814,
      0.008090057410299778,
      0.008109052665531635,
      0.00837656855583191,
      0.008219308219850063,
      0.008567210286855698,
      0.008211012929677963,
      0.007790581323206425,
      0.008132828399538994,
      0.00848885253071785,
      0.00825916975736618,
      0.008086012676358223,
      0.008176780305802822,
      0.007687393110245466,
      0.00876277219504118,
      0.008915459737181664,
      0.009061471559107304,
      0.008814974687993526,
      0.008177191950380802,
      0.008280254900455475,
      0.008678480982780457,
      0.007571544498205185,
      0.007480089087039232,
      0.008449646644294262,
      0.007952060550451279,
      0.007962150499224663,
