{
   "number_epochs": 300,
   "info_used": "use imputation",
   "perc_full_data": 0.3,
   "n_epochs_no_selection": 0,
   "Frequency % cutoff": 0.3,
   "hidden_size": 32,
   "random_state": 8,
   "train_errors": [
      0.09186156839132309,
      0.08235074579715729,
      0.07504752278327942,
      0.06887036561965942,
      0.06478656828403473,
      0.06116746738553047,
      0.05888041481375694,
      0.056734487414360046,
      0.05679687112569809,
      0.05382364243268967,
      0.0518776997923851,
      0.05058714374899864,
      0.05000739544630051,
      0.0475458949804306,
      0.046697888523340225,
      0.044186629354953766,
      0.04239344596862793,
      0.04062407463788986,
      0.03866812586784363,
      0.037720512598752975,
      0.0356210321187973,
      0.03350384905934334,
      0.03190136328339577,
      0.030222954228520393,
      0.0298676285892725,
      0.0276191309094429,
      0.02752896398305893,
      0.025828275829553604,
      0.026575827971100807,
      0.02599450573325157,
      0.024595769122242928,
      0.02487500198185444,
      0.024813799187541008,
      0.024166451767086983,
      0.022440774366259575,
      0.0225224606692791,
      0.022190922871232033,
      0.0238164272159338,
      0.022337617352604866,
      0.02185407280921936,
      0.0211295485496521,
      0.02071375772356987,
      0.021590789780020714,
      0.018477875739336014,
      0.019889822229743004,
      0.018538879230618477,
      0.018552836030721664,
      0.017920326441526413,
      0.018407730385661125,
      0.01781792938709259,
      0.01835481822490692,
      0.017030972987413406,
      0.017542123794555664,
      0.018245207145810127,
      0.0159844271838665,
      0.01619246043264866,
      0.01595214195549488,
      0.017420034855604172,
      0.015909427776932716,
      0.01560132298618555,
      0.016863416880369186,
      0.016296643763780594,
      0.015175404027104378,
      0.016650469973683357,
      0.015425438061356544,
      0.014850781299173832,
      0.015469131991267204,
      0.014523274265229702,
      0.015078723430633545,
      0.014665095135569572,
      0.014706077054142952,
      0.014316689223051071,
      0.014675474725663662,
      0.014102110639214516,
      0.01446586474776268,
      0.013752356171607971,
      0.013575409539043903,
      0.014817193150520325,
      0.01283352728933096,
      0.01409843098372221,
      0.014505244791507721,
      0.013404539786279202,
      0.013573811389505863,
      0.013981529511511326,
      0.01355174370110035,
      0.0138191943988204,
      0.013332828879356384,
      0.01429105643182993,
      0.013799816370010376,
      0.013555018231272697,
      0.01406725775450468,
      0.01313296053558588,
      0.01303365733474493,
      0.013554267585277557,
      0.01368233747780323,
      0.01252042781561613,
      0.01292863767594099,
      0.013018269091844559,
      0.013698698952794075,
      0.013130756095051765,
      0.012730827555060387,
      0.01314121950417757,
      0.01202736608684063,
      0.01225061435252428,
      0.01280886959284544,
      0.013475288636982441,
      0.012105326168239117,
      0.014012032188475132,
      0.013509254902601242,
      0.013001126237213612,
      0.011997398920357227,
      0.01289086788892746,
      0.012904333882033825,
      0.012860920280218124,
      0.012749714776873589,
      0.012375740334391594,
      0.012994369491934776,
      0.012921947054564953,
      0.012656627222895622,
      0.012266845442354679,
      0.0128807183355093,
      0.012932338751852512,
      0.011881113983690739,
      0.013073643669486046,
      0.012429631315171719,
      0.011772261932492256,
      0.013598593883216381,
      0.012706378474831581,
      0.013343345373868942,
      0.012783274985849857,
      0.012623012065887451,
      0.01368247251957655,
      0.012074317783117294,
      0.012757143937051296,
      0.012130417861044407,
      0.011565410532057285,
      0.012329922057688236,
      0.012600678019225597,
      0.012281914241611958,
      0.01305799838155508,
      0.01183798722922802,
      0.0125924376770854,
      0.011693489737808704,
      0.012251717038452625,
      0.012014166451990604,
      0.012203026562929153,
      0.012508107349276543,
      0.012309635058045387,
      0.013099709525704384,
      0.011862758547067642,
      0.012161033228039742,
      0.013327090069651604,
      0.012013236992061138,
      0.0116347037255764,
      0.011709293350577354,
      0.012188115157186985,
      0.012601451016962528,
      0.012258267030119896,
      0.01189141720533371,
      0.011815975420176983,
      0.012042408809065819,
      0.011555717326700687,
      0.011593380942940712,
      0.01206280943006277,
      0.013031830079853535,
      0.011687313206493855,
      0.011978887021541595,
      0.011397430673241615,
      0.011613060720264912,
      0.012611438520252705,
      0.014201521873474121,
      0.011265396140515804,
      0.011889331974089146,
      0.011623875238001347,
      0.011392016895115376,
      0.011555052362382412,
      0.011621157638728619,
      0.012061869725584984,
      0.01199657004326582,
      0.01170177198946476,
      0.012374951504170895,
      0.010812056250870228,
      0.01270074862986803,
      0.011034572497010231,
      0.012832343578338623,
      0.011707168072462082,
      0.011884497478604317,
      0.013339702039957047,
      0.01088394969701767,
      0.011050025932490826,
      0.01178192812949419,
      0.011656742542982101,
      0.012370421551167965,
      0.01181827113032341,
      0.011418327689170837,
      0.011166642419993877,
      0.01222752034664154,
      0.011327292770147324,
      0.011483094654977322,
      0.011366736143827438,
      0.013132119551301003,
      0.011843953281641006,
      0.011265289038419724,
      0.010598637163639069,
      0.011412100866436958,
      0.011832259595394135,
      0.012386860325932503,
      0.011425330303609371,
      0.01124599203467369,
      0.011511093005537987,
      0.011124365963041782,
      0.011776565574109554,
      0.010980339720845222,
      0.011742130853235722,
      0.010670085437595844,
      0.01114770770072937,
      0.011862359009683132,
      0.01139181386679411,
      0.010712753981351852,
      0.010889429599046707,
      0.011080100201070309,
      0.011590228416025639,
      0.011494000442326069,
      0.01101432740688324,
      0.011574112810194492,
      0.01071132905781269,
      0.010587692260742188,
      0.010334099642932415,
      0.01025459449738264,
      0.011732181534171104,
      0.010965526103973389,
      0.01114244107156992,
      0.010873667895793915,
      0.011606846004724503,
      0.011301141232252121,
      0.01145226415246725,
      0.011778774671256542,
      0.010797069407999516,
      0.011194285936653614,
      0.01196868997067213,
      0.01169282104820013,
      0.01196400448679924,
      0.011258658021688461,
      0.011299950070679188,
      0.011472169309854507,
      0.010440853424370289,
      0.01180978026241064,
      0.011557296849787235,
      0.010445449501276016,
      0.010987317189574242,
      0.011007897555828094,
      0.010332372039556503,
      0.010954009369015694,
      0.011332732625305653,
      0.010539578273892403,
      0.010841412469744682,
      0.010739771649241447,
      0.010624046437442303,
      0.0113305589184165,
      0.01060471311211586,
      0.011134842410683632,
      0.010710529051721096,
      0.011109160259366035,
      0.011129726655781269,
      0.011487994343042374,
      0.010731619782745838,
      0.011364738456904888,
      0.011459395289421082,
      0.01107196044176817,
      0.011187789961695671,
      0.011366154998540878,
      0.011077629402279854,
      0.009999698027968407,
      0.011293015442788601,
      0.011070163920521736,
      0.011396633461117744,
      0.011080227792263031,
      0.011122792027890682,
      0.010924416594207287,
      0.011734317056834698,
      0.011172819882631302,
