{
   "number_epochs": 300,
   "info_used": "use imputation",
   "perc_full_data": 0.3,
   "n_epochs_no_selection": 0,
   "Frequency % cutoff": 0.3,
   "hidden_size": 32,
   "random_state": 7,
   "train_errors": [
      0.07490499317646027,
      0.06781626492738724,
      0.061092790216207504,
      0.05688485503196716,
      0.05324631184339523,
      0.05043746903538704,
      0.047848887741565704,
      0.04663606733083725,
      0.045523691922426224,
      0.04470471665263176,
      0.04275079816579819,
      0.04176754504442215,
      0.04016220569610596,
      0.039117325097322464,
      0.038827940821647644,
      0.03605162352323532,
      0.035041797906160355,
      0.03400706127285957,
      0.03235296905040741,
      0.031249457970261574,
      0.029250791296362877,
      0.029309893026947975,
      0.027560127899050713,
      0.026395324617624283,
      0.024241844192147255,
      0.02412060648202896,
      0.023089071735739708,
      0.022592298686504364,
      0.02196997031569481,
      0.02228350192308426,
      0.02176332287490368,
      0.02103082276880741,
      0.020193010568618774,
      0.02030949294567108,
      0.02028406783938408,
      0.019478170201182365,
      0.019254621118307114,
      0.019930526614189148,
      0.019952699542045593,
      0.020139655098319054,
      0.018178071826696396,
      0.01836581900715828,
      0.018581155687570572,
      0.017455460503697395,
      0.018013108521699905,
      0.01780605874955654,
      0.017013588920235634,
      0.01576393097639084,
      0.01679546944797039,
      0.017076577991247177,
      0.01585628278553486,
      0.015226767398416996,
      0.01438496820628643,
      0.015330474823713303,
      0.014793423004448414,
      0.014387444593012333,
      0.014874122105538845,
      0.013884185813367367,
      0.014315963722765446,
      0.015547126531600952,
      0.015342026017606258,
      0.014569250866770744,
      0.014681830070912838,
      0.013750956393778324,
      0.013380012474954128,
      0.013295981101691723,
      0.012544738128781319,
      0.013540713116526604,
      0.013405789621174335,
      0.013047197833657265,
      0.013155843131244183,
      0.012352368794381618,
      0.011873910203576088,
      0.01188350934535265,
      0.011834767647087574,
      0.012227379716932774,
      0.011218268424272537,
      0.012564338743686676,
      0.011801146902143955,
      0.011994415894150734,
      0.010866778902709484,
      0.01173351425677538,
      0.011057514697313309,
      0.012105192989110947,
      0.011898800730705261,
      0.011695582419633865,
      0.01030841376632452,
      0.011427421122789383,
      0.011393138207495213,
      0.012186569161713123,
      0.010659001767635345,
      0.011457553133368492,
      0.010792048647999763,
      0.010082336142659187,
      0.011264553293585777,
      0.011066028848290443,
      0.01038370467722416,
      0.010283395648002625,
      0.010485067963600159,
      0.01123021636158228,
      0.010407844558358192,
      0.010687470436096191,
      0.010492985136806965,
      0.0107845738530159,
      0.010172623209655285,
      0.010630832053720951,
      0.011075325310230255,
      0.010274775326251984,
      0.011055359616875648,
      0.011559998616576195,
      0.009573155082762241,
      0.010831809602677822,
      0.010933127254247665,
      0.010383815504610538,
      0.010573089122772217,
      0.009979392401874065,
      0.010855450294911861,
      0.011011618189513683,
      0.010870976373553276,
      0.01015939749777317,
      0.009939722716808319,
      0.010651148855686188,
      0.010233757086098194,
      0.010323346592485905,
      0.009722009301185608,
      0.010344951413571835,
      0.009276171214878559,
      0.010661318898200989,
      0.00938841886818409,
      0.00970312301069498,
      0.010045131668448448,
      0.009169434197247028,
      0.01035168208181858,
      0.01033223606646061,
      0.009153977036476135,
      0.011505017057061195,
      0.010323644615709782,
      0.009857693687081337,
      0.00927029550075531,
      0.01026596873998642,
      0.009684763848781586,
      0.009488253854215145,
      0.009355586022138596,
      0.009873580187559128,
      0.011187512427568436,
      0.009929968975484371,
      0.009584312327206135,
      0.00889662466943264,
      0.009471466764807701,
      0.010051282122731209,
      0.009873619303107262,
      0.009835334494709969,
      0.010026139207184315,
      0.009632463566958904,
      0.00947291124612093,
      0.009767763316631317,
      0.010232933796942234,
      0.009987622499465942,
      0.009647732600569725,
      0.009624225087463856,
      0.008975130505859852,
      0.009903628379106522,
      0.009602872654795647,
      0.010190260596573353,
      0.009922309778630733,
      0.009317568503320217,
      0.010066385380923748,
      0.008697034791111946,
      0.010154033079743385,
      0.009829815477132797,
      0.010028858669102192,
      0.009503691457211971,
      0.009539716877043247,
      0.009539883583784103,
      0.010543263517320156,
      0.009069028310477734,
      0.010483836755156517,
      0.0091338399797678,
      0.008851914666593075,
      0.00877191498875618,
      0.00902555976063013,
      0.00978456437587738,
      0.010835102759301662,
      0.008986683562397957,
      0.00893902126699686,
      0.008963390253484249,
      0.00908761378377676,
      0.010113010182976723,
      0.009662644006311893,
      0.008398611098527908,
      0.00869186595082283,
      0.00905073806643486,
      0.009824875742197037,
      0.009338240139186382,
      0.009397505782544613,
      0.008849997073411942,
      0.00947091355919838,
      0.009343116544187069,
      0.008773691952228546,
      0.009103856049478054,
      0.010097230784595013,
      0.009237155318260193,
      0.00908727664500475,
      0.008100219070911407,
      0.009071418084204197,
      0.00931073259562254,
      0.00969060231000185,
      0.010185555554926395,
      0.00860690139234066,
      0.008748756721615791,
      0.009250910021364689,
      0.008849217556416988,
      0.008786793798208237,
      0.009277703240513802,
      0.00975336879491806,
      0.008450050838291645,
      0.008230919018387794,
      0.008795937523245811,
      0.009375657886266708,
      0.008460606448352337,
      0.008500980213284492,
      0.00920785591006279,
      0.009522343054413795,
      0.008902852423489094,
      0.007486262824386358,
      0.008851787075400352,
      0.009063666686415672,
      0.008994107134640217,
      0.008994554169476032,
      0.00915271695703268,
      0.009194470010697842,
      0.008668728172779083,
      0.008695513941347599,
      0.008378079161047935,
      0.00794924609363079,
      0.0085322679951787,
      0.008783702738583088,
      0.008311831392347813,
      0.009354236535727978,
      0.00910524744540453,
      0.008931072428822517,
      0.00886683538556099,
      0.008997713215649128,
      0.008054901845753193,
      0.008345701731741428,
      0.009335990995168686,
      0.009041530080139637,
      0.008791149593889713,
      0.008281520567834377,
      0.008081602863967419,
      0.008637347258627415,
      0.008869742974638939,
      0.009344435296952724,
      0.008823036216199398,
      0.009169312193989754,
      0.008420610800385475,
      0.008743325248360634,
      0.008898159489035606,
      0.007758299354463816,
      0.00802427064627409,
      0.008432112634181976,
      0.009107840247452259,
      0.00823068805038929,
      0.007762293331325054,
      0.008167542517185211,
      0.008223767392337322,
      0.008397248573601246,
      0.008276372216641903,
      0.007728773169219494,
      0.008628195151686668,
      0.008144829422235489,
      0.007437507621943951,
      0.00891981553286314,
      0.007975716143846512,
      0.008390569128096104,
      0.007390254642814398,
      0.007977276109158993,
      0.00851056631654501,
      0.008336171507835388,
      0.008023014292120934,
