{
   "number_epochs": 300,
   "info_used": "use imputation",
   "perc_full_data": 0.3,
   "n_epochs_no_selection": 0,
   "Frequency % cutoff": 0.3,
   "hidden_size": 32,
   "random_state": 6,
   "train_errors": [
      0.06471294164657593,
      0.05848752334713936,
      0.05407669022679329,
      0.052792515605688095,
      0.052669353783130646,
      0.051336050033569336,
      0.04972471669316292,
      0.04850619286298752,
      0.04740507900714874,
      0.044601116329431534,
      0.04452160745859146,
      0.042133085429668427,
      0.04144204407930374,
      0.03893977776169777,
      0.03884069249033928,
      0.03681568428874016,
      0.035334669053554535,
      0.03354871645569801,
      0.03204626962542534,
      0.03059285879135132,
      0.029896756634116173,
      0.028615539893507957,
      0.02767982706427574,
      0.024983108043670654,
      0.023925574496388435,
      0.023357465863227844,
      0.02349383570253849,
      0.02234041318297386,
      0.022208673879504204,
      0.021303877234458923,
      0.021234000101685524,
      0.01974918320775032,
      0.019746683537960052,
      0.020654352381825447,
      0.019929753616452217,
      0.019217200577259064,
      0.01791319251060486,
      0.01884613186120987,
      0.017710737884044647,
      0.016459167003631592,
      0.017225217074155807,
      0.015840932726860046,
      0.01653963327407837,
      0.01603752374649048,
      0.01615368016064167,
      0.01685590296983719,
      0.015998680144548416,
      0.0162919033318758,
      0.01567193493247032,
      0.016320109367370605,
      0.015846429392695427,
      0.015165576711297035,
      0.013872946612536907,
      0.014677969738841057,
      0.015556716360151768,
      0.014668318443000317,
      0.013984453864395618,
      0.014040797017514706,
      0.012696315534412861,
      0.013276124373078346,
      0.013984259217977524,
      0.01440166775137186,
      0.012697700411081314,
      0.012583537958562374,
      0.013813004828989506,
      0.013366560451686382,
      0.01284271664917469,
      0.013448302634060383,
      0.012028074823319912,
      0.012898524291813374,
      0.013237003237009048,
      0.014158218167722225,
      0.013004256412386894,
      0.012775897048413754,
      0.01224269438534975,
      0.012551925145089626,
      0.011574375443160534,
      0.013005499728024006,
      0.011976123787462711,
      0.01277061365544796,
      0.013053146190941334,
      0.011774231679737568,
      0.012858557514846325,
      0.011799518018960953,
      0.011869422160089016,
      0.013130922801792622,
      0.01244413387030363,
      0.011566322296857834,
      0.011469230055809021,
      0.012478762306272984,
      0.013113961555063725,
      0.012263579294085503,
      0.01096760481595993,
      0.013183295726776123,
      0.012707352638244629,
      0.01072524394840002,
      0.011500985361635685,
      0.012933295220136642,
      0.011404207907617092,
      0.011702037416398525,
      0.011357894167304039,
      0.010894618928432465,
      0.01142793707549572,
      0.01088810432702303,
      0.01096015889197588,
      0.011864535510540009,
      0.011191897094249725,
      0.010655371472239494,
      0.013402756303548813,
      0.011122203432023525,
      0.01114416029304266,
      0.011687912978231907,
      0.011883920058608055,
      0.011003167368471622,
      0.01176524255424738,
      0.011274956166744232,
      0.012000872753560543,
      0.01084175892174244,
      0.01173025369644165,
      0.010995005257427692,
      0.011318821460008621,
      0.012058913707733154,
      0.011678559705615044,
      0.01060592569410801,
      0.01216723769903183,
      0.011060208082199097,
      0.011212735436856747,
      0.011917361058294773,
      0.012273265980184078,
      0.010179202072322369,
      0.011467360891401768,
      0.012056433595716953,
      0.010311724618077278,
      0.010272929444909096,
      0.011685962788760662,
      0.010486605577170849,
      0.010695881210267544,
      0.011152206920087337,
      0.010106593370437622,
      0.010749852284789085,
      0.011221813969314098,
      0.010305482894182205,
      0.010822255164384842,
      0.011193172074854374,
      0.01048985030502081,
      0.01089946273714304,
      0.011285138316452503,
      0.011829495429992676,
      0.010498899966478348,
      0.012308181263506413,
      0.012357966043055058,
      0.010896891355514526,
      0.010830695740878582,
      0.010628223419189453,
      0.011250022798776627,
      0.010477013885974884,
      0.010760786943137646,
      0.010657049715518951,
      0.010844310745596886,
      0.010862590745091438,
      0.011042619124054909,
      0.01073965709656477,
      0.009991353377699852,
      0.011173836886882782,
      0.010611109435558319,
      0.011376380920410156,
      0.010893058031797409,
      0.01079647522419691,
      0.010992019437253475,
      0.01010297704488039,
      0.011004554107785225,
      0.010494218207895756,
      0.012530139647424221,
      0.010142055340111256,
      0.010585458017885685,
      0.009885028004646301,
      0.011616667732596397,
      0.01151550654321909,
      0.01145967934280634,
      0.01038723811507225,
      0.010488955304026604,
      0.010597232729196548,
      0.009539593011140823,
      0.009640239179134369,
      0.01045889314264059,
      0.010668192990124226,
      0.010416479781270027,
      0.01052576582878828,
      0.00986129604279995,
      0.010307341814041138,
      0.01044717337936163,
      0.011368697509169579,
      0.01065925881266594,
      0.01009741798043251,
      0.010455929674208164,
      0.009793954901397228,
      0.010718605481088161,
      0.011168582364916801,
      0.010308018885552883,
      0.010612159967422485,
      0.009854372590780258,
      0.010774538852274418,
      0.011221964843571186,
      0.011347354389727116,
      0.011053786613047123,
      0.01110276859253645,
      0.009578789584338665,
      0.01123883482068777,
      0.010752932168543339,
      0.01046354603022337,
      0.01064871996641159,
      0.012123622000217438,
      0.011284379288554192,
      0.00988523755222559,
      0.010745817795395851,
      0.010406950488686562,
      0.010536300018429756,
      0.010346625931560993,
      0.01071306224912405,
      0.010646653361618519,
      0.01086695771664381,
      0.011505397036671638,
      0.010737559758126736,
      0.010914541780948639,
      0.01062467135488987,
      0.010391449555754662,
      0.009703178890049458,
      0.00992246437817812,
      0.009876168332993984,
      0.012232743203639984,
      0.01042141206562519,
      0.009683158248662949,
      0.009964719414710999,
      0.010601736605167389,
      0.010156621225178242,
      0.009922402910888195,
      0.010895096696913242,
      0.01079835556447506,
      0.010753567330539227,
      0.010456603020429611,
      0.010590569116175175,
      0.010373571887612343,
      0.011486571282148361,
      0.009853859432041645,
      0.009695100598037243,
      0.011189374141395092,
      0.009847947396337986,
      0.011516731232404709,
      0.010012310929596424,
      0.011150894686579704,
      0.010017210617661476,
      0.009475093334913254,
      0.010672423988580704,
      0.011825451627373695,
      0.010636587627232075,
      0.009582110680639744,
      0.009945345111191273,
      0.010056373663246632,
      0.009886015206575394,
      0.010245563462376595,
      0.010110044851899147,
      0.01016535609960556,
      0.010394055396318436,
      0.010090868920087814,
      0.01023744884878397,
      0.010045369155704975,
      0.010696670971810818,
      0.0099285077303648,
      0.01115478202700615,
      0.01084835734218359,
      0.011326082982122898,
      0.009890103712677956,
      0.01006191037595272,
      0.011091670021414757,
      0.009652886539697647,
      0.010485664941370487,
      0.009314876981079578,
      0.0108280498534441,
      0.009330706670880318,
      0.009667208418250084,
