{
   "number_epochs": 500,
   "info_used": "full info",
   "perc_full_data": 0.3,
   "n_epochs_no_selection": 0,
   "Frequency % cutoff": 0.3,
   "hidden_size": 32,
   "random_state": 3,
   "train_errors": [
      0.04969270899891853,
      0.04761335626244545,
      0.04569988325238228,
      0.04465195909142494,
      0.04393337666988373,
      0.04186081513762474,
      0.04076438024640083,
      0.038809191435575485,
      0.03737311437726021,
      0.035111021250486374,
      0.03254157677292824,
      0.03150559216737747,
      0.028414519503712654,
      0.026946768164634705,
      0.025202343240380287,
      0.023000815883278847,
      0.02361541986465454,
      0.02146877348423004,
      0.020763594657182693,
      0.018875161185860634,
      0.01957450434565544,
      0.0180406104773283,
      0.018252771347761154,
      0.016168873757123947,
      0.015747277066111565,
      0.01676131971180439,
      0.01606455259025097,
      0.014279801398515701,
      0.015473651699721813,
      0.014222933910787106,
      0.014086782932281494,
      0.012703624553978443,
      0.013903317041695118,
      0.013394028879702091,
      0.012606131844222546,
      0.011896594427525997,
      0.012353812344372272,
      0.012735225260257721,
      0.011839266866445541,
      0.010893762111663818,
      0.011392412707209587,
      0.011920468881726265,
      0.010158243589103222,
      0.010814481414854527,
      0.010508169420063496,
      0.010217861272394657,
      0.010908993892371655,
      0.009882988408207893,
      0.009732971899211407,
      0.00978539977222681,
      0.0109717370942235,
      0.009686942212283611,
      0.010205679573118687,
      0.008307535201311111,
      0.009847014211118221,
      0.008743294514715672,
      0.008814394474029541,
      0.008020869456231594,
      0.008458820171654224,
      0.009491441771388054,
      0.00817275419831276,
      0.008364512585103512,
      0.008641188032925129,
      0.008476249873638153,
      0.008688870817422867,
      0.008102720603346825,
      0.007464991882443428,
      0.007796149235218763,
      0.00812081154435873,
      0.008708805777132511,
      0.008815541863441467,
      0.007849281653761864,
      0.006866158451884985,
      0.006978142540901899,
      0.007563658524304628,
      0.007639945950359106,
      0.006824937183409929,
      0.0073437378741800785,
      0.006899378262460232,
      0.0073021175339818,
      0.007021795492619276,
      0.00683469045907259,
      0.006217525340616703,
      0.006936545018106699,
      0.006688183173537254,
      0.007012827787548304,
      0.006634553428739309,
      0.00639879796653986,
      0.006305920425802469,
      0.006963520310819149,
      0.006911716889590025,
      0.006137924734503031,
      0.006118800491094589,
      0.006190603133291006,
      0.006712932605296373,
      0.0064090644009411335,
      0.006733831018209457,
      0.0058202799409627914,
      0.006227256264537573,
      0.005622111726552248,
      0.0065001230686903,
      0.00651029497385025,
      0.0067779128439724445,
      0.005504981614649296,
      0.005751058924943209,
      0.00548084219917655,
      0.005812816321849823,
      0.005856683012098074,
      0.005590061191469431,
      0.006015003193169832,
      0.005831117741763592,
      0.006424162536859512,
      0.005863463040441275,
      0.004968929570168257,
      0.005556539166718721,
      0.006859314627945423,
      0.005788800772279501,
      0.0054126945324242115,
      0.004992164671421051,
      0.0058763595297932625,
      0.006918030790984631,
      0.005510546267032623,
      0.004983887542039156,
      0.0054184673354029655,
      0.005907192826271057,
      0.005164634436368942,
      0.005868802312761545,
      0.005089147016406059,
      0.005672435741871595,
      0.005988375749439001,
      0.004858162719756365,
      0.0056436993181705475,
      0.005005870014429092,
      0.004770010709762573,
      0.006054638884961605,
      0.0043452950194478035,
      0.005033168941736221,
      0.0044411360286176205,
      0.005534997675567865,
      0.004495695699006319,
      0.005727692041546106,
      0.005067078862339258,
      0.004762185737490654,
      0.005084519740194082,
      0.0047872127033770084,
      0.004427145700901747,
      0.0041028275154531,
      0.004550945945084095,
      0.0048257396556437016,
      0.003467104397714138,
      0.005270985886454582,
      0.005179107189178467,
      0.00462504755705595,
      0.003819179954007268,
      0.004650805611163378,
      0.004342617467045784,
      0.004176957067102194,
      0.004111858084797859,
      0.0040421634912490845,
      0.0039842077530920506,
      0.004344543442130089,
      0.004457024857401848,
      0.004457177594304085,
      0.00388297694735229,
      0.0045449924655258656,
      0.0036599261220544577,
      0.006575417704880238,
      0.005476676858961582,
      0.00443709921091795,
      0.0034162993542850018,
      0.0040655615739524364,
      0.0036203099880367517,
      0.004785621073096991,
      0.003358112880960107,
      0.0033199447207152843,
      0.00397940119728446,
      0.0036441609263420105,
      0.004189216531813145,
      0.003319995943456888,
      0.0032419266644865274,
      0.004617918282747269,
      0.004546274896711111,
      0.0036251056008040905,
      0.0038962175603955984,
      0.0032380956690758467,
      0.004038427025079727,
      0.004154465161263943,
      0.003637082874774933,
      0.0034768045879900455,
      0.0033913578372448683,
      0.003411750541999936,
      0.003916305024176836,
      0.004169711843132973,
      0.003694556886330247,
      0.004451192449778318,
      0.0037015441339462996,
      0.003593277418985963,
      0.0036573060788214207,
      0.003439426887780428,
      0.0033220986369997263,
      0.0037769859191030264,
      0.005219507962465286,
      0.003877353621646762,
      0.003026138059794903,
      0.0036104696337133646,
      0.0031314692460000515,
      0.003802717197686434,
      0.0039167869836091995,
      0.004277347587049007,
      0.0032854352612048388,
      0.0036897053942084312,
      0.003942590672522783,
      0.003377757500857115,
      0.0034679819364100695,
      0.003515936667099595,
      0.003115943167358637,
      0.0032599628902971745,
      0.00360316364094615,
      0.0037695448845624924,
      0.0033143942710012197,
      0.00354786217212677,
      0.0033156040590256453,
      0.004740189760923386,
      0.002852515084668994,
      0.004508491139858961,
      0.004332284443080425,
      0.003824131330475211,
      0.004990384913980961,
      0.0032100281678140163,
      0.0040613156743347645,
      0.003508718218654394,
      0.003072689985856414,
      0.0028475618455559015,
      0.0036823900882154703,
      0.005081819836050272,
      0.0031541381031274796,
      0.003535724012181163,
      0.0030685767997056246,
      0.003132494864985347,
      0.0031132767908275127,
      0.0032826103270053864,
      0.00390036148019135,
      0.0034015977289527655,
      0.0034232689067721367,
      0.0035061368253082037,
      0.003610207699239254,
      0.003367102239280939,
      0.003582825418561697,
      0.0033001096453517675,
      0.0037139100022614002,
      0.0029193644877523184,
      0.0026828409172594547,
      0.005076330155134201,
      0.0027956534177064896,
      0.0037903152406215668,
      0.003348612692207098,
      0.003142366651445627,
      0.0024050408974289894,
      0.0028961694333702326,
      0.0034363565500825644,
      0.0030138324946165085,
      0.003935563378036022,
      0.0028923582285642624,
      0.0032396235037595034,
      0.0028917123563587666,
      0.002916141413152218,
      0.0025444894563406706,
      0.002729244064539671,
      0.002725104335695505,
      0.003420513356104493,
      0.004345960449427366,
      0.0033625569194555283,
      0.004061018582433462,
      0.0030880861449986696,
      0.0034688350278884172,
      0.0028573779854923487,
      0.0034925814252346754,
