{
   "number_epochs": 500,
   "info_used": "full info",
   "perc_full_data": 0.3,
   "n_epochs_no_selection": 0,
   "Frequency % cutoff": 0.3,
   "hidden_size": 32,
   "random_state": 11,
   "train_errors": [
      0.054710060358047485,
      0.05226806178689003,
      0.05107538402080536,
      0.04984245076775551,
      0.04831237718462944,
      0.04706783965229988,
      0.04508443921804428,
      0.0434257872402668,
      0.041313983500003815,
      0.039203982800245285,
      0.036426618695259094,
      0.03446165844798088,
      0.031568579375743866,
      0.0289651770144701,
      0.026958689093589783,
      0.02535329945385456,
      0.024407917633652687,
      0.02259584702551365,
      0.020851148292422295,
      0.019419780001044273,
      0.01829829066991806,
      0.017845675349235535,
      0.017217399552464485,
      0.015147282741963863,
      0.014407793991267681,
      0.014285809360444546,
      0.013646012172102928,
      0.01395082101225853,
      0.013082473538815975,
      0.012948458082973957,
      0.012476601637899876,
      0.012483565136790276,
      0.012438341975212097,
      0.012050201185047626,
      0.011931764893233776,
      0.010298487730324268,
      0.011231190524995327,
      0.01016130018979311,
      0.011107102036476135,
      0.010227986611425877,
      0.011029836721718311,
      0.00955874752253294,
      0.009669504128396511,
      0.009707214310765266,
      0.009256820194423199,
      0.00983938667923212,
      0.009602231904864311,
      0.00832363124936819,
      0.0084336893633008,
      0.008556566201150417,
      0.008368032053112984,
      0.007785458583384752,
      0.008266073651611805,
      0.008365834131836891,
      0.008353727869689465,
      0.007978932932019234,
      0.007401283830404282,
      0.007550040725618601,
      0.0074729230254888535,
      0.00794380996376276,
      0.00767478859052062,
      0.006642494350671768,
      0.0075135198421776295,
      0.007654340472072363,
      0.0063956137746572495,
      0.006620338186621666,
      0.006525388453155756,
      0.006956472992897034,
      0.0064275553449988365,
      0.006996471434831619,
      0.007218008395284414,
      0.00602995790541172,
      0.006508250720798969,
      0.006822943687438965,
      0.007194580044597387,
      0.006331745535135269,
      0.007288276683539152,
      0.0064728520810604095,
      0.00586786400526762,
      0.006224591750651598,
      0.0069045270793139935,
      0.005432405974715948,
      0.005492186639457941,
      0.0054156603291630745,
      0.006357002537697554,
      0.005959279835224152,
      0.005982289556413889,
      0.00511151785030961,
      0.005953574553132057,
      0.005254596006125212,
      0.005635443143546581,
      0.00515718013048172,
      0.006097957491874695,
      0.0055310470052063465,
      0.004466301761567593,
      0.005465803202241659,
      0.0058708349242806435,
      0.005683491006493568,
      0.004464916419237852,
      0.005212143994867802,
      0.005011998116970062,
      0.005054734647274017,
      0.0052630724385380745,
      0.004694624803960323,
      0.005443363916128874,
      0.005234763957560062,
      0.004816294647753239,
      0.004846418742090464,
      0.004739389289170504,
      0.005098489113152027,
      0.004988597705960274,
      0.004823312629014254,
      0.0048367539420723915,
      0.004369097296148539,
      0.00450135488063097,
      0.005941732786595821,
      0.004020217340439558,
      0.004599340725690126,
      0.00475202826783061,
      0.003852189751341939,
      0.004671664442867041,
      0.004017273895442486,
      0.004338615573942661,
      0.004773816559463739,
      0.005020597018301487,
      0.004179005976766348,
      0.004529598634690046,
      0.004306717310100794,
      0.004860159941017628,
      0.0039802114479243755,
      0.004144890233874321,
      0.004072572570294142,
      0.0041780974715948105,
      0.004053523764014244,
      0.003913676366209984,
      0.004017917905002832,
      0.004321655724197626,
      0.004206696059554815,
      0.004634208511561155,
      0.003410287667065859,
      0.0032198193948715925,
      0.0035590750630944967,
      0.003603027667850256,
      0.003862492274492979,
      0.002433649729937315,
      0.0036623338237404823,
      0.004359257407486439,
      0.0036787395365536213,
      0.0027498265262693167,
      0.003921121824532747,
      0.003041449934244156,
      0.0035517339129000902,
      0.0026738729793578386,
      0.003424624213948846,
      0.002740503754466772,
      0.0030307210981845856,
      0.00365424039773643,
      0.00386960431933403,
      0.0038539734669029713,
      0.0037479689344763756,
      0.003325187833979726,
      0.003281532321125269,
      0.0028623840771615505,
      0.004069070797413588,
      0.003454318968579173,
      0.002845373237505555,
      0.003264380618929863,
      0.0032302585896104574,
      0.0031417645514011383,
      0.002627498237416148,
      0.00325704924762249,
      0.003306427039206028,
      0.003822068450972438,
      0.0025854443665593863,
      0.0030948154162615538,
      0.002768592443317175,
      0.0028083533979952335,
      0.0035688341595232487,
      0.003291390836238861,
      0.0035445711109787226,
      0.0033878169488161802,
      0.0031681060791015625,
      0.0030254193115979433,
      0.003191175637766719,
      0.0030873981304466724,
      0.0025363836903125048,
      0.0027938110288232565,
      0.0028832785319536924,
      0.0030745938420295715,
      0.0022652428597211838,
      0.003113906132057309,
      0.0030570686794817448,
      0.0023621460422873497,
      0.003192669013515115,
      0.0028834929689764977,
      0.0031279490794986486,
      0.0031583397649228573,
      0.0027772062458097935,
      0.0021926069166511297,
      0.0029554725624620914,
      0.0028352546505630016,
      0.0031364436727017164,
      0.002571690361946821,
      0.0030747251585125923,
      0.0027835483197122812,
      0.003164646215736866,
      0.002264321083202958,
      0.002386481733992696,
      0.002289670519530773,
      0.003346735145896673,
      0.0028846499044448137,
      0.0024735769256949425,
      0.0024924040772020817,
      0.0027793957851827145,
      0.0026511314790695906,
      0.002273079240694642,
      0.0033053208608180285,
      0.0025982961524277925,
      0.0020005456171929836,
      0.002366263885051012,
      0.002454644301906228,
      0.0026547135785222054,
      0.0025120414793491364,
      0.00308289285749197,
      0.0029407411348074675,
      0.0020699750166386366,
      0.002887774258852005,
      0.0026700044982135296,
      0.002138447714969516,
      0.002188426209613681,
      0.002506992779672146,
      0.0021558452863246202,
      0.002531533595174551,
      0.00277516501955688,
      0.002075305674225092,
      0.0028409038204699755,
      0.0023596228566020727,
      0.003103206865489483,
      0.002375243464484811,
      0.0026637844275683165,
      0.002371936570852995,
      0.002648676745593548,
      0.0021069704089313745,
      0.003096316708251834,
      0.002458432922139764,
      0.002483393531292677,
      0.0026069453451782465,
      0.0023372576106339693,
      0.002560122637078166,
      0.002100790850818157,
      0.003088224446401,
      0.0026610216591507196,
      0.0021258005872368813,
      0.0027203259523957968,
      0.0029659797437489033,
      0.003707459894940257,
      0.0018729828298091888,
      0.00230692932382226,
      0.0023555303923785686,
      0.002198887523263693,
      0.0020970543846488,
      0.0022285820450633764,
      0.0023115479853004217,
      0.0019835534039884806,
      0.002266649855300784,
      0.0030907192267477512,
      0.002873410703614354,
      0.00251080677844584,
      0.0019195120548829436,
      0.0019362015882506967,
      0.0024569211527705193,
      0.0019407765939831734,
      0.0025380405131727457,
      0.001950230449438095,
      0.002376833464950323,
      0.0024032939691096544,
