{
   "number_epochs": 500,
   "info_used": "full info",
   "perc_full_data": 0.3,
   "n_epochs_no_selection": 0,
   "Frequency % cutoff": 0.3,
   "hidden_size": 32,
   "random_state": 8,
   "train_errors": [
      0.09677861630916595,
      0.08141821622848511,
      0.07374026626348495,
      0.06891089677810669,
      0.06569891422986984,
      0.06386299431324005,
      0.06088503450155258,
      0.058184780180454254,
      0.05627400800585747,
      0.05490858852863312,
      0.05212042108178139,
      0.04874073714017868,
      0.04642060399055481,
      0.044374655932188034,
      0.041951920837163925,
      0.03853284567594528,
      0.03691795468330383,
      0.03491366654634476,
      0.03182276710867882,
      0.030595986172556877,
      0.027970336377620697,
      0.025752607733011246,
      0.026049867272377014,
      0.024782521650195122,
      0.02413742057979107,
      0.02477334253489971,
      0.021283213049173355,
      0.022203641012310982,
      0.021301794797182083,
      0.02209632657468319,
      0.02132587321102619,
      0.02187764085829258,
      0.01860397309064865,
      0.019564654678106308,
      0.019342636689543724,
      0.019042907282710075,
      0.01840589940547943,
      0.01840711012482643,
      0.01805007830262184,
      0.017085783183574677,
      0.017815280705690384,
      0.016335485503077507,
      0.017366327345371246,
      0.014183658175170422,
      0.015905320644378662,
      0.015162425115704536,
      0.014380951412022114,
      0.014581907540559769,
      0.014882378280162811,
      0.014017852954566479,
      0.01344679482281208,
      0.014027283526957035,
      0.013673393987119198,
      0.013529540970921516,
      0.013755587860941887,
      0.0132247693836689,
      0.011856349185109138,
      0.011033204384148121,
      0.01167056430131197,
      0.01150437630712986,
      0.0118085453286767,
      0.01119136344641447,
      0.011368145234882832,
      0.010428590700030327,
      0.01135615911334753,
      0.01088651642203331,
      0.009747983887791634,
      0.010133723728358746,
      0.010439742356538773,
      0.009743848815560341,
      0.010144929401576519,
      0.008343496359884739,
      0.009195618331432343,
      0.009667102247476578,
      0.009311783127486706,
      0.009602254256606102,
      0.008554571308195591,
      0.008085080422461033,
      0.0075752283446490765,
      0.009112893603742123,
      0.008904860354959965,
      0.008650965988636017,
      0.00800675991922617,
      0.007361282128840685,
      0.007273501250892878,
      0.008084814995527267,
      0.007958507165312767,
      0.008085345849394798,
      0.007973648607730865,
      0.008444874547421932,
      0.007582265883684158,
      0.007958163507282734,
      0.00781288556754589,
      0.006650027818977833,
      0.007020906079560518,
      0.007678771857172251,
      0.00849744863808155,
      0.007025449071079493,
      0.007291143294423819,
      0.007066480815410614,
      0.0063786497339606285,
      0.008244875818490982,
      0.007103188429027796,
      0.006188669707626104,
      0.006453195121139288,
      0.007442598696798086,
      0.006492778193205595,
      0.007465685717761517,
      0.00611541885882616,
      0.005911624990403652,
      0.005743287969380617,
      0.006784196477383375,
      0.006221536546945572,
      0.006052412558346987,
      0.00609655911102891,
      0.006210731342434883,
      0.006497652735561132,
      0.006077147554606199,
      0.006601245142519474,
      0.006144113838672638,
      0.006056421902030706,
      0.005790915340185165,
      0.0065267798490822315,
      0.0054384395480155945,
      0.005294282454997301,
      0.00630041491240263,
      0.00565468380227685,
      0.005934644024819136,
      0.006370177958160639,
      0.005606240127235651,
      0.005414043553173542,
      0.005448312032967806,
      0.005027467850595713,
      0.005947445053607225,
      0.0065245493315160275,
      0.0052984533831477165,
      0.005675841122865677,
      0.00550326332449913,
      0.005649670958518982,
      0.005400771740823984,
      0.005424812901765108,
      0.005688916891813278,
      0.00629333034157753,
      0.004628003109246492,
      0.005352267529815435,
      0.005915600340813398,
      0.004660685081034899,
      0.005103773437440395,
      0.0046340604312717915,
      0.006058245897293091,
      0.005191614851355553,
      0.004727398976683617,
      0.0053690955974161625,
      0.005870262626558542,
      0.00519952829927206,
      0.004594158381223679,
      0.004754118155688047,
      0.0052415672689676285,
      0.004688973072916269,
      0.005379728507250547,
      0.004424313083291054,
      0.005731475073844194,
      0.005081402603536844,
      0.00462107639759779,
      0.0046902187168598175,
      0.005456235259771347,
      0.004922953899949789,
      0.004967407323420048,
      0.0050083063542842865,
      0.005168915260583162,
      0.004600829910486937,
      0.004384968895465136,
      0.004647488705813885,
      0.00433199480175972,
      0.004327099304646254,
      0.004185581114143133,
      0.0039286562241613865,
      0.0045115286484360695,
      0.0061317626386880875,
      0.004004746209830046,
      0.004147922154515982,
      0.004134877119213343,
      0.004266215488314629,
      0.00535194156691432,
      0.004446550738066435,
      0.006148601416498423,
      0.005117643158882856,
      0.0044983248226344585,
      0.006452711299061775,
      0.004507818259298801,
      0.004664594307541847,
      0.00546107767149806,
      0.005213231313973665,
      0.0038869865238666534,
      0.004143327474594116,
      0.005284868646413088,
      0.003739819396287203,
      0.0039984360337257385,
      0.003931569866836071,
      0.004118041135370731,
      0.005026084836572409,
      0.005257255397737026,
      0.004524798132479191,
      0.004704789258539677,
      0.005252591334283352,
      0.0038329539820551872,
      0.004229579120874405,
      0.0054144589230418205,
      0.006217091344296932,
      0.004767341539263725,
      0.004220054019242525,
      0.003738528350368142,
      0.005259439814835787,
      0.003918148577213287,
      0.004593461751937866,
      0.005192392040044069,
      0.0035965258721262217,
      0.004282096866518259,
      0.006006358191370964,
      0.005610805936157703,
      0.0035252124071121216,
      0.0034059977624565363,
      0.00395928043872118,
      0.0038793091662228107,
      0.004335584584623575,
      0.00400159927085042,
      0.003192723961547017,
      0.004241871647536755,
      0.005074985790997744,
      0.004173938184976578,
      0.00297302077524364,
      0.004087603650987148,
      0.004197531845420599,
      0.0043039219453930855,
      0.00478453328832984,
      0.004182383418083191,
      0.00403154781088233,
      0.004400625359266996,
      0.0035118276719003916,
      0.004484591539949179,
      0.003580174408853054,
      0.0033952428493648767,
      0.004431352484971285,
      0.003124106442555785,
      0.003862029407173395,
      0.004125429317355156,
      0.005077588837593794,
      0.003892933949828148,
      0.004917684942483902,
      0.005029743537306786,
      0.003949679899960756,
      0.004038234706968069,
      0.003654242493212223,
      0.004417991265654564,
      0.0033434894867241383,
      0.00375379528850317,
      0.003365949960425496,
      0.0037573860026896,
      0.0034824733156710863,
      0.004038158804178238,
      0.003508927533403039,
      0.004186157137155533,
      0.0041266391053795815,
      0.003815695410594344,
      0.0033103469759225845,
      0.004264229442924261,
      0.003905166406184435,
      0.00527102779597044,
      0.0035267493221908808,
      0.0038197680842131376,
      0.003607839113101363,
      0.00367145542986691,
      0.003692055121064186,
      0.0039933957159519196,
      0.0031552475411444902,
      0.0033222585916519165,
      0.004073948599398136,
      0.0036749860737472773,
      0.0042227753438055515,
