{
   "number_epochs": 500,
   "info_used": "full info",
   "perc_full_data": 0.3,
   "n_epochs_no_selection": 0,
   "Frequency % cutoff": 0.3,
   "hidden_size": 32,
   "random_state": 1,
   "train_errors": [
      0.04677337035536766,
      0.0453924834728241,
      0.04507879912853241,
      0.044091757386922836,
      0.04267459362745285,
      0.04184037446975708,
      0.04040629789233208,
      0.03880432993173599,
      0.03758623078465462,
      0.035009779036045074,
      0.03398624435067177,
      0.032620903104543686,
      0.02897409163415432,
      0.02578096278011799,
      0.023275304585695267,
      0.02235630340874195,
      0.02007463574409485,
      0.019095972180366516,
      0.01941332221031189,
      0.017801767215132713,
      0.01623404026031494,
      0.014859854243695736,
      0.01421264000236988,
      0.014039243571460247,
      0.013781842775642872,
      0.012795832939445972,
      0.013201882131397724,
      0.013812101446092129,
      0.011730952188372612,
      0.011016227304935455,
      0.01130225695669651,
      0.01156858541071415,
      0.01152382418513298,
      0.011524129658937454,
      0.009779557585716248,
      0.009420021437108517,
      0.008697177283465862,
      0.01044521201401949,
      0.009376419708132744,
      0.009067321196198463,
      0.008474201895296574,
      0.008564314804971218,
      0.007503323722630739,
      0.008733229711651802,
      0.00836549699306488,
      0.008173736743628979,
      0.00942921545356512,
      0.00867597758769989,
      0.007706830278038979,
      0.007145086769014597,
      0.006814396474510431,
      0.006361780688166618,
      0.008360878564417362,
      0.006453673355281353,
      0.006776581984013319,
      0.006401889957487583,
      0.007450843695551157,
      0.006608547177165747,
      0.0069406707771122456,
      0.005899069365113974,
      0.006000047083944082,
      0.005804309155791998,
      0.005421759560704231,
      0.005338801071047783,
      0.005752356722950935,
      0.005016588140279055,
      0.0053789010271430016,
      0.00562429241836071,
      0.005438608583062887,
      0.0054290760308504105,
      0.005628034006804228,
      0.00570218451321125,
      0.004222969524562359,
      0.005359584931284189,
      0.005109292455017567,
      0.004568896256387234,
      0.004533076658844948,
      0.004550714511424303,
      0.004602725151926279,
      0.004792284686118364,
      0.005231943447142839,
      0.004767763428390026,
      0.004762670490890741,
      0.004262464586645365,
      0.005138349253684282,
      0.005114064086228609,
      0.005710608325898647,
      0.004711051471531391,
      0.003829154884442687,
      0.004636975936591625,
      0.004317082930356264,
      0.004227767698466778,
      0.004385494161397219,
      0.004198011942207813,
      0.004093589261174202,
      0.003915688954293728,
      0.004057507961988449,
      0.004288754425942898,
      0.003625688375905156,
      0.0040237377397716045,
      0.003070579608902335,
      0.00409622211009264,
      0.0038557290099561214,
      0.004125191830098629,
      0.004209880251437426,
      0.0037401854060590267,
      0.003524596570059657,
      0.0032917694188654423,
      0.004247838631272316,
      0.00364995957352221,
      0.004212807398289442,
      0.0038715375121682882,
      0.0031192118767648935,
      0.003700791858136654,
      0.0038326538633555174,
      0.00401696702465415,
      0.003640576032921672,
      0.0033810657914727926,
      0.003659595735371113,
      0.0036100144498050213,
      0.003580441465601325,
      0.002889142371714115,
      0.0030918424017727375,
      0.0033992440439760685,
      0.003327030222862959,
      0.0031812426168471575,
      0.0033975206315517426,
      0.002657146891579032,
      0.0036565973423421383,
      0.0027960375882685184,
      0.0037422780878841877,
      0.0032812480349093676,
      0.002855254104360938,
      0.003016404341906309,
      0.003037072950974107,
      0.0038071468006819487,
      0.002988784573972225,
      0.0029075026977807283,
      0.0031245227437466383,
      0.0035097759682685137,
      0.002994910115376115,
      0.0026743654161691666,
      0.002717187162488699,
      0.003291832050308585,
      0.0031935248989611864,
      0.003318985691294074,
      0.0031671456526964903,
      0.003184226807206869,
      0.002807289594784379,
      0.0026925622951239347,
      0.0031309567857533693,
      0.002839862136170268,
      0.0028135613538324833,
      0.002953491173684597,
      0.0023703936021775007,
      0.002351221861317754,
      0.0028037261217832565,
      0.0031461960170418024,
      0.0023469740990549326,
      0.002352997427806258,
      0.002351142931729555,
      0.002652168972417712,
      0.002687054453417659,
      0.002888323739171028,
      0.00252997362986207,
      0.002728282241150737,
      0.002609264338389039,
      0.002519081812351942,
      0.0023327148519456387,
      0.002366475062444806,
      0.00281368475407362,
      0.0024243320804089308,
      0.0028288874309509993,
      0.0022624374832957983,
      0.0023841126821935177,
      0.002274638507515192,
      0.0018988519441336393,
      0.002443237928673625,
      0.0026111225597560406,
      0.002855164697393775,
      0.0030007704626768827,
      0.0026610344648361206,
      0.0017758377362042665,
      0.0019466967787593603,
      0.002516870154067874,
      0.002273793099448085,
      0.0023631658405065536,
      0.002887553069740534,
      0.002057007746770978,
      0.0023417107295244932,
      0.0027888030745089054,
      0.0025661280378699303,
      0.001899766270071268,
      0.0028671359177678823,
      0.002351695206016302,
      0.0020915656350553036,
      0.002336216624826193,
      0.002071886556223035,
      0.002829811070114374,
      0.0023045733105391264,
      0.0018905170727521181,
      0.0021235416643321514,
      0.002445119433104992,
      0.002427073661237955,
      0.0020889046136289835,
      0.0020238228607922792,
      0.0031050965189933777,
      0.001543186604976654,
      0.002015630714595318,
      0.0018767706351354718,
      0.00220907898619771,
      0.0018532458925619721,
      0.0019885008223354816,
      0.0026321185287088156,
      0.0021617920137941837,
      0.0017944697756320238,
      0.0016262298449873924,
      0.001956543419510126,
      0.0021765835117548704,
      0.0016279271803796291,
      0.002514028688892722,
      0.0022674878127872944,
      0.0017450429731979966,
      0.0015200736233964562,
      0.0027512451633810997,
      0.0016525285318493843,
      0.0018674350576475263,
      0.0026690687518566847,
      0.0021672744769603014,
      0.00238645076751709,
      0.00212308787740767,
      0.0016398788429796696,
      0.0026502199470996857,
      0.0018356676446273923,
      0.002324232365936041,
      0.002246125368401408,
      0.001971460646018386,
      0.0025355627294629812,
      0.0019099786877632141,
      0.0017427415587008,
      0.0020495092030614614,
      0.0021904041059315205,
      0.002575806574895978,
      0.0026975353248417377,
      0.0018912513041868806,
      0.001774390577338636,
      0.001946091651916504,
      0.0016235382063314319,
      0.0020592589862644672,
      0.002004560548812151,
      0.0016734503442421556,
      0.0015634943265467882,
      0.0026309534441679716,
      0.002091396600008011,
      0.0016300544375553727,
      0.0019542912486940622,
      0.001551953493617475,
      0.002051585353910923,
      0.0019116326002404094,
      0.002001337707042694,
      0.002039138926193118,
      0.0012328224256634712,
      0.001774123404175043,
      0.0018573025008663535,
      0.002557074651122093,
      0.0018077691784128547,
      0.0015989318490028381,
      0.002158536808565259,
      0.0019009754760190845,
      0.0014780499041080475,
      0.001710920361801982,
      0.0016768035711720586,
      0.0016231160843744874,
      0.0012015230022370815,
      0.002124861581251025,
