{
   "number_epochs": 500,
   "info_used": "full info",
   "perc_full_data": 0.3,
   "n_epochs_no_selection": 0,
   "Frequency % cutoff": 0.3,
   "hidden_size": 32,
   "random_state": 4,
   "train_errors": [
      0.058109913021326065,
      0.051087383180856705,
      0.04923493042588234,
      0.04976307600736618,
      0.04880755394697189,
      0.046739362180233,
      0.045209307223558426,
      0.043971478939056396,
      0.04319870471954346,
      0.04167182743549347,
      0.04060794413089752,
      0.03885280340909958,
      0.03729169815778732,
      0.03500933200120926,
      0.03315245732665062,
      0.031363144516944885,
      0.029524842277169228,
      0.027783360332250595,
      0.025202132761478424,
      0.024173572659492493,
      0.02499745413661003,
      0.022781310603022575,
      0.021260498091578484,
      0.021323159337043762,
      0.017644628882408142,
      0.017615322023630142,
      0.01828477904200554,
      0.01946166716516018,
      0.01678817719221115,
      0.015122627839446068,
      0.0151210343465209,
      0.013909474946558475,
      0.014096434228122234,
      0.01344095915555954,
      0.013061264529824257,
      0.012029767036437988,
      0.0132672730833292,
      0.012690730392932892,
      0.01167292706668377,
      0.011797965504229069,
      0.012535694055259228,
      0.01077356655150652,
      0.010833273641765118,
      0.009801707230508327,
      0.010150006972253323,
      0.009623054414987564,
      0.009949319995939732,
      0.010346319526433945,
      0.010922261513769627,
      0.00984924752265215,
      0.01047366950660944,
      0.010199345648288727,
      0.008882801048457623,
      0.008934227749705315,
      0.009367825463414192,
      0.009934681467711926,
      0.008310321718454361,
      0.01009273435920477,
      0.00908528733998537,
      0.008369245566427708,
      0.008283811621367931,
      0.009988066740334034,
      0.00921570509672165,
      0.00906443689018488,
      0.00827697291970253,
      0.009307829663157463,
      0.00818377174437046,
      0.00870568584650755,
      0.00862677488476038,
      0.009463956579566002,
      0.008059957064688206,
      0.0079404441639781,
      0.00942770391702652,
      0.008224347606301308,
      0.007529770955443382,
      0.007722274400293827,
      0.007199008483439684,
      0.007381177973002195,
      0.007781275548040867,
      0.007144448813050985,
      0.0074936323799192905,
      0.00808678474277258,
      0.00832915585488081,
      0.008257276378571987,
      0.007093213498592377,
      0.007607467472553253,
      0.007642094977200031,
      0.006949637085199356,
      0.007263279985636473,
      0.007283803541213274,
      0.00876709446310997,
      0.006751134060323238,
      0.007117199245840311,
      0.0069011966697871685,
      0.006862081587314606,
      0.006506921257823706,
      0.007454276084899902,
      0.0074816737323999405,
      0.006141142453998327,
      0.006257939152419567,
      0.006617095321416855,
      0.006963615771383047,
      0.005752702243626118,
      0.005645042285323143,
      0.006458076648414135,
      0.007225674577057362,
      0.005725085269659758,
      0.006420132238417864,
      0.006779910996556282,
      0.0066747204400599,
      0.006738948170095682,
      0.005795609671622515,
      0.0063117993995547295,
      0.006047054193913937,
      0.0055013191886246204,
      0.00525317108258605,
      0.005750419571995735,
      0.00577275175601244,
      0.00577112240716815,
      0.005871193017810583,
      0.006133918184787035,
      0.005111746955662966,
      0.00520331459119916,
      0.006323227193206549,
      0.00542019447311759,
      0.005301417782902718,
      0.005514938849955797,
      0.004782848060131073,
      0.004384999163448811,
      0.0064768255688250065,
      0.00616211025044322,
      0.005327652208507061,
      0.005309151019901037,
      0.005765157751739025,
      0.004954017698764801,
      0.0053503126837313175,
      0.00495571456849575,
      0.005165836773812771,
      0.005291984882205725,
      0.004869420547038317,
      0.004666182212531567,
      0.005048735998570919,
      0.005051224026829004,
      0.00527361873537302,
      0.00517016788944602,
      0.004523668438196182,
      0.004505769349634647,
      0.005179638974368572,
      0.004654920194298029,
      0.004571825265884399,
      0.005288895219564438,
      0.005124744959175587,
      0.005331976804882288,
      0.005411854479461908,
      0.005283984821289778,
      0.005182687193155289,
      0.004512572195380926,
      0.0038311718963086605,
      0.004023564048111439,
      0.0038792877458035946,
      0.004383437801152468,
      0.005520418286323547,
      0.0045556616969406605,
      0.004143665544688702,
      0.0051159244030714035,
      0.003680192632600665,
      0.003979919012635946,
      0.00409324886277318,
      0.003688919125124812,
      0.004512039944529533,
      0.004190334118902683,
      0.003877556649968028,
      0.004656453616917133,
      0.003846911247819662,
      0.004482858348637819,
      0.003640491748228669,
      0.004809883888810873,
      0.004001148976385593,
      0.004591885022819042,
      0.0033887068275362253,
      0.004026337061077356,
      0.004431669134646654,
      0.0027267064433544874,
      0.0041644517332315445,
      0.003931695595383644,
      0.00455047469586134,
      0.0038088872097432613,
      0.0033989029470831156,
      0.0036896145902574062,
      0.0033661923371255398,
      0.004558213520795107,
      0.0038109170272946358,
      0.003795668948441744,
      0.0039601512253284454,
      0.003676862455904484,
      0.003542613470926881,
      0.0033972824458032846,
      0.0034587818663567305,
      0.003832251764833927,
      0.0040330542251467705,
      0.0036837905645370483,
      0.003391985548660159,
      0.003464373294264078,
      0.004007440526038408,
      0.003585413098335266,
      0.003161933971568942,
      0.00340753560885787,
      0.003639099420979619,
      0.0036837190855294466,
      0.003474691417068243,
      0.0033952933736145496,
      0.003508743830025196,
      0.0036347254645079374,
      0.0030992215033620596,
      0.0031269111204892397,
      0.004470589105039835,
      0.0034245713613927364,
      0.002816803054884076,
      0.0038186039309948683,
      0.003775685792788863,
      0.004399202298372984,
      0.0030073176603764296,
      0.0030606468208134174,
      0.003011844353750348,
      0.003303831908851862,
      0.0031833488028496504,
      0.0033147919457405806,
      0.003587793093174696,
      0.0031546081881970167,
      0.003493386786431074,
      0.003507642075419426,
      0.0030720271170139313,
      0.003594983834773302,
      0.003388047218322754,
      0.0028069810941815376,
      0.003130583558231592,
      0.0033938679844141006,
      0.0035513704642653465,
      0.0030555096454918385,
      0.003314804984256625,
      0.003924302291125059,
      0.002880364889279008,
      0.004482915159314871,
      0.003910916391760111,
      0.002582167973741889,
      0.003419105662032962,
      0.003083718940615654,
      0.005009112413972616,
      0.002827178919687867,
      0.0033367122523486614,
      0.003145183902233839,
      0.002884575864300132,
      0.00298835476860404,
      0.0031579688657075167,
      0.003367112949490547,
      0.00433025136590004,
      0.004024030640721321,
      0.002926903311163187,
      0.0026118329260498285,
      0.0040345401503145695,
      0.003711482509970665,
      0.003663815325126052,
      0.003185876877978444,
      0.004207500256597996,
      0.0031264801509678364,
      0.00290231266990304,
      0.0027078907005488873,
      0.004299962893128395,
      0.0034651991445571184,
      0.00270906207151711,
      0.003865153295919299,
      0.0028009500820189714,
      0.004158905241638422,
      0.0034067006781697273,
      0.0028328564949333668,
      0.0035441492218524218,
      0.0034377705305814743,
      0.0037277566734701395,
