{
   "number_epochs": 500,
   "info_used": "full info",
   "perc_full_data": 0.3,
   "n_epochs_no_selection": 0,
   "Frequency % cutoff": 0.3,
   "hidden_size": 32,
   "random_state": 6,
   "train_errors": [
      0.055255454033613205,
      0.05079065263271332,
      0.04763214662671089,
      0.04588036239147186,
      0.04554778337478638,
      0.044022172689437866,
      0.042596060782670975,
      0.04115680977702141,
      0.03956529125571251,
      0.0377776175737381,
      0.03559214994311333,
      0.03403352573513985,
      0.03274139016866684,
      0.029843686148524284,
      0.029289280995726585,
      0.02734477072954178,
      0.025858217850327492,
      0.02397463656961918,
      0.02421969175338745,
      0.021441221237182617,
      0.02068076841533184,
      0.019376292824745178,
      0.0188478771597147,
      0.017560720443725586,
      0.01778889074921608,
      0.016108525916934013,
      0.015884097665548325,
      0.01605759561061859,
      0.01519725564867258,
      0.013521332293748856,
      0.014044594019651413,
      0.012891694903373718,
      0.012497380375862122,
      0.012576731853187084,
      0.011877509765326977,
      0.011306621134281158,
      0.012557976879179478,
      0.01001690048724413,
      0.012927409261465073,
      0.010590887628495693,
      0.00954283308237791,
      0.011815546080470085,
      0.00801927037537098,
      0.009072836488485336,
      0.008946594782173634,
      0.008910181000828743,
      0.009610404260456562,
      0.008845863863825798,
      0.010872291401028633,
      0.009085818193852901,
      0.008422821760177612,
      0.007517957594245672,
      0.008401574566960335,
      0.007767826318740845,
      0.007491657510399818,
      0.0068787201307713985,
      0.007439734879881144,
      0.00677873520180583,
      0.007850786671042442,
      0.006606595125049353,
      0.007903733290731907,
      0.007156480569392443,
      0.006428246386349201,
      0.0066063292324543,
      0.008161497302353382,
      0.006441392935812473,
      0.006881898734718561,
      0.006832450162619352,
      0.005961550399661064,
      0.006643930450081825,
      0.006534709595143795,
      0.005976608023047447,
      0.005902397446334362,
      0.00631750700995326,
      0.006434474140405655,
      0.006538660265505314,
      0.006724420934915543,
      0.006227172911167145,
      0.005687586031854153,
      0.00518252607434988,
      0.005456564947962761,
      0.004970255773514509,
      0.00584121560677886,
      0.006013813428580761,
      0.00595452543348074,
      0.004618423525243998,
      0.006047404371201992,
      0.005455475300550461,
      0.005565893370658159,
      0.005590340122580528,
      0.005180985201150179,
      0.004111592657864094,
      0.00610932894051075,
      0.004842366557568312,
      0.0041767749935388565,
      0.004904060624539852,
      0.004830570891499519,
      0.004957260098308325,
      0.004560017492622137,
      0.005203797947615385,
      0.005210541654378176,
      0.003851196262985468,
      0.004085916560143232,
      0.004210042767226696,
      0.003843494923785329,
      0.003576271701604128,
      0.0044020675122737885,
      0.004632299765944481,
      0.003674255684018135,
      0.004381661303341389,
      0.004202057607471943,
      0.0037194276228547096,
      0.0038551075849682093,
      0.004054891876876354,
      0.004041103180497885,
      0.0034968808759003878,
      0.003168694209307432,
      0.0035645279567688704,
      0.0038452541921287775,
      0.004116899333894253,
      0.003373805433511734,
      0.0031832391396164894,
      0.003759135026484728,
      0.003048154292628169,
      0.004706207662820816,
      0.003620714182034135,
      0.002845058450475335,
      0.003563175443559885,
      0.002997706178575754,
      0.0035961964167654514,
      0.002774251624941826,
      0.0034300615079700947,
      0.0036497293040156364,
      0.0030749954748898745,
      0.003996181767433882,
      0.0029279759619385004,
      0.003309674793854356,
      0.002670050598680973,
      0.00359646650031209,
      0.003037074813619256,
      0.003317594528198242,
      0.0030379288364201784,
      0.003673912025988102,
      0.002907586982473731,
      0.002641807310283184,
      0.0031676965299993753,
      0.002662006067112088,
      0.0032187358010560274,
      0.004069901537150145,
      0.003019315656274557,
      0.002784183481708169,
      0.002854300430044532,
      0.0024581747129559517,
      0.0025611012242734432,
      0.002625781809911132,
      0.00224105641245842,
      0.002880917862057686,
      0.003894023597240448,
      0.002628387650474906,
      0.002524920739233494,
      0.0023305711802095175,
      0.002237338339909911,
      0.0032367235980927944,
      0.0035208454355597496,
      0.0025268460158258677,
      0.0022281224373728037,
      0.002112289424985647,
      0.0021298418287187815,
      0.0031674853526055813,
      0.002558970358222723,
      0.002069443231448531,
      0.0025751718785613775,
      0.002341790357604623,
      0.0030321613885462284,
      0.0029734012205153704,
      0.0019303654553368688,
      0.002798638306558132,
      0.002942618215456605,
      0.002777534769847989,
      0.0025512720458209515,
      0.0027387328445911407,
      0.0025417590513825417,
      0.002349402057006955,
      0.004325243644416332,
      0.0018562664045020938,
      0.002215569606050849,
      0.0030089078936725855,
      0.002325178124010563,
      0.0025136051699519157,
      0.002393173286691308,
      0.002160580363124609,
      0.0026049320586025715,
      0.002551108365878463,
      0.002464430872350931,
      0.0019776434637606144,
      0.0022636090870946646,
      0.0028459420427680016,
      0.00186582887545228,
      0.0027852137573063374,
      0.0017363153165206313,
      0.002676198724657297,
      0.0022297862451523542,
      0.002772262552753091,
      0.0026270393282175064,
      0.0021973522379994392,
      0.002280737739056349,
      0.002686042571440339,
      0.00229123723693192,
      0.0029614896047860384,
      0.0020332639105618,
      0.002143389079719782,
      0.0027311486192047596,
      0.0034570738207548857,
      0.0021673054434359074,
      0.002963322913274169,
      0.0018917067209258676,
      0.002091743517667055,
      0.0020221536979079247,
      0.0030886416789144278,
      0.0021319047082215548,
      0.0023539091926068068,
      0.002294742502272129,
      0.001879332005046308,
      0.001731640542857349,
      0.0023686769418418407,
      0.0023886726703494787,
      0.002721739700064063,
      0.0023651234805583954,
      0.0022001126781105995,
      0.002170032821595669,
      0.0019106905674561858,
      0.001803537947125733,
      0.002058646408841014,
      0.002521107904613018,
      0.001854889327660203,
      0.0025530364364385605,
      0.001578782801516354,
      0.001988565782085061,
      0.0023212963715195656,
      0.0024847800377756357,
      0.0018730623414739966,
      0.002116118324920535,
      0.0026483936235308647,
      0.002368105575442314,
      0.0023128779139369726,
      0.0018788798479363322,
      0.0026055406779050827,
      0.0025006888899952173,
      0.0017609448404982686,
      0.0021388118620961905,
      0.0021040868014097214,
      0.001980244182050228,
      0.0018318579532206059,
      0.0019783582538366318,
      0.002090239431709051,
      0.0017319370526820421,
      0.0021609340328723192,
      0.0018517673015594482,
      0.0026199393905699253,
      0.0016979473875835538,
      0.0019336350960657,
      0.0018936076667159796,
      0.0021450072526931763,
      0.0018037270056083798,
      0.002071215072646737,
      0.001966133015230298,
      0.002362967235967517,
      0.0015929281944409013,
      0.0018147830851376057,
      0.002650321228429675,
      0.0018759329104796052,
      0.0024642497301101685,
      0.0021918611600995064,
      0.0015736932400614023,
      0.0014423872344195843,
      0.001966450596228242,
