{
   "number_epochs": 400,
   "info_used": "use imputation",
   "perc_full_data": 0.04,
   "n_epochs_no_selection": 0,
   "Frequency % cutoff": 0.33,
   "hidden_size": 32,
   "random_state": 11,
   "train_errors": [
      0.45639437437057495,
      0.33661606907844543,
      0.2326996773481369,
      0.14874854683876038,
      0.08653941005468369,
      0.050665851682424545,
      0.050903499126434326,
      0.07337209582328796,
      0.0836338996887207,
      0.07851574569940567,
      0.0628010630607605,
      0.047552440315485,
      0.04096989706158638,
      0.040750764310359955,
      0.041226763278245926,
      0.04394202306866646,
      0.042318448424339294,
      0.04138481989502907,
      0.03860597312450409,
      0.036903638392686844,
      0.03608546033501625,
      0.03673386946320534,
      0.036851223558187485,
      0.036924492567777634,
      0.03682400658726692,
      0.03659205511212349,
      0.03386808559298515,
      0.03361307829618454,
      0.0335841029882431,
      0.031872060149908066,
      0.03241509571671486,
      0.03222331777215004,
      0.0315648689866066,
      0.03130592033267021,
      0.03201594948768616,
      0.030153566971421242,
      0.028694691136479378,
      0.030047046020627022,
      0.029544103890657425,
      0.028469258919358253,
      0.028064340353012085,
      0.02701088786125183,
      0.02833668515086174,
      0.027768325060606003,
      0.026795759797096252,
      0.026311716064810753,
      0.025825686752796173,
      0.024712935090065002,
      0.025905117392539978,
      0.024221740663051605,
      0.024226684123277664,
      0.022859759628772736,
      0.02252434939146042,
      0.022168518975377083,
      0.02155350148677826,
      0.021641027182340622,
      0.021435316652059555,
      0.019749751314520836,
      0.020146675407886505,
      0.018669094890356064,
      0.018809489905834198,
      0.01823141984641552,
      0.016667544841766357,
      0.016752542927861214,
      0.01719314604997635,
      0.016853902488946915,
      0.015178066678345203,
      0.015016743913292885,
      0.01571488007903099,
      0.013729997910559177,
      0.013357509858906269,
      0.012425370514392853,
      0.012912819162011147,
      0.011020696721971035,
      0.011338564567267895,
      0.010078418999910355,
      0.00994208175688982,
      0.009680061601102352,
      0.00844845362007618,
      0.008896091021597385,
      0.007543835788965225,
      0.0087655708193779,
      0.008411301299929619,
      0.008136621676385403,
      0.006402778904885054,
      0.007363173644989729,
      0.007473144214600325,
      0.006303683388978243,
      0.0059685129672288895,
      0.005470921751111746,
      0.005885658320039511,
      0.005103127099573612,
      0.005591089837253094,
      0.004642774350941181,
      0.005743066780269146,
      0.0043566869571805,
      0.005161629524081945,
      0.0040155742317438126,
      0.004073346499353647,
      0.004907880909740925,
      0.0040225381962955,
      0.004909183830022812,
      0.004368728492408991,
      0.0037710212636739016,
      0.004086320288479328,
      0.004638118203729391,
      0.003570426255464554,
      0.0040038577280938625,
      0.0034059796016663313,
      0.0037744594737887383,
      0.0036250378470867872,
      0.0036158361472189426,
      0.003451737342402339,
      0.0030977409332990646,
      0.003143524518236518,
      0.0038637430407106876,
      0.003402021713554859,
      0.0033408519811928272,
      0.0035355614963918924,
      0.0037042382173240185,
      0.0035215565003454685,
      0.0034972913563251495,
      0.0028059580363333225,
      0.0034453433472663164,
      0.003879826283082366,
      0.0032496307976543903,
      0.0034963153302669525,
      0.0032954118214547634,
      0.0030656775925308466,
      0.0029961448162794113,
      0.002474077045917511,
      0.0029610476922243834,
      0.0027124739717692137,
      0.0030432636849582195,
      0.002328514354303479,
      0.0028191048186272383,
      0.0028728125616908073,
      0.002965096617117524,
      0.002849352080374956,
      0.0030380270909518003,
      0.002559267682954669,
      0.0029534311033785343,
      0.00236783386208117,
      0.0026358384639024734,
      0.0027270035352557898,
      0.0023970312904566526,
      0.0028629121370613575,
      0.0022430450189858675,
      0.0025828175712376833,
      0.002078372985124588,
      0.001962934620678425,
      0.0023395568132400513,
      0.0026796702295541763,
      0.002449008636176586,
      0.00156110106036067,
      0.002151850610971451,
      0.0021864091977477074,
      0.0021737655624747276,
      0.0024881521239876747,
      0.002130317036062479,
      0.0018843894358724356,
      0.002102861413732171,
      0.0020558168180286884,
      0.0016481252387166023,
      0.001944659510627389,
      0.0013993574539199471,
      0.0019169208826497197,
      0.002554679289460182,
      0.001815103692933917,
      0.0020983032882213593,
      0.00195070740301162,
      0.0021971380338072777,
      0.0017175807151943445,
      0.0016997220227494836,
      0.001793344272300601,
      0.001833818620070815,
      0.0018697535851970315,
      0.0018940692534670234,
      0.0019136978080496192,
      0.0017460244707763195,
      0.0016138480277732015,
      0.0016904041403904557,
      0.0018609263934195042,
      0.0014370400458574295,
      0.0013572375755757093,
      0.0012111084070056677,
      0.001598755014128983,
      0.0015493034152314067,
      0.0016586561687290668,
      0.0013367021456360817,
      0.0020819753408432007,
      0.001505696913227439,
      0.0017316738376393914,
      0.0017775939777493477,
      0.0015188881661742926,
      0.0017592869699001312,
      0.0016280165873467922,
      0.001672898419201374,
      0.001669165794737637,
      0.0016402262263000011,
      0.0014042926486581564,
      0.0015532303368672729,
      0.0013672392815351486,
      0.0016820437740534544,
      0.0017394836759194732,
      0.0015193078434094787,
      0.0014316120650619268,
      0.0013772172387689352,
      0.0013706894824281335,
      0.0013729536440223455,
      0.0015714282635599375,
      0.001348157529719174,
      0.0013234649086371064,
      0.001252183225005865,
      0.001083343056961894,
      0.0011849553557112813,
      0.0013904278166592121,
      0.001553340582177043,
      0.0013153248000890017,
      0.0017121557611972094,
      0.0009947273647412658,
      0.0013422020711004734,
      0.001338835689239204,
      0.0011822712840512395,
      0.0012245046673342586,
      0.0012669466668739915,
      0.001548596890643239,
      0.0012200470082461834,
      0.0012801854172721505,
      0.0011585892643779516,
      0.0010154499905183911,
      0.0012081828899681568,
      0.001424298738129437,
      0.0013232316123321652,
      0.0010479072807356715,
      0.001205847947858274,
      0.0011933691566810012,
      0.0012802265118807554,
      0.0012273987522348762,
      0.001152917044237256,
      0.0011286361841484904,
      0.0011011966271325946,
      0.0009226111578755081,
      0.0010981041705235839,
      0.0008814849425107241,
      0.0012608988909050822,
      0.0010326514020562172,
      0.0008437219657935202,
      0.0010341645684093237,
      0.0012181379133835435,
      0.001140960375778377,
      0.0011977003887295723,
      0.0009211176075041294,
      0.0009614936425350606,
      0.0009076776914298534,
      0.0010559235233813524,
      0.0009104693308472633,
      0.0009202543296851218,
      0.0009192945435643196,
      0.0010198584059253335,
      0.0010313399834558368,
      0.0008042498375289142,
      0.001072307350113988,
      0.0008395727491006255,
      0.0009499868028797209,
      0.0007862921920605004,
      0.0009142313501797616,
      0.0009172300342470407,
      0.0009654287714511156,
      0.0008086138404905796,
      0.0009738749940879643,
      0.0009100983734242618,
      0.0008737162570469081,
      0.0008571209036745131,
      0.0010093781165778637,
