{
   "number_epochs": 400,
   "info_used": "use imputation",
   "perc_full_data": 0.04,
   "n_epochs_no_selection": 0,
   "Frequency % cutoff": 0.33,
   "hidden_size": 32,
   "random_state": 10,
   "train_errors": [
      0.29468947649002075,
      0.19195906817913055,
      0.11104370653629303,
      0.05961304157972336,
      0.04596668481826782,
      0.06096209958195686,
      0.0690559670329094,
      0.056060515344142914,
      0.044613827019929886,
      0.040073197335004807,
      0.038747239857912064,
      0.03975914791226387,
      0.0415569543838501,
      0.04128233715891838,
      0.03971385955810547,
      0.03692355751991272,
      0.03550959751009941,
      0.03348367288708687,
      0.03229035809636116,
      0.03215249627828598,
      0.03135319799184799,
      0.030921874567866325,
      0.02920564077794552,
      0.028480054810643196,
      0.02698124386370182,
      0.026232192292809486,
      0.025473734363913536,
      0.025127047672867775,
      0.02368783764541149,
      0.023313628509640694,
      0.021503422409296036,
      0.02120104990899563,
      0.019898291677236557,
      0.018830038607120514,
      0.018072275444865227,
      0.0173046812415123,
      0.017045363783836365,
      0.01633841171860695,
      0.015190436504781246,
      0.014040803536772728,
      0.013494941405951977,
      0.012348894029855728,
      0.011269842274487019,
      0.010531928390264511,
      0.010214216075837612,
      0.009692475199699402,
      0.008042183704674244,
      0.007913677953183651,
      0.007666652090847492,
      0.006436341907829046,
      0.0061523145996034145,
      0.005333113484084606,
      0.006391793955117464,
      0.005381101742386818,
      0.005564953666180372,
      0.004782620817422867,
      0.004507206380367279,
      0.004075764212757349,
      0.003935248125344515,
      0.003926472272723913,
      0.0038113859482109547,
      0.0033341238740831614,
      0.004250428173691034,
      0.0036442806012928486,
      0.0034429426304996014,
      0.0035326385404914618,
      0.0031403321772813797,
      0.0031414630357176065,
      0.003253176109865308,
      0.0030169542878866196,
      0.003091665683314204,
      0.002793327672407031,
      0.0029848571866750717,
      0.0029117660596966743,
      0.00288206385448575,
      0.002893198514357209,
      0.0027935702819377184,
      0.0026144105941057205,
      0.002474989974871278,
      0.002669659676030278,
      0.0025872078258544207,
      0.0022438939195126295,
      0.0024203194770962,
      0.0021442407742142677,
      0.0022855394054204226,
      0.002649581292644143,
      0.0026013520546257496,
      0.0025195505004376173,
      0.0022349944338202477,
      0.002124449936673045,
      0.002088405890390277,
      0.002384317573159933,
      0.0018812326015904546,
      0.0018685230752453208,
      0.0020529197063297033,
      0.0019436819711700082,
      0.002040671417489648,
      0.002114074071869254,
      0.0022400685120373964,
      0.0020873199682682753,
      0.0019076570170000196,
      0.002002724912017584,
      0.001967502059414983,
      0.002226773649454117,
      0.0022280383855104446,
      0.002124133752658963,
      0.0018644247902557254,
      0.0019634105265140533,
      0.0019881711341440678,
      0.001798302517272532,
      0.0019003956113010645,
      0.001987628871574998,
      0.0019899315666407347,
      0.0014641467714682221,
      0.001847633859142661,
      0.0017522952985018492,
      0.0018538772128522396,
      0.0016018908936530352,
      0.0016507850959897041,
      0.001805825624614954,
      0.0017436804482713342,
      0.0015912088565528393,
      0.0018480264116078615,
      0.0015626687090843916,
      0.0016938591143116355,
      0.0018286375561729074,
      0.0015452695079147816,
      0.0016153815668076277,
      0.0015777358785271645,
      0.0014053127961233258,
      0.0016605472192168236,
      0.0015387025196105242,
      0.00138298817910254,
      0.0015563989290967584,
      0.0017185673350468278,
      0.001410273602232337,
      0.0015275387559086084,
      0.00151809339877218,
      0.0015403559664264321,
      0.0020656001288443804,
      0.001805199426598847,
      0.0016691209748387337,
      0.00168213015422225,
      0.0015410782070830464,
      0.0013391596730798483,
      0.0015623279614374042,
      0.0014971083728596568,
      0.0014339861227199435,
      0.001361931674182415,
      0.0015534511767327785,
      0.0014100814005360007,
      0.0014734930591657758,
      0.001681183697655797,
      0.00143635761924088,
      0.0017344593070447445,
      0.001524521503597498,
      0.0016721966676414013,
      0.00152240926399827,
      0.0013600446982309222,
      0.001357319881208241,
      0.0014222044264897704,
      0.001354525564238429,
      0.001408049021847546,
      0.0014737711753696203,
      0.0013656908413395286,
      0.0015534220729023218,
      0.001270037842914462,
      0.0013398679438978434,
      0.0015139449387788773,
      0.0013888891553506255,
      0.0014203310711309314,
      0.0013056485913693905,
      0.0012744960840791464,
      0.0012893296079710126,
      0.0015756008215248585,
      0.0014966311864554882,
      0.001546601066365838,
      0.0014307064702734351,
      0.0014988045440986753,
      0.0012978833401575685,
      0.0013220247346907854,
      0.001300500938668847,
      0.001384055009111762,
      0.001087025972083211,
      0.0011933916248381138,
      0.0012556210858747363,
      0.0010993373580276966,
      0.0014070627512410283,
      0.001336599700152874,
      0.0013908185064792633,
      0.001286879531107843,
      0.001352060935460031,
      0.001264097518287599,
      0.0013383727055042982,
      0.001234744326211512,
      0.0010506968246772885,
      0.0011849679285660386,
      0.001274042995646596,
      0.0015596980229020119,
      0.001406524796038866,
      0.0015185453230515122,
      0.0014423804823309183,
      0.0014794970629736781,
      0.001379343681037426,
      0.0013967844424769282,
      0.0012362826382741332,
      0.00117386132478714,
      0.0013228122843429446,
      0.0011910315370187163,
      0.0012480536242946982,
      0.0012550442479550838,
      0.0012971482938155532,
      0.0012072179233655334,
      0.0012841062853112817,
      0.001137564773671329,
      0.001464598230086267,
      0.0015329731395468116,
      0.0012787102023139596,
      0.0013056095922365785,
      0.0013195628998801112,
      0.001381042879074812,
      0.001238314900547266,
      0.001416524755768478,
      0.0012894796673208475,
      0.0013238266110420227,
      0.0013476174790412188,
      0.0012041263980790973,
      0.001402739668264985,
      0.0013198117958381772,
      0.0010955787729471922,
      0.001104352530092001,
      0.0010857708984985948,
      0.001427945215255022,
      0.0012329421006143093,
      0.0012489529326558113,
      0.0011871670139953494,
      0.001274771406315267,
      0.0013396410504356027,
      0.0013103635283187032,
      0.0011623072205111384,
      0.001254527480341494,
      0.0008599868160672486,
      0.0011574679519981146,
      0.0010227281600236893,
      0.0013359423028305173,
      0.0012801963603124022,
      0.0014390746364369988,
      0.0011762770591303706,
      0.0012451777001842856,
      0.0008006376447156072,
      0.001033141277730465,
      0.0011485842987895012,
      0.0010144785046577454,
      0.0012495700502768159,
      0.0011532565113157034,
      0.0010898435721173882,
      0.0010324305621907115,
      0.0012467046035453677,
      0.001014465349726379,
      0.0011695562861859798,
      0.0011145016178488731,
      0.0009975261054933071,
      0.0009919838048517704,
      0.001314135268330574,
      0.0009986110962927341,
      0.001247796812094748,
      0.0011250340612605214,
      0.001077412161976099,
      0.0009841716382652521,
      0.001039141439832747,
      0.001231465837918222,
      0.0011755313025787473,
      0.0011215927079319954,
      0.001069644233211875,
