{
   "number_epochs": 400,
   "info_used": "use imputation",
   "perc_full_data": 0.04,
   "n_epochs_no_selection": 0,
   "Frequency % cutoff": 0.33,
   "hidden_size": 32,
   "random_state": 6,
   "train_errors": [
      0.26460000872612,
      0.17523464560508728,
      0.10643309354782104,
      0.06097967177629471,
      0.04508152976632118,
      0.058254946023225784,
      0.06802261620759964,
      0.06261405348777771,
      0.04992397874593735,
      0.04082591459155083,
      0.039478350430727005,
      0.03978884220123291,
      0.04201103001832962,
      0.04253801330924034,
      0.039569467306137085,
      0.03804397955536842,
      0.0350683219730854,
      0.034936510026454926,
      0.033429503440856934,
      0.03401828184723854,
      0.03373763710260391,
      0.033072762191295624,
      0.03098730742931366,
      0.029976453632116318,
      0.029299607500433922,
      0.028803750872612,
      0.028602546080946922,
      0.028436362743377686,
      0.026704713702201843,
      0.026323307305574417,
      0.026410870254039764,
      0.027272868901491165,
      0.026319053024053574,
      0.025542903691530228,
      0.025823572650551796,
      0.025498932227492332,
      0.02671610750257969,
      0.025523364543914795,
      0.026430893689393997,
      0.02491099387407303,
      0.02469491772353649,
      0.025073714554309845,
      0.02530265785753727,
      0.0252101868391037,
      0.024493662640452385,
      0.0242037083953619,
      0.02499939128756523,
      0.02435394935309887,
      0.025663774460554123,
      0.023702336475253105,
      0.023655956611037254,
      0.024655086919665337,
      0.025681456550955772,
      0.023739134892821312,
      0.025205940008163452,
      0.024702847003936768,
      0.023709667846560478,
      0.023910000920295715,
      0.023830918595194817,
      0.02378508448600769,
      0.024049073457717896,
      0.02342136576771736,
      0.023315157741308212,
      0.023488571867346764,
      0.02282133139669895,
      0.022609768435359,
      0.02339736372232437,
      0.024069080129265785,
      0.02327892929315567,
      0.023217402398586273,
      0.022885819897055626,
      0.02266472950577736,
      0.02336968295276165,
      0.02313901111483574,
      0.023120658472180367,
      0.023308413103222847,
      0.02306857518851757,
      0.023065688088536263,
      0.02304736338555813,
      0.02353159710764885,
      0.02314566820859909,
      0.022965488955378532,
      0.02355385012924671,
      0.02252287045121193,
      0.021998506039381027,
      0.022279338911175728,
      0.02373848855495453,
      0.022954925894737244,
      0.02327568084001541,
      0.02274923026561737,
      0.022859899327158928,
      0.02249763160943985,
      0.02194841392338276,
      0.02294093556702137,
      0.02293170429766178,
      0.022672150284051895,
      0.022347038611769676,
      0.022589469328522682,
      0.022677570581436157,
      0.022982928901910782,
      0.022645672783255577,
      0.022336142137646675,
      0.022134533151984215,
      0.022183869034051895,
      0.022177133709192276,
      0.021847479045391083,
      0.022397831082344055,
      0.02224930003285408,
      0.022909250110387802,
      0.021713828667998314,
      0.0221335981041193,
      0.022798463702201843,
      0.021482113748788834,
      0.021969839930534363,
      0.022060932591557503,
      0.021695218980312347,
      0.021749960258603096,
      0.022429293021559715,
      0.02162018045783043,
      0.022114764899015427,
      0.021147429943084717,
      0.02223251946270466,
      0.022408194839954376,
      0.021467117592692375,
      0.02152652107179165,
      0.021845566108822823,
      0.022325240075588226,
      0.02144083008170128,
      0.02187492698431015,
      0.021899336948990822,
      0.02146103046834469,
      0.022676488384604454,
      0.02243349887430668,
      0.021936453878879547,
      0.021698961034417152,
      0.021604884415864944,
      0.020960722118616104,
      0.02121867798268795,
      0.02125546522438526,
      0.020880278199911118,
      0.021939700469374657,
      0.020980674773454666,
      0.02194783091545105,
      0.021479828283190727,
      0.020950164645910263,
      0.021458547562360764,
      0.020978543907403946,
      0.021576786413788795,
      0.020225608721375465,
      0.020775161683559418,
      0.020826108753681183,
      0.021026043221354485,
      0.021324526518583298,
      0.021103039383888245,
      0.02126786857843399,
      0.020327923819422722,
      0.020622117444872856,
      0.021115396171808243,
      0.021154826506972313,
      0.020780397579073906,
      0.020500756800174713,
      0.020519979298114777,
      0.01977360062301159,
      0.020695719867944717,
      0.0202808640897274,
      0.021142734214663506,
      0.0210247989743948,
      0.02040701173245907,
      0.02062615193426609,
      0.020947787910699844,
      0.020369350910186768,
      0.020297547802329063,
      0.020043209195137024,
      0.021078484132885933,
      0.020818188786506653,
      0.021005788818001747,
      0.01988125778734684,
      0.02028161846101284,
      0.020479634404182434,
      0.021039508283138275,
      0.0207208264619112,
      0.020149510353803635,
      0.021055912598967552,
      0.021069929003715515,
      0.020361028611660004,
      0.02019624598324299,
      0.020349811762571335,
      0.02101069502532482,
      0.020566139370203018,
      0.02078932896256447,
      0.020252928137779236,
      0.020788071677088737,
      0.02016911841928959,
      0.020571189001202583,
      0.020157858729362488,
      0.021037962287664413,
      0.020335091277956963,
      0.02035592682659626,
      0.020458146929740906,
      0.0199032761156559,
      0.02044399082660675,
      0.020350808277726173,
      0.020240632817149162,
      0.021019654348492622,
      0.019505703821778297,
      0.020791681483387947,
      0.020370589569211006,
      0.01963656395673752,
      0.020456010475754738,
      0.01982984133064747,
      0.020246589556336403,
      0.020048419013619423,
      0.019435599446296692,
      0.01991492323577404,
      0.01997360587120056,
      0.020496705546975136,
      0.020037014037370682,
      0.019698629155755043,
      0.019900456070899963,
      0.020109673961997032,
      0.01951722986996174,
      0.01986829750239849,
      0.02015874534845352,
      0.020111970603466034,
      0.020266244187951088,
      0.020921552553772926,
      0.02044389583170414,
      0.020308654755353928,
      0.020753664895892143,
      0.020267173647880554,
      0.02019342966377735,
      0.020156828686594963,
      0.01941085048019886,
      0.01987108401954174,
      0.01997084729373455,
      0.020004378631711006,
      0.019812285900115967,
      0.019522830843925476,
      0.020519036799669266,
      0.019424354657530785,
      0.019846249371767044,
      0.020194921642541885,
      0.019883455708622932,
      0.02042708918452263,
      0.019688334316015244,
      0.01921393722295761,
      0.018679631873965263,
      0.01983259804546833,
      0.020047396421432495,
      0.020058128982782364,
      0.01889219507575035,
      0.020387865602970123,
      0.018857819959521294,
      0.019424965605139732,
      0.01999962329864502,
      0.019759245216846466,
      0.01848718523979187,
      0.019107608124613762,
      0.02064463496208191,
      0.01920846290886402,
      0.01888338290154934,
      0.019198335707187653,
      0.019517986103892326,
      0.019336950033903122,
      0.019265640527009964,
      0.019100885838270187,
      0.019182879477739334,
      0.01996072381734848,
      0.018613237887620926,
      0.019232792779803276,
      0.018994241952896118,
      0.01830371655523777,
      0.018651701509952545,
      0.018562210723757744,
      0.019413050264120102,
      0.01889929547905922,
      0.01887781359255314,
      0.019729193300008774,
      0.020086847245693207,
      0.019549936056137085,
      0.01932024583220482,
      0.01912800222635269,
