{
   "number_epochs": 400,
   "info_used": "use imputation",
   "perc_full_data": 0.04,
   "n_epochs_no_selection": 0,
   "Frequency % cutoff": 0.33,
   "hidden_size": 32,
   "random_state": 13,
   "train_errors": [
      0.10970449447631836,
      0.05134576931595802,
      0.037593066692352295,
      0.050640951842069626,
      0.05221502110362053,
      0.04452374950051308,
      0.03549627587199211,
      0.033474959433078766,
      0.03409574180841446,
      0.034997109323740005,
      0.035362355411052704,
      0.034357015043497086,
      0.03273710608482361,
      0.03070974536240101,
      0.030511466786265373,
      0.03023180365562439,
      0.030688835307955742,
      0.029999831691384315,
      0.02911091223359108,
      0.028741728514432907,
      0.026805559173226357,
      0.026627520099282265,
      0.026827607303857803,
      0.025484837591648102,
      0.024844501167535782,
      0.024584637954831123,
      0.02482667751610279,
      0.023642415180802345,
      0.024159425869584084,
      0.02274550497531891,
      0.0227508582174778,
      0.02243594452738762,
      0.02314310520887375,
      0.021725516766309738,
      0.021804191172122955,
      0.021051699295639992,
      0.021191313862800598,
      0.021004363894462585,
      0.02109471708536148,
      0.020474562421441078,
      0.019657833501696587,
      0.019897781312465668,
      0.019678205251693726,
      0.018560731783509254,
      0.018827343359589577,
      0.018621571362018585,
      0.018561087548732758,
      0.01737636886537075,
      0.017185410484671593,
      0.016773853451013565,
      0.016560446470975876,
      0.0155903035774827,
      0.015144538134336472,
      0.01476913969963789,
      0.014505904167890549,
      0.014636616222560406,
      0.01387733779847622,
      0.013283398002386093,
      0.01225405652076006,
      0.012766926549375057,
      0.01173722930252552,
      0.011164074763655663,
      0.011462668888270855,
      0.011165771633386612,
      0.010848903097212315,
      0.009483159519731998,
      0.00981881469488144,
      0.009668220765888691,
      0.009141053073108196,
      0.008898246102035046,
      0.00783685501664877,
      0.008878209628164768,
      0.008638107217848301,
      0.00750016188248992,
      0.007603320758789778,
      0.007581980898976326,
      0.006800265517085791,
      0.0061864121817052364,
      0.006660981569439173,
      0.006644854787737131,
      0.006241790950298309,
      0.0063534090295434,
      0.006235200446099043,
      0.00630382401868701,
      0.005214503034949303,
      0.005859270691871643,
      0.006376239936798811,
      0.005601210054010153,
      0.005691431928426027,
      0.005203552078455687,
      0.004807344637811184,
      0.005545690190047026,
      0.005475185811519623,
      0.004841494373977184,
      0.004906416404992342,
      0.005156868137419224,
      0.0049813492223620415,
      0.004875010810792446,
      0.004628018941730261,
      0.0048480890691280365,
      0.004728418309241533,
      0.004325868561863899,
      0.004328788258135319,
      0.004906745161861181,
      0.004075033124536276,
      0.004158325493335724,
      0.003957547713071108,
      0.0042397514916956425,
      0.003953640349209309,
      0.004076236393302679,
      0.00420562457293272,
      0.003997781779617071,
      0.00478230370208621,
      0.004228583537042141,
      0.0039110444486141205,
      0.004032953176647425,
      0.0033885689917951822,
      0.0034332487266510725,
      0.003588559105992317,
      0.003598196664825082,
      0.0030005122534930706,
      0.003755298675969243,
      0.0033590313978493214,
      0.003692979458719492,
      0.0030264134984463453,
      0.0037762713618576527,
      0.003408790798857808,
      0.003418603679165244,
      0.0037180015351623297,
      0.003780305851250887,
      0.002986255567520857,
      0.003342394018545747,
      0.003077879548072815,
      0.0031411706004291773,
      0.002944723702967167,
      0.00305254478007555,
      0.003075326792895794,
      0.0028081571217626333,
      0.003109381068497896,
      0.0029974784702062607,
      0.002801088150590658,
      0.0028263204731047153,
      0.0025332162622362375,
      0.0024161541368812323,
      0.00247611734084785,
      0.00264282850548625,
      0.0030977020505815744,
      0.002684359671548009,
      0.002878272905945778,
      0.002841837238520384,
      0.002739825053140521,
      0.002786317840218544,
      0.0029713355470448732,
      0.002927538938820362,
      0.0025295983068645,
      0.002738854382187128,
      0.0026716601569205523,
      0.0027036820538342,
      0.0028000897727906704,
      0.0024124179035425186,
      0.002429685555398464,
      0.0026941734831780195,
      0.002866191789507866,
      0.0026728652883321047,
      0.002561161294579506,
      0.00293929735198617,
      0.002360824728384614,
      0.0025117492768913507,
      0.002405634382739663,
      0.002514294581487775,
      0.0024815485812723637,
      0.002318528015166521,
      0.0022077136673033237,
      0.002192108426243067,
      0.0022937022149562836,
      0.002230140846222639,
      0.0024649908300489187,
      0.0024608601815998554,
      0.002440057462081313,
      0.002872369484975934,
      0.0024528764188289642,
      0.002201013034209609,
      0.002552294172346592,
      0.0025555442553013563,
      0.0024774193298071623,
      0.0026717933360487223,
      0.002525696996599436,
      0.002397926291450858,
      0.002128930063918233,
      0.0025024295318871737,
      0.0025396926794201136,
      0.002301387256011367,
      0.0022716952953487635,
      0.002630804665386677,
      0.002139023272320628,
      0.0021706249099224806,
      0.0022754434030503035,
      0.002314262790605426,
      0.002509895246475935,
      0.0021986498031765223,
      0.0021299622021615505,
      0.0023547981400042772,
      0.00224627205170691,
      0.0022559750359505415,
      0.00240925676189363,
      0.002175295492634177,
      0.0023596384562551975,
      0.0021560918539762497,
      0.002218934940174222,
      0.002254815772175789,
      0.002251668833196163,
      0.0024066753685474396,
      0.002435999223962426,
      0.002340586856007576,
      0.002122168429195881,
      0.0020212887320667505,
      0.0025297116953879595,
      0.002516749082133174,
      0.002477223053574562,
      0.0023245594929903746,
      0.0024484817404299974,
      0.0025389704387634993,
      0.0023331367410719395,
      0.0019691246561706066,
      0.0023479871451854706,
      0.0021482938900589943,
      0.002449844731017947,
      0.0023134765215218067,
      0.0020962068811059,
      0.0022406522184610367,
      0.0020397594198584557,
      0.0026575776282697916,
      0.002357280580326915,
      0.0023766024969518185,
      0.0020963121205568314,
      0.002276476239785552,
      0.0018936549313366413,
      0.0024455322418361902,
      0.002287049312144518,
      0.0022752329241484404,
      0.002041073516011238,
      0.0022158236242830753,
      0.002189000602811575,
      0.0025688582099974155,
      0.002082805149257183,
      0.002190421335399151,
      0.0021942646708339453,
      0.0023707053624093533,
      0.0020799634512513876,
      0.002127602696418762,
      0.0021468475461006165,
      0.002376904711127281,
      0.0020039158407598734,
      0.002223048359155655,
      0.0021224862430244684,
      0.002074143150821328,
      0.0024655968882143497,
      0.001725497655570507,
      0.002056094352155924,
      0.0023067034780979156,
      0.0023550328332930803,
      0.002130214124917984,
      0.002199585549533367,
      0.0020793224684894085,
      0.002103750826790929,
      0.0020356366876512766,
      0.0023513073101639748,
      0.0023059959057718515,
      0.00204309169203043,
      0.0021792238112539053,
      0.0021812624763697386,
      0.002163088647648692,
      0.0024008809123188257,
      0.0023657153360545635,
      0.0022573175374418497,
      0.0023234435357153416,
