{
   "number_epochs": 400,
   "info_used": "use imputation",
   "perc_full_data": 0.04,
   "n_epochs_no_selection": 0,
   "Frequency % cutoff": 0.33,
   "hidden_size": 32,
   "random_state": 14,
   "train_errors": [
      0.4095097482204437,
      0.3072686195373535,
      0.21981050074100494,
      0.14711178839206696,
      0.0880657508969307,
      0.05393756553530693,
      0.047938525676727295,
      0.061825282871723175,
      0.07543812692165375,
      0.06899639219045639,
      0.05735199525952339,
      0.04678906500339508,
      0.04092230275273323,
      0.039657749235630035,
      0.04108124598860741,
      0.042802803218364716,
      0.043174877762794495,
      0.04163793474435806,
      0.03903910517692566,
      0.036114223301410675,
      0.03438225015997887,
      0.03357177972793579,
      0.03315350413322449,
      0.03253336623311043,
      0.03186725080013275,
      0.031228547915816307,
      0.03056172840297222,
      0.030473340302705765,
      0.028900103643536568,
      0.02856750413775444,
      0.02692211978137493,
      0.0255647711455822,
      0.02471121773123741,
      0.024736369028687477,
      0.022104935720562935,
      0.021950602531433105,
      0.020601894706487656,
      0.020623760297894478,
      0.019992083311080933,
      0.018061712384223938,
      0.02037774957716465,
      0.018045922741293907,
      0.015984032303094864,
      0.015610279515385628,
      0.01497519202530384,
      0.01315242052078247,
      0.01298507209867239,
      0.0120683079585433,
      0.01228058710694313,
      0.011459427885711193,
      0.010258759371936321,
      0.009716690517961979,
      0.009296628646552563,
      0.008691390976309776,
      0.008291227743029594,
      0.007069037761539221,
      0.006876081228256226,
      0.005389979109168053,
      0.005708419717848301,
      0.0049496544525027275,
      0.00488326046615839,
      0.005863859783858061,
      0.004465342499315739,
      0.005048896186053753,
      0.0036796643398702145,
      0.0031074401922523975,
      0.0043647107668221,
      0.004025333095341921,
      0.0032809977419674397,
      0.0043986025266349316,
      0.003364741336554289,
      0.0029997415840625763,
      0.0037335939705371857,
      0.0029574751388281584,
      0.0036974404938519,
      0.0033943895250558853,
      0.003233525436371565,
      0.002790711587294936,
      0.002805402036756277,
      0.002547883428633213,
      0.002627202309668064,
      0.002303925110027194,
      0.0033087243791669607,
      0.003402837086468935,
      0.0029383585788309574,
      0.0027538370341062546,
      0.002229540841653943,
      0.002712223445996642,
      0.003684100229293108,
      0.0025171206798404455,
      0.0024089706130325794,
      0.0027969081420451403,
      0.0023642105516046286,
      0.0023851809091866016,
      0.0020687098149210215,
      0.0024650683626532555,
      0.0030110240913927555,
      0.0038741594180464745,
      0.002245896030217409,
      0.002325509674847126,
      0.00247370358556509,
      0.0024834233336150646,
      0.0029862644150853157,
      0.001731998403556645,
      0.002088768407702446,
      0.0027854377403855324,
      0.0023224521428346634,
      0.0014283438213169575,
      0.0018227571854367852,
      0.002058982150629163,
      0.0021051859948784113,
      0.002413438633084297,
      0.002277046674862504,
      0.0027664736844599247,
      0.00218853447586298,
      0.0020536291413009167,
      0.0017677490832284093,
      0.0019889562390744686,
      0.002238302491605282,
      0.002292894059792161,
      0.0015979924937710166,
      0.0017528744647279382,
      0.002191330073401332,
      0.0017674756236374378,
      0.0013256140518933535,
      0.0017320113256573677,
      0.0025154880713671446,
      0.0019054969307035208,
      0.0017869294388219714,
      0.0013707613106817007,
      0.0017995275557041168,
      0.0014828151324763894,
      0.001524238963611424,
      0.0015484507894143462,
      0.0023419209755957127,
      0.0014873049221932888,
      0.0013204567367210984,
      0.00225830078125,
      0.0013373903930187225,
      0.002086249180138111,
      0.0018978598527610302,
      0.001118312356993556,
      0.0018467358313500881,
      0.0014490096364170313,
      0.002171640982851386,
      0.0016071498394012451,
      0.0014380313223227859,
      0.0019131472799926996,
      0.0017806289251893759,
      0.001698551932349801,
      0.0019832896068692207,
      0.0018062022281810641,
      0.0016611473402008414,
      0.0014209934743121266,
      0.001655274536460638,
      0.0013889212859794497,
      0.0017959437100216746,
      0.0019080168567597866,
      0.001584563055075705,
      0.0012360678520053625,
      0.001666129450313747,
      0.0013559829676523805,
      0.0014823238598182797,
      0.0016460091574117541,
      0.0012199216289445758,
      0.0018440705025568604,
      0.0015369805041700602,
      0.0015044042374938726,
      0.0016450237017124891,
      0.001507737790234387,
      0.0016418116865679622,
      0.001429134514182806,
      0.0013528006384149194,
      0.0018184627406299114,
      0.0017031508032232523,
      0.0014016869245097041,
      0.0011492426274344325,
      0.001820369972847402,
      0.0014422372914850712,
      0.0015082964673638344,
      0.00156501866877079,
      0.0014257412403821945,
      0.0014895785134285688,
      0.001346304314211011,
      0.0010889634722843766,
      0.0011233860859647393,
      0.0013232373166829348,
      0.0015319670783355832,
      0.0010447637178003788,
      0.0009071062668226659,
      0.0014903596602380276,
      0.0012313243933022022,
      0.0009657855844125152,
      0.001405534683726728,
      0.0012739264639094472,
      0.0013068420812487602,
      0.0014630150981247425,
      0.0011449077865108848,
      0.0013604876585304737,
      0.0008821054361760616,
      0.0010836877627298236,
      0.001312942593358457,
      0.0013763130409643054,
      0.0012654616730287671,
      0.0013720478164032102,
      0.001112211961299181,
      0.0013210407923907042,
      0.001371003338135779,
      0.0013761630980297923,
      0.001084405928850174,
      0.0012636474566534162,
      0.000987846520729363,
      0.0010875543812289834,
      0.0012284826952964067,
      0.0012862046714872122,
      0.000983186298981309,
      0.0009128320962190628,
      0.0009087647777050734,
      0.0014252585824579,
      0.001242664991877973,
      0.0012496798299252987,
      0.0014830833533778787,
      0.0016101801302284002,
      0.0009158635511994362,
      0.001236524316482246,
      0.0013625180581584573,
      0.001081828959286213,
      0.0012173120630905032,
      0.0007894922164268792,
      0.0017906532157212496,
      0.00102800945751369,
      0.001314828172326088,
      0.0009100364986807108,
      0.0008686907240189612,
      0.0009720460511744022,
      0.0010337046114727855,
      0.0009802764980122447,
      0.0009403327712789178,
      0.00120910769328475,
      0.0011608386412262917,
      0.0013380673481151462,
      0.001080029527656734,
      0.0011482180561870337,
      0.001189916511066258,
      0.0008671274408698082,
      0.0013880524784326553,
      0.0012700739316642284,
      0.0011120694689452648,
      0.0012573048006743193,
      0.0011271684197708964,
      0.0012104747584089637,
      0.0009461524314247072,
      0.0010689173359423876,
      0.0010289237834513187,
      0.0009352546185255051,
      0.0012007858604192734,
      0.0012466383632272482,
      0.0010549387661740184,
      0.0012079878943040967,
      0.000999008771032095,
      0.0010799986775964499,
      0.000965629646088928,
      0.0012729851296171546,
      0.0008427913999184966,
      0.0008583724265918136,
      0.0012035294203087687,
      0.0009893932146951556,
      0.0011034125927835703,
      0.0012058723950758576,
      0.0009018289274536073,
      0.0008332633879035711,
      0.001675872365012765,
      0.0008944749133661389,
      0.0016192046459764242,
