{
   "number_epochs": 400,
   "info_used": "use imputation",
   "perc_full_data": 0.04,
   "n_epochs_no_selection": 0,
   "Frequency % cutoff": 0.33,
   "hidden_size": 32,
   "random_state": 7,
   "train_errors": [
      0.36353781819343567,
      0.26968416571617126,
      0.1859499216079712,
      0.11543124914169312,
      0.06436745822429657,
      0.037470635026693344,
      0.039243295788764954,
      0.053961869329214096,
      0.05795370787382126,
      0.05046945810317993,
      0.03956395760178566,
      0.032363999634981155,
      0.031587108969688416,
      0.03252801671624184,
      0.03439835458993912,
      0.03571857511997223,
      0.03509083017706871,
      0.0336419977247715,
      0.030648913234472275,
      0.02858765609562397,
      0.02739417366683483,
      0.0269356407225132,
      0.027370449155569077,
      0.02693859487771988,
      0.026955468580126762,
      0.025874203070998192,
      0.025279363617300987,
      0.024525463581085205,
      0.023521186783909798,
      0.023241465911269188,
      0.022736094892024994,
      0.02181130088865757,
      0.021334705874323845,
      0.021358102560043335,
      0.020193450152873993,
      0.019765542820096016,
      0.019162528216838837,
      0.018041232600808144,
      0.017165489494800568,
      0.017016863450407982,
      0.01579407975077629,
      0.015556175261735916,
      0.01470253150910139,
      0.01391103956848383,
      0.01334004569798708,
      0.01298309676349163,
      0.012174079194664955,
      0.011360111646354198,
      0.01084456779062748,
      0.010408814996480942,
      0.010170369409024715,
      0.00941720325499773,
      0.008721679449081421,
      0.008070185780525208,
      0.007871802896261215,
      0.00817872490733862,
      0.0074724298901855946,
      0.00682417256757617,
      0.00576911773532629,
      0.005907417740672827,
      0.005220605060458183,
      0.005256103351712227,
      0.005297211464494467,
      0.0048845307901501656,
      0.005014864262193441,
      0.004378483165055513,
      0.004262189380824566,
      0.004089681431651115,
      0.003916845191270113,
      0.004279082175344229,
      0.004040401428937912,
      0.004213329404592514,
      0.0032624758314341307,
      0.0036182310432195663,
      0.004161672666668892,
      0.003913863096386194,
      0.002953415038064122,
      0.003113477025181055,
      0.0032805753871798515,
      0.002679206198081374,
      0.002690522465854883,
      0.0034617935307323933,
      0.0027004803996533155,
      0.0032852543517947197,
      0.0026642801240086555,
      0.002451102714985609,
      0.0025059632025659084,
      0.003925830125808716,
      0.00217181327752769,
      0.003178392769768834,
      0.0026132490020245314,
      0.002795320935547352,
      0.0027788616716861725,
      0.002567513845860958,
      0.004360642749816179,
      0.0033757523633539677,
      0.003134713275358081,
      0.003424764610826969,
      0.0031382727902382612,
      0.002706244820728898,
      0.002729502273723483,
      0.002609810559079051,
      0.002686229068785906,
      0.0021239605266600847,
      0.0024586764629930258,
      0.0032221158035099506,
      0.002627007896080613,
      0.002327290363609791,
      0.0024481886066496372,
      0.002758974675089121,
      0.0020417345222085714,
      0.003546497318893671,
      0.003320459509268403,
      0.002849527634680271,
      0.0025647368747740984,
      0.002671260619536042,
      0.002465958474203944,
      0.0024949247017502785,
      0.001958482665941119,
      0.0021055557299405336,
      0.0029145542066544294,
      0.0025385040789842606,
      0.001693780766800046,
      0.0022433926351368427,
      0.001896027592010796,
      0.0029510550666600466,
      0.0015340899117290974,
      0.0029704475309699774,
      0.0020857497584074736,
      0.00252034910954535,
      0.002650299808010459,
      0.0018512862734496593,
      0.0021232636645436287,
      0.002272646175697446,
      0.002826577052474022,
      0.002456377260386944,
      0.0024522060994058847,
      0.00260899867862463,
      0.0024516789708286524,
      0.002870334079489112,
      0.002398664364591241,
      0.0022468462120741606,
      0.001816685195080936,
      0.002059631748124957,
      0.0023306896910071373,
      0.0027550735976547003,
      0.0021784724667668343,
      0.0025838720612227917,
      0.0021625463850796223,
      0.0024340322706848383,
      0.002142579760402441,
      0.001965912990272045,
      0.0021377792581915855,
      0.0023162774741649628,
      0.001989447046071291,
      0.001942900475114584,
      0.002238521119579673,
      0.0017249557422474027,
      0.002302973996847868,
      0.0022167563438415527,
      0.002211841754615307,
      0.0019481135532259941,
      0.0018743276596069336,
      0.0018510613590478897,
      0.0022997683845460415,
      0.002519636880606413,
      0.0023583685979247093,
      0.002062747022137046,
      0.0019517977489158511,
      0.002098165452480316,
      0.0019833585247397423,
      0.001798187498934567,
      0.0018605850636959076,
      0.0021047918125987053,
      0.0018725348636507988,
      0.001990048447623849,
      0.0016166012501344085,
      0.0018528865184634924,
      0.002067606197670102,
      0.001832167967222631,
      0.0023086986038833857,
      0.0016253454377874732,
      0.0016647456213831902,
      0.0016287268372252584,
      0.001999335829168558,
      0.0021254592575132847,
      0.0018597902962937951,
      0.0017051282338798046,
      0.0018289015861228108,
      0.002045453293249011,
      0.0015397630631923676,
      0.0016446583904325962,
      0.001961412373930216,
      0.0020092257764190435,
      0.0019335565157234669,
      0.0016492881113663316,
      0.0014148844638839364,
      0.0018975990824401379,
      0.0014755070442333817,
      0.001994488062337041,
      0.0014154897071421146,
      0.0016454658471047878,
      0.0017749940743669868,
      0.001405053772032261,
      0.0014738047029823065,
      0.0016619715606793761,
      0.00206923414953053,
      0.0015489504439756274,
      0.0019237956730648875,
      0.0020402069203555584,
      0.0017509401077404618,
      0.0014581801369786263,
      0.0017002144595608115,
      0.0018363872077316046,
      0.0012891805963590741,
      0.0013833080884069204,
      0.0016872650012373924,
      0.0016494126757606864,
      0.0011916887015104294,
      0.001720220549032092,
      0.0019023430068045855,
      0.0015340788522735238,
      0.0015041319420561194,
      0.001347324694506824,
      0.0015696329064667225,
      0.0017281041946262121,
      0.0011758755426853895,
      0.0015377209056168795,
      0.0015807055169716477,
      0.0014710085233673453,
      0.0013958476483821869,
      0.0011229368392378092,
      0.0017338128527626395,
      0.001598403905518353,
      0.0014499323442578316,
      0.001536887139081955,
      0.0017164230812340975,
      0.0016295112436637282,
      0.0014365199021995068,
      0.0012669822899624705,
      0.0017053093761205673,
      0.0013228257885202765,
      0.0012792834313586354,
      0.0013754817191511393,
      0.0015241982182487845,
      0.0015540100866928697,
      0.0012506353668868542,
      0.0015741137322038412,
      0.0013699426781386137,
      0.001395752769894898,
      0.001421254244633019,
      0.0012681253720074892,
      0.001259911572560668,
      0.0012931866804137826,
      0.0015685841208323836,
      0.0017867119750007987,
      0.0011546988971531391,
      0.0012558777816593647,
      0.0014134063385426998,
      0.0015334223862737417,
      0.0016069987323135138,
      0.0010917650070041418,
      0.0013065161183476448,
      0.0011638039723038673,
      0.0012307040160521865,
      0.0011917053489014506,
      0.0013886833330616355,
      0.0011822590604424477,
      0.0014114439254626632,
      0.0015924711478874087,
      0.0011935915099456906,
      0.001203720923513174,
      0.0014290184481069446,
      0.0011510906042531133,
