{
   "number_epochs": 400,
   "info_used": "use imputation",
   "perc_full_data": 0.04,
   "n_epochs_no_selection": 0,
   "Frequency % cutoff": 0.33,
   "hidden_size": 32,
   "random_state": 1,
   "train_errors": [
      0.2835105061531067,
      0.1937515139579773,
      0.11936797946691513,
      0.06652664393186569,
      0.043197568506002426,
      0.05318842828273773,
      0.06358657777309418,
      0.05970081314444542,
      0.048086684197187424,
      0.0395156592130661,
      0.03642573207616806,
      0.03674490004777908,
      0.037777647376060486,
      0.03835997357964516,
      0.03733501955866814,
      0.03623739629983902,
      0.0339520238339901,
      0.03245700150728226,
      0.030742956325411797,
      0.031215675175189972,
      0.030928386375308037,
      0.031166594475507736,
      0.030407242476940155,
      0.029948558658361435,
      0.03024393320083618,
      0.03086181730031967,
      0.029877660796046257,
      0.03004927933216095,
      0.02951236441731453,
      0.02902350202202797,
      0.028043992817401886,
      0.028701800853013992,
      0.027443241328001022,
      0.02748757414519787,
      0.02633466012775898,
      0.026746904477477074,
      0.026376081630587578,
      0.02570926584303379,
      0.024804074317216873,
      0.025718308985233307,
      0.024923590943217278,
      0.025738397613167763,
      0.024708978831768036,
      0.025147954002022743,
      0.02470170520246029,
      0.024031804874539375,
      0.024589989334344864,
      0.023640217259526253,
      0.023274734616279602,
      0.02364763617515564,
      0.022335579618811607,
      0.022827403619885445,
      0.022326992824673653,
      0.02237199991941452,
      0.021299147978425026,
      0.022043628618121147,
      0.02072836644947529,
      0.021179208531975746,
      0.01972164772450924,
      0.01983901858329773,
      0.01999356970191002,
      0.01870810054242611,
      0.01968267560005188,
      0.01796858198940754,
      0.017857832834124565,
      0.017287254333496094,
      0.016682695597410202,
      0.01610877551138401,
      0.01571241021156311,
      0.016161473467946053,
      0.014511157758533955,
      0.014376566745340824,
      0.014864640310406685,
      0.013898308388888836,
      0.01438871119171381,
      0.013334089890122414,
      0.012427488341927528,
      0.011953513137996197,
      0.010884045623242855,
      0.011016718111932278,
      0.010833130218088627,
      0.010873710736632347,
      0.009692925959825516,
      0.00917391199618578,
      0.00960969552397728,
      0.008840998634696007,
      0.009170293807983398,
      0.00853518396615982,
      0.008387919515371323,
      0.007721657399088144,
      0.006387580186128616,
      0.006604859605431557,
      0.0058801001869142056,
      0.005760297179222107,
      0.006059608422219753,
      0.006110794842243195,
      0.005507683847099543,
      0.006079808343201876,
      0.005457537714391947,
      0.005589039530605078,
      0.00585244270041585,
      0.005311369430273771,
      0.0048015969805419445,
      0.005334347952157259,
      0.0047821179032325745,
      0.0050705308094620705,
      0.004158688709139824,
      0.004265538416802883,
      0.004464749246835709,
      0.003762161126360297,
      0.0050225756131112576,
      0.004314323887228966,
      0.004510660655796528,
      0.0035417070612311363,
      0.003680954221636057,
      0.00502140773460269,
      0.0036569468211382627,
      0.003961741924285889,
      0.0036746410187333822,
      0.004134087823331356,
      0.0035927961580455303,
      0.003835584968328476,
      0.0038293679244816303,
      0.004154428839683533,
      0.004239184316247702,
      0.004137747455388308,
      0.0038808626122772694,
      0.003625193377956748,
      0.0026979560498148203,
      0.003560505574569106,
      0.004060199484229088,
      0.004138227552175522,
      0.00337982177734375,
      0.0032439534552395344,
      0.002750205807387829,
      0.0036776058841496706,
      0.004194773733615875,
      0.003190292278304696,
      0.0034445158671587706,
      0.003228578018024564,
      0.002913252916187048,
      0.00405300036072731,
      0.0035217893309891224,
      0.0034949909895658493,
      0.003309032181277871,
      0.00353223760612309,
      0.0038639011327177286,
      0.0036883149296045303,
      0.002930010436102748,
      0.0035193415824323893,
      0.002776811132207513,
      0.0033881114795804024,
      0.0032029093708842993,
      0.0030486106406897306,
      0.002547438023611903,
      0.002495286986231804,
      0.0027388278394937515,
      0.002984787104651332,
      0.0036135457921773195,
      0.0025290953926742077,
      0.0030614854767918587,
      0.0036123525351285934,
      0.0034399523865431547,
      0.0034715745132416487,
      0.0021856464445590973,
      0.0026442804373800755,
      0.0031215709168463945,
      0.0028120800852775574,
      0.0028393862303346395,
      0.0028286566957831383,
      0.0025160363875329494,
      0.0028538762126117945,
      0.002933315234258771,
      0.0027603558264672756,
      0.002978196833282709,
      0.003039746778085828,
      0.0031041374895721674,
      0.0029440131038427353,
      0.0033856267109513283,
      0.002773010404780507,
      0.002779224654659629,
      0.002589048119261861,
      0.0026245007757097483,
      0.0029578597750514746,
      0.0025812461972236633,
      0.002934049116447568,
      0.0023677502758800983,
      0.002625600202009082,
      0.0025441779289394617,
      0.0027584724593907595,
      0.0026587911415845156,
      0.001982201589271426,
      0.00249804207123816,
      0.0026534583885222673,
      0.0027592252008616924,
      0.0021399662364274263,
      0.0022835126146674156,
      0.002309182658791542,
      0.0026244735345244408,
      0.002050611190497875,
      0.002358059398829937,
      0.0022351888474076986,
      0.002020759042352438,
      0.0022340400610119104,
      0.0021248208358883858,
      0.002771238097921014,
      0.002558079781010747,
      0.0023810812272131443,
      0.0025678323581814766,
      0.0025292786303907633,
      0.0019189480226486921,
      0.0023107288870960474,
      0.0019186589634045959,
      0.0022898067254573107,
      0.0025740480050444603,
      0.0023796006571501493,
      0.002776574809104204,
      0.002736625261604786,
      0.0029620954301208258,
      0.0022582660894840956,
      0.002199594397097826,
      0.002302326261997223,
      0.0019431189866736531,
      0.002064709085971117,
      0.0019673050846904516,
      0.0023584978189319372,
      0.002183603821322322,
      0.002375488867983222,
      0.001967383548617363,
      0.0018701832741498947,
      0.0019597960636019707,
      0.0021512259263545275,
      0.0024678863119333982,
      0.0020952695049345493,
      0.0021233828738331795,
      0.0020774807780981064,
      0.0022154864855110645,
      0.0018667677650228143,
      0.001817279146052897,
      0.001961011905223131,
      0.0020761971827596426,
      0.001653177896514535,
      0.0019059862243011594,
      0.0018703085370361805,
      0.0020641647279262543,
      0.001872221240773797,
      0.0020759105682373047,
      0.001935065258294344,
      0.0018554477719590068,
      0.0016938892658799887,
      0.0021245027892291546,
      0.0016458078753203154,
      0.0019545049872249365,
      0.0018085435731336474,
      0.001723181689158082,
      0.0021323682740330696,
      0.0018960388842970133,
      0.0020030580926686525,
      0.001834664260968566,
      0.0018491602968424559,
      0.002465591300278902,
      0.002150103682652116,
      0.0018630806589499116,
      0.00221801083534956,
      0.0016126068076118827,
      0.001961467321962118,
      0.0015674115857109427,
      0.001588915241882205,
      0.0018053327221423388,
      0.0019099509809166193,
      0.0014647238422185183,
      0.001740857376717031,
      0.0016463802894577384,
      0.0017070932080969214,
      0.0016363230533897877,
      0.001848649699240923,
