{
   "number_epochs": 400,
   "info_used": "use imputation",
   "perc_full_data": 0.04,
   "n_epochs_no_selection": 0,
   "Frequency % cutoff": 0.33,
   "hidden_size": 32,
   "random_state": 10,
   "train_errors": [
      0.29529720544815063,
      0.19309431314468384,
      0.11260044574737549,
      0.06084510311484337,
      0.04647031053900719,
      0.06137198582291603,
      0.06949477642774582,
      0.056644685566425323,
      0.04539712890982628,
      0.040920983999967575,
      0.03944071754813194,
      0.040351368486881256,
      0.042160604149103165,
      0.04189758747816086,
      0.04053521901369095,
      0.0379473902285099,
      0.036816708743572235,
      0.03503468632698059,
      0.03395369276404381,
      0.03385310247540474,
      0.033282216638326645,
      0.03306456282734871,
      0.031859930604696274,
      0.03157876431941986,
      0.030572697520256042,
      0.029905682429671288,
      0.029581451788544655,
      0.029698804020881653,
      0.028649209067225456,
      0.02879723533987999,
      0.027634428814053535,
      0.028329823166131973,
      0.027379032224416733,
      0.02690880000591278,
      0.0270655769854784,
      0.02681669406592846,
      0.026874111965298653,
      0.027248166501522064,
      0.026767928153276443,
      0.02610737271606922,
      0.02622722089290619,
      0.025996025651693344,
      0.02549426630139351,
      0.025553302839398384,
      0.025283919647336006,
      0.025305720046162605,
      0.02442321740090847,
      0.024594780057668686,
      0.02489289827644825,
      0.024314088746905327,
      0.023839835077524185,
      0.02372271567583084,
      0.024587435647845268,
      0.023913225159049034,
      0.023950498551130295,
      0.023292863741517067,
      0.023068472743034363,
      0.021630827337503433,
      0.022377192974090576,
      0.02260616049170494,
      0.022167550399899483,
      0.020929815247654915,
      0.022524459287524223,
      0.02125099115073681,
      0.020396169275045395,
      0.020233754068613052,
      0.020506393164396286,
      0.019997505471110344,
      0.020170504227280617,
      0.019315550103783607,
      0.01962452568113804,
      0.019227322190999985,
      0.01868559792637825,
      0.018581712618470192,
      0.018161267042160034,
      0.01857496052980423,
      0.018212858587503433,
      0.018173644319176674,
      0.017125051468610764,
      0.01724170707166195,
      0.017223728820681572,
      0.017102528363466263,
      0.016547445207834244,
      0.016602085903286934,
      0.01579979807138443,
      0.016681257635354996,
      0.016010671854019165,
      0.01597093977034092,
      0.015420908108353615,
      0.014794513583183289,
      0.015297260135412216,
      0.01544109545648098,
      0.014356263913214207,
      0.014194615185260773,
      0.01480146124958992,
      0.01464728731662035,
      0.014454090967774391,
      0.014280540868639946,
      0.014292994514107704,
      0.014487897977232933,
      0.01409928034991026,
      0.01343215350061655,
      0.01362009160220623,
      0.01448921300470829,
      0.01373298466205597,
      0.014277857728302479,
      0.013373352587223053,
      0.013440863229334354,
      0.01330801285803318,
      0.012921655550599098,
      0.013219371438026428,
      0.01356547325849533,
      0.013782394118607044,
      0.012715275399386883,
      0.012987072579562664,
      0.012800799682736397,
      0.01329751219600439,
      0.012841707095503807,
      0.012623311020433903,
      0.012970522977411747,
      0.012856225483119488,
      0.012914089486002922,
      0.012850330211222172,
      0.012229968793690205,
      0.012469984591007233,
      0.012731987051665783,
      0.012522717006504536,
      0.01242426224052906,
      0.012888399884104729,
      0.011877819895744324,
      0.012701475992798805,
      0.012205601669847965,
      0.012133819982409477,
      0.011839594691991806,
      0.012268034741282463,
      0.011727239936590195,
      0.012067576870322227,
      0.012185697443783283,
      0.011974845081567764,
      0.011953659355640411,
      0.012220288626849651,
      0.012035900726914406,
      0.012430558912456036,
      0.011538579128682613,
      0.011419450864195824,
      0.011684958823025227,
      0.012319603003561497,
      0.011769542470574379,
      0.011682807467877865,
      0.011414077132940292,
      0.011753883212804794,
      0.01164622139185667,
      0.011493375524878502,
      0.011403080075979233,
      0.011852772906422615,
      0.011445979587733746,
      0.011936137452721596,
      0.01171636488288641,
      0.011491426266729832,
      0.011646249331533909,
      0.011931552551686764,
      0.01147521287202835,
      0.011782331392168999,
      0.011469567194581032,
      0.011321005411446095,
      0.011300615966320038,
      0.010949896648526192,
      0.011219564825296402,
      0.011947039514780045,
      0.010839716531336308,
      0.011264742352068424,
      0.011441259644925594,
      0.011110562831163406,
      0.010644069872796535,
      0.011047113686800003,
      0.011351008899509907,
      0.011154190637171268,
      0.011084944009780884,
      0.010958477854728699,
      0.010961923748254776,
      0.010645700618624687,
      0.010996135883033276,
      0.010692878626286983,
      0.010357449762523174,
      0.010584069415926933,
      0.010585612617433071,
      0.01060342788696289,
      0.010959213599562645,
      0.011305827647447586,
      0.011376701295375824,
      0.010705712251365185,
      0.010585764423012733,
      0.010910035111010075,
      0.010929850861430168,
      0.010622061789035797,
      0.010162683203816414,
      0.010474265553057194,
      0.010664893314242363,
      0.010841314680874348,
      0.010743547230958939,
      0.011056939139962196,
      0.010763708502054214,
      0.01098279282450676,
      0.010437998920679092,
      0.010509274899959564,
      0.010548274032771587,
      0.010848263278603554,
      0.01049768552184105,
      0.010629347525537014,
      0.010373602621257305,
      0.010470692999660969,
      0.010557194240391254,
      0.010743384249508381,
      0.010426723398268223,
      0.010270596481859684,
      0.010885808616876602,
      0.010630829259753227,
      0.010642733424901962,
      0.01014203391969204,
      0.010707473382353783,
      0.010283042676746845,
      0.010354217141866684,
      0.01075733732432127,
      0.01085283700376749,
      0.01044649351388216,
      0.010520681738853455,
      0.01001989096403122,
      0.010441126301884651,
      0.010683017782866955,
      0.01004563458263874,
      0.009996945969760418,
      0.010184095241129398,
      0.010421162471175194,
      0.01036741491407156,
      0.010734784416854382,
      0.010462108999490738,
      0.010754621587693691,
      0.01055309921503067,
      0.010729819536209106,
      0.010288955643773079,
      0.010658093728125095,
      0.009234389290213585,
      0.010400703176856041,
      0.010034115053713322,
      0.010318675078451633,
      0.01059265248477459,
      0.010555627755820751,
      0.010202801786363125,
      0.010410203598439693,
      0.009939571842551231,
      0.010535665787756443,
      0.010529921390116215,
      0.010323837399482727,
      0.010096753016114235,
      0.010591287165880203,
      0.009967601858079433,
      0.009854158386588097,
      0.009859698824584484,
      0.00968969613313675,
      0.010402955114841461,
      0.009988685138523579,
      0.009953082539141178,
      0.009796014055609703,
      0.010444524697959423,
      0.009784147143363953,
      0.01062823086977005,
      0.010052806697785854,
      0.010236903093755245,
      0.010106440633535385,
      0.010202265344560146,
      0.009889017790555954,
      0.010427339002490044,
      0.010179080069065094,
      0.010192562825977802,
      0.009987053461372852,
      0.010262216441333294,
      0.010032988153398037,
      0.00988988857716322,
      0.01083360891789198,
      0.009865018539130688,
