{
   "number_epochs": 400,
   "info_used": "use imputation",
   "perc_full_data": 0.04,
   "n_epochs_no_selection": 0,
   "Frequency % cutoff": 0.33,
   "hidden_size": 32,
   "random_state": 2,
   "train_errors": [
      0.21851453185081482,
      0.17559650540351868,
      0.13573883473873138,
      0.09933555871248245,
      0.06725654751062393,
      0.0450500063598156,
      0.034700922667980194,
      0.04056635499000549,
      0.04735841974616051,
      0.04710942506790161,
      0.041892215609550476,
      0.03472588583827019,
      0.033259764313697815,
      0.03244577720761299,
      0.03390191122889519,
      0.034545741975307465,
      0.03447934240102768,
      0.03323367238044739,
      0.03187214210629463,
      0.03108527511358261,
      0.029913920909166336,
      0.029665876179933548,
      0.02926384098827839,
      0.029477695003151894,
      0.029387352988123894,
      0.028358271345496178,
      0.028420545160770416,
      0.027783943340182304,
      0.028009284287691116,
      0.027407051995396614,
      0.026947611942887306,
      0.02648654207587242,
      0.02593137137591839,
      0.025796568021178246,
      0.025917882099747658,
      0.025072434917092323,
      0.025293290615081787,
      0.025233712047338486,
      0.02486226335167885,
      0.024715766310691833,
      0.024569910019636154,
      0.024262884631752968,
      0.023916682228446007,
      0.023900272324681282,
      0.023665964603424072,
      0.023818964138627052,
      0.023491976782679558,
      0.022523151710629463,
      0.022465353831648827,
      0.023457840085029602,
      0.023453239351511,
      0.022423921152949333,
      0.022189870476722717,
      0.022619590163230896,
      0.022268781438469887,
      0.021346764639019966,
      0.021666761487722397,
      0.021878682076931,
      0.021399110555648804,
      0.02160433866083622,
      0.02188333496451378,
      0.02111860364675522,
      0.020984288305044174,
      0.02157188020646572,
      0.02093769982457161,
      0.020984439179301262,
      0.02126901037991047,
      0.020876040682196617,
      0.020641300827264786,
      0.020844673737883568,
      0.020785247907042503,
      0.020697204396128654,
      0.020619355142116547,
      0.020110536366701126,
      0.019952774047851562,
      0.01963113434612751,
      0.02069178782403469,
      0.019974416121840477,
      0.01997835747897625,
      0.0192234106361866,
      0.020399082452058792,
      0.019639752805233,
      0.019617436453700066,
      0.019879117608070374,
      0.019155289977788925,
      0.01938406378030777,
      0.01913723163306713,
      0.01923391968011856,
      0.01854824647307396,
      0.018903153017163277,
      0.018943263217806816,
      0.018450282514095306,
      0.018330754712224007,
      0.018155839294195175,
      0.017955856397747993,
      0.018096575513482094,
      0.017986617982387543,
      0.017876949161291122,
      0.01827075704932213,
      0.01716717705130577,
      0.01808770000934601,
      0.018345152959227562,
      0.01721028983592987,
      0.01678813248872757,
      0.017782337963581085,
      0.017204416915774345,
      0.01699395850300789,
      0.016743497923016548,
      0.016511427238583565,
      0.017352567985653877,
      0.01655075140297413,
      0.01631239801645279,
      0.015977418050169945,
      0.015649758279323578,
      0.016257409006357193,
      0.015588817186653614,
      0.01646333560347557,
      0.01662422902882099,
      0.01604314148426056,
      0.01580692268908024,
      0.016783200204372406,
      0.016652969643473625,
      0.015144209377467632,
      0.015658829361200333,
      0.015392562374472618,
      0.016291368752717972,
      0.015054838731884956,
      0.01484841201454401,
      0.015063694678246975,
      0.015727054327726364,
      0.015273679979145527,
      0.014627032913267612,
      0.01496145036071539,
      0.015886953100562096,
      0.01524466834962368,
      0.015066437423229218,
      0.01430080272257328,
      0.014196635223925114,
      0.015529027208685875,
      0.014613629318773746,
      0.015221478417515755,
      0.01462066825479269,
      0.014373762533068657,
      0.014869933016598225,
      0.014519628137350082,
      0.01525055430829525,
      0.014378335326910019,
      0.013523651286959648,
      0.015418129973113537,
      0.013960909098386765,
      0.01436009630560875,
      0.014492480084300041,
      0.014078043401241302,
      0.01429050788283348,
      0.014125443063676357,
      0.014385019429028034,
      0.013699868693947792,
      0.013587829656898975,
      0.013667454943060875,
      0.013460790738463402,
      0.014050338417291641,
      0.01414935477077961,
      0.01345496904104948,
      0.015135684981942177,
      0.013816184364259243,
      0.014043767005205154,
      0.013950682245194912,
      0.013467629440128803,
      0.01356602180749178,
      0.014092782512307167,
      0.01347474753856659,
      0.013946693390607834,
      0.014510008506476879,
      0.014256221242249012,
      0.014011682942509651,
      0.014062383212149143,
      0.013618983328342438,
      0.014203154481947422,
      0.013814043253660202,
      0.01407958660274744,
      0.01371919084340334,
      0.013231358490884304,
      0.013500481843948364,
      0.014759465120732784,
      0.013538296334445477,
      0.013849052600562572,
      0.014249752275645733,
      0.014066893607378006,
      0.014340631663799286,
      0.01369877066463232,
      0.013153011910617352,
      0.013543621636927128,
      0.013599726371467113,
      0.014298207126557827,
      0.014854821376502514,
      0.013635235838592052,
      0.01392458938062191,
      0.014204487204551697,
      0.013103379867970943,
      0.013863738626241684,
      0.012882721610367298,
      0.01310690026730299,
      0.013813778758049011,
      0.013001922518014908,
      0.013024394400417805,
      0.013450575061142445,
      0.01349874958395958,
      0.013586977496743202,
      0.013776907697319984,
      0.013231080025434494,
      0.014219697564840317,
      0.013077854178845882,
      0.013220277614891529,
      0.012979814782738686,
      0.013126428239047527,
      0.01272088848054409,
      0.012999992817640305,
      0.012602169997990131,
      0.01296572107821703,
      0.012865828350186348,
      0.013085706159472466,
      0.012890777550637722,
      0.013306625187397003,
      0.012470797635614872,
      0.012552082538604736,
      0.012603848241269588,
      0.013315179385244846,
      0.012378314509987831,
      0.012612930499017239,
      0.012953687459230423,
      0.013038399629294872,
      0.012524884194135666,
      0.01299666240811348,
      0.012860405258834362,
      0.013254890218377113,
      0.012584018521010876,
      0.012583354488015175,
      0.012968072667717934,
      0.012454818934202194,
      0.012967091053724289,
      0.011917284689843655,
      0.011890191584825516,
      0.01223661657422781,
      0.013094657100737095,
      0.012382007203996181,
      0.01270596869289875,
      0.01275388803333044,
      0.012510363943874836,
      0.012411676347255707,
      0.0129731809720397,
      0.011767037212848663,
      0.012174463830888271,
      0.013236499391496181,
      0.01278742402791977,
      0.012526442296802998,
      0.012184930965304375,
      0.01222697738558054,
      0.011762441135942936,
      0.012078664265573025,
      0.012071975506842136,
      0.011371058411896229,
      0.012316596694290638,
      0.011668243445456028,
      0.012225590646266937,
      0.01217571459710598,
      0.011861271224915981,
      0.012231584638357162,
      0.012279399670660496,
      0.011969569139182568,
      0.011896457523107529,
      0.011999614536762238,
      0.011845334433019161,
      0.011725399643182755,
      0.011867369525134563,
      0.011945854872465134,
      0.011783475056290627,
      0.011856543831527233,
      0.012054800055921078,
      0.012232117354869843,
      0.01195609848946333,
      0.011976081877946854,
