{
   "number_epochs": 400,
   "info_used": "use imputation",
   "perc_full_data": 0.04,
   "n_epochs_no_selection": 0,
   "Frequency % cutoff": 0.33,
   "hidden_size": 32,
   "random_state": 7,
   "train_errors": [
      0.36362364888191223,
      0.2697962522506714,
      0.18605820834636688,
      0.11546216905117035,
      0.06432968378067017,
      0.03734301030635834,
      0.03897618502378464,
      0.05375207960605621,
      0.05780923366546631,
      0.05052860081195831,
      0.03962480276823044,
      0.032513201236724854,
      0.031726960092782974,
      0.03271902725100517,
      0.03466915711760521,
      0.03603241965174675,
      0.0355195477604866,
      0.034173011779785156,
      0.03122686594724655,
      0.02919558435678482,
      0.028056349605321884,
      0.02767816372215748,
      0.02815249003469944,
      0.027889041230082512,
      0.028116978704929352,
      0.027100171893835068,
      0.02670479379594326,
      0.02609236165881157,
      0.025162816047668457,
      0.02502247877418995,
      0.024653885513544083,
      0.023922737687826157,
      0.02383425273001194,
      0.02405204251408577,
      0.023005403578281403,
      0.022989163175225258,
      0.02249513752758503,
      0.021668551489710808,
      0.020875027403235435,
      0.021121345460414886,
      0.02004329487681389,
      0.02009904943406582,
      0.019578460603952408,
      0.0188849326223135,
      0.018889589235186577,
      0.018597278743982315,
      0.018126847222447395,
      0.01759483851492405,
      0.01737450435757637,
      0.0171047355979681,
      0.017304373905062675,
      0.0165559072047472,
      0.016091957688331604,
      0.015856293961405754,
      0.015695303678512573,
      0.016296865418553352,
      0.015963559970259666,
      0.015338567085564137,
      0.014428419061005116,
      0.01501983031630516,
      0.014191756956279278,
      0.014445027336478233,
      0.014563479460775852,
      0.01466011069715023,
      0.014209199696779251,
      0.01438617892563343,
      0.014015311375260353,
      0.013950474560260773,
      0.013592714443802834,
      0.014262472279369831,
      0.013719077222049236,
      0.013633031398057938,
      0.013134108856320381,
      0.013040305115282536,
      0.013526154682040215,
      0.013429512269794941,
      0.012784929946064949,
      0.012951962649822235,
      0.013028720393776894,
      0.012277604080736637,
      0.011577613651752472,
      0.01211884431540966,
      0.011577866971492767,
      0.012179411016404629,
      0.011125590652227402,
      0.010780609212815762,
      0.010537994094192982,
      0.011504249647259712,
      0.010496575385332108,
      0.011445664800703526,
      0.010615234263241291,
      0.011037918739020824,
      0.010411388240754604,
      0.011089448817074299,
      0.011734480038285255,
      0.011226193979382515,
      0.011143175885081291,
      0.01128518208861351,
      0.011045894585549831,
      0.010621835477650166,
      0.010366280563175678,
      0.01002210658043623,
      0.010564903728663921,
      0.010422895662486553,
      0.0107725253328681,
      0.011285880580544472,
      0.010351227596402168,
      0.010079358704388142,
      0.00983827281743288,
      0.010147856548428535,
      0.009704564698040485,
      0.010701978579163551,
      0.010293145664036274,
      0.010555933229625225,
      0.010256387293338776,
      0.010525757446885109,
      0.009668362326920033,
      0.010548975318670273,
      0.010189622640609741,
      0.010076354257762432,
      0.010454943403601646,
      0.00991092436015606,
      0.0094650499522686,
      0.010138594545423985,
      0.009558429010212421,
      0.01062032114714384,
      0.009451737627387047,
      0.009744006209075451,
      0.0099412240087986,
      0.009971831925213337,
      0.010267619974911213,
      0.009724884293973446,
      0.009389136917889118,
      0.009624574333429337,
      0.010355183854699135,
      0.01037483662366867,
      0.009665831923484802,
      0.010272647254168987,
      0.009803108870983124,
      0.009994891472160816,
      0.00975857675075531,
      0.009833035990595818,
      0.009204020723700523,
      0.00996316783130169,
      0.009812865406274796,
      0.009906718507409096,
      0.009883545339107513,
      0.009995362721383572,
      0.00982517097145319,
      0.010072392411530018,
      0.009682356379926205,
      0.009740844368934631,
      0.009502778761088848,
      0.009239992126822472,
      0.009499303996562958,
      0.009127840399742126,
      0.009145899675786495,
      0.009237830527126789,
      0.010187823325395584,
      0.009300212375819683,
      0.010052112862467766,
      0.00892880093306303,
      0.009403256699442863,
      0.009535204619169235,
      0.0096758296713233,
      0.009930495172739029,
      0.010236289352178574,
      0.00947392825037241,
      0.00925513170659542,
      0.009377206675708294,
      0.009157768450677395,
      0.009045467711985111,
      0.009320372715592384,
      0.008916696533560753,
      0.009263386949896812,
      0.008464746177196503,
      0.009324362501502037,
      0.009404064156115055,
      0.009210430085659027,
      0.009589196182787418,
      0.009807057678699493,
      0.009341909550130367,
      0.008700437843799591,
      0.008676119148731232,
      0.009234927594661713,
      0.009076490998268127,
      0.008846288546919823,
      0.008992000482976437,
      0.009234057739377022,
      0.00932402815669775,
      0.008658180013298988,
      0.008915233425796032,
      0.009287573397159576,
      0.009416378103196621,
      0.009226574562489986,
      0.008936005644500256,
      0.008688069880008698,
      0.009451547637581825,
      0.008692578412592411,
      0.009332817979156971,
      0.008660666644573212,
      0.008677829056978226,
      0.009218093939125538,
      0.008620407432317734,
      0.00873619131743908,
      0.008941513486206532,
      0.008866065181791782,
      0.00884172786027193,
      0.009429734200239182,
      0.008886771276593208,
      0.00893271155655384,
      0.008564230054616928,
      0.008960209786891937,
      0.00846080668270588,
      0.008565984666347504,
      0.008657007478177547,
      0.008315294981002808,
      0.008365684188902378,
      0.007966188713908195,
      0.00928001943975687,
      0.009145988151431084,
      0.008305632509291172,
      0.00792417861521244,
      0.008305346593260765,
      0.008698875084519386,
      0.009158123284578323,
      0.007765117101371288,
      0.0084144975990057,
      0.009010850451886654,
      0.008222369477152824,
      0.008351205848157406,
      0.008104322478175163,
      0.008449329063296318,
      0.008331237360835075,
      0.007999210618436337,
      0.008030978962779045,
      0.00828493107110262,
      0.00846940092742443,
      0.008494634181261063,
      0.007776633836328983,
      0.008883444592356682,
      0.007911153137683868,
      0.008351978845894337,
      0.0076854950748384,
      0.008218847215175629,
      0.00848477240651846,
      0.008309103548526764,
      0.008532306179404259,
      0.008067765273153782,
      0.007841511629521847,
      0.008020962588489056,
      0.008120125159621239,
      0.00760654965415597,
      0.0077890679240226746,
      0.00811682641506195,
      0.008599715307354927,
      0.007841941900551319,
      0.008272790350019932,
      0.007831991650164127,
      0.008672315627336502,
      0.008246616460382938,
      0.007967812940478325,
      0.008229740895330906,
      0.008233061991631985,
      0.008022616617381573,
      0.0072845094837248325,
      0.007900933735072613,
      0.007585603278130293,
      0.008029942400753498,
      0.008662259206175804,
      0.008218517526984215,
      0.007761718705296516,
      0.008323737420141697,
      0.007291031070053577,
      0.008111636154353619,
      0.007899129763245583,
      0.007647975347936153,
      0.007895889692008495,
      0.00785159133374691,
      0.008118716068565845,
