{
   "number_epochs": 400,
   "info_used": "use imputation",
   "perc_full_data": 0.04,
   "n_epochs_no_selection": 0,
   "Frequency % cutoff": 0.33,
   "hidden_size": 32,
   "random_state": 14,
   "train_errors": [
      0.4097095727920532,
      0.3072989881038666,
      0.21992157399654388,
      0.1470651477575302,
      0.08775919675827026,
      0.05306633189320564,
      0.046478815376758575,
      0.06005898490548134,
      0.0742361843585968,
      0.0684080645442009,
      0.05663657560944557,
      0.046033501625061035,
      0.03977750986814499,
      0.03839200362563133,
      0.039680205285549164,
      0.041452761739492416,
      0.041913945227861404,
      0.04040205851197243,
      0.037898194044828415,
      0.034934792667627335,
      0.033496297895908356,
      0.03278961777687073,
      0.0325566865503788,
      0.03194620460271835,
      0.03143705055117607,
      0.031105900183320045,
      0.030583912506699562,
      0.030809232965111732,
      0.029485739767551422,
      0.029527675360441208,
      0.028388848528265953,
      0.0273626446723938,
      0.02689570188522339,
      0.027569539844989777,
      0.02590874396264553,
      0.02620742656290531,
      0.02581135369837284,
      0.026560340076684952,
      0.026021189987659454,
      0.02507701702415943,
      0.026437673717737198,
      0.025179201737046242,
      0.024425150826573372,
      0.024669166654348373,
      0.023808883503079414,
      0.02336614392697811,
      0.023637184873223305,
      0.023446418344974518,
      0.02365824207663536,
      0.023372367024421692,
      0.02276425249874592,
      0.02301942929625511,
      0.02290404960513115,
      0.022822609171271324,
      0.02277417667210102,
      0.020878566429018974,
      0.022263826802372932,
      0.020930811762809753,
      0.021226393058896065,
      0.021204601973295212,
      0.021463856101036072,
      0.021882737055420876,
      0.02020602859556675,
      0.02135535143315792,
      0.02053205668926239,
      0.02010186016559601,
      0.020616313442587852,
      0.020250242203474045,
      0.020104030147194862,
      0.020173804834485054,
      0.019651012495160103,
      0.019112195819616318,
      0.019674813374876976,
      0.019062016159296036,
      0.019368067383766174,
      0.018396830186247826,
      0.019143924117088318,
      0.018277790397405624,
      0.018529430031776428,
      0.018282422795891762,
      0.018439989537000656,
      0.018669886514544487,
      0.018128298223018646,
      0.01897706650197506,
      0.017995893955230713,
      0.018368646502494812,
      0.01802125759422779,
      0.01801976002752781,
      0.018449749797582626,
      0.017281891778111458,
      0.01749793440103531,
      0.018083784729242325,
      0.01775866001844406,
      0.017584288492798805,
      0.017350364476442337,
      0.016748910769820213,
      0.01699591986835003,
      0.018331388011574745,
      0.017280377447605133,
      0.017116451635956764,
      0.016824698075652122,
      0.01687072217464447,
      0.017397979274392128,
      0.016100237146019936,
      0.016637036576867104,
      0.01719098724424839,
      0.016817357391119003,
      0.015666423365473747,
      0.016269046813249588,
      0.017021488398313522,
      0.016648074612021446,
      0.016293024644255638,
      0.016688214614987373,
      0.01709851622581482,
      0.016578108072280884,
      0.016294198110699654,
      0.015585574321448803,
      0.015901237726211548,
      0.015844905748963356,
      0.01609576679766178,
      0.01594509556889534,
      0.015334653668105602,
      0.01642555557191372,
      0.015551694668829441,
      0.016239609569311142,
      0.014663313515484333,
      0.016239088028669357,
      0.014831077307462692,
      0.015098514035344124,
      0.015159187838435173,
      0.014861630275845528,
      0.01459603849798441,
      0.014863424934446812,
      0.015034176409244537,
      0.015244617126882076,
      0.014462994411587715,
      0.014079989865422249,
      0.015074926428496838,
      0.014867119491100311,
      0.015190284699201584,
      0.014148984104394913,
      0.014334302395582199,
      0.014946642331779003,
      0.015118541195988655,
      0.014894774183630943,
      0.014925903640687466,
      0.014282738789916039,
      0.015100219286978245,
      0.015137799084186554,
      0.01455996185541153,
      0.015171227045357227,
      0.015118672512471676,
      0.014057050459086895,
      0.014408689923584461,
      0.015157104469835758,
      0.014252335764467716,
      0.015533357858657837,
      0.01488395594060421,
      0.01373217161744833,
      0.013552268035709858,
      0.014124104753136635,
      0.014034400694072247,
      0.013812988065183163,
      0.01498150173574686,
      0.013074303045868874,
      0.013603506609797478,
      0.013860338367521763,
      0.014139700680971146,
      0.014019948430359364,
      0.01319790631532669,
      0.013690248131752014,
      0.014122157357633114,
      0.013077238574624062,
      0.014044139534235,
      0.013478771783411503,
      0.014408157207071781,
      0.013319156132638454,
      0.014109701849520206,
      0.014868523925542831,
      0.015014716424047947,
      0.0141371451318264,
      0.013478395529091358,
      0.013569686561822891,
      0.013800792396068573,
      0.014397512190043926,
      0.013526090420782566,
      0.014316956512629986,
      0.014675013720989227,
      0.013429037295281887,
      0.012950192205607891,
      0.014423050917685032,
      0.01268093939870596,
      0.013408839702606201,
      0.013441347517073154,
      0.014068899676203728,
      0.013868456706404686,
      0.01393241435289383,
      0.013135723769664764,
      0.012966853566467762,
      0.012952206656336784,
      0.013896113261580467,
      0.01468296442180872,
      0.01435492467135191,
      0.013333472423255444,
      0.013053135946393013,
      0.013188574463129044,
      0.014075594954192638,
      0.013640441000461578,
      0.01470261998474598,
      0.013310806825757027,
      0.013641692698001862,
      0.012467429973185062,
      0.013195007108151913,
      0.013455052860081196,
      0.01326736155897379,
      0.013073678128421307,
      0.012865378521382809,
      0.012753685936331749,
      0.013808219693601131,
      0.013474875129759312,
      0.01395951397716999,
      0.013233859091997147,
      0.014011307619512081,
      0.012910147197544575,
      0.0133425984531641,
      0.013262017630040646,
      0.014348170720040798,
      0.013020428828895092,
      0.012804973870515823,
      0.014321434311568737,
      0.012581990100443363,
      0.013753989711403847,
      0.01242445781826973,
      0.012215961702167988,
      0.013799222186207771,
      0.012552381493151188,
      0.01240211445838213,
      0.01249421201646328,
      0.01382261049002409,
      0.013373125344514847,
      0.012967327609658241,
      0.013277549296617508,
      0.013547082431614399,
      0.013487439602613449,
      0.012397868558764458,
      0.01384523045271635,
      0.014159112237393856,
      0.012388184666633606,
      0.012186702340841293,
      0.012798243202269077,
      0.013103737495839596,
      0.013141526840627193,
      0.012850598432123661,
      0.012261871248483658,
      0.011962859891355038,
      0.013112534768879414,
      0.01391776092350483,
      0.01282814983278513,
      0.013612527400255203,
      0.012368278577923775,
      0.012194385752081871,
      0.012747131288051605,
      0.012730144895613194,
      0.01340387761592865,
      0.012794543989002705,
      0.0125696687027812,
      0.01246384996920824,
      0.012117639183998108,
      0.013117188587784767,
      0.013041296973824501,
      0.01284589059650898,
      0.013443248346447945,
      0.011915033683180809,
      0.01311485655605793,
      0.012823516502976418,
      0.014411241747438908,
      0.013888364657759666,
      0.01322562899440527,
      0.012931707315146923,
      0.012593040242791176,
      0.012511231005191803,
