{
   "number_epochs": 400,
   "info_used": "use imputation",
   "perc_full_data": 0.04,
   "n_epochs_no_selection": 0,
   "Frequency % cutoff": 0.33,
   "hidden_size": 32,
   "random_state": 9,
   "train_errors": [
      0.1785070300102234,
      0.11953651905059814,
      0.07294763624668121,
      0.044302575290203094,
      0.039158452302217484,
      0.05076735466718674,
      0.05606934800744057,
      0.04936883971095085,
      0.04043211787939072,
      0.03529486805200577,
      0.03500666096806526,
      0.03579669073224068,
      0.03680923208594322,
      0.03644467145204544,
      0.03573940694332123,
      0.0333670973777771,
      0.03245216980576515,
      0.03210516273975372,
      0.03207215294241905,
      0.032208994030952454,
      0.03221473842859268,
      0.03079984150826931,
      0.030070489272475243,
      0.028684690594673157,
      0.02793000638484955,
      0.027540624141693115,
      0.027372488752007484,
      0.026853501796722412,
      0.02611330896615982,
      0.025679491460323334,
      0.024932939559221268,
      0.02515478990972042,
      0.02411208674311638,
      0.023207135498523712,
      0.023639319464564323,
      0.022523846477270126,
      0.022908467799425125,
      0.022136621177196503,
      0.02239234745502472,
      0.021747568622231483,
      0.022643260657787323,
      0.02254810556769371,
      0.02152891270816326,
      0.02077578194439411,
      0.021729813888669014,
      0.02074153535068035,
      0.021403774619102478,
      0.021099433302879333,
      0.02157178707420826,
      0.020480772480368614,
      0.021014118567109108,
      0.022041764110326767,
      0.02061152085661888,
      0.02139865793287754,
      0.02050038054585457,
      0.02059958130121231,
      0.020917745307087898,
      0.020370401442050934,
      0.02025485783815384,
      0.020305050536990166,
      0.020624322816729546,
      0.019649939611554146,
      0.0200287364423275,
      0.02001677267253399,
      0.020700614899396896,
      0.019497184082865715,
      0.019101329147815704,
      0.01909659430384636,
      0.019492680206894875,
      0.019068539142608643,
      0.019234251230955124,
      0.02006901614367962,
      0.018868999555706978,
      0.01849754899740219,
      0.01881040446460247,
      0.019254392012953758,
      0.019297678023576736,
      0.019092846661806107,
      0.01906757429242134,
      0.018344784155488014,
      0.018335387110710144,
      0.018445562571287155,
      0.01876503974199295,
      0.018201816827058792,
      0.017825007438659668,
      0.018076399341225624,
      0.018494682386517525,
      0.017945028841495514,
      0.01791158877313137,
      0.018200840801000595,
      0.017178403213620186,
      0.01758088357746601,
      0.01689356006681919,
      0.017429355531930923,
      0.018571706488728523,
      0.01763673685491085,
      0.016911234706640244,
      0.017235130071640015,
      0.017478149384260178,
      0.017188668251037598,
      0.0165255144238472,
      0.017035437747836113,
      0.015906628221273422,
      0.016737712547183037,
      0.016833646222949028,
      0.01652793399989605,
      0.015626270323991776,
      0.015900561586022377,
      0.015822552144527435,
      0.01599081978201866,
      0.016637707129120827,
      0.015933513641357422,
      0.016291847452521324,
      0.015175782144069672,
      0.016266334801912308,
      0.015129243955016136,
      0.01571645960211754,
      0.015213239938020706,
      0.015003637410700321,
      0.014744625426828861,
      0.015259962528944016,
      0.01515840832144022,
      0.014482883736491203,
      0.014294921420514584,
      0.014130327850580215,
      0.01451873779296875,
      0.014427809976041317,
      0.013732931576669216,
      0.013774651102721691,
      0.013699971139431,
      0.014225619845092297,
      0.01371787115931511,
      0.013523428700864315,
      0.013204318471252918,
      0.01282848883420229,
      0.01346028782427311,
      0.013291286304593086,
      0.01322887185961008,
      0.013640273362398148,
      0.013365700840950012,
      0.012559554539620876,
      0.012487429194152355,
      0.012578271329402924,
      0.011797267012298107,
      0.013418728485703468,
      0.011856712400913239,
      0.013117057271301746,
      0.011815587058663368,
      0.011835351586341858,
      0.012055553495883942,
      0.011908111162483692,
      0.01186282280832529,
      0.01141452882438898,
      0.010939138010144234,
      0.01123051717877388,
      0.011969787999987602,
      0.011435351334512234,
      0.011299176141619682,
      0.01130890753120184,
      0.011334390379488468,
      0.011724974028766155,
      0.010839341208338737,
      0.011437831446528435,
      0.01031142845749855,
      0.011138268746435642,
      0.010173926129937172,
      0.010555225424468517,
      0.010305493138730526,
      0.010986254550516605,
      0.01082106214016676,
      0.01034286618232727,
      0.010000260546803474,
      0.010262670926749706,
      0.009749669581651688,
      0.009401019662618637,
      0.009398262947797775,
      0.009443841874599457,
      0.01013279426842928,
      0.010112139396369457,
      0.010321889072656631,
      0.00965944491326809,
      0.008910927921533585,
      0.009542033076286316,
      0.00866588857024908,
      0.0090244235470891,
      0.009847273118793964,
      0.008572778664529324,
      0.00911281444132328,
      0.008761867880821228,
      0.00957929715514183,
      0.008456001058220863,
      0.009354320354759693,
      0.009114762768149376,
      0.008709155954420567,
      0.008933245204389095,
      0.008182498626410961,
      0.008859585039317608,
      0.008635617792606354,
      0.00836821086704731,
      0.008902245201170444,
      0.008040823973715305,
      0.007838085293769836,
      0.00844945665448904,
      0.00858781486749649,
      0.0076307617127895355,
      0.008426966145634651,
      0.0080178901553154,
      0.007989305071532726,
      0.008523896336555481,
      0.007826616056263447,
      0.0075920564122498035,
      0.007487894035875797,
      0.008051193319261074,
      0.008284023031592369,
      0.007693292107433081,
      0.007895885966718197,
      0.008120854385197163,
      0.008150742389261723,
      0.008218534290790558,
      0.007857747375965118,
      0.007713215425610542,
      0.006579357665032148,
      0.0077027189545333385,
      0.007224550936371088,
      0.007455956190824509,
      0.0077000888995826244,
      0.00784694217145443,
      0.007396502885967493,
      0.00792200118303299,
      0.00720404926687479,
      0.006866202689707279,
      0.0067125605419278145,
      0.006662741769105196,
      0.007849623449146748,
      0.006397159304469824,
      0.006873919162899256,
      0.007143920753151178,
      0.0073294444009661674,
      0.006635474041104317,
      0.00774614792317152,
      0.007249843329191208,
      0.007626065984368324,
      0.00706151407212019,
      0.006770047824829817,
      0.007189376279711723,
      0.006258727051317692,
      0.006978367455303669,
      0.006673922762274742,
      0.00665496988222003,
      0.007012112066149712,
      0.0067030624486505985,
      0.0057892450131475925,
      0.006502633448690176,
      0.006934851873666048,
      0.006937263999134302,
      0.0071169170551002026,
      0.006269794423133135,
      0.006698934826999903,
      0.006119724828749895,
      0.006686437409371138,
      0.006457415409386158,
      0.006090131588280201,
      0.006336885504424572,
      0.0059643033891916275,
      0.007886428385972977,
      0.005938193295150995,
      0.006247150246053934,
      0.0060974243097007275,
      0.006220453418791294,
      0.006341609638184309,
      0.005813027732074261,
      0.0058227176778018475,
      0.005568541120737791,
      0.007405572105199099,
      0.004699626937508583,
      0.005615865811705589,
      0.005241845268756151,
      0.006814309861510992,
      0.006075807847082615,
      0.005762076936662197,
