{
   "number_epochs": 400,
   "info_used": "use imputation",
   "perc_full_data": 0.04,
   "n_epochs_no_selection": 0,
   "Frequency % cutoff": 0.33,
   "hidden_size": 32,
   "random_state": 4,
   "train_errors": [
      0.28415659070014954,
      0.2060900330543518,
      0.13844983279705048,
      0.08868743479251862,
      0.06362489610910416,
      0.0638824999332428,
      0.07304326444864273,
      0.07337482273578644,
      0.06368488073348999,
      0.05272826552391052,
      0.04636029526591301,
      0.04538560286164284,
      0.04492679983377457,
      0.04378568008542061,
      0.041930437088012695,
      0.03952571004629135,
      0.03813562169671059,
      0.03609641641378403,
      0.035500746220350266,
      0.034792110323905945,
      0.03443082422018051,
      0.0340140126645565,
      0.0327068455517292,
      0.031592946499586105,
      0.03125956654548645,
      0.03154369443655014,
      0.030528120696544647,
      0.029807083308696747,
      0.03013181872665882,
      0.02940445765852928,
      0.02921142987906933,
      0.02805592678487301,
      0.028266198933124542,
      0.028425954282283783,
      0.027157528325915337,
      0.026858124881982803,
      0.026821281760931015,
      0.026518939062952995,
      0.02624615654349327,
      0.026238001883029938,
      0.025726521387696266,
      0.024726131930947304,
      0.0251663438975811,
      0.024524353444576263,
      0.024766089394688606,
      0.023551110178232193,
      0.02379314973950386,
      0.02229875512421131,
      0.02242121286690235,
      0.022432422265410423,
      0.022666631266474724,
      0.022055141627788544,
      0.022274520248174667,
      0.020967300981283188,
      0.02102949656546116,
      0.02095508575439453,
      0.020401256158947945,
      0.019854960963129997,
      0.020791923627257347,
      0.02087557688355446,
      0.019085710868239403,
      0.018978755921125412,
      0.019482292234897614,
      0.019186872988939285,
      0.018736280500888824,
      0.018719686195254326,
      0.01817108504474163,
      0.018784647807478905,
      0.01856677234172821,
      0.01804254576563835,
      0.0183283518999815,
      0.018406938761472702,
      0.01792537048459053,
      0.01805255375802517,
      0.018266260623931885,
      0.017508042976260185,
      0.01840522140264511,
      0.017208416014909744,
      0.01780715398490429,
      0.017305372282862663,
      0.017021693289279938,
      0.017358211800456047,
      0.015990639105439186,
      0.015817254781723022,
      0.01672079972922802,
      0.016815658658742905,
      0.016851164400577545,
      0.015936413779854774,
      0.01698489300906658,
      0.016411922872066498,
      0.016275016590952873,
      0.016372336074709892,
      0.015948614105582237,
      0.016042286530137062,
      0.015952616930007935,
      0.015352138318121433,
      0.015499322675168514,
      0.015311437658965588,
      0.0154574578627944,
      0.015470461919903755,
      0.015856312587857246,
      0.015142891556024551,
      0.015185222029685974,
      0.015058863908052444,
      0.015237194485962391,
      0.015088971704244614,
      0.015027773566544056,
      0.01498608198016882,
      0.014482025057077408,
      0.015037531964480877,
      0.014607190154492855,
      0.014199934899806976,
      0.01500021480023861,
      0.014551143161952496,
      0.015316146425902843,
      0.013772796839475632,
      0.013992741703987122,
      0.013804428279399872,
      0.014860576950013638,
      0.013985786586999893,
      0.014188386499881744,
      0.014277681708335876,
      0.013640433549880981,
      0.013009486719965935,
      0.013237078674137592,
      0.014149966649711132,
      0.014034326188266277,
      0.013190456666052341,
      0.014462882652878761,
      0.013249823823571205,
      0.013731071725487709,
      0.014079669490456581,
      0.013016405515372753,
      0.013172388076782227,
      0.013795611448585987,
      0.013196226209402084,
      0.012823600322008133,
      0.01295088417828083,
      0.012813312001526356,
      0.012708774767816067,
      0.012879655696451664,
      0.012868188321590424,
      0.013787498697638512,
      0.012816266156733036,
      0.01235194317996502,
      0.012616313993930817,
      0.012475375086069107,
      0.012744874693453312,
      0.01277379784733057,
      0.011950508691370487,
      0.01211551669985056,
      0.012430086731910706,
      0.012996671721339226,
      0.012111823074519634,
      0.011893600225448608,
      0.011806156486272812,
      0.012329342775046825,
      0.012538854964077473,
      0.011845164932310581,
      0.012781343422830105,
      0.012899731285870075,
      0.012400972656905651,
      0.01174541562795639,
      0.011771030724048615,
      0.012343314476311207,
      0.012105477973818779,
      0.012120618484914303,
      0.012002261355519295,
      0.012051679193973541,
      0.011752292513847351,
      0.01200432050973177,
      0.012326993979513645,
      0.01121215894818306,
      0.012196006253361702,
      0.012160510756075382,
      0.011600586585700512,
      0.011560904793441296,
      0.011992394924163818,
      0.011609720066189766,
      0.011562512256205082,
      0.011595224030315876,
      0.011933401226997375,
      0.011235429905354977,
      0.011634918861091137,
      0.011761801317334175,
      0.011835970915853977,
      0.012147377245128155,
      0.011543620377779007,
      0.011737603694200516,
      0.011392428539693356,
      0.011643882840871811,
      0.011463590897619724,
      0.011896737851202488,
      0.011833668686449528,
      0.011566762812435627,
      0.01125213410705328,
      0.011200666427612305,
      0.011086585000157356,
      0.01217788364738226,
      0.010751289315521717,
      0.010967838577926159,
      0.011531973257660866,
      0.011399585753679276,
      0.011289296671748161,
      0.011122457683086395,
      0.010841112583875656,
      0.011040388606488705,
      0.0115511454641819,
      0.010728740133345127,
      0.011133714579045773,
      0.011223191395401955,
      0.01170019805431366,
      0.01123149786144495,
      0.011382137425243855,
      0.01132505014538765,
      0.01103527657687664,
      0.011263702996075153,
      0.010313102044165134,
      0.011516141705214977,
      0.011937171220779419,
      0.01110218558460474,
      0.01136427279561758,
      0.01097047608345747,
      0.010779077187180519,
      0.011964425444602966,
      0.011280691251158714,
      0.011905224993824959,
      0.010660544037818909,
      0.010497847571969032,
      0.010753534734249115,
      0.010951772332191467,
      0.010898961685597897,
      0.011155631393194199,
      0.010738384909927845,
      0.010662637650966644,
      0.01088570524007082,
      0.011070712469518185,
      0.011200010776519775,
      0.011166525073349476,
      0.011167637072503567,
      0.01047029159963131,
      0.010581698268651962,
      0.010931975208222866,
      0.010905114002525806,
      0.010729125700891018,
      0.01160905696451664,
      0.011055419221520424,
      0.0102999834343791,
      0.011792982928454876,
      0.010983827523887157,
      0.010582922026515007,
      0.011340424418449402,
      0.010616407729685307,
      0.011327825486660004,
      0.010788552463054657,
      0.011152682825922966,
      0.011222741566598415,
      0.011055126786231995,
      0.01082682516425848,
      0.010571254417300224,
      0.010895263403654099,
      0.010152511298656464,
      0.010534889996051788,
      0.010743753984570503,
      0.010404386557638645,
      0.01088611502200365,
      0.011203453876078129,
      0.011274672113358974,
      0.01062134187668562,
      0.010751458816230297,
      0.01096461620181799,
      0.010719445534050465,
      0.010711738839745522,
      0.010586517862975597,
      0.010660483501851559,
      0.011292044073343277,
      0.011172950267791748,
      0.010854610241949558,
      0.009991069324314594,
      0.010931380093097687,
