{
   "number_epochs": 400,
   "info_used": "use imputation",
   "perc_full_data": 0.04,
   "n_epochs_no_selection": 0,
   "Frequency % cutoff": 0.33,
   "hidden_size": 32,
   "random_state": 13,
   "train_errors": [
      0.1080070361495018,
      0.05007553845643997,
      0.036802198737859726,
      0.04966234788298607,
      0.051028911024332047,
      0.04346941038966179,
      0.03461460769176483,
      0.03268541395664215,
      0.03327057510614395,
      0.03415844589471817,
      0.034533705562353134,
      0.03354674205183983,
      0.03195113688707352,
      0.03005477786064148,
      0.029942022636532784,
      0.029676595702767372,
      0.03019276261329651,
      0.02951204590499401,
      0.028651230037212372,
      0.02816704288125038,
      0.025948043912649155,
      0.0263327956199646,
      0.02655816450715065,
      0.02544593997299671,
      0.02526489645242691,
      0.025131240487098694,
      0.02523498795926571,
      0.02419431321322918,
      0.02497861534357071,
      0.023638974875211716,
      0.023892654106020927,
      0.023620128631591797,
      0.02452201023697853,
      0.023285331204533577,
      0.0235679242759943,
      0.022810187190771103,
      0.023097341880202293,
      0.023058872669935226,
      0.02339988388121128,
      0.022742116823792458,
      0.022083239629864693,
      0.022253980860114098,
      0.022460760548710823,
      0.021539518609642982,
      0.021889671683311462,
      0.021741434931755066,
      0.021776318550109863,
      0.02070019021630287,
      0.020744333043694496,
      0.020302701741456985,
      0.020236818119883537,
      0.019998319447040558,
      0.020082512870430946,
      0.01933707669377327,
      0.019244251772761345,
      0.01970585621893406,
      0.019418563693761826,
      0.01859060302376747,
      0.01823282800614834,
      0.018068036064505577,
      0.017729833722114563,
      0.01762380823493004,
      0.017592953518033028,
      0.01843467727303505,
      0.01807045377790928,
      0.01696629263460636,
      0.01734362356364727,
      0.017590301111340523,
      0.01691526733338833,
      0.01762433350086212,
      0.016909068450331688,
      0.01727265492081642,
      0.016975756734609604,
      0.015726419165730476,
      0.016485048457980156,
      0.016686314716935158,
      0.01591513864696026,
      0.01552062202244997,
      0.01619746908545494,
      0.015593379735946655,
      0.015769291669130325,
      0.015102559700608253,
      0.015516421757638454,
      0.01596214808523655,
      0.015229173004627228,
      0.014892294071614742,
      0.014393585734069347,
      0.014664582908153534,
      0.014627673663198948,
      0.01446301769465208,
      0.014103840105235577,
      0.013960987329483032,
      0.015545093454420567,
      0.01357157714664936,
      0.013888884335756302,
      0.013805951923131943,
      0.014252504333853722,
      0.013321204110980034,
      0.013218224048614502,
      0.013173140585422516,
      0.01320999301970005,
      0.0132607351988554,
      0.012482218444347382,
      0.014170962385833263,
      0.012620175257325172,
      0.012836725451052189,
      0.012604910880327225,
      0.013293739408254623,
      0.012765356339514256,
      0.012554380111396313,
      0.01222798228263855,
      0.012062691152095795,
      0.013775396160781384,
      0.013200085610151291,
      0.01296592503786087,
      0.012639420107007027,
      0.012073030695319176,
      0.0118789654225111,
      0.011810886673629284,
      0.011696419678628445,
      0.012056507170200348,
      0.011905085295438766,
      0.011939953081309795,
      0.011780902743339539,
      0.01153630018234253,
      0.01171146146953106,
      0.01131135318428278,
      0.011648307554423809,
      0.011376099660992622,
      0.012118841521441936,
      0.010686694644391537,
      0.012428207322955132,
      0.011572069488465786,
      0.011809093877673149,
      0.011838608421385288,
      0.011155330576002598,
      0.011861369013786316,
      0.010986659675836563,
      0.011780294589698315,
      0.0116574140265584,
      0.01115825679153204,
      0.011629949323832989,
      0.011515417136251926,
      0.011116879060864449,
      0.011440802365541458,
      0.011295068077743053,
      0.01148410327732563,
      0.011144558899104595,
      0.011791069060564041,
      0.010850711725652218,
      0.010844293050467968,
      0.011111177504062653,
      0.011631245724856853,
      0.01177388895303011,
      0.01102406345307827,
      0.01133000198751688,
      0.010787680745124817,
      0.011748610064387321,
      0.011615357361733913,
      0.011315648443996906,
      0.010510670021176338,
      0.01119950506836176,
      0.01102687232196331,
      0.010986312292516232,
      0.011299421079456806,
      0.011159985326230526,
      0.011056960560381413,
      0.011373546905815601,
      0.010897325351834297,
      0.011505885049700737,
      0.011297355405986309,
      0.010596370324492455,
      0.010511064901947975,
      0.010587682947516441,
      0.010986273176968098,
      0.010441078804433346,
      0.010739291086792946,
      0.010583371855318546,
      0.011394434608519077,
      0.01138162799179554,
      0.010796814225614071,
      0.011426379904150963,
      0.010650528594851494,
      0.011032520793378353,
      0.010478407144546509,
      0.010376793332397938,
      0.011364082805812359,
      0.011196956969797611,
      0.010577625595033169,
      0.011469371616840363,
      0.010512125678360462,
      0.01045894157141447,
      0.010347707197070122,
      0.01069612242281437,
      0.010233360342681408,
      0.010118912905454636,
      0.010618798434734344,
      0.010955736972391605,
      0.011039510369300842,
      0.01012418046593666,
      0.010177858173847198,
      0.010713847354054451,
      0.010411071591079235,
      0.0106586255133152,
      0.010348061099648476,
      0.010692602023482323,
      0.010778275318443775,
      0.010355506092309952,
      0.010246757417917252,
      0.010666643269360065,
      0.010377641767263412,
      0.010299107991158962,
      0.011019740253686905,
      0.010814367793500423,
      0.01056684460490942,
      0.010238382034003735,
      0.011019041761755943,
      0.010242125950753689,
      0.010839976370334625,
      0.00993566494435072,
      0.010819117538630962,
      0.01109169889241457,
      0.01061121467500925,
      0.009713973850011826,
      0.01070853229612112,
      0.010758387856185436,
      0.0106462761759758,
      0.010871841572225094,
      0.010133891366422176,
      0.010613402351737022,
      0.010440962389111519,
      0.010503480210900307,
      0.010111043229699135,
      0.010169951245188713,
      0.009857463650405407,
      0.010079476982355118,
      0.010365057736635208,
      0.010669688694179058,
      0.01069551520049572,
      0.010006675496697426,
      0.010663159191608429,
      0.010881179943680763,
      0.010515945963561535,
      0.010958208702504635,
      0.010040413588285446,
      0.009968933649361134,
      0.010646989569067955,
      0.01020000223070383,
      0.010178173892199993,
      0.009583798237144947,
      0.011033063754439354,
      0.010404610075056553,
      0.010265258140861988,
      0.010104223154485226,
      0.010757576674222946,
      0.0102037088945508,
      0.010017181746661663,
      0.010034769773483276,
      0.010637739673256874,
      0.010244147852063179,
      0.010528813116252422,
      0.009973904117941856,
      0.01066606119275093,
      0.01005774550139904,
      0.010076281614601612,
      0.009763883426785469,
      0.010538431815803051,
      0.010107642039656639,
      0.010627154260873795,
      0.009572445414960384,
      0.010323168709874153,
      0.010056751780211926,
      0.0099755534902215,
      0.010546859353780746,
      0.010136530734598637,
      0.01059354655444622,
      0.009996725246310234,
      0.009475079365074635,
      0.009978184476494789,
      0.009975086897611618,
      0.009834268130362034,
