{
   "number_epochs": 400,
   "info_used": "use imputation",
   "perc_full_data": 0.04,
   "n_epochs_no_selection": 0,
   "Frequency % cutoff": 0.33,
   "hidden_size": 32,
   "random_state": 1,
   "train_errors": [
      0.28332582116127014,
      0.19371771812438965,
      0.11948752403259277,
      0.06671042740345001,
      0.043129585683345795,
      0.05280429869890213,
      0.06321778893470764,
      0.05951317027211189,
      0.04808032885193825,
      0.03940489888191223,
      0.03611486032605171,
      0.03620567545294762,
      0.03709761053323746,
      0.03761871159076691,
      0.03665424510836601,
      0.03544376417994499,
      0.03305196389555931,
      0.031606126576662064,
      0.029899174347519875,
      0.030367841944098473,
      0.029898080974817276,
      0.03015304170548916,
      0.029378335922956467,
      0.0289672389626503,
      0.029330383986234665,
      0.030013730749487877,
      0.029023809358477592,
      0.029106639325618744,
      0.028734754770994186,
      0.02833300642669201,
      0.02746746316552162,
      0.028162125498056412,
      0.027010183781385422,
      0.02716648206114769,
      0.026102354750037193,
      0.026543719694018364,
      0.02631356008350849,
      0.02577526867389679,
      0.025080876424908638,
      0.026147523894906044,
      0.02556597627699375,
      0.02645072340965271,
      0.025621667504310608,
      0.026131944730877876,
      0.025964217260479927,
      0.025477975606918335,
      0.026086561381816864,
      0.02553972415626049,
      0.025268714874982834,
      0.02574964240193367,
      0.0249987430870533,
      0.02556619793176651,
      0.02522549033164978,
      0.025489958003163338,
      0.02463788539171219,
      0.0257863886654377,
      0.024770818650722504,
      0.025185883045196533,
      0.0242408849298954,
      0.024509180337190628,
      0.02507719211280346,
      0.023907069116830826,
      0.025675032287836075,
      0.023836838081479073,
      0.023857180029153824,
      0.023870613425970078,
      0.02373303659260273,
      0.02343170903623104,
      0.023541899397969246,
      0.024422146379947662,
      0.022789116948843002,
      0.02308591641485691,
      0.023631181567907333,
      0.02368060313165188,
      0.024244852364063263,
      0.023599661886692047,
      0.02281542308628559,
      0.022711418569087982,
      0.02219502441585064,
      0.022849876433610916,
      0.02298610284924507,
      0.0231274776160717,
      0.021652763709425926,
      0.021995825693011284,
      0.022006189450621605,
      0.021912487223744392,
      0.022715231403708458,
      0.0222161915153265,
      0.02219114638864994,
      0.021621961146593094,
      0.0211100485175848,
      0.021412722766399384,
      0.021177247166633606,
      0.02120787277817726,
      0.020880786702036858,
      0.02125038206577301,
      0.020406313240528107,
      0.02156677469611168,
      0.02097025141119957,
      0.020845657214522362,
      0.02051617205142975,
      0.020869361236691475,
      0.020738063380122185,
      0.020701061934232712,
      0.02039940655231476,
      0.02007255330681801,
      0.019655747339129448,
      0.02009865827858448,
      0.02028433233499527,
      0.019536126405000687,
      0.019519560039043427,
      0.01995856501162052,
      0.019809391349554062,
      0.019502373412251472,
      0.019149847328662872,
      0.020179396495223045,
      0.019085338339209557,
      0.019641922786831856,
      0.019462229683995247,
      0.019372649490833282,
      0.018815254792571068,
      0.018606580793857574,
      0.01912311092019081,
      0.018622608855366707,
      0.019036829471588135,
      0.019403807818889618,
      0.01822660118341446,
      0.018841112032532692,
      0.017694471403956413,
      0.018449803814291954,
      0.01785000041127205,
      0.01868468150496483,
      0.018162671476602554,
      0.01762392371892929,
      0.017293782904744148,
      0.01800878532230854,
      0.01836324669420719,
      0.01770951598882675,
      0.017231658101081848,
      0.017372842878103256,
      0.017560219392180443,
      0.018045905977487564,
      0.018051037564873695,
      0.017106471583247185,
      0.01680096425116062,
      0.017472224310040474,
      0.0178062841296196,
      0.017787812277674675,
      0.017364254221320152,
      0.017443981021642685,
      0.016980227082967758,
      0.01726955734193325,
      0.016699519008398056,
      0.01735689677298069,
      0.016816988587379456,
      0.016669778153300285,
      0.016477644443511963,
      0.017305471003055573,
      0.0175685603171587,
      0.016538139432668686,
      0.017155608162283897,
      0.017389211803674698,
      0.017430812120437622,
      0.017303384840488434,
      0.015995753929018974,
      0.01620294712483883,
      0.01683143712580204,
      0.016496501863002777,
      0.015918336808681488,
      0.016350077465176582,
      0.016231605783104897,
      0.01624913141131401,
      0.017268052324652672,
      0.016526179388165474,
      0.016449473798274994,
      0.017052069306373596,
      0.016601230949163437,
      0.016345573589205742,
      0.01647079549729824,
      0.016339687630534172,
      0.016840334981679916,
      0.016028231009840965,
      0.015924016013741493,
      0.01548133883625269,
      0.01527953241020441,
      0.016941474750638008,
      0.01569930464029312,
      0.01599578559398651,
      0.015584049746394157,
      0.016430845484137535,
      0.015559015795588493,
      0.015360740944743156,
      0.01525052823126316,
      0.015377161093056202,
      0.016105402261018753,
      0.015193807892501354,
      0.015212229453027248,
      0.015807880088686943,
      0.01584784686565399,
      0.015503057278692722,
      0.015172774903476238,
      0.015344440005719662,
      0.01552388072013855,
      0.014821075834333897,
      0.015224341303110123,
      0.015625005587935448,
      0.015327608212828636,
      0.01484442874789238,
      0.015767136588692665,
      0.015195848420262337,
      0.014826569706201553,
      0.015210090205073357,
      0.014558300375938416,
      0.015560398809611797,
      0.01451592892408371,
      0.015070486813783646,
      0.015326489694416523,
      0.015149949118494987,
      0.015573723241686821,
      0.014829335734248161,
      0.014858859591186047,
      0.014421118423342705,
      0.014102400280535221,
      0.013951685279607773,
      0.013948412612080574,
      0.014847449027001858,
      0.014543065801262856,
      0.014798859134316444,
      0.014963437803089619,
      0.014202176593244076,
      0.014388280920684338,
      0.014126952737569809,
      0.014863374643027782,
      0.01396554708480835,
      0.015011158771812916,
      0.014613563194870949,
      0.014564643613994122,
      0.013455512002110481,
      0.013959094882011414,
      0.013192401267588139,
      0.014335676096379757,
      0.013388557359576225,
      0.014494385570287704,
      0.013791869394481182,
      0.014286641962826252,
      0.013580177910625935,
      0.013244884088635445,
      0.013814723119139671,
      0.012956680729985237,
      0.013776661828160286,
      0.014102522283792496,
      0.013236861675977707,
      0.013560962863266468,
      0.013204052112996578,
      0.012344413436949253,
      0.013185089454054832,
      0.012904692441225052,
      0.014407983049750328,
      0.012692118063569069,
      0.013301773928105831,
      0.01371848862618208,
      0.013100437819957733,
      0.01280983630567789,
      0.013554137200117111,
      0.013243376277387142,
      0.012607493437826633,
      0.013175725005567074,
      0.012832770124077797,
      0.013674385845661163,
      0.01328692864626646,
      0.012277492322027683,
      0.012478252872824669,
      0.012463864870369434,
      0.012728402391076088,
      0.013153435662388802,
      0.01309219840914011,
      0.012611660175025463,
      0.012553389184176922,
      0.012843474745750427,
      0.013649210333824158,
      0.013888772577047348,
