{
   "number_epochs": 400,
   "info_used": "use imputation",
   "perc_full_data": 0.04,
   "n_epochs_no_selection": 0,
   "Frequency % cutoff": 0.33,
   "hidden_size": 32,
   "random_state": 6,
   "train_errors": [
      0.26463642716407776,
      0.17517565190792084,
      0.10642950236797333,
      0.060958243906497955,
      0.04513789340853691,
      0.05835314095020294,
      0.0681183934211731,
      0.06269870698451996,
      0.05011069029569626,
      0.04107925668358803,
      0.039740532636642456,
      0.04002382233738899,
      0.04223198443651199,
      0.04283033311367035,
      0.03994320333003998,
      0.038542792201042175,
      0.035660773515701294,
      0.035474199801683426,
      0.03393304720520973,
      0.034577835351228714,
      0.03440694510936737,
      0.03398095443844795,
      0.03201209753751755,
      0.031166087836027145,
      0.03049292229115963,
      0.029962969943881035,
      0.029617130756378174,
      0.02944047749042511,
      0.0275416262447834,
      0.02699790708720684,
      0.026962755247950554,
      0.027776623144745827,
      0.026761900633573532,
      0.02601521462202072,
      0.026168784126639366,
      0.025776293128728867,
      0.026752686128020287,
      0.025581952184438705,
      0.02644628845155239,
      0.024945534765720367,
      0.024737602099776268,
      0.025032851845026016,
      0.024984898045659065,
      0.025067336857318878,
      0.023935792967677116,
      0.023924272507429123,
      0.024444155395030975,
      0.023766104131937027,
      0.024817656725645065,
      0.023070676252245903,
      0.023021887987852097,
      0.02366899885237217,
      0.02413169853389263,
      0.02268054150044918,
      0.023595519363880157,
      0.023353388532996178,
      0.022628407925367355,
      0.02214658446609974,
      0.022157153114676476,
      0.022126995027065277,
      0.022417699918150902,
      0.02146800234913826,
      0.021250631660223007,
      0.021609727293252945,
      0.020299095660448074,
      0.02046811953186989,
      0.021240437403321266,
      0.02156228944659233,
      0.020623277872800827,
      0.020331421867012978,
      0.019789045676589012,
      0.019409678876399994,
      0.02046380564570427,
      0.019353697076439857,
      0.020049303770065308,
      0.02004172094166279,
      0.01909608207643032,
      0.0192420557141304,
      0.018887246027588844,
      0.019849389791488647,
      0.018765002489089966,
      0.01869906112551689,
      0.01947070099413395,
      0.018479643389582634,
      0.01701541244983673,
      0.017715418711304665,
      0.01909669116139412,
      0.018605386838316917,
      0.01821441389620304,
      0.018559589982032776,
      0.017939100041985512,
      0.017646512016654015,
      0.017422016710042953,
      0.017559757456183434,
      0.01751687005162239,
      0.01699225977063179,
      0.01707814633846283,
      0.017296677455306053,
      0.017294906079769135,
      0.01695309393107891,
      0.017420854419469833,
      0.01640433259308338,
      0.016564305871725082,
      0.016765182837843895,
      0.016512149944901466,
      0.016359448432922363,
      0.017081739380955696,
      0.016804825514554977,
      0.017258962616324425,
      0.01617240346968174,
      0.016094833612442017,
      0.01718246005475521,
      0.01605336181819439,
      0.01582139916718006,
      0.016079436987638474,
      0.016241615638136864,
      0.015575014054775238,
      0.016117215156555176,
      0.015945829451084137,
      0.01638137735426426,
      0.015507897362112999,
      0.015780190005898476,
      0.01619170792400837,
      0.015202081762254238,
      0.015421293675899506,
      0.015349509194493294,
      0.0159726832062006,
      0.016139939427375793,
      0.015537703409790993,
      0.01595183089375496,
      0.014901216141879559,
      0.01568407006561756,
      0.014882279559969902,
      0.015148455277085304,
      0.015136366710066795,
      0.015423418022692204,
      0.013953814283013344,
      0.013761243782937527,
      0.013882895931601524,
      0.014070776291191578,
      0.01508262101560831,
      0.014516720548272133,
      0.014648137614130974,
      0.01407194510102272,
      0.014169806614518166,
      0.014628453180193901,
      0.014126498252153397,
      0.014970893040299416,
      0.014072326011955738,
      0.013665519654750824,
      0.013649193570017815,
      0.014145917259156704,
      0.013460089452564716,
      0.01461353525519371,
      0.013985191471874714,
      0.013600993901491165,
      0.013329996727406979,
      0.014445911161601543,
      0.01438212301582098,
      0.013588765636086464,
      0.013952743262052536,
      0.013557088561356068,
      0.013206597417593002,
      0.014091423712670803,
      0.013541069813072681,
      0.013926428742706776,
      0.013750312849879265,
      0.013460584916174412,
      0.013618310913443565,
      0.014201865531504154,
      0.012691287323832512,
      0.013697666116058826,
      0.013514116406440735,
      0.01363196037709713,
      0.013652474619448185,
      0.013399288058280945,
      0.012756687588989735,
      0.013359234668314457,
      0.013247646391391754,
      0.01375131867825985,
      0.013132956810295582,
      0.013201694004237652,
      0.013048214837908745,
      0.013124351389706135,
      0.01361212506890297,
      0.012298009358346462,
      0.013305907137691975,
      0.013636377640068531,
      0.013103504665195942,
      0.013569740578532219,
      0.012840709649026394,
      0.01334141381084919,
      0.013313847593963146,
      0.013365724124014378,
      0.01295428816229105,
      0.013366385363042355,
      0.013039171695709229,
      0.013307149522006512,
      0.01428359467536211,
      0.012897759675979614,
      0.01356799341738224,
      0.012959676794707775,
      0.013469063676893711,
      0.01293634157627821,
      0.012585112825036049,
      0.014193090610206127,
      0.013101313263177872,
      0.013480952940881252,
      0.013353882357478142,
      0.013053026981651783,
      0.012600253336131573,
      0.013572501949965954,
      0.012570875696837902,
      0.012910015881061554,
      0.012492991052567959,
      0.013431570492684841,
      0.013481996022164822,
      0.012428168207406998,
      0.013665348291397095,
      0.012232618406414986,
      0.012452554889023304,
      0.012369413860142231,
      0.01298449095338583,
      0.013643460348248482,
      0.013108008541166782,
      0.013196795247495174,
      0.012703091837465763,
      0.012862233445048332,
      0.01359819807112217,
      0.013214114122092724,
      0.012456041760742664,
      0.01248975656926632,
      0.012293202802538872,
      0.012801256962120533,
      0.01301013957709074,
      0.013114599511027336,
      0.012935447506606579,
      0.012559613212943077,
      0.012751313857734203,
      0.012196979485452175,
      0.01264986116439104,
      0.012736787088215351,
      0.012326879426836967,
      0.012878015637397766,
      0.01197883952409029,
      0.012897808104753494,
      0.012251627631485462,
      0.01258398313075304,
      0.012896820902824402,
      0.012936089187860489,
      0.012788104824721813,
      0.013097129762172699,
      0.01226704753935337,
      0.012509971857070923,
      0.012051267549395561,
      0.01267449650913477,
      0.012407239526510239,
      0.012374233454465866,
      0.013062926009297371,
      0.012563963420689106,
      0.012628269381821156,
      0.01256734412163496,
      0.012704318389296532,
      0.012242614291608334,
      0.013567639514803886,
      0.012585685588419437,
      0.012830954045057297,
      0.0139206787571311,
      0.01240253821015358,
      0.012776373885571957,
      0.012326315976679325,
      0.012863137759268284,
      0.012582371011376381,
      0.012327216565608978,
      0.01238457951694727,
      0.012496251612901688,
      0.012387300841510296,
      0.01239960826933384,
      0.011956330388784409,
      0.01266520656645298,
      0.01281776838004589,
