{
   "number_epochs": 400,
   "info_used": "use imputation",
   "perc_full_data": 0.04,
   "n_epochs_no_selection": 0,
   "Frequency % cutoff": 0.33,
   "hidden_size": 32,
   "random_state": 3,
   "train_errors": [
      0.25956928730010986,
      0.1715097874403,
      0.1033761203289032,
      0.06014861539006233,
      0.04305427148938179,
      0.050072990357875824,
      0.0655895322561264,
      0.06471451371908188,
      0.05386890470981598,
      0.044564418494701385,
      0.0396459698677063,
      0.038527607917785645,
      0.04070894047617912,
      0.040388595312833786,
      0.040963947772979736,
      0.03916086629033089,
      0.03742247447371483,
      0.03499877452850342,
      0.0345483124256134,
      0.034534092992544174,
      0.03528112173080444,
      0.03474111109972,
      0.03365027904510498,
      0.03306405618786812,
      0.03208949789404869,
      0.03119654953479767,
      0.031564630568027496,
      0.02995496429502964,
      0.029553132131695747,
      0.03063100576400757,
      0.028768213465809822,
      0.028852004557847977,
      0.027604570612311363,
      0.02752087078988552,
      0.026447009295225143,
      0.02659546583890915,
      0.025792859494686127,
      0.02580101042985916,
      0.02511638030409813,
      0.024401310831308365,
      0.023319624364376068,
      0.022546755149960518,
      0.023476749658584595,
      0.022592971101403236,
      0.021669648587703705,
      0.022195838391780853,
      0.021336955949664116,
      0.021199906244874,
      0.021552976220846176,
      0.02094738557934761,
      0.020380020141601562,
      0.02051856368780136,
      0.019692357629537582,
      0.019354844465851784,
      0.01965068280696869,
      0.018661506474018097,
      0.019161809235811234,
      0.018684597685933113,
      0.018130002543330193,
      0.017755789682269096,
      0.01782606914639473,
      0.01850052736699581,
      0.017497343942523003,
      0.01756536029279232,
      0.017892006784677505,
      0.017252692952752113,
      0.016856076195836067,
      0.01678631827235222,
      0.016284532845020294,
      0.016532188281416893,
      0.01582511141896248,
      0.01620674878358841,
      0.015609687194228172,
      0.016940750181674957,
      0.01578649878501892,
      0.015256037004292011,
      0.015406835824251175,
      0.015213885344564915,
      0.01522026490420103,
      0.015644561499357224,
      0.01551175769418478,
      0.014768040738999844,
      0.015048756264150143,
      0.015381023287773132,
      0.014383742585778236,
      0.015037422999739647,
      0.014097207225859165,
      0.014133787713944912,
      0.014367863535881042,
      0.014017957262694836,
      0.014573472552001476,
      0.015171350911259651,
      0.01429845578968525,
      0.014049454592168331,
      0.013917998410761356,
      0.014517243951559067,
      0.014664341695606709,
      0.013851325027644634,
      0.013686012476682663,
      0.013960659503936768,
      0.013126125559210777,
      0.013161962851881981,
      0.012688073329627514,
      0.013527851551771164,
      0.012987202033400536,
      0.012675929814577103,
      0.013045201078057289,
      0.01276241522282362,
      0.012525574304163456,
      0.01267298124730587,
      0.01183787826448679,
      0.013437959365546703,
      0.012890396639704704,
      0.012590767815709114,
      0.013173884712159634,
      0.012736429460346699,
      0.012074901722371578,
      0.011763438582420349,
      0.012259851209819317,
      0.011468942277133465,
      0.011988955549895763,
      0.01189390942454338,
      0.011318260803818703,
      0.012183759361505508,
      0.012212581932544708,
      0.01171344704926014,
      0.012889529578387737,
      0.011820695362985134,
      0.011289290152490139,
      0.011920171789824963,
      0.011418074369430542,
      0.011758959852159023,
      0.011758312582969666,
      0.01157668512314558,
      0.011664736084640026,
      0.011721806600689888,
      0.011358052492141724,
      0.010902510024607182,
      0.011371408589184284,
      0.010982858948409557,
      0.011227731592953205,
      0.011194135993719101,
      0.0106986528262496,
      0.011608722619712353,
      0.01141310203820467,
      0.011204749345779419,
      0.011251673102378845,
      0.01093484740704298,
      0.010748490691184998,
      0.01122305728495121,
      0.010527552105486393,
      0.01060157548636198,
      0.011388907209038734,
      0.010411739349365234,
      0.011507661081850529,
      0.010649142786860466,
      0.011347119696438313,
      0.010701105929911137,
      0.010665005072951317,
      0.01091089192777872,
      0.010425849817693233,
      0.011150548234581947,
      0.010747535154223442,
      0.01071999128907919,
      0.010946002788841724,
      0.009970585815608501,
      0.009941126219928265,
      0.010128200985491276,
      0.010808505117893219,
      0.010203740559518337,
      0.010754876770079136,
      0.010146346874535084,
      0.009778467006981373,
      0.009793989360332489,
      0.009494577534496784,
      0.009615065529942513,
      0.01021489780396223,
      0.010385360568761826,
      0.009982230141758919,
      0.010300561785697937,
      0.009601478464901447,
      0.009550480172038078,
      0.010199547745287418,
      0.009928465820848942,
      0.010574504733085632,
      0.009690653532743454,
      0.010249820537865162,
      0.00947307888418436,
      0.01022097747772932,
      0.010305093601346016,
      0.009777459315955639,
      0.010538696311414242,
      0.00944780558347702,
      0.009565121494233608,
      0.010348258540034294,
      0.009174195118248463,
      0.009784880094230175,
      0.010110617615282536,
      0.00949039589613676,
      0.01004538219422102,
      0.010595257394015789,
      0.010263248346745968,
      0.009599857032299042,
      0.009450480341911316,
      0.00966029241681099,
      0.009197041392326355,
      0.009672533720731735,
      0.010184592567384243,
      0.009738864377140999,
      0.009923246689140797,
      0.009406909346580505,
      0.009316825307905674,
      0.010222312062978745,
      0.009252900257706642,
      0.009400577284395695,
      0.009387845173478127,
      0.009769175201654434,
      0.00905129499733448,
      0.009229638613760471,
      0.008960401639342308,
      0.009703531861305237,
      0.009535165503621101,
      0.010100695304572582,
      0.009719799272716045,
      0.00879734754562378,
      0.009225363843142986,
      0.00961689930409193,
      0.009203148074448109,
      0.009362271055579185,
      0.00893611554056406,
      0.00896497629582882,
      0.009053823538124561,
      0.008813777938485146,
      0.008731914684176445,
      0.00905146636068821,
      0.009230498224496841,
      0.00886361300945282,
      0.009058653376996517,
      0.00917571410536766,
      0.008736993186175823,
      0.008928853087127209,
      0.008825363591313362,
      0.009007535874843597,
      0.009067592211067677,
      0.00875233393162489,
      0.008963270112872124,
      0.00953628309071064,
      0.008658485487103462,
      0.008529145270586014,
      0.009039388038218021,
      0.008523638360202312,
      0.008784403093159199,
      0.008643241599202156,
      0.009318824857473373,
      0.008810359984636307,
      0.008690595626831055,
      0.009183989837765694,
      0.009609290398657322,
      0.009680790826678276,
      0.008839767426252365,
      0.008769944310188293,
      0.009117450565099716,
      0.009033502079546452,
      0.00872013345360756,
      0.00937369093298912,
      0.008461369201540947,
      0.00872150156646967,
      0.008887737058103085,
      0.008642862550914288,
      0.008812918327748775,
      0.008408877067267895,
      0.008728447370231152,
      0.00905788317322731,
      0.008272653445601463,
      0.00841713510453701,
      0.009169117547571659,
      0.008384869433939457,
      0.008765251375734806,
      0.008185097947716713,
      0.008368140086531639,
      0.008756665512919426,
