{
   "number_epochs": 400,
   "info_used": "use imputation",
   "perc_full_data": 0.04,
   "n_epochs_no_selection": 0,
   "Frequency % cutoff": 0.33,
   "hidden_size": 32,
   "random_state": 0,
   "train_errors": [
      0.4236917495727539,
      0.294607013463974,
      0.18842558562755585,
      0.10742180049419403,
      0.06383506208658218,
      0.0661846399307251,
      0.08416338264942169,
      0.09384804219007492,
      0.07573888450860977,
      0.05821061506867409,
      0.04724670201539993,
      0.04516761004924774,
      0.04656030982732773,
      0.04705892130732536,
      0.04754068702459335,
      0.04631034657359123,
      0.04262864217162132,
      0.03890964388847351,
      0.03603752329945564,
      0.035996705293655396,
      0.0358319953083992,
      0.03532052040100098,
      0.034614287316799164,
      0.03247618302702904,
      0.031216762959957123,
      0.02999725565314293,
      0.030070971697568893,
      0.02940552309155464,
      0.029385322704911232,
      0.02911752462387085,
      0.02796725369989872,
      0.028400979936122894,
      0.027592044323682785,
      0.027075758203864098,
      0.027842992916703224,
      0.026966584846377373,
      0.02721639722585678,
      0.02753838710486889,
      0.02747836336493492,
      0.026935460045933723,
      0.026332879438996315,
      0.026055729016661644,
      0.026294201612472534,
      0.026757394894957542,
      0.026385009288787842,
      0.026206839829683304,
      0.02636786177754402,
      0.02567952126264572,
      0.025427082553505898,
      0.02631823904812336,
      0.025522561743855476,
      0.025000762194395065,
      0.025122731924057007,
      0.02546977810561657,
      0.025584960356354713,
      0.025087660178542137,
      0.02444341406226158,
      0.024792885407805443,
      0.024668894708156586,
      0.025351330637931824,
      0.024370916187763214,
      0.023844564333558083,
      0.023808477446436882,
      0.02379467338323593,
      0.023022407665848732,
      0.02388986200094223,
      0.023261001333594322,
      0.02326527237892151,
      0.022619690746068954,
      0.023545878008008003,
      0.022535238415002823,
      0.022284580394625664,
      0.02273566834628582,
      0.022208580747246742,
      0.0232633575797081,
      0.022941390052437782,
      0.022409213706851006,
      0.02243359386920929,
      0.022103440016508102,
      0.02264457195997238,
      0.02177947573363781,
      0.022142799571156502,
      0.02247365564107895,
      0.021434444934129715,
      0.021210402250289917,
      0.021171651780605316,
      0.021858341991901398,
      0.020863305777311325,
      0.020917298272252083,
      0.02176268771290779,
      0.021240459755063057,
      0.020473724231123924,
      0.020479077473282814,
      0.020803336054086685,
      0.019698617979884148,
      0.019894376397132874,
      0.020884498953819275,
      0.02045457996428013,
      0.019865965470671654,
      0.020109321922063828,
      0.018795911222696304,
      0.01959746889770031,
      0.01964637078344822,
      0.019800180569291115,
      0.019548563286662102,
      0.01921824924647808,
      0.020077025517821312,
      0.020101958885788918,
      0.019321558997035027,
      0.020076265558600426,
      0.019487865269184113,
      0.01892407052218914,
      0.01948343589901924,
      0.018476108089089394,
      0.017918378114700317,
      0.01919478178024292,
      0.018186194822192192,
      0.018210750073194504,
      0.018216796219348907,
      0.018061723560094833,
      0.018084658309817314,
      0.018138164654374123,
      0.01907755434513092,
      0.017844730988144875,
      0.018958130851387978,
      0.018113385885953903,
      0.01791914738714695,
      0.018590787425637245,
      0.01796993985772133,
      0.01842067576944828,
      0.01771716959774494,
      0.017182733863592148,
      0.017829570919275284,
      0.018312228843569756,
      0.017373427748680115,
      0.01689661666750908,
      0.017101498320698738,
      0.017705798149108887,
      0.01772136427462101,
      0.017314285039901733,
      0.018087374046444893,
      0.0171847864985466,
      0.017555654048919678,
      0.0174512080848217,
      0.01850772835314274,
      0.017975755035877228,
      0.016609465703368187,
      0.016916213557124138,
      0.016701919957995415,
      0.017791470512747765,
      0.017753230407834053,
      0.01765325479209423,
      0.01704232022166252,
      0.017154686152935028,
      0.01609816588461399,
      0.016361914575099945,
      0.016358764842152596,
      0.016349472105503082,
      0.016124548390507698,
      0.01662895642220974,
      0.016757933422923088,
      0.017378203570842743,
      0.01651504449546337,
      0.015975816175341606,
      0.01606472209095955,
      0.01633775234222412,
      0.016823729500174522,
      0.015920443460345268,
      0.016041573137044907,
      0.01570270024240017,
      0.015518398955464363,
      0.015917839482426643,
      0.015576759353280067,
      0.016150128096342087,
      0.016828153282403946,
      0.016242096200585365,
      0.015662092715501785,
      0.015831222757697105,
      0.015202809125185013,
      0.016253706067800522,
      0.01594417355954647,
      0.016770290210843086,
      0.015957476571202278,
      0.015562094748020172,
      0.015597003512084484,
      0.016062453389167786,
      0.0151395034044981,
      0.014972977340221405,
      0.016530916094779968,
      0.014928233809769154,
      0.015088262036442757,
      0.015780607238411903,
      0.015614542178809643,
      0.016063978895545006,
      0.014893104322254658,
      0.014728075824677944,
      0.015366933308541775,
      0.014319340698421001,
      0.01502801664173603,
      0.01525640208274126,
      0.015653708949685097,
      0.014594520442187786,
      0.015175444073975086,
      0.01516436506062746,
      0.014868292957544327,
      0.015133438631892204,
      0.015417138114571571,
      0.015062985010445118,
      0.01590958796441555,
      0.015126019716262817,
      0.01429828256368637,
      0.015609980560839176,
      0.014729373157024384,
      0.014700278639793396,
      0.015092452056705952,
      0.0142684206366539,
      0.014305463060736656,
      0.014736765064299107,
      0.014903848059475422,
      0.014986463822424412,
      0.014437013305723667,
      0.014280757866799831,
      0.015068339183926582,
      0.014690778218209743,
      0.014821138232946396,
      0.014368797652423382,
      0.014545701444149017,
      0.014548259787261486,
      0.015235763974487782,
      0.014240655116736889,
      0.014427040703594685,
      0.014201423153281212,
      0.014346404001116753,
      0.013320349156856537,
      0.015315650962293148,
      0.014728047885000706,
      0.015224166214466095,
      0.014777305535972118,
      0.013934163376688957,
      0.013539571315050125,
      0.014386393129825592,
      0.014577670022845268,
      0.013709081336855888,
      0.01450208481401205,
      0.014873715117573738,
      0.014246370643377304,
      0.014507414773106575,
      0.013641191646456718,
      0.014132054522633553,
      0.01365006435662508,
      0.013635227456688881,
      0.013840745203197002,
      0.013735687360167503,
      0.014189922250807285,
      0.01322751771658659,
      0.015126718208193779,
      0.013659637421369553,
      0.013472464866936207,
      0.013940070755779743,
      0.013709289953112602,
      0.013987261801958084,
      0.013295818120241165,
      0.013905638828873634,
      0.014131723903119564,
      0.014306425116956234,
      0.01329995971173048,
      0.01312843058258295,
      0.013527008704841137,
      0.01323081273585558,
      0.013389135710895061,
      0.013842662796378136,
      0.013692202046513557,
      0.013358796015381813,
      0.012762784026563168,
      0.013004115782678127,
      0.013740191236138344,
      0.012879055924713612,
      0.012726851738989353,
      0.01349401194602251,
      0.01355546060949564,
      0.014366528950631618,
