{
   "number_epochs": 400,
   "info_used": "use imputation",
   "perc_full_data": 0.04,
   "n_epochs_no_selection": 0,
   "Frequency % cutoff": 0.33,
   "hidden_size": 32,
   "random_state": 11,
   "train_errors": [
      0.45661893486976624,
      0.33635708689689636,
      0.2319389432668686,
      0.14786365628242493,
      0.08541262149810791,
      0.04932636395096779,
      0.04923482611775398,
      0.07131963223218918,
      0.08179371058940887,
      0.07690585404634476,
      0.061206623911857605,
      0.04576610401272774,
      0.03911783546209335,
      0.038771651685237885,
      0.03923029080033302,
      0.04190191999077797,
      0.040218185633420944,
      0.03915726765990257,
      0.036424849182367325,
      0.034693311899900436,
      0.034055791795253754,
      0.03469309210777283,
      0.034874457865953445,
      0.03498033061623573,
      0.03488554060459137,
      0.03459111601114273,
      0.03191804885864258,
      0.03190334141254425,
      0.031957414001226425,
      0.030348706990480423,
      0.030985448509454727,
      0.030722463503479958,
      0.03011373057961464,
      0.030013741925358772,
      0.030830034986138344,
      0.029109161347150803,
      0.027860309928655624,
      0.029213543981313705,
      0.02875300496816635,
      0.027915574610233307,
      0.02792772278189659,
      0.026859339326620102,
      0.028346622362732887,
      0.028005238622426987,
      0.027125880122184753,
      0.027017273008823395,
      0.026859257370233536,
      0.02599741891026497,
      0.02744998037815094,
      0.026249419897794724,
      0.026521796360611916,
      0.025783613324165344,
      0.025763345882296562,
      0.02546652965247631,
      0.02567584626376629,
      0.025836274027824402,
      0.025965329259634018,
      0.024874338880181313,
      0.02588694542646408,
      0.023753905668854713,
      0.02491377294063568,
      0.024940311908721924,
      0.023570863530039787,
      0.023838328197598457,
      0.024814818054437637,
      0.025415821000933647,
      0.023841362446546555,
      0.02370227687060833,
      0.025561688467860222,
      0.02352301776409149,
      0.024183478206396103,
      0.023929359391331673,
      0.024824708700180054,
      0.022530652582645416,
      0.023916665464639664,
      0.02326340414583683,
      0.023751838132739067,
      0.023133214563131332,
      0.023177485913038254,
      0.023174677044153214,
      0.02234463579952717,
      0.0231730118393898,
      0.02424926497042179,
      0.02450968697667122,
      0.022625630721449852,
      0.02389409765601158,
      0.02292792499065399,
      0.023342227563261986,
      0.024318784475326538,
      0.02281949855387211,
      0.023798977956175804,
      0.022503657266497612,
      0.02362874150276184,
      0.02277376316487789,
      0.022345637902617455,
      0.022184396162629128,
      0.022988565266132355,
      0.022258341312408447,
      0.022692009806632996,
      0.022435981780290604,
      0.02185550332069397,
      0.023627663031220436,
      0.02161320485174656,
      0.02185429446399212,
      0.02151772566139698,
      0.022834233939647675,
      0.021793078631162643,
      0.02253950759768486,
      0.021053878590464592,
      0.021614093333482742,
      0.021333875134587288,
      0.021689308807253838,
      0.021379215642809868,
      0.02144029550254345,
      0.01959380693733692,
      0.02154764160513878,
      0.021209316328167915,
      0.02183901146054268,
      0.02052573673427105,
      0.020895345136523247,
      0.020484063774347305,
      0.020703913643956184,
      0.0199233740568161,
      0.020255567505955696,
      0.02143283374607563,
      0.021047383546829224,
      0.02086765691637993,
      0.02049289084970951,
      0.019857516512274742,
      0.020474424585700035,
      0.019264211878180504,
      0.02027919329702854,
      0.020232832059264183,
      0.020402763038873672,
      0.018986618146300316,
      0.019800903275609016,
      0.020468521863222122,
      0.019755590707063675,
      0.020239027217030525,
      0.021604686975479126,
      0.020321553573012352,
      0.02033207006752491,
      0.02046974189579487,
      0.01953926868736744,
      0.020162507891654968,
      0.01957017183303833,
      0.020236346870660782,
      0.01985197141766548,
      0.020133987069129944,
      0.01923784427344799,
      0.01895107887685299,
      0.02027035877108574,
      0.020026203244924545,
      0.02056003361940384,
      0.018852505832910538,
      0.01970631442964077,
      0.019424082711338997,
      0.019373510032892227,
      0.020213346928358078,
      0.018776843324303627,
      0.019375154748558998,
      0.019493941217660904,
      0.01974143087863922,
      0.018813136965036392,
      0.019562454894185066,
      0.018711352720856667,
      0.019633537158370018,
      0.02020232379436493,
      0.018840402364730835,
      0.019654259085655212,
      0.019620908424258232,
      0.01993538625538349,
      0.019635453820228577,
      0.019452307373285294,
      0.018879074603319168,
      0.01850801147520542,
      0.019004737958312035,
      0.01852373778820038,
      0.020219113677740097,
      0.019231583923101425,
      0.01862216182053089,
      0.018659237772226334,
      0.019100390374660492,
      0.01906396448612213,
      0.01867019198834896,
      0.018455874174833298,
      0.017764223739504814,
      0.019330350682139397,
      0.019098322838544846,
      0.017887311056256294,
      0.01930675096809864,
      0.01801127940416336,
      0.018407577648758888,
      0.019115690141916275,
      0.018398374319076538,
      0.01918032392859459,
      0.019085131585597992,
      0.018828418105840683,
      0.01876942440867424,
      0.019427767023444176,
      0.018247073516249657,
      0.01892969012260437,
      0.01805778220295906,
      0.018584558740258217,
      0.018434423953294754,
      0.018103063106536865,
      0.018796229735016823,
      0.017887014895677567,
      0.018481655046343803,
      0.01854533515870571,
      0.018105069175362587,
      0.017940787598490715,
      0.017859285697340965,
      0.018582724034786224,
      0.01757296361029148,
      0.01755487732589245,
      0.017774567008018494,
      0.018023628741502762,
      0.017774898558855057,
      0.01874348893761635,
      0.01760159432888031,
      0.01848437823355198,
      0.017991935834288597,
      0.017978446558117867,
      0.01806660369038582,
      0.01829480193555355,
      0.017559505999088287,
      0.017073247581720352,
      0.017941297963261604,
      0.0179342869669199,
      0.017092673107981682,
      0.017440365627408028,
      0.017667552456259727,
      0.01814902201294899,
      0.017274148762226105,
      0.01830902509391308,
      0.01773560419678688,
      0.01762457937002182,
      0.01837208867073059,
      0.018042361363768578,
      0.018166987225413322,
      0.017329441383481026,
      0.017227353528141975,
      0.017674725502729416,
      0.016770996153354645,
      0.017683446407318115,
      0.017040256410837173,
      0.01673854887485504,
      0.016892649233341217,
      0.01735520176589489,
      0.01833287999033928,
      0.01785639300942421,
      0.01718008518218994,
      0.016729941591620445,
      0.017283335328102112,
      0.017730697989463806,
      0.01768120564520359,
      0.017073767259716988,
      0.017264852300286293,
      0.017638137564063072,
      0.016673317179083824,
      0.016771191731095314,
      0.018096938729286194,
      0.017289040610194206,
      0.017010271549224854,
      0.017236270010471344,
      0.017157042399048805,
      0.016813181340694427,
      0.017478294670581818,
      0.016697583720088005,
      0.01730192080140114,
      0.016954569146037102,
      0.016739655286073685,
      0.01756194606423378,
      0.01654740236699581,
      0.016417821869254112,
      0.01713767647743225,
      0.016837360337376595,
      0.01742292195558548,
      0.016214746981859207,
      0.017264511436223984,
