{
   "number_epochs": 300,
   "info_used": "use imputation",
   "perc_full_data": 0.3,
   "n_epochs_no_selection": 0,
   "Frequency % cutoff": 0.3,
   "hidden_size": 32,
   "random_state": 12,
   "train_errors": [
      0.04830094426870346,
      0.04303352162241936,
      0.04088403657078743,
      0.04021380469202995,
      0.03984787315130234,
      0.039047811180353165,
      0.038416165858507156,
      0.03757217526435852,
      0.037351466715335846,
      0.03709948807954788,
      0.03544143959879875,
      0.035027675330638885,
      0.034097835421562195,
      0.03274640440940857,
      0.032228656113147736,
      0.030710143968462944,
      0.030107175931334496,
      0.028867602348327637,
      0.028585931286215782,
      0.02728682942688465,
      0.025774141773581505,
      0.025812212377786636,
      0.024039393290877342,
      0.02283315919339657,
      0.022866610437631607,
      0.022929877042770386,
      0.02087431401014328,
      0.021683163940906525,
      0.01973903179168701,
      0.018859419971704483,
      0.019190967082977295,
      0.018483541905879974,
      0.01728110760450363,
      0.017475822940468788,
      0.017160281538963318,
      0.01563047617673874,
      0.01600579358637333,
      0.015112140215933323,
      0.014974389225244522,
      0.014790931716561317,
      0.014993911609053612,
      0.013821297325193882,
      0.014368395321071148,
      0.013316054828464985,
      0.013017336837947369,
      0.012961861677467823,
      0.012744602747261524,
      0.013078304938971996,
      0.011908215470612049,
      0.012648112140595913,
      0.011792778968811035,
      0.012717816047370434,
      0.011140473186969757,
      0.011107724159955978,
      0.011985274031758308,
      0.011609255336225033,
      0.011348236352205276,
      0.010539239272475243,
      0.011091567575931549,
      0.010579844005405903,
      0.010694542899727821,
      0.011101468466222286,
      0.01013654563575983,
      0.010370868258178234,
      0.01045506726950407,
      0.010348541662096977,
      0.009566297754645348,
      0.009340137243270874,
      0.009457808919250965,
      0.009160135872662067,
      0.009524276480078697,
      0.009225975722074509,
      0.008986716158688068,
      0.008894265629351139,
      0.008800474926829338,
      0.009360956028103828,
      0.009704874828457832,
      0.008675308898091316,
      0.008935034275054932,
      0.008736799471080303,
      0.008406451903283596,
      0.0077370149083435535,
      0.00946391373872757,
      0.00855887308716774,
      0.008181210607290268,
      0.007859857752919197,
      0.007904295809566975,
      0.00916978158056736,
      0.008008074946701527,
      0.008376069366931915,
      0.008307469077408314,
      0.008432365953922272,
      0.007930411025881767,
      0.009626110084354877,
      0.008774058893322945,
      0.007845165207982063,
      0.0077338023111224174,
      0.00793642271310091,
      0.007388840429484844,
      0.00786573439836502,
      0.008291598409414291,
      0.00794194545596838,
      0.007301530335098505,
      0.007435312028974295,
      0.008164853788912296,
      0.008461550809442997,
      0.007722381502389908,
      0.008103003725409508,
      0.007363580167293549,
      0.007161561865359545,
      0.007481631822884083,
      0.007252058479934931,
      0.006675305776298046,
      0.008149257861077785,
      0.007485673297196627,
      0.007034112233668566,
      0.006960175931453705,
      0.007882174104452133,
      0.007439161650836468,
      0.007472607307136059,
      0.007598107680678368,
      0.007268499583005905,
      0.007531047333031893,
      0.007789486087858677,
      0.006742461584508419,
      0.007133850362151861,
      0.0072116791270673275,
      0.006973869167268276,
      0.006751019041985273,
      0.006814244668930769,
      0.0077394903637468815,
      0.006509134080260992,
      0.006979446392506361,
      0.0068994248285889626,
      0.007392048370093107,
      0.006894887890666723,
      0.0073571284301579,
      0.007059659343212843,
      0.0071465796791017056,
      0.006117924116551876,
      0.006862570997327566,
      0.006309347227215767,
      0.006872039753943682,
      0.005856649950146675,
      0.006024393253028393,
      0.006290118675678968,
      0.006746622268110514,
      0.0065123820677399635,
      0.007362668868154287,
      0.006640626583248377,
      0.007272287271916866,
      0.006122163962572813,
      0.00731581449508667,
      0.006512117106467485,
      0.006704678293317556,
      0.007111715152859688,
      0.007145603187382221,
      0.007292629685252905,
      0.00595132214948535,
      0.007058328948915005,
      0.006606327369809151,
      0.0068574994802474976,
      0.006500410381704569,
      0.006074998993426561,
      0.006938931066542864,
      0.006064050830900669,
      0.006320950109511614,
      0.006281765643507242,
      0.006774625275284052,
      0.006660114973783493,
      0.005999904591590166,
      0.006579159293323755,
      0.006297138519585133,
      0.006485474295914173,
      0.006546436809003353,
      0.006451553665101528,
      0.006035744212567806,
      0.006137937307357788,
      0.006552994251251221,
      0.0064916908740997314,
      0.005917848087847233,
      0.00601235032081604,
      0.00551568390801549,
      0.006285162642598152,
      0.005877865012735128,
      0.005651303566992283,
      0.0060118138790130615,
      0.006760606076568365,
      0.0063665625639259815,
      0.006140317767858505,
      0.005861368030309677,
      0.006023799534887075,
      0.005617870949208736,
      0.006989667657762766,
      0.005296456627547741,
      0.006326625589281321,
      0.005819408688694239,
      0.005834626499563456,
      0.006009058561176062,
      0.0069320062175393105,
      0.005369233433157206,
      0.005848089698702097,
      0.005989886820316315,
      0.006204432807862759,
      0.006466394755989313,
      0.00590299628674984,
      0.006112029775977135,
      0.005931199993938208,
      0.0061189825646579266,
      0.005964972078800201,
      0.005504324100911617,
      0.005336248781532049,
      0.006388217676430941,
      0.005679454654455185,
      0.00598152307793498,
      0.006198185496032238,
      0.005329837091267109,
      0.005746462382376194,
      0.0056482283398509026,
      0.005827511195093393,
      0.005920095834881067,
      0.0056772674433887005,
      0.006078025326132774,
      0.0058401599526405334,
      0.005410346668213606,
      0.005600191652774811,
      0.00562045443803072,
      0.006001074332743883,
      0.005731989163905382,
      0.004891513381153345,
      0.005283970385789871,
      0.005783100612461567,
      0.006159824784845114,
      0.005750210024416447,
      0.005328366998583078,
      0.0052139414474368095,
      0.00587982963770628,
      0.00524589279666543,
      0.005351730156689882,
      0.005601330194622278,
      0.006085574626922607,
      0.005086183547973633,
      0.006009276024997234,
      0.005862210877239704,
      0.005763516761362553,
      0.00509346229955554,
      0.006491713225841522,
      0.005445071496069431,
      0.005034064408391714,
      0.004376007243990898,
      0.005474279634654522,
      0.005794393364340067,
      0.005440193694084883,
      0.005496627651154995,
      0.004583611153066158,
      0.005328357219696045,
      0.0057937977835536,
      0.005734090227633715,
      0.005273211747407913,
      0.004856891464442015,
      0.005606794264167547,
      0.005090491846203804,
      0.005968234967440367,
      0.005347783677279949,
      0.005457122810184956,
      0.0054842764511704445,
      0.005127131473273039,
      0.005815242882817984,
      0.00476222625002265,
      0.004870303440839052,
      0.0051082419231534,
      0.005273077636957169,
      0.005117235705256462,
      0.005351648665964603,
      0.005224995315074921,
      0.004933538846671581,
      0.006104936823248863,
      0.005604536738246679,
