{
   "number_epochs": 300,
   "info_used": "use imputation",
   "perc_full_data": 0.3,
   "n_epochs_no_selection": 0,
   "Frequency % cutoff": 0.3,
   "hidden_size": 32,
   "random_state": 11,
   "train_errors": [
      0.05995458737015724,
      0.05858033895492554,
      0.05702421814203262,
      0.05583949759602547,
      0.055149905383586884,
      0.0540345124900341,
      0.05321423336863518,
      0.05211193487048149,
      0.05019165575504303,
      0.04888934642076492,
      0.04729766398668289,
      0.04587692767381668,
      0.04363741725683212,
      0.04184737056493759,
      0.04077092185616493,
      0.03683367371559143,
      0.034394387155771255,
      0.03228946402668953,
      0.03141060099005699,
      0.029054999351501465,
      0.02771809510886669,
      0.025907965376973152,
      0.025079747661948204,
      0.023744311183691025,
      0.02324872836470604,
      0.0237501822412014,
      0.021047761663794518,
      0.02288014441728592,
      0.020227037370204926,
      0.01893511228263378,
      0.020243890583515167,
      0.018330024555325508,
      0.017994338646531105,
      0.01829703338444233,
      0.018144579604268074,
      0.019289137795567513,
      0.016706975176930428,
      0.016871247440576553,
      0.017166947945952415,
      0.016126828268170357,
      0.015632569789886475,
      0.015469527803361416,
      0.016740160062909126,
      0.015368296764791012,
      0.014889308251440525,
      0.015963345766067505,
      0.014066464267671108,
      0.014244030229747295,
      0.014605879783630371,
      0.014071430079638958,
      0.01434299722313881,
      0.013516327366232872,
      0.013879730366170406,
      0.013596988283097744,
      0.014288749545812607,
      0.012632625177502632,
      0.012417946010828018,
      0.012660019099712372,
      0.012641112320125103,
      0.011735428124666214,
      0.012471446767449379,
      0.011674870736896992,
      0.012552349828183651,
      0.010998064652085304,
      0.011157047003507614,
      0.010305016301572323,
      0.011277763172984123,
      0.0113496333360672,
      0.01174657791852951,
      0.011082827113568783,
      0.011618345975875854,
      0.012332480400800705,
      0.01080422941595316,
      0.011019526980817318,
      0.010836922563612461,
      0.01157719362527132,
      0.010695571079850197,
      0.010787016712129116,
      0.010957063175737858,
      0.011118138208985329,
      0.011038570664823055,
      0.009892972186207771,
      0.010180837474763393,
      0.010330344550311565,
      0.010671687312424183,
      0.009681408293545246,
      0.008888100273907185,
      0.010081266984343529,
      0.010654761455953121,
      0.009651283733546734,
      0.010205366648733616,
      0.008822263218462467,
      0.010357293300330639,
      0.009181340225040913,
      0.009963852353394032,
      0.009736047126352787,
      0.009022213518619537,
      0.00996878370642662,
      0.009977051988244057,
      0.008521592244505882,
      0.008633864112198353,
      0.008501226082444191,
      0.009410614147782326,
      0.009298540651798248,
      0.00913803931325674,
      0.008999417535960674,
      0.009261524304747581,
      0.00839450117200613,
      0.009351731278002262,
      0.009415917098522186,
      0.008672105148434639,
      0.00854351557791233,
      0.009672204032540321,
      0.009085376746952534,
      0.008998286910355091,
      0.008674418553709984,
      0.009662089869379997,
      0.008974660187959671,
      0.008336211554706097,
      0.009133235551416874,
      0.009052474051713943,
      0.00825230497866869,
      0.0085024144500494,
      0.008084654808044434,
      0.008421161212027073,
      0.00837649591267109,
      0.008340957574546337,
      0.008618248626589775,
      0.007771368604153395,
      0.008974882774055004,
      0.008788191713392735,
      0.00880340300500393,
      0.008506741374731064,
      0.008473538793623447,
      0.007844893261790276,
      0.0075323376804590225,
      0.008209657855331898,
      0.008472289890050888,
      0.00904063880443573,
      0.008238673210144043,
      0.0077132536098361015,
      0.008200337179005146,
      0.007846467196941376,
      0.007446566130965948,
      0.008076095022261143,
      0.00847459677606821,
      0.00805063545703888,
      0.007868937216699123,
      0.007598295342177153,
      0.007337082177400589,
      0.0076281242072582245,
      0.00781792402267456,
      0.007638176437467337,
      0.0071409218944609165,
      0.006695415824651718,
      0.007241023704409599,
      0.008778294548392296,
      0.0071811010129749775,
      0.007537601515650749,
      0.007206787820905447,
      0.007287788204848766,
      0.007033052854239941,
      0.008102470077574253,
      0.006936853285878897,
      0.007970533333718777,
      0.006975431460887194,
      0.007903276942670345,
      0.007585802581161261,
      0.00725685665383935,
      0.007010298315435648,
      0.006969323847442865,
      0.006430229637771845,
      0.006625114008784294,
      0.00819108821451664,
      0.00796455703675747,
      0.007062409073114395,
      0.007574633229523897,
      0.007761886343359947,
      0.007609648164361715,
      0.007368710823357105,
      0.007021928206086159,
      0.007059205789119005,
      0.006534020882099867,
      0.007256671786308289,
      0.0070685152895748615,
      0.007948885671794415,
      0.007582277059555054,
      0.00805959478020668,
      0.0068918680772185326,
      0.0062127127312123775,
      0.006222324445843697,
      0.006456510629504919,
      0.007531666196882725,
      0.0068013910204172134,
      0.008021916262805462,
      0.007345328573137522,
      0.006945099215954542,
      0.005813648458570242,
      0.006872442085295916,
      0.0061285304836928844,
      0.005360639188438654,
      0.0070137809962034225,
      0.006533109582960606,
      0.007825157605111599,
      0.006617460399866104,
      0.0067901345901191235,
      0.006273401901125908,
      0.006345563568174839,
      0.007027592975646257,
      0.006654624827206135,
      0.0065768929198384285,
      0.007003995589911938,
      0.006420525256544352,
      0.007057513576000929,
      0.006059546023607254,
      0.005511615891009569,
      0.005796066951006651,
      0.006778331473469734,
      0.00646642129868269,
      0.0068534184247255325,
      0.007012454327195883,
      0.00665665790438652,
      0.007732651196420193,
      0.006388620473444462,
      0.006506313104182482,
      0.006899986416101456,
      0.007045843172818422,
      0.0071055833250284195,
      0.006662658415734768,
      0.006620988715440035,
      0.005090833641588688,
      0.006878255866467953,
      0.006032921373844147,
      0.006676721386611462,
      0.0062250918708741665,
      0.0073011284694075584,
      0.006402740254998207,
      0.006522435694932938,
      0.005847486667335033,
      0.006022993475198746,
      0.006151609122753143,
      0.007761114276945591,
      0.006628631614148617,
      0.005180608946830034,
      0.007155233062803745,
      0.0068649123422801495,
      0.0052385106682777405,
      0.006683841813355684,
      0.005799883510917425,
      0.006618970539420843,
      0.006280506495386362,
      0.006652120966464281,
      0.006146589294075966,
      0.005434622056782246,
      0.007027759216725826,
      0.006687745917588472,
      0.00676063122227788,
      0.0063494546338915825,
      0.006504175253212452,
      0.005726648960262537,
      0.005825630854815245,
      0.006506107281893492,
      0.005858533550053835,
      0.006031535565853119,
      0.005635055713355541,
      0.005138159263879061,
      0.006411790382117033,
      0.006139976438134909,
      0.007383619900792837,
      0.006879851687699556,
      0.006483531557023525,
      0.005019743461161852,
      0.005912119522690773,
      0.005821605212986469,
      0.006911071483045816,
      0.005254728253930807,
      0.005565260071307421,
      0.006030374672263861,
      0.006075004581362009,
