{
   "number_epochs": 300,
   "info_used": "use imputation",
   "perc_full_data": 0.3,
   "n_epochs_no_selection": 0,
   "Frequency % cutoff": 0.3,
   "hidden_size": 32,
   "random_state": 13,
   "train_errors": [
      0.05970510467886925,
      0.05755671486258507,
      0.05650724843144417,
      0.055108655244112015,
      0.05519803240895271,
      0.052891962230205536,
      0.05133698508143425,
      0.04998675733804703,
      0.04783494770526886,
      0.04701610282063484,
      0.044662658125162125,
      0.042876340448856354,
      0.04024669900536537,
      0.037752583622932434,
      0.034654635936021805,
      0.03372438624501228,
      0.031174184754490852,
      0.030111663043498993,
      0.02907230332493782,
      0.027621477842330933,
      0.02543572150170803,
      0.025052819401025772,
      0.02417008765041828,
      0.025069180876016617,
      0.024022165685892105,
      0.023760495707392693,
      0.02355830930173397,
      0.020761894062161446,
      0.020817633718252182,
      0.021056633442640305,
      0.019743558019399643,
      0.02036011591553688,
      0.019481614232063293,
      0.019110392779111862,
      0.01817171275615692,
      0.01795411854982376,
      0.01693449169397354,
      0.01795329712331295,
      0.0171242393553257,
      0.017855864018201828,
      0.017507970333099365,
      0.01690821163356304,
      0.015831444412469864,
      0.016627317294478416,
      0.01556809525936842,
      0.015865229070186615,
      0.015122469514608383,
      0.015581314451992512,
      0.014604941941797733,
      0.0148309962823987,
      0.015203727409243584,
      0.015322056598961353,
      0.014071991667151451,
      0.014119422063231468,
      0.013670733198523521,
      0.014041783288121223,
      0.013075432740151882,
      0.012493069283664227,
      0.012987010180950165,
      0.012135269120335579,
      0.012266299687325954,
      0.01199796237051487,
      0.01235250011086464,
      0.011858942918479443,
      0.011673041619360447,
      0.012662750668823719,
      0.011996528133749962,
      0.012130789458751678,
      0.011936504393815994,
      0.01173133123666048,
      0.010861949063837528,
      0.010638408362865448,
      0.0104424599558115,
      0.010052178055047989,
      0.01023475918918848,
      0.011700325645506382,
      0.010666434653103352,
      0.009659592062234879,
      0.010624716989696026,
      0.009561547078192234,
      0.010459763929247856,
      0.0101937185972929,
      0.011958405375480652,
      0.010733050294220448,
      0.00923896487802267,
      0.008390395902097225,
      0.010412226431071758,
      0.009948445484042168,
      0.009748811833560467,
      0.00968070700764656,
      0.009641864337027073,
      0.009749057702720165,
      0.008792671374976635,
      0.009280533529818058,
      0.009423231706023216,
      0.00988007802516222,
      0.010948085226118565,
      0.008660527877509594,
      0.009804623201489449,
      0.008794359862804413,
      0.009718170389533043,
      0.008736283518373966,
      0.010091129690408707,
      0.010210839100182056,
      0.00965342577546835,
      0.00958672259002924,
      0.00914841890335083,
      0.008361227810382843,
      0.009508521296083927,
      0.008304785005748272,
      0.009251895360648632,
      0.008891710080206394,
      0.00948223564773798,
      0.009365182369947433,
      0.008812163025140762,
      0.009406731463968754,
      0.008657433092594147,
      0.009433239698410034,
      0.01011396013200283,
      0.008141826838254929,
      0.008640391752123833,
      0.00865690317004919,
      0.007870734669268131,
      0.00894170068204403,
      0.008276528678834438,
      0.00802606251090765,
      0.00793162640184164,
      0.008273802697658539,
      0.008718143217265606,
      0.00909454096108675,
      0.00844494253396988,
      0.009060814045369625,
      0.00824421551078558,
      0.008577780798077583,
      0.00831688940525055,
      0.008378935977816582,
      0.009810321033000946,
      0.007357459980994463,
      0.008032322861254215,
      0.008999515324831009,
      0.00791503768414259,
      0.007355006877332926,
      0.0071755945682525635,
      0.007786869071424007,
      0.009005988016724586,
      0.008921325206756592,
      0.008727801032364368,
      0.008301486261188984,
      0.007182796020060778,
      0.007827790454030037,
      0.008635664358735085,
      0.007686609867960215,
      0.008722763508558273,
      0.00799567997455597,
      0.007967367768287659,
      0.00854374561458826,
      0.008370618335902691,
      0.007680091541260481,
      0.007739567197859287,
      0.006825740449130535,
      0.00892299972474575,
      0.00728239119052887,
      0.0069905356504023075,
      0.007131166290491819,
      0.008103543892502785,
      0.007423145696520805,
      0.007404114119708538,
      0.007906710729002953,
      0.007504231762140989,
      0.008440779522061348,
      0.007841778919100761,
      0.008218824863433838,
      0.007671369705349207,
      0.008229255676269531,
      0.008639782667160034,
      0.008972321636974812,
      0.007347327657043934,
      0.006620429921895266,
      0.007562702521681786,
      0.007782928645610809,
      0.007877545431256294,
      0.00848805159330368,
      0.00830755103379488,
      0.00808905903249979,
      0.00774745736271143,
      0.007870865054428577,
      0.008748561143875122,
      0.007004487793892622,
      0.007326027378439903,
      0.007344766985625029,
      0.0077300542034208775,
      0.006802779622375965,
      0.00704491650685668,
      0.007988196797668934,
      0.007098119705915451,
      0.007332784589380026,
      0.007830710150301456,
      0.0076890913769602776,
      0.008142405189573765,
      0.0069310106337070465,
      0.007707189302891493,
      0.007567767985165119,
      0.006752172019332647,
      0.007294133771210909,
      0.006738101597875357,
      0.007450272794812918,
      0.006956531200557947,
      0.007416910491883755,
      0.007818503305315971,
      0.007044544909149408,
      0.007769614923745394,
      0.006750155705958605,
      0.006781416479498148,
      0.0071129570715129375,
      0.0067748818546533585,
      0.0077675036154687405,
      0.008154218085110188,
      0.0063788085244596004,
      0.007172516081482172,
      0.007298553362488747,
      0.007127413991838694,
      0.008116433396935463,
      0.007882693782448769,
      0.007649197243154049,
      0.007439170964062214,
      0.0076559544540941715,
      0.00726325623691082,
      0.0070288111455738544,
      0.007177894935011864,
      0.007234479300677776,
      0.006970635149627924,
      0.007736261002719402,
      0.0063020470552146435,
      0.006491670850664377,
      0.0070372773334383965,
      0.006315287202596664,
      0.006794612389057875,
      0.007124027237296104,
      0.007354547269642353,
      0.007727695629000664,
      0.006507250480353832,
      0.007130495738238096,
      0.00684885960072279,
      0.006453802343457937,
      0.0057593840174376965,
      0.00723316241055727,
      0.0070619904436171055,
      0.006854150909930468,
      0.0064248088747262955,
      0.006452216766774654,
      0.00630866177380085,
      0.006282012443989515,
      0.006457384210079908,
      0.006776031572371721,
      0.008009537123143673,
      0.006139582954347134,
      0.007411617320030928,
      0.006570514757186174,
      0.006312736310064793,
      0.006657177582383156,
      0.006339254789054394,
      0.006408413406461477,
      0.0076263523660600185,
      0.007074623368680477,
      0.006605312693864107,
      0.0065433974377810955,
      0.00691954093053937,
      0.006615798454731703,
      0.006795043591409922,
      0.006391132716089487,
      0.0065848734229803085,
      0.0060814605094492435,
      0.0075788251124322414,
      0.006326085422188044,
      0.006559575442224741,
      0.005961718037724495,
      0.006730531807988882,
      0.006500825751572847,
      0.005652377847582102,
