{
   "number_epochs": 300,
   "info_used": "use imputation",
   "perc_full_data": 0.3,
   "n_epochs_no_selection": 0,
   "Frequency % cutoff": 0.3,
   "hidden_size": 32,
   "random_state": 10,
   "train_errors": [
      0.04287177696824074,
      0.04158606380224228,
      0.04113313928246498,
      0.04017690569162369,
      0.03935420885682106,
      0.038426920771598816,
      0.037612948566675186,
      0.03657805174589157,
      0.0354367271065712,
      0.03396887704730034,
      0.03216738998889923,
      0.03177269548177719,
      0.030317459255456924,
      0.0295129232108593,
      0.027522163465619087,
      0.026051582768559456,
      0.025429200381040573,
      0.024237237870693207,
      0.02397407405078411,
      0.021969996392726898,
      0.021725095808506012,
      0.021981926634907722,
      0.02074424922466278,
      0.019959058612585068,
      0.01986761763691902,
      0.019011305645108223,
      0.018744347617030144,
      0.017511632293462753,
      0.0182130578905344,
      0.01768777333199978,
      0.016699643805623055,
      0.016568856313824654,
      0.01608578860759735,
      0.01690005138516426,
      0.01622011698782444,
      0.01581498235464096,
      0.015289010480046272,
      0.015291684307157993,
      0.014467152766883373,
      0.01502568181604147,
      0.01380685530602932,
      0.013110984116792679,
      0.013204146176576614,
      0.012998919002711773,
      0.012867271900177002,
      0.012976707890629768,
      0.012945365160703659,
      0.012427830137312412,
      0.0118274986743927,
      0.011543688364326954,
      0.011641881428658962,
      0.010743523016571999,
      0.011615542694926262,
      0.011676430702209473,
      0.01088863704353571,
      0.01106236968189478,
      0.010523270815610886,
      0.01185815129429102,
      0.010321388021111488,
      0.009975723922252655,
      0.010080424137413502,
      0.010123705491423607,
      0.0097311120480299,
      0.00893929973244667,
      0.009130449034273624,
      0.009798306040465832,
      0.009232036769390106,
      0.0084654800593853,
      0.008933460339903831,
      0.008929084986448288,
      0.009306074120104313,
      0.009026608429849148,
      0.0086459806188941,
      0.008567621931433678,
      0.008364970795810223,
      0.008074351586401463,
      0.008311135694384575,
      0.00854548066854477,
      0.009493403136730194,
      0.008058523759245872,
      0.00842200592160225,
      0.009125350043177605,
      0.0076698968186974525,
      0.0073019941337406635,
      0.008380168117582798,
      0.0084235155954957,
      0.008256137371063232,
      0.007135585881769657,
      0.007637565024197102,
      0.007414179388433695,
      0.006440041121095419,
      0.007162321358919144,
      0.007572713308036327,
      0.007016118615865707,
      0.006832255981862545,
      0.006160833407193422,
      0.006796269677579403,
      0.007341957651078701,
      0.007401590701192617,
      0.007357250899076462,
      0.00678517110645771,
      0.006593893747776747,
      0.006587126292288303,
      0.007061655167490244,
      0.007192916702479124,
      0.0071360161527991295,
      0.006375530734658241,
      0.006979035679250956,
      0.006337567698210478,
      0.0070117320865392685,
      0.00631708512082696,
      0.00649250578135252,
      0.006366044748574495,
      0.006300047039985657,
      0.0067381164990365505,
      0.005986686330288649,
      0.006132964976131916,
      0.006849262863397598,
      0.006260024383664131,
      0.005826022941619158,
      0.006305350922048092,
      0.006151334382593632,
      0.006373339332640171,
      0.006746005732566118,
      0.006303640082478523,
      0.00639443751424551,
      0.006814500782638788,
      0.005480178166180849,
      0.006733850110322237,
      0.005950902588665485,
      0.005831077229231596,
      0.006237184163182974,
      0.00545475073158741,
      0.006062591914087534,
      0.0057203941978514194,
      0.0057276710867881775,
      0.0055747744627296925,
      0.005062528420239687,
      0.006064397748559713,
      0.005701461806893349,
      0.006161226890981197,
      0.00534081133082509,
      0.006093714386224747,
      0.005744962487369776,
      0.005650762002915144,
      0.00573492469266057,
      0.005892673972994089,
      0.006098211742937565,
      0.005711447447538376,
      0.005581287667155266,
      0.005976803135126829,
      0.005119002889841795,
      0.005375094711780548,
      0.005921881180256605,
      0.005599853582680225,
      0.005489231087267399,
      0.006142533849924803,
      0.005573416128754616,
      0.0057521178387105465,
      0.005340248346328735,
      0.005409668665379286,
      0.00551148084923625,
      0.005732691381126642,
      0.0058379205875098705,
      0.004683285020291805,
      0.006292180623859167,
      0.005087190307676792,
      0.004869939759373665,
      0.0059020500630140305,
      0.005593349691480398,
      0.005114894360303879,
      0.004862240049988031,
      0.005237148143351078,
      0.004796484485268593,
      0.0057282280176877975,
      0.0048880972899496555,
      0.005611778236925602,
      0.006187083665281534,
      0.005471751559525728,
      0.004872461780905724,
      0.005007506348192692,
      0.005258350633084774,
      0.005153418052941561,
      0.005008933134377003,
      0.005102265626192093,
      0.005492806900292635,
      0.004590839613229036,
      0.005444367881864309,
      0.005145372822880745,
      0.005218635778874159,
      0.005693577229976654,
      0.005472647957503796,
      0.005579033400863409,
      0.004383029416203499,
      0.00513395806774497,
      0.005762752145528793,
      0.004685564897954464,
      0.005121440161019564,
      0.004983919207006693,
      0.005240398459136486,
      0.005051786545664072,
      0.0049067153595387936,
      0.00459090294316411,
      0.004744320642203093,
      0.004905989393591881,
      0.00467245327308774,
      0.005283579230308533,
      0.005079954396933317,
      0.00474960682913661,
      0.004723570309579372,
      0.004604632034897804,
      0.004425140097737312,
      0.004386484622955322,
      0.005184303969144821,
      0.004872048273682594,
      0.004644785542041063,
      0.004367687273770571,
      0.005479296203702688,
      0.005135347601026297,
      0.004745069891214371,
      0.005294530652463436,
      0.004943645093590021,
      0.005212496034801006,
      0.005057529080659151,
      0.004839767701923847,
      0.004774661734700203,
      0.004386532120406628,
      0.005388619843870401,
      0.005016260780394077,
      0.004887416493147612,
      0.004778557922691107,
      0.004520648159086704,
      0.0051430086605250835,
      0.00477690389379859,
      0.004435026086866856,
      0.004680925980210304,
      0.004567230120301247,
      0.005171220283955336,
      0.004687000066041946,
      0.005012118257582188,
      0.004618938080966473,
      0.004510380793362856,
      0.004355131182819605,
      0.004465354606509209,
      0.004777967464178801,
      0.005049530882388353,
      0.005211341194808483,
      0.004862331785261631,
      0.004955335985869169,
      0.005755712278187275,
      0.004458718001842499,
      0.0050133890472352505,
      0.0047175525687634945,
      0.004955736920237541,
      0.005029839929193258,
      0.004605341237038374,
      0.005221679341048002,
      0.004376107826828957,
      0.0042730034328997135,
      0.004159591160714626,
      0.0045969318598508835,
      0.004355606622993946,
      0.004398473538458347,
      0.004876371473073959,
      0.005336623638868332,
      0.005184787325561047,
      0.004717382602393627,
      0.00510107958689332,
      0.004366779234260321,
      0.003973956685513258,
      0.004492659121751785,
      0.005214804317802191,
      0.00422280328348279,
      0.005235479213297367,
      0.004311155527830124,
      0.003999695181846619,
      0.0044446843676269054,
      0.004805135075002909,
      0.00451623322442174,
