{
   "number_epochs": 300,
   "info_used": "use imputation",
   "perc_full_data": 0.3,
   "n_epochs_no_selection": 0,
   "Frequency % cutoff": 0.3,
   "hidden_size": 32,
   "random_state": 4,
   "train_errors": [
      0.054133206605911255,
      0.04973065108060837,
      0.04768168553709984,
      0.04771735146641731,
      0.047492705285549164,
      0.04732205346226692,
      0.04594634845852852,
      0.04525218531489372,
      0.04402913898229599,
      0.042944468557834625,
      0.04257678613066673,
      0.040535736829042435,
      0.03891673684120178,
      0.038030002266168594,
      0.03680992126464844,
      0.035223864018917084,
      0.03424209728837013,
      0.03213862329721451,
      0.030832326039671898,
      0.029884686693549156,
      0.02949858270585537,
      0.027269020676612854,
      0.02618621103465557,
      0.024748830124735832,
      0.024464821442961693,
      0.022829614579677582,
      0.02247810922563076,
      0.02192021906375885,
      0.020086413249373436,
      0.020295897498726845,
      0.019318317994475365,
      0.019599704071879387,
      0.018172388896346092,
      0.017858583480119705,
      0.018240077421069145,
      0.016913816332817078,
      0.017244238406419754,
      0.01617605984210968,
      0.01632530800998211,
      0.01629628613591194,
      0.015300064347684383,
      0.015247410163283348,
      0.014731726609170437,
      0.014407742768526077,
      0.01501373015344143,
      0.013405649922788143,
      0.01368241012096405,
      0.013889375142753124,
      0.014010677114129066,
      0.013312213122844696,
      0.01241403166204691,
      0.012177418917417526,
      0.0125652477145195,
      0.012651531025767326,
      0.012332101352512836,
      0.011868718080222607,
      0.012453503906726837,
      0.01116167102009058,
      0.012169193476438522,
      0.01090076845139265,
      0.011646588332951069,
      0.01167889405041933,
      0.010659148916602135,
      0.01167925912886858,
      0.011426055803894997,
      0.010659695602953434,
      0.010770687833428383,
      0.01116860844194889,
      0.010336467996239662,
      0.009828658774495125,
      0.010768039152026176,
      0.010918079875409603,
      0.00975155457854271,
      0.009858052246272564,
      0.010068058036267757,
      0.010114523582160473,
      0.009298527613282204,
      0.009770800359547138,
      0.009685494005680084,
      0.00934562087059021,
      0.010166174732148647,
      0.009991046972572803,
      0.009846044704318047,
      0.009834752418100834,
      0.009629838168621063,
      0.009949903003871441,
      0.00941372662782669,
      0.009124032221734524,
      0.00938539020717144,
      0.009528758935630322,
      0.009134871885180473,
      0.009448929689824581,
      0.009337869472801685,
      0.009534597396850586,
      0.008989213034510612,
      0.010273490101099014,
      0.008808028884232044,
      0.009339003823697567,
      0.009589636698365211,
      0.008967642672359943,
      0.009589665569365025,
      0.008742125704884529,
      0.00972633808851242,
      0.008891435340046883,
      0.009339910000562668,
      0.008327983319759369,
      0.008452561683952808,
      0.008627706207334995,
      0.010248652659356594,
      0.008898837491869926,
      0.009270094335079193,
      0.008921767584979534,
      0.008557280525565147,
      0.00890818890184164,
      0.00764183234423399,
      0.008618681691586971,
      0.008752417750656605,
      0.008245684206485748,
      0.0088704414665699,
      0.008387825451791286,
      0.007673806976526976,
      0.008715816773474216,
      0.008773108944296837,
      0.009445231407880783,
      0.008437097072601318,
      0.00781142758205533,
      0.00775702903047204,
      0.008175134658813477,
      0.007563977502286434,
      0.007687584031373262,
      0.0078441696241498,
      0.008743750862777233,
      0.00799088180065155,
      0.008228175342082977,
      0.00811564177274704,
      0.007229443173855543,
      0.007951107807457447,
      0.007917135022580624,
      0.007582332007586956,
      0.008603034541010857,
      0.0077284048311412334,
      0.0078426543623209,
      0.008113261312246323,
      0.00788666121661663,
      0.0074278730899095535,
      0.007937022484838963,
      0.007117840461432934,
      0.009225782938301563,
      0.007496545556932688,
      0.007885253056883812,
      0.007268140092492104,
      0.007914622314274311,
      0.007922736927866936,
      0.007466357666999102,
      0.007757405750453472,
      0.0076142423786222935,
      0.00680081220343709,
      0.008138093166053295,
      0.00771896168589592,
      0.007295673247426748,
      0.008051443845033646,
      0.00766919506713748,
      0.007488159462809563,
      0.007508888375014067,
      0.00711657851934433,
      0.007695892825722694,
      0.007033234927803278,
      0.006553338374942541,
      0.007369939237833023,
      0.0072500272653996944,
      0.00802383292466402,
      0.00760256452485919,
      0.006433505564928055,
      0.007085508666932583,
      0.007691366132348776,
      0.006673695985227823,
      0.007696164771914482,
      0.007362567353993654,
      0.00778366019949317,
      0.007618841715157032,
      0.008206702768802643,
      0.006826943717896938,
      0.008162177167832851,
      0.0070009008049964905,
      0.007738348562270403,
      0.006906065158545971,
      0.007614461705088615,
      0.007357137743383646,
      0.00704897241666913,
      0.007669056300073862,
      0.0068005104549229145,
      0.007308841682970524,
      0.006633405573666096,
      0.0066178105771541595,
      0.00717280525714159,
      0.007372779306024313,
      0.007050182670354843,
      0.007221716456115246,
      0.006503509357571602,
      0.007350614760071039,
      0.007049874868243933,
      0.006462472956627607,
      0.0062346854247152805,
      0.00656836898997426,
      0.007118454668670893,
      0.00708508538082242,
      0.006556106731295586,
      0.006410859990864992,
      0.0066235121339559555,
      0.00692685367539525,
      0.007349489722400904,
      0.007091960404068232,
      0.0064610973931849,
      0.007028184365481138,
      0.006312381476163864,
      0.007063701283186674,
      0.006589490454643965,
      0.008190731517970562,
      0.0059888968244194984,
      0.007518175523728132,
      0.005920278839766979,
      0.00720325717702508,
      0.0065425364300608635,
      0.0062757632695138454,
      0.006796897388994694,
      0.007079606875777245,
      0.0059939902275800705,
      0.006723366212099791,
      0.006792261265218258,
      0.007223964668810368,
      0.006740421522408724,
      0.0059286560863256454,
      0.006206916179507971,
      0.006931309122592211,
      0.0065691773779690266,
      0.006678364239633083,
      0.007407189812511206,
      0.006347499787807465,
      0.005965731106698513,
      0.006925607565790415,
      0.0056387134827673435,
      0.005775510799139738,
      0.0062384093180298805,
      0.006840029265731573,
      0.006260295398533344,
      0.0066391462460160255,
      0.006444570608437061,
      0.0064909616485238075,
      0.005973065737634897,
      0.006037214305251837,
      0.006729628890752792,
      0.0063870796002447605,
      0.006313249934464693,
      0.005782253108918667,
      0.007701891008764505,
      0.006319691892713308,
      0.006419559009373188,
      0.006369075737893581,
      0.007313598413020372,
      0.006707553751766682,
      0.006212275009602308,
      0.006466342601925135,
      0.005961686838418245,
      0.006771450396627188,
      0.006803325843065977,
      0.006605096627026796,
      0.006311238743364811,
      0.0069232904352247715,
      0.00694681890308857,
      0.006871483288705349,
      0.008144144900143147,
      0.006160232704132795,
      0.005995265673846006,
      0.005843449849635363,
      0.0056410785764455795,
      0.005991735495626926,
      0.005834599025547504,
      0.006081895437091589,
      0.006108806002885103,
