{
   "number_epochs": 300,
   "info_used": "use imputation",
   "perc_full_data": 0.3,
   "n_epochs_no_selection": 0,
   "Frequency % cutoff": 0.3,
   "hidden_size": 32,
   "random_state": 9,
   "train_errors": [
      0.07069654017686844,
      0.06569809466600418,
      0.0631076768040657,
      0.059927523136138916,
      0.05864197760820389,
      0.057372257113456726,
      0.056204937398433685,
      0.05549047887325287,
      0.05417151004076004,
      0.05284814536571503,
      0.05188676714897156,
      0.05081385374069214,
      0.049851685762405396,
      0.048255544155836105,
      0.04699297621846199,
      0.04486525431275368,
      0.04355741664767265,
      0.041424915194511414,
      0.040606822818517685,
      0.037731196731328964,
      0.035312555730342865,
      0.03278988227248192,
      0.03249266371130943,
      0.030647268518805504,
      0.029877733439207077,
      0.027481351047754288,
      0.025851396843791008,
      0.02432716265320778,
      0.024243077263236046,
      0.02445441484451294,
      0.02376539632678032,
      0.0233234204351902,
      0.02149074338376522,
      0.02096397988498211,
      0.021075090393424034,
      0.020264601334929466,
      0.019998250529170036,
      0.019159948453307152,
      0.01922088861465454,
      0.018471049144864082,
      0.018093053251504898,
      0.0173175148665905,
      0.018081866204738617,
      0.019536534324288368,
      0.018022160977125168,
      0.017913376912474632,
      0.016653016209602356,
      0.016750764101743698,
      0.016344955191016197,
      0.016346314921975136,
      0.01666541025042534,
      0.016380028799176216,
      0.01623566262423992,
      0.015008441172540188,
      0.014616984874010086,
      0.015515968203544617,
      0.014659423381090164,
      0.016644056886434555,
      0.014334633015096188,
      0.015431363135576248,
      0.014324282296001911,
      0.01510789804160595,
      0.0146044185385108,
      0.013580265454947948,
      0.013779143802821636,
      0.014027386903762817,
      0.015117867849767208,
      0.014638291671872139,
      0.012914816848933697,
      0.01359995361417532,
      0.01384861022233963,
      0.01240943931043148,
      0.012659228406846523,
      0.01357838325202465,
      0.012434032745659351,
      0.012396780773997307,
      0.012959190644323826,
      0.013192184269428253,
      0.01213239599019289,
      0.01282307505607605,
      0.012660037726163864,
      0.011907271109521389,
      0.013256632722914219,
      0.012641419656574726,
      0.011898417957127094,
      0.012406121008098125,
      0.012682540342211723,
      0.01292226742953062,
      0.012004374526441097,
      0.012608678080141544,
      0.01137763075530529,
      0.011800595559179783,
      0.011875109747052193,
      0.011816737242043018,
      0.013550430536270142,
      0.012010215781629086,
      0.011661393567919731,
      0.01201961375772953,
      0.011039398610591888,
      0.01139527652412653,
      0.011683916673064232,
      0.01126290112733841,
      0.011473430320620537,
      0.011098385788500309,
      0.011503662914037704,
      0.011168853379786015,
      0.011557197198271751,
      0.01112670823931694,
      0.01242187898606062,
      0.011819792911410332,
      0.010365794412791729,
      0.011020751670002937,
      0.010773547925055027,
      0.010882258415222168,
      0.011737576685845852,
      0.012425458058714867,
      0.011924897320568562,
      0.011244474910199642,
      0.011371768079698086,
      0.010955451056361198,
      0.010687537491321564,
      0.010814040899276733,
      0.011063836514949799,
      0.011344734579324722,
      0.012715809978544712,
      0.011587616987526417,
      0.011363937519490719,
      0.010899288579821587,
      0.012004565447568893,
      0.011884207837283611,
      0.011522355489432812,
      0.011950550600886345,
      0.01208073552697897,
      0.010235222056508064,
      0.011278748512268066,
      0.010945189744234085,
      0.011550243012607098,
      0.01093453262001276,
      0.010230370797216892,
      0.011944586411118507,
      0.011185672134160995,
      0.011004374362528324,
      0.010854643769562244,
      0.010626663453876972,
      0.01011311449110508,
      0.01056724600493908,
      0.01119975559413433,
      0.010717476718127728,
      0.010456681251525879,
      0.011106212623417377,
      0.01004337053745985,
      0.009818127378821373,
      0.011705233715474606,
      0.010553422383964062,
      0.010716399177908897,
      0.011118781752884388,
      0.010879362933337688,
      0.010756930336356163,
      0.01060170866549015,
      0.01044093631207943,
      0.009935803711414337,
      0.011817103251814842,
      0.011000759899616241,
      0.009792591445147991,
      0.010005581192672253,
      0.00965859740972519,
      0.01002405397593975,
      0.009996584616601467,
      0.010708441957831383,
      0.010549685917794704,
      0.009499630890786648,
      0.010685215704143047,
      0.01024885568767786,
      0.010412490926682949,
      0.011702001094818115,
      0.010976215824484825,
      0.010126428678631783,
      0.010376826860010624,
      0.010082369670271873,
      0.010202483274042606,
      0.010395186021924019,
      0.00997096672654152,
      0.009996931068599224,
      0.010579502210021019,
      0.01002525258809328,
      0.010915644466876984,
      0.010180056095123291,
      0.00904338899999857,
      0.009340159595012665,
      0.010110398754477501,
      0.011729950085282326,
      0.010171165689826012,
      0.009249122813344002,
      0.009895594790577888,
      0.01012283843010664,
      0.010055679827928543,
      0.009787183254957199,
      0.009107701480388641,
      0.010364056564867496,
      0.009409071877598763,
      0.009187225252389908,
      0.009226033464074135,
      0.010034394450485706,
      0.009777886793017387,
      0.010484825819730759,
      0.010046650655567646,
      0.009666993282735348,
      0.010077252984046936,
      0.00892007164657116,
      0.009314358234405518,
      0.010500835254788399,
      0.009356842376291752,
      0.010299273766577244,
      0.009168164804577827,
      0.009318946860730648,
      0.010621306486427784,
      0.010439506731927395,
      0.009266919456422329,
      0.010289371944963932,
      0.009928354993462563,
      0.01055875327438116,
      0.01023908331990242,
      0.010012243874371052,
      0.009469821117818356,
      0.009162219241261482,
      0.009368468075990677,
      0.009662184864282608,
      0.009382172487676144,
      0.009446856565773487,
      0.00944346934556961,
      0.009709496982395649,
      0.009163386188447475,
      0.009645067155361176,
      0.00972242746502161,
      0.009511739946901798,
      0.009190388955175877,
      0.009021936915814877,
      0.009865660220384598,
      0.00964291114360094,
      0.009625213220715523,
      0.008430098183453083,
      0.00959397479891777,
      0.009467809461057186,
      0.010011364705860615,
      0.009264462627470493,
      0.009781653061509132,
      0.008399643003940582,
      0.01010851003229618,
      0.009894167073071003,
      0.009104996919631958,
      0.00990687869489193,
      0.010228571482002735,
      0.009647473692893982,
      0.00934470072388649,
      0.008807186037302017,
      0.0097539983689785,
      0.010733590461313725,
      0.009364844299852848,
      0.009747659787535667,
      0.009478150866925716,
      0.008863896131515503,
      0.009294724091887474,
      0.010531914420425892,
      0.009561474435031414,
      0.010665295645594597,
      0.008978229016065598,
      0.008792375214397907,
      0.00911481399089098,
      0.008969706483185291,
      0.009013520553708076,
      0.009546810761094093,
      0.009573031216859818,
      0.008854549378156662,
      0.009232169017195702,
      0.009813169948756695,
      0.009104629047214985,
      0.008553379215300083,
      0.009693616069853306,
      0.008911602199077606,
      0.009449056349694729,
