{
   "number_epochs": 300,
   "info_used": "use imputation",
   "perc_full_data": 0.3,
   "n_epochs_no_selection": 0,
   "Frequency % cutoff": 0.3,
   "hidden_size": 32,
   "random_state": 6,
   "train_errors": [
      0.07315856218338013,
      0.06232930347323418,
      0.055956508964300156,
      0.054792728275060654,
      0.054027486592531204,
      0.0525718554854393,
      0.0495464950799942,
      0.04695592820644379,
      0.04505825415253639,
      0.04156854748725891,
      0.04108627885580063,
      0.03817189484834671,
      0.03769858926534653,
      0.03403497859835625,
      0.03413956239819527,
      0.03187816962599754,
      0.030344774946570396,
      0.028290212154388428,
      0.026576239615678787,
      0.025253484025597572,
      0.025252046063542366,
      0.02312253601849079,
      0.0229327455163002,
      0.020101012662053108,
      0.01908308081328869,
      0.01819179765880108,
      0.01849774830043316,
      0.017587129026651382,
      0.016442863270640373,
      0.015369663015007973,
      0.01628756895661354,
      0.014752629213035107,
      0.013734622858464718,
      0.015147160738706589,
      0.014586311765015125,
      0.014166499488055706,
      0.013460515066981316,
      0.014138961210846901,
      0.01356926467269659,
      0.012118449434638023,
      0.012617230415344238,
      0.011913511902093887,
      0.012559653259813786,
      0.012511299923062325,
      0.011861136183142662,
      0.01278199814260006,
      0.011905853636562824,
      0.012278923764824867,
      0.01176004484295845,
      0.012879565358161926,
      0.011782770976424217,
      0.012076232582330704,
      0.011248580180108547,
      0.01164583582431078,
      0.01235663890838623,
      0.011045231483876705,
      0.011574847623705864,
      0.010959395207464695,
      0.01012661773711443,
      0.010477764531970024,
      0.011113193817436695,
      0.010884135030210018,
      0.009997253306210041,
      0.010473980568349361,
      0.010634243488311768,
      0.010175846517086029,
      0.00932562816888094,
      0.01025256048887968,
      0.010206222534179688,
      0.009755825623869896,
      0.009739531204104424,
      0.010616246610879898,
      0.009596550837159157,
      0.00966439675539732,
      0.009630482643842697,
      0.009516377933323383,
      0.008626877330243587,
      0.009350188076496124,
      0.00968065857887268,
      0.00856772344559431,
      0.009588164277374744,
      0.00834081694483757,
      0.008969449438154697,
      0.008850613608956337,
      0.008348834700882435,
      0.009108471684157848,
      0.008756039664149284,
      0.008029835298657417,
      0.008192067965865135,
      0.00857850257307291,
      0.009050953201949596,
      0.008517884649336338,
      0.007797371130436659,
      0.008699181489646435,
      0.0082946652546525,
      0.00781941320747137,
      0.00751780578866601,
      0.00802776962518692,
      0.0070473249070346355,
      0.00788823701441288,
      0.00803044717758894,
      0.007120384369045496,
      0.007960941642522812,
      0.007105780299752951,
      0.006583221722394228,
      0.0077856481075286865,
      0.007634357083588839,
      0.007591116242110729,
      0.008641527034342289,
      0.007575736381113529,
      0.007103346288204193,
      0.0076575083658099174,
      0.00790618546307087,
      0.007966696284711361,
      0.0078450171276927,
      0.007468316704034805,
      0.007662842515856028,
      0.006791331805288792,
      0.007286612875759602,
      0.007325435988605022,
      0.007645259145647287,
      0.007484333589673042,
      0.007230487186461687,
      0.00704555306583643,
      0.007230751682072878,
      0.00719998124986887,
      0.00719587504863739,
      0.007667963393032551,
      0.0075848824344575405,
      0.007064435631036758,
      0.00697730015963316,
      0.007605392951518297,
      0.006828285753726959,
      0.005606313701719046,
      0.007468107622116804,
      0.005801517050713301,
      0.006531903520226479,
      0.007043961901217699,
      0.006254156120121479,
      0.006687928456813097,
      0.006837356369942427,
      0.005946347955614328,
      0.006712531670928001,
      0.006736404728144407,
      0.006228952668607235,
      0.006943628191947937,
      0.00648419139906764,
      0.006857296451926231,
      0.0062935808673501015,
      0.0073316823691129684,
      0.007657984271645546,
      0.006701291538774967,
      0.006115815602242947,
      0.006394523661583662,
      0.007038012146949768,
      0.006156339775770903,
      0.006293039303272963,
      0.00641010794788599,
      0.006386705674231052,
      0.006115166936069727,
      0.006297277752310038,
      0.00669689429923892,
      0.005924013443291187,
      0.006777632050216198,
      0.005852439906448126,
      0.0061075217090547085,
      0.006597318220883608,
      0.0057334210723638535,
      0.006330371834337711,
      0.006046001799404621,
      0.006013607140630484,
      0.00632006861269474,
      0.006230119150131941,
      0.006148084532469511,
      0.006155508104711771,
      0.006583164446055889,
      0.006126774474978447,
      0.006616427097469568,
      0.006237249821424484,
      0.005921030417084694,
      0.005701836198568344,
      0.006091028451919556,
      0.005601499229669571,
      0.005540035665035248,
      0.0059760152362287045,
      0.006021241657435894,
      0.005874417722225189,
      0.006019727326929569,
      0.005543749313801527,
      0.005197248421609402,
      0.005775319878011942,
      0.006569035816937685,
      0.006291549652814865,
      0.006070220377296209,
      0.005846790969371796,
      0.00512717617675662,
      0.006137395743280649,
      0.006056366488337517,
      0.00540117034688592,
      0.005595790687948465,
      0.00559014268219471,
      0.006106278859078884,
      0.005674677435308695,
      0.005864505656063557,
      0.005659261718392372,
      0.005867253057658672,
      0.005263744853436947,
      0.0054892851039767265,
      0.005593388807028532,
      0.006220920477062464,
      0.005177555605769157,
      0.006179181858897209,
      0.0056149717420339584,
      0.005799093283712864,
      0.005749542731791735,
      0.005862897261977196,
      0.005817594472318888,
      0.005063687916845083,
      0.004970632493495941,
      0.006086326204240322,
      0.00601672800257802,
      0.005493987817317247,
      0.0052937171421945095,
      0.0056944116950035095,
      0.005727826617658138,
      0.005000948440283537,
      0.005024932790547609,
      0.004975338466465473,
      0.004713448230177164,
      0.006349021568894386,
      0.0050178649835288525,
      0.004989778622984886,
      0.005231097806245089,
      0.005199989303946495,
      0.005475303623825312,
      0.005279331002384424,
      0.005108443554490805,
      0.0050397515296936035,
      0.00566446827724576,
      0.005328867584466934,
      0.005082357674837112,
      0.004990153014659882,
      0.004890475422143936,
      0.004776812624186277,
      0.004383724648505449,
      0.006228889338672161,
      0.005532900337129831,
      0.005765476729720831,
      0.005058234557509422,
      0.005777813494205475,
      0.005410310346633196,
      0.004313804674893618,
      0.005530986934900284,
      0.00570546742528677,
      0.005055313464254141,
      0.005230551119893789,
      0.0051017869263887405,
      0.0047330912202596664,
      0.005334565415978432,
      0.005319841206073761,
      0.0044900174252688885,
      0.004546660929918289,
      0.004862536676228046,
      0.005474771372973919,
      0.004823453724384308,
      0.004640702623873949,
      0.005270197056233883,
      0.004773974884301424,
      0.005632026121020317,
      0.0054468438029289246,
      0.004599807318300009,
      0.004549921490252018,
      0.005784433335065842,
      0.004772744607180357,
      0.00451869098469615,
      0.005541202612221241,
      0.004435318522155285,
      0.004798979964107275,
      0.004662027582526207,
