{
   "number_epochs": 300,
   "info_used": "use imputation",
   "perc_full_data": 0.3,
   "n_epochs_no_selection": 0,
   "Frequency % cutoff": 0.3,
   "hidden_size": 32,
   "random_state": 0,
   "train_errors": [
      0.05784841626882553,
      0.05386655032634735,
      0.05112876370549202,
      0.05114518478512764,
      0.050020359456539154,
      0.04911616072058678,
      0.048728831112384796,
      0.04686398804187775,
      0.0458562895655632,
      0.044964853674173355,
      0.04396170377731323,
      0.04232090339064598,
      0.04148423299193382,
      0.03934326395392418,
      0.03743801638484001,
      0.03539799526333809,
      0.03377441689372063,
      0.03243711218237877,
      0.030064193531870842,
      0.028345901519060135,
      0.02678198367357254,
      0.024584028869867325,
      0.02336636185646057,
      0.022695723921060562,
      0.020701192319393158,
      0.020369451493024826,
      0.020349981263279915,
      0.018550433218479156,
      0.01903981901705265,
      0.01831546425819397,
      0.018783017992973328,
      0.018285896629095078,
      0.01749422401189804,
      0.017307588830590248,
      0.01650526560842991,
      0.01569259539246559,
      0.016581108793616295,
      0.015554758720099926,
      0.014854277484118938,
      0.014105170033872128,
      0.014698958955705166,
      0.014557206071913242,
      0.013482434675097466,
      0.01307247206568718,
      0.013888901099562645,
      0.014060516841709614,
      0.012554013170301914,
      0.013075833208858967,
      0.013014973141252995,
      0.011810509487986565,
      0.012509481981396675,
      0.011620846576988697,
      0.012001639232039452,
      0.011428335681557655,
      0.011944158002734184,
      0.010825350880622864,
      0.011226112954318523,
      0.011067528277635574,
      0.011708737351000309,
      0.011569385416805744,
      0.011274783872067928,
      0.009548008441925049,
      0.010664660483598709,
      0.009935835376381874,
      0.009858922101557255,
      0.010105929337441921,
      0.009429693222045898,
      0.010180954821407795,
      0.009771408513188362,
      0.009411562234163284,
      0.008913489989936352,
      0.009607807733118534,
      0.009765345603227615,
      0.010120638646185398,
      0.00992070883512497,
      0.008653570897877216,
      0.009482119232416153,
      0.008730641566216946,
      0.00912753026932478,
      0.008679171092808247,
      0.007877033203840256,
      0.00820405688136816,
      0.00795392319560051,
      0.008753624744713306,
      0.008219843730330467,
      0.008429587818682194,
      0.008653668686747551,
      0.007977202534675598,
      0.00790643971413374,
      0.008199729025363922,
      0.008572611026465893,
      0.007964402437210083,
      0.007971115410327911,
      0.007963423617184162,
      0.0078016240149736404,
      0.007400291506201029,
      0.007773006800562143,
      0.007595024071633816,
      0.008073719218373299,
      0.006747712381184101,
      0.007720840163528919,
      0.006939268670976162,
      0.007687088567763567,
      0.007905278354883194,
      0.0077383676543831825,
      0.007578699383884668,
      0.007918944582343102,
      0.007832588627934456,
      0.007343490142375231,
      0.007772924844175577,
      0.006555077154189348,
      0.008013409562408924,
      0.006466291844844818,
      0.0072860680520534515,
      0.006555500440299511,
      0.0067437817342579365,
      0.007920989766716957,
      0.0076082004234194756,
      0.00650904793292284,
      0.006664373446255922,
      0.0065977913327515125,
      0.007302864454686642,
      0.0068708499893546104,
      0.0071423472836613655,
      0.006495521403849125,
      0.0068151820451021194,
      0.00745390122756362,
      0.006618812680244446,
      0.006086405366659164,
      0.006945188622921705,
      0.006387727800756693,
      0.006079597398638725,
      0.006914910860359669,
      0.00583652313798666,
      0.006132743787020445,
      0.0053384206257760525,
      0.0059206499718129635,
      0.0062470817938447,
      0.006643777247518301,
      0.006507177837193012,
      0.006273044738918543,
      0.006806060206145048,
      0.006287285126745701,
      0.0060951621271669865,
      0.006453718524426222,
      0.006262695416808128,
      0.006349780596792698,
      0.006427432410418987,
      0.006586124189198017,
      0.0065878769382834435,
      0.0065397657454013824,
      0.00614163838326931,
      0.0060959854163229465,
      0.006428079213947058,
      0.006223258562386036,
      0.00647426163777709,
      0.005826374050229788,
      0.006956751458346844,
      0.006457130890339613,
      0.005197781138122082,
      0.005858259275555611,
      0.0058175683952867985,
      0.006220024079084396,
      0.0055112349800765514,
      0.005744578782469034,
      0.0057867723517119884,
      0.005478374194353819,
      0.0056964983232319355,
      0.0062711238861083984,
      0.006013829726725817,
      0.004923141095787287,
      0.005468316841870546,
      0.00552278570830822,
      0.0057150376960635185,
      0.0054183220490813255,
      0.0052627865225076675,
      0.005467072129249573,
      0.0061738560907542706,
      0.006467768922448158,
      0.004806679207831621,
      0.005339143797755241,
      0.006125586107373238,
      0.006485659163445234,
      0.004870241042226553,
      0.005150175653398037,
      0.004893891979008913,
      0.0049800267443060875,
      0.0045428769662976265,
      0.006948248017579317,
      0.00541313923895359,
      0.005289589520543814,
      0.005726900417357683,
      0.006466513033956289,
      0.005686893127858639,
      0.005249601788818836,
      0.00528859393671155,
      0.005383098963648081,
      0.0053291162475943565,
      0.0049460893496870995,
      0.004979004617780447,
      0.00483572157099843,
      0.005600831937044859,
      0.005817850586026907,
      0.005563478451222181,
      0.0057305567897856236,
      0.005850774701684713,
      0.005542301572859287,
      0.004943412262946367,
      0.004596801474690437,
      0.005716843996196985,
      0.004411129280924797,
      0.00520679447799921,
      0.005087813828140497,
      0.0043676020577549934,
      0.005306926090270281,
      0.004520505201071501,
      0.004969807807356119,
      0.005437524523586035,
      0.004837928805500269,
      0.004424928221851587,
      0.005096081178635359,
      0.004386109299957752,
      0.004790010396391153,
      0.005197200458496809,
      0.004632006399333477,
      0.004491069819778204,
      0.004896238911896944,
      0.004972673952579498,
      0.005134263541549444,
      0.004583190195262432,
      0.0051121097058057785,
      0.005290915723890066,
      0.0036978027783334255,
      0.004321281798183918,
      0.004442800767719746,
      0.004896496422588825,
      0.004491262137889862,
      0.004643894731998444,
      0.004574594087898731,
      0.005022004712373018,
      0.004587250296026468,
      0.004666768480092287,
      0.004215652588754892,
      0.0046927789226174355,
      0.004767005797475576,
      0.004850748460739851,
      0.004541625734418631,
      0.004572220146656036,
      0.004035503137856722,
      0.004583090078085661,
      0.004610454197973013,
      0.004882563836872578,
      0.004032946191728115,
      0.004789839964359999,
      0.005264958832412958,
      0.005271951202303171,
      0.003650868544355035,
      0.004373578820377588,
      0.004202662967145443,
      0.004545916803181171,
      0.004418815020471811,
      0.004116412717849016,
      0.004283130168914795,
      0.004707029089331627,
      0.004592809826135635,
      0.003922055941075087,
      0.004381000995635986,
      0.003962813876569271,
      0.004990451503545046,
      0.00417720852419734,
      0.00457592261955142,
      0.0043434747494757175,
      0.004337806720286608,
      0.003984685055911541,
      0.00398824829608202,
      0.003816119162365794,
      0.0038786691147834063,
      0.0043551502749323845,
