{
   "number_epochs": 300,
   "info_used": "use imputation",
   "perc_full_data": 0.3,
   "n_epochs_no_selection": 0,
   "Frequency % cutoff": 0.3,
   "hidden_size": 32,
   "random_state": 3,
   "train_errors": [
      0.05254240334033966,
      0.04874076321721077,
      0.04860258474946022,
      0.04811935871839523,
      0.04658009484410286,
      0.045397765934467316,
      0.0446576289832592,
      0.0440940223634243,
      0.04318324849009514,
      0.04158001393079758,
      0.04089534655213356,
      0.039015430957078934,
      0.037509672343730927,
      0.03624068200588226,
      0.03446190804243088,
      0.033102136105298996,
      0.030954131856560707,
      0.02846875973045826,
      0.0274503231048584,
      0.027021119371056557,
      0.0252867229282856,
      0.024709541350603104,
      0.024866541847586632,
      0.022256331518292427,
      0.021486258134245872,
      0.020025985315442085,
      0.020917611196637154,
      0.019879961386322975,
      0.020386038348078728,
      0.01973353698849678,
      0.019458917900919914,
      0.01874709501862526,
      0.01829223707318306,
      0.016860246658325195,
      0.016777750104665756,
      0.01722019538283348,
      0.015700455754995346,
      0.015205977484583855,
      0.014612977392971516,
      0.013751102611422539,
      0.014424153603613377,
      0.013328098691999912,
      0.013987881131470203,
      0.01452773530036211,
      0.01337138470262289,
      0.012391078285872936,
      0.011655974201858044,
      0.012378191575407982,
      0.012875947169959545,
      0.012087874114513397,
      0.012668636627495289,
      0.011616925708949566,
      0.011207500472664833,
      0.011676677502691746,
      0.011553658172488213,
      0.011078293435275555,
      0.012143237516283989,
      0.011072528548538685,
      0.009904593229293823,
      0.010454281233251095,
      0.010611755773425102,
      0.010264125652611256,
      0.00991794466972351,
      0.009879009798169136,
      0.010971855372190475,
      0.009384486824274063,
      0.010097572579979897,
      0.0100203026086092,
      0.009347561746835709,
      0.008908472955226898,
      0.009289547801017761,
      0.009261487983167171,
      0.008825268596410751,
      0.008750395849347115,
      0.008930024690926075,
      0.008914538659155369,
      0.009453341364860535,
      0.008879713714122772,
      0.008986073546111584,
      0.008322371169924736,
      0.008864070288836956,
      0.008594224229454994,
      0.00931070651859045,
      0.009189150296151638,
      0.00787479616701603,
      0.008683943189680576,
      0.009770628064870834,
      0.008138163946568966,
      0.007945484481751919,
      0.007917888462543488,
      0.007661224342882633,
      0.008455608040094376,
      0.008766598999500275,
      0.008252046070992947,
      0.008109710179269314,
      0.008322888053953648,
      0.007918978109955788,
      0.007789722643792629,
      0.008136000484228134,
      0.008172052912414074,
      0.008309505879878998,
      0.007248683832585812,
      0.00883509125560522,
      0.007764929439872503,
      0.007835629396140575,
      0.00729127274826169,
      0.007837241515517235,
      0.007880015298724174,
      0.007617379538714886,
      0.008168923668563366,
      0.007514325436204672,
      0.007605796214193106,
      0.007601595018059015,
      0.006282028742134571,
      0.007454122882336378,
      0.006636318750679493,
      0.00740008382126689,
      0.007846951484680176,
      0.007554304786026478,
      0.007146028336137533,
      0.0073028928600251675,
      0.007439354434609413,
      0.00683966837823391,
      0.007174673490226269,
      0.0068866233341395855,
      0.007466266397386789,
      0.006131109781563282,
      0.006221839226782322,
      0.006699996534734964,
      0.0072244321927428246,
      0.006867748219519854,
      0.007265924476087093,
      0.006684268359094858,
      0.007071677595376968,
      0.0060977996326982975,
      0.007124052383005619,
      0.006158133968710899,
      0.006916826590895653,
      0.006435855757445097,
      0.006478066090494394,
      0.00585538474842906,
      0.006676206830888987,
      0.007658175192773342,
      0.006389201618731022,
      0.007181845139712095,
      0.006165222730487585,
      0.00674009695649147,
      0.006256986875087023,
      0.00656855059787631,
      0.006083532702177763,
      0.0061526610516011715,
      0.006178013049066067,
      0.006291708443313837,
      0.006474656518548727,
      0.0067475298419594765,
      0.005820981692522764,
      0.006728357169777155,
      0.006668346002697945,
      0.006844663992524147,
      0.005841129459440708,
      0.006303505040705204,
      0.005754286423325539,
      0.005814214237034321,
      0.00723970727995038,
      0.005934309680014849,
      0.006551204714924097,
      0.0061452011577785015,
      0.005832921713590622,
      0.005747940391302109,
      0.005711844190955162,
      0.006328701041638851,
      0.006210813298821449,
      0.006225845776498318,
      0.005528812296688557,
      0.005849415436387062,
      0.006193540524691343,
      0.005720396526157856,
      0.0055161453783512115,
      0.006627974100410938,
      0.005521142855286598,
      0.005744274705648422,
      0.00604730099439621,
      0.006614587269723415,
      0.006055393256247044,
      0.006182658486068249,
      0.005988947581499815,
      0.006424968130886555,
      0.005825657397508621,
      0.005101587623357773,
      0.006204694975167513,
      0.0060782055370509624,
      0.005580696742981672,
      0.005355743691325188,
      0.005230263341218233,
      0.005818901117891073,
      0.0060819340869784355,
      0.0058332690969109535,
      0.005377405788749456,
      0.00550653412938118,
      0.005895860958844423,
      0.006766436155885458,
      0.005898858420550823,
      0.0055351899936795235,
      0.005441782530397177,
      0.005398044362664223,
      0.005428324453532696,
      0.005827898159623146,
      0.005261711776256561,
      0.0053957728669047356,
      0.005289805121719837,
      0.006182042881846428,
      0.005140666384249926,
      0.005350796040147543,
      0.005515825003385544,
      0.0062019964680075645,
      0.00576759735122323,
      0.00574167026206851,
      0.005305268801748753,
      0.005070474464446306,
      0.005969642195850611,
      0.005693341605365276,
      0.005715538281947374,
      0.005403790157288313,
      0.005581551231443882,
      0.005740221124142408,
      0.0055814627557992935,
      0.005312460474669933,
      0.005131983198225498,
      0.004569144453853369,
      0.005802808795124292,
      0.00510545214638114,
      0.005196672398597002,
      0.0044341376051306725,
      0.0061644273810088634,
      0.005009018816053867,
      0.0060503180138766766,
      0.004918145015835762,
      0.004814910236746073,
      0.005505736917257309,
      0.004414367955178022,
      0.005073928274214268,
      0.005851627327501774,
      0.0050741336308419704,
      0.005222979001700878,
      0.004904240369796753,
      0.004783968441188335,
      0.005124229937791824,
      0.005193148273974657,
      0.00494150398299098,
      0.005260132253170013,
      0.005170849151909351,
      0.005439377389848232,
      0.005265786778181791,
      0.004959834273904562,
      0.006338812410831451,
      0.005089837592095137,
      0.0047995708882808685,
      0.005468897055834532,
      0.005326049868017435,
      0.005033591762185097,
      0.005022970959544182,
      0.005028826184570789,
      0.004221475683152676,
      0.005068374332040548,
      0.005546937230974436,
      0.0054641892202198505,
      0.004699139855802059,
      0.004569784738123417,
      0.004877234809100628,
      0.006718344986438751,
      0.004640356171876192,
      0.005443254951387644,
      0.005976243410259485,
      0.005179176572710276,
      0.0046631768345832825,
      0.004969993140548468,
      0.005334029905498028,
      0.004388849250972271,
