{
   "number_epochs": 300,
   "info_used": "use imputation",
   "perc_full_data": 0.3,
   "n_epochs_no_selection": 0,
   "Frequency % cutoff": 0.3,
   "hidden_size": 32,
   "random_state": 8,
   "train_errors": [
      0.08573195338249207,
      0.0763738602399826,
      0.07090004533529282,
      0.06671120971441269,
      0.06507241725921631,
      0.0628490224480629,
      0.06100022420287132,
      0.05831640213727951,
      0.058217015117406845,
      0.05421402305364609,
      0.05198579281568527,
      0.04995576664805412,
      0.04852745309472084,
      0.04568219557404518,
      0.044110316783189774,
      0.041265834122896194,
      0.03918783739209175,
      0.037196084856987,
      0.03522833436727524,
      0.03415786102414131,
      0.032431844621896744,
      0.030127542093396187,
      0.02859324775636196,
      0.0278010331094265,
      0.02727285586297512,
      0.02535894140601158,
      0.025952089577913284,
      0.024197202175855637,
      0.024549880996346474,
      0.024302517995238304,
      0.023134727030992508,
      0.023325586691498756,
      0.023536736145615578,
      0.02239232510328293,
      0.020822837948799133,
      0.020608510822057724,
      0.02036816067993641,
      0.021510841324925423,
      0.020953763276338577,
      0.019864248111844063,
      0.01961597613990307,
      0.01966175250709057,
      0.019342761486768723,
      0.0166661124676466,
      0.018595414236187935,
      0.017129160463809967,
      0.0178714357316494,
      0.016732584685087204,
      0.01732431910932064,
      0.017521750181913376,
      0.017179612070322037,
      0.016650911420583725,
      0.016183501109480858,
      0.01792934164404869,
      0.015203136019408703,
      0.015120658092200756,
      0.014976749196648598,
      0.01648026891052723,
      0.014298110269010067,
      0.01415969431400299,
      0.015107676386833191,
      0.01458470057696104,
      0.013925056904554367,
      0.01418382953852415,
      0.013729842379689217,
      0.013555068522691727,
      0.013489825651049614,
      0.013122757896780968,
      0.013112143613398075,
      0.0132236173376441,
      0.012905177660286427,
      0.012631310150027275,
      0.013263287022709846,
      0.012151305563747883,
      0.012770438566803932,
      0.01162165030837059,
      0.012073325924575329,
      0.012698197737336159,
      0.010604864917695522,
      0.01165417954325676,
      0.012310654856264591,
      0.010879909619688988,
      0.010835020802915096,
      0.012021872214972973,
      0.01114235632121563,
      0.011645421385765076,
      0.01082454714924097,
      0.012045382522046566,
      0.011045154184103012,
      0.010615726001560688,
      0.011846701614558697,
      0.011086895130574703,
      0.009711614809930325,
      0.011116581037640572,
      0.010871813632547855,
      0.009343145415186882,
      0.010046695359051228,
      0.009932417422533035,
      0.009801255539059639,
      0.01009318232536316,
      0.009521901607513428,
      0.009999671019613743,
      0.009094378910958767,
      0.009274356998503208,
      0.009618767537176609,
      0.009875603951513767,
      0.00920883845537901,
      0.009930213913321495,
      0.009832514449954033,
      0.009907111525535583,
      0.008538519032299519,
      0.009378591552376747,
      0.009095948189496994,
      0.008731442503631115,
      0.00873554777354002,
      0.008878810331225395,
      0.009723576717078686,
      0.009415733627974987,
      0.008504225872457027,
      0.009784197434782982,
      0.00900221522897482,
      0.008627400733530521,
      0.008099278435111046,
      0.00909613911062479,
      0.008671360090374947,
      0.008478705771267414,
      0.009576186537742615,
      0.00848337635397911,
      0.00855490192770958,
      0.008661724627017975,
      0.009301946498453617,
      0.008883033879101276,
      0.008424895815551281,
      0.008928659372031689,
      0.00850634090602398,
      0.007972397841513157,
      0.00916760228574276,
      0.008211986161768436,
      0.008291896432638168,
      0.009216386824846268,
      0.00796751119196415,
      0.008895744569599628,
      0.00685146264731884,
      0.007743133697658777,
      0.007974017411470413,
      0.007878386415541172,
      0.007907402701675892,
      0.00832985620945692,
      0.008878848515450954,
      0.0078101083636283875,
      0.007837497629225254,
      0.00868267472833395,
      0.007853228598833084,
      0.007459376007318497,
      0.007655804045498371,
      0.007954949513077736,
      0.007927573285996914,
      0.007576837670058012,
      0.006364637985825539,
      0.007557808421552181,
      0.006814434193074703,
      0.007514824625104666,
      0.006962795276194811,
      0.007323829922825098,
      0.007860332727432251,
      0.007615131326019764,
      0.0076587689109146595,
      0.007531394716352224,
      0.00786690041422844,
      0.00755850737914443,
      0.00837183091789484,
      0.0069968015886843204,
      0.006770393345504999,
      0.007456058170646429,
      0.007010152563452721,
      0.00762696098536253,
      0.007026013918220997,
      0.007435655687004328,
      0.006860469467937946,
      0.0071492427960038185,
      0.006818544585257769,
      0.007035257760435343,
      0.007978706620633602,
      0.006398540455847979,
      0.006946193985641003,
      0.007042253855615854,
      0.007070471998304129,
      0.007871411740779877,
      0.006974899675697088,
      0.006096109747886658,
      0.007147079799324274,
      0.006698349490761757,
      0.007002011872828007,
      0.006323535460978746,
      0.0068273828364908695,
      0.006720950361341238,
      0.006945506669580936,
      0.006538545247167349,
      0.006372412201017141,
      0.0064548603259027,
      0.007385448087006807,
      0.00643434701487422,
      0.0059798103757202625,
      0.005558915436267853,
      0.006479633040726185,
      0.006877883803099394,
      0.00701403571292758,
      0.00680799875408411,
      0.006629909388720989,
      0.006939038634300232,
      0.005942419171333313,
      0.0060288128443062305,
      0.006516971625387669,
      0.006710489746183157,
      0.005497132893651724,
      0.006320127286016941,
      0.005848634522408247,
      0.006267603486776352,
      0.006233237683773041,
      0.006541027687489986,
      0.006371862255036831,
      0.0066904970444738865,
      0.006279368884861469,
      0.005921491421759129,
      0.006786901503801346,
      0.006063383538275957,
      0.006033741403371096,
      0.005630440078675747,
      0.005689157173037529,
      0.006260961294174194,
      0.005928250961005688,
      0.005868380889296532,
      0.0059153176844120026,
      0.00680710980668664,
      0.006007832940667868,
      0.00655980734154582,
      0.0064856261014938354,
      0.005762078799307346,
      0.005402914714068174,
      0.006028769072145224,
      0.005125020630657673,
      0.0065427557565271854,
      0.005757924634963274,
      0.005526454653590918,
      0.006200116593390703,
      0.005325555335730314,
      0.006816769018769264,
      0.005714625120162964,
      0.005686428397893906,
      0.00601535476744175,
      0.005797622259706259,
      0.005405253730714321,
      0.005491137970238924,
      0.005965037737041712,
      0.006141550373286009,
      0.005838274490088224,
      0.005172886420041323,
      0.005437149666249752,
      0.0056431908160448074,
      0.005481096915900707,
      0.005620059557259083,
      0.004759956616908312,
      0.004809224978089333,
      0.005629655439406633,
      0.005517404060810804,
      0.005566217936575413,
      0.005365937482565641,
      0.005009170155972242,
      0.005669671576470137,
      0.0050511471927165985,
      0.005660518538206816,
      0.006129468325525522,
      0.005254610441625118,
      0.005864524748176336,
      0.004955321550369263,
      0.005335196852684021,
      0.005380184855312109,
      0.005380002781748772,
      0.00505683571100235,
      0.005418512970209122,
