{
   "number_epochs": 300,
   "info_used": "use imputation",
   "perc_full_data": 0.3,
   "n_epochs_no_selection": 0,
   "Frequency % cutoff": 0.3,
   "hidden_size": 32,
   "random_state": 14,
   "train_errors": [
      0.04531005397439003,
      0.0441439151763916,
      0.04363774135708809,
      0.04292495921254158,
      0.04179561883211136,
      0.04062669351696968,
      0.04023332521319389,
      0.03820376843214035,
      0.03686397895216942,
      0.035933107137680054,
      0.03474988788366318,
      0.03345590457320213,
      0.03179677948355675,
      0.030692512169480324,
      0.030565965920686722,
      0.02828465960919857,
      0.02732854336500168,
      0.026066850870847702,
      0.025295041501522064,
      0.023474611341953278,
      0.024804571643471718,
      0.02314469963312149,
      0.02299530990421772,
      0.021749887615442276,
      0.021002676337957382,
      0.020869020372629166,
      0.02183222956955433,
      0.020818153396248817,
      0.01968260295689106,
      0.01924622431397438,
      0.018457995727658272,
      0.01826874352991581,
      0.0176299586892128,
      0.01701931655406952,
      0.01671668142080307,
      0.017320146784186363,
      0.0161635410040617,
      0.01587669365108013,
      0.015745606273412704,
      0.015509364195168018,
      0.014757209457457066,
      0.015057971701025963,
      0.01506949495524168,
      0.015319515950977802,
      0.014033215120434761,
      0.014660079032182693,
      0.01426241360604763,
      0.014271590858697891,
      0.014392917044460773,
      0.013587254099547863,
      0.013307536952197552,
      0.01317292544990778,
      0.01289697177708149,
      0.014278515242040157,
      0.013675354421138763,
      0.013015159405767918,
      0.013147098943591118,
      0.013871071860194206,
      0.014475436881184578,
      0.013869645074009895,
      0.01340287271887064,
      0.013149624690413475,
      0.013161487877368927,
      0.011837470345199108,
      0.012628763914108276,
      0.013631369918584824,
      0.014388221316039562,
      0.013917481526732445,
      0.013754851184785366,
      0.012683597393333912,
      0.012677337974309921,
      0.012242469936609268,
      0.012451918795704842,
      0.011822204105556011,
      0.012769321911036968,
      0.012857296504080296,
      0.013220216147601604,
      0.012174643576145172,
      0.013389919884502888,
      0.012981743551790714,
      0.013328654691576958,
      0.011955451220273972,
      0.013314854353666306,
      0.011956032365560532,
      0.0117325559258461,
      0.012695996090769768,
      0.012042846530675888,
      0.012350247241556644,
      0.012628891505300999,
      0.012116849422454834,
      0.011627518571913242,
      0.012617656029760838,
      0.012649868614971638,
      0.01279397215694189,
      0.012172644957900047,
      0.012770423665642738,
      0.01183565054088831,
      0.012207431718707085,
      0.011584118008613586,
      0.011961860582232475,
      0.012090874835848808,
      0.011785667389631271,
      0.012021477334201336,
      0.011912449263036251,
      0.012242535129189491,
      0.011999757029116154,
      0.011909500695765018,
      0.011619950644671917,
      0.010889865458011627,
      0.011156384833157063,
      0.011153239756822586,
      0.01210834551602602,
      0.011296427808701992,
      0.011551318690180779,
      0.011558955535292625,
      0.01300085335969925,
      0.011484935879707336,
      0.011248713359236717,
      0.011770553886890411,
      0.010875401087105274,
      0.0121763925999403,
      0.011728850193321705,
      0.012290461920201778,
      0.012415757402777672,
      0.011499498970806599,
      0.012544207274913788,
      0.01185179129242897,
      0.012130611576139927,
      0.010505459271371365,
      0.01095153484493494,
      0.0117851747199893,
      0.010979659855365753,
      0.01139154750853777,
      0.011620718985795975,
      0.010424738749861717,
      0.011143997311592102,
      0.01239387970417738,
      0.011331741698086262,
      0.01119063887745142,
      0.010894807055592537,
      0.010898052714765072,
      0.01183310803025961,
      0.011979133822023869,
      0.01088942214846611,
      0.010276096872985363,
      0.011457927525043488,
      0.011461105197668076,
      0.01185658760368824,
      0.011395910754799843,
      0.01094031985849142,
      0.011629614979028702,
      0.011777779087424278,
      0.011989066377282143,
      0.012805941514670849,
      0.011019059456884861,
      0.012655623257160187,
      0.011621803045272827,
      0.010904284194111824,
      0.010881930589675903,
      0.010530217550694942,
      0.010594142600893974,
      0.010512991808354855,
      0.01054923702031374,
      0.011599605903029442,
      0.010826554149389267,
      0.011381400749087334,
      0.011510949581861496,
      0.010665019042789936,
      0.011117991991341114,
      0.010767577216029167,
      0.011445567943155766,
      0.010978396050632,
      0.01079101487994194,
      0.010781347751617432,
      0.011309203691780567,
      0.011060948483645916,
      0.010310272686183453,
      0.010640273801982403,
      0.010341502726078033,
      0.011449833400547504,
      0.010063990019261837,
      0.010103490203619003,
      0.012142742052674294,
      0.010931206867098808,
      0.010722854174673557,
      0.011443087831139565,
      0.010925285518169403,
      0.010372402146458626,
      0.011426560580730438,
      0.010365406051278114,
      0.01090384740382433,
      0.010173657909035683,
      0.010401103645563126,
      0.011827963404357433,
      0.010534052737057209,
      0.010569922626018524,
      0.010404895059764385,
      0.010559716261923313,
      0.011164689436554909,
      0.010060793720185757,
      0.009913645684719086,
      0.010671195574104786,
      0.010976765304803848,
      0.010512957349419594,
      0.010023746639490128,
      0.009808864444494247,
      0.01038322038948536,
      0.010014891624450684,
      0.010825862176716328,
      0.01015972439199686,
      0.011238268576562405,
      0.010238036513328552,
      0.011117175221443176,
      0.010837520472705364,
      0.01106350589543581,
      0.009713604114949703,
      0.009718336164951324,
      0.011395027860999107,
      0.010798092931509018,
      0.010125239379703999,
      0.010997084900736809,
      0.010486472398042679,
      0.009986218065023422,
      0.009930087253451347,
      0.009440701454877853,
      0.010029626078903675,
      0.010597534477710724,
      0.009527873247861862,
      0.010441318154335022,
      0.010140896774828434,
      0.009683270007371902,
      0.009398692287504673,
      0.010461166501045227,
      0.011665097437798977,
      0.010532895103096962,
      0.0095770712941885,
      0.009997923858463764,
      0.01104260515421629,
      0.010601893998682499,
      0.00945367943495512,
      0.009765607304871082,
      0.009969206526875496,
      0.009470650926232338,
      0.011101634241640568,
      0.011212741956114769,
      0.00994934607297182,
      0.008864043280482292,
      0.009530858136713505,
      0.010092636570334435,
      0.010107292793691158,
      0.010362965054810047,
      0.009925751946866512,
      0.010103259235620499,
      0.010710133239626884,
      0.010345466434955597,
      0.01000462006777525,
      0.009471382945775986,
      0.009225001558661461,
      0.009987697005271912,
      0.009712891653180122,
      0.009405537508428097,
      0.009528578259050846,
      0.0103915398940444,
      0.010499480180442333,
      0.010336983017623425,
      0.009328543208539486,
      0.010008166544139385,
      0.010243425145745277,
      0.010257341898977757,
      0.009548559784889221,
      0.010314314626157284,
      0.010370731353759766,
      0.009930482134222984,
      0.008851227350533009,
      0.010447514243423939,
      0.008428416214883327,
      0.009795579127967358,
      0.009540623985230923,
      0.009228583425283432,
      0.010111474432051182,
