{
   "number_epochs": 300,
   "info_used": "full info",
   "perc_full_data": 0.3,
   "n_epochs_no_selection": 0,
   "Frequency % cutoff": 0.3,
   "hidden_size": 32,
   "random_state": 5,
   "train_errors": [
      0.0633573830127716,
      0.05712297186255455,
      0.05294347181916237,
      0.050337281078100204,
      0.049537550657987595,
      0.04859250411391258,
      0.04819541424512863,
      0.047680143266916275,
      0.04733778536319733,
      0.04638747125864029,
      0.045095693320035934,
      0.04425238072872162,
      0.043500859290361404,
      0.04231085628271103,
      0.04133614897727966,
      0.04030928388237953,
      0.038343921303749084,
      0.03673619031906128,
      0.03481009230017662,
      0.032736148685216904,
      0.030484886839985847,
      0.028833314776420593,
      0.02649013325572014,
      0.025289686396718025,
      0.02361328899860382,
      0.022414855659008026,
      0.020825402811169624,
      0.02025364153087139,
      0.01966758631169796,
      0.018406208604574203,
      0.017757557332515717,
      0.01744111068546772,
      0.01654691994190216,
      0.016261272132396698,
      0.01635701395571232,
      0.015497325919568539,
      0.015224526636302471,
      0.014341224916279316,
      0.014185667969286442,
      0.014193220995366573,
      0.013562874868512154,
      0.013466992415487766,
      0.01344835665076971,
      0.013798195868730545,
      0.013295087032020092,
      0.0121725182980299,
      0.01281452551484108,
      0.011811554431915283,
      0.011932985857129097,
      0.012195621617138386,
      0.01211960893124342,
      0.011544852517545223,
      0.011570232920348644,
      0.011095858179032803,
      0.011772114783525467,
      0.011792629957199097,
      0.010780911892652512,
      0.01054496318101883,
      0.01038391049951315,
      0.01041895616799593,
      0.009739493951201439,
      0.010835808701813221,
      0.010530266910791397,
      0.00950847752392292,
      0.009187736548483372,
      0.010141623206436634,
      0.009404531680047512,
      0.009390367195010185,
      0.009279772639274597,
      0.008777983486652374,
      0.009221099317073822,
      0.009228749200701714,
      0.008471342734992504,
      0.008698458783328533,
      0.008918595500290394,
      0.009428503923118114,
      0.009163090959191322,
      0.00869641825556755,
      0.007960970513522625,
      0.00811034720391035,
      0.008517901413142681,
      0.007970384322106838,
      0.008247829042375088,
      0.008292673155665398,
      0.0071268691681325436,
      0.008643420413136482,
      0.00795346312224865,
      0.008154085837304592,
      0.007361487951129675,
      0.007477412465959787,
      0.007616329472512007,
      0.007136007305234671,
      0.007271716371178627,
      0.0075657181441783905,
      0.007868270389735699,
      0.007177567109465599,
      0.0069870599545538425,
      0.006885972339659929,
      0.007294923532754183,
      0.006911264266818762,
      0.006914681755006313,
      0.006962695624679327,
      0.007791261654347181,
      0.0065664141438901424,
      0.007043065968900919,
      0.007155580911785364,
      0.006815611384809017,
      0.0057268887758255005,
      0.006784279365092516,
      0.007050775922834873,
      0.006177402101457119,
      0.006330499891191721,
      0.006804483011364937,
      0.006666742730885744,
      0.0060189454816281796,
      0.006243862211704254,
      0.006455284543335438,
      0.005604724399745464,
      0.006187195423990488,
      0.006657829042524099,
      0.006539195775985718,
      0.006574501749128103,
      0.006299455650150776,
      0.005889599211513996,
      0.005849084816873074,
      0.005721841938793659,
      0.005944991949945688,
      0.0066470373421907425,
      0.00586704583838582,
      0.005307310726493597,
      0.006344030611217022,
      0.006399901118129492,
      0.0068269516341388226,
      0.005608884617686272,
      0.005592995323240757,
      0.006250197999179363,
      0.005268390290439129,
      0.006037869956344366,
      0.005656757857650518,
      0.005948616191744804,
      0.004874331410974264,
      0.005785414949059486,
      0.005868373438715935,
      0.004774705972522497,
      0.005581357982009649,
      0.005318121053278446,
      0.004917334299534559,
      0.005669223144650459,
      0.004962471313774586,
      0.005745487287640572,
      0.005052060820162296,
      0.005590103566646576,
      0.00530804181471467,
      0.005792349576950073,
      0.004871607292443514,
      0.005809360649436712,
      0.00568385561928153,
      0.005531650967895985,
      0.005469930358231068,
      0.005214054603129625,
      0.0042840116657316685,
      0.004859542474150658,
      0.005029471591114998,
      0.006457647308707237,
      0.0047547840513288975,
      0.0050576068460941315,
      0.005353131797164679,
      0.004810542333871126,
      0.004565931856632233,
      0.004560285247862339,
      0.005290651228278875,
      0.0055929310619831085,
      0.005292041227221489,
      0.005423123016953468,
      0.004845526069402695,
      0.004987667314708233,
      0.004977222997695208,
      0.005159188061952591,
      0.00585595890879631,
      0.005435930099338293,
      0.004611185286194086,
      0.004811604507267475,
      0.005427148193120956,
      0.004794788081198931,
      0.00484295142814517,
      0.0047639585100114346,
      0.0048155402764678,
      0.005056045949459076,
      0.004161898046731949,
      0.004523753188550472,
      0.005263563245534897,
      0.004616695921868086,
      0.0039181956090033054,
      0.004867240786552429,
      0.00459440378472209,
      0.004538258537650108,
      0.004219616297632456,
      0.0045868330635130405,
      0.004419928882271051,
      0.005471442826092243,
      0.004764852114021778,
      0.004843092989176512,
      0.004533993545919657,
      0.004761753603816032,
      0.005235450342297554,
      0.004778324626386166,
      0.00496516190469265,
      0.004761535208672285,
      0.0049213566817343235,
      0.005162079352885485,
      0.004145135171711445,
      0.004373133182525635,
      0.004818493500351906,
      0.004840757232159376,
      0.004391788505017757,
      0.004314254503697157,
      0.004248124547302723,
      0.004729480016976595,
      0.0035981780383735895,
      0.004439340438693762,
      0.004370807204395533,
      0.004065113607794046,
      0.005006914492696524,
      0.004213897045701742,
      0.004705988336354494,
      0.0036431732587516308,
      0.0037633427418768406,
      0.003756490768864751,
      0.003861028701066971,
      0.004288064781576395,
      0.0037015341222286224,
      0.004567957483232021,
      0.003946338314563036,
      0.004084274638444185,
      0.003944532014429569,
      0.004241633228957653,
      0.004276749212294817,
      0.004945339169353247,
      0.005799225531518459,
      0.004636045079678297,
      0.003506600158289075,
      0.004820036701858044,
      0.004326856229454279,
      0.00370188825763762,
      0.004334776662290096,
      0.004013300407677889,
      0.003379126312211156,
      0.003974065184593201,
      0.004111567046493292,
      0.004036955069750547,
      0.004423980601131916,
      0.005137992091476917,
      0.004006458446383476,
      0.003423233050853014,
      0.004132074303925037,
      0.0040112691931426525,
      0.004226012621074915,
      0.003781599225476384,
      0.00385651970282197,
      0.0034664818085730076,
      0.003952963277697563,
      0.0037623310927301645,
      0.004123175982385874,
      0.004791030194610357,
      0.004548783879727125,
      0.0038610370829701424,
      0.0032110565807670355,
      0.004314394202083349,
      0.00364513392560184,
      0.003581233788281679,
      0.003458356950432062,
      0.00402421597391367,
      0.003822673810645938,
      0.003659394569694996,
      0.004201650153845549,
      0.0038529536686837673,
      0.0033936365507543087,
      0.003304725978523493,
