{
   "number_epochs": 300,
   "info_used": "full info",
   "perc_full_data": 0.3,
   "n_epochs_no_selection": 0,
   "Frequency % cutoff": 0.3,
   "hidden_size": 32,
   "random_state": 8,
   "train_errors": [
      0.08686157315969467,
      0.07759855687618256,
      0.07132410258054733,
      0.06694778800010681,
      0.06419165432453156,
      0.060775674879550934,
      0.0589139349758625,
      0.05576092004776001,
      0.05621151998639107,
      0.05295393243432045,
      0.05136965587735176,
      0.05022082105278969,
      0.04980728402733803,
      0.04682541266083717,
      0.04659061133861542,
      0.044129543006420135,
      0.041768159717321396,
      0.040067002177238464,
      0.038143470883369446,
      0.03709033504128456,
      0.03525428846478462,
      0.03269243985414505,
      0.030934877693653107,
      0.029809394851326942,
      0.02983708865940571,
      0.02711682766675949,
      0.027435479685664177,
      0.025455597788095474,
      0.026468832045793533,
      0.025926627218723297,
      0.02476605772972107,
      0.02426789700984955,
      0.023815184831619263,
      0.023303376510739326,
      0.021822210401296616,
      0.020662330090999603,
      0.021159682422876358,
      0.02264060080051422,
      0.02147373929619789,
      0.020829016342759132,
      0.020519735291600227,
      0.020459704101085663,
      0.02051987126469612,
      0.016965031623840332,
      0.018628394231200218,
      0.017284344881772995,
      0.01763940043747425,
      0.01581677980720997,
      0.017705820500850677,
      0.016664333641529083,
      0.015983710065484047,
      0.015942659229040146,
      0.014343692921102047,
      0.017146047204732895,
      0.013601618818938732,
      0.013737795874476433,
      0.013385753147304058,
      0.0143632423132658,
      0.013056877069175243,
      0.01237025111913681,
      0.01367303915321827,
      0.013212166726589203,
      0.01168295182287693,
      0.01334727555513382,
      0.012024288065731525,
      0.011256392113864422,
      0.011120343580842018,
      0.010963181033730507,
      0.012250329367816448,
      0.011615095660090446,
      0.010893458500504494,
      0.010244459845125675,
      0.010381550528109074,
      0.00961469579488039,
      0.010195731185376644,
      0.009014837443828583,
      0.009882353246212006,
      0.011324127204716206,
      0.008331469260156155,
      0.01007375679910183,
      0.009942498989403248,
      0.009569179266691208,
      0.00911650899797678,
      0.010289305821061134,
      0.009622559882700443,
      0.00947537086904049,
      0.009131012484431267,
      0.009363827295601368,
      0.008282837457954884,
      0.008933709003031254,
      0.009114409796893597,
      0.008610804565250874,
      0.007972237654030323,
      0.008711324073374271,
      0.008308695629239082,
      0.007770069409161806,
      0.007912256754934788,
      0.007363324984908104,
      0.008421254344284534,
      0.007941356860101223,
      0.007122857496142387,
      0.009239614009857178,
      0.007763909641653299,
      0.007024330552667379,
      0.007214253768324852,
      0.008069432340562344,
      0.006778279785066843,
      0.008511122316122055,
      0.0076555307023227215,
      0.007526026107370853,
      0.00658405851572752,
      0.00702833803370595,
      0.0077933333814144135,
      0.007071743719279766,
      0.006483135279268026,
      0.006847543176263571,
      0.0072671216912567616,
      0.007400249596685171,
      0.007600704208016396,
      0.0072471220046281815,
      0.006948957685381174,
      0.006949106231331825,
      0.00584727618843317,
      0.006832240615040064,
      0.006999617908149958,
      0.006119659170508385,
      0.00664996774867177,
      0.00655615609139204,
      0.0071158274076879025,
      0.00607532262802124,
      0.007329989690333605,
      0.007561359088867903,
      0.005764469504356384,
      0.006448442582041025,
      0.00569243635982275,
      0.006126886699348688,
      0.006585446652024984,
      0.006145039107650518,
      0.0064666997641325,
      0.007041370030492544,
      0.005314657464623451,
      0.006393906194716692,
      0.005147093441337347,
      0.005243714898824692,
      0.006591569632291794,
      0.006614985875785351,
      0.005664435680955648,
      0.00611486192792654,
      0.006405111402273178,
      0.005535683128982782,
      0.0056567322462797165,
      0.006509655620902777,
      0.004904461558908224,
      0.005464468616992235,
      0.005657194182276726,
      0.0058639743365347385,
      0.0058098542504012585,
      0.005606306716799736,
      0.004787989892065525,
      0.005796307232230902,
      0.0046284920535981655,
      0.004899690393358469,
      0.005620832554996014,
      0.0052729155868291855,
      0.005832010880112648,
      0.004869304597377777,
      0.0050046429969370365,
      0.005379931069910526,
      0.00468694930896163,
      0.005612661130726337,
      0.006165791768580675,
      0.004864063113927841,
      0.004785836208611727,
      0.005203126929700375,
      0.0050297686830163,
      0.0053141131065785885,
      0.0044792029075324535,
      0.005732745863497257,
      0.0066384547390043736,
      0.00480657210573554,
      0.004690647590905428,
      0.005217746831476688,
      0.005313060712069273,
      0.00496792932972312,
      0.005830775946378708,
      0.005334510467946529,
      0.004864375572651625,
      0.00536812050268054,
      0.004947652108967304,
      0.005253210663795471,
      0.005689004436135292,
      0.004877057857811451,
      0.005300821270793676,
      0.005058810580521822,
      0.005237449426203966,
      0.004175360780209303,
      0.005658955313265324,
      0.004636240191757679,
      0.004715593997389078,
      0.004677052143961191,
      0.005866669118404388,
      0.003799850819632411,
      0.004617907106876373,
      0.005135015118867159,
      0.00399111257866025,
      0.004251084756106138,
      0.004662244115024805,
      0.005594121757894754,
      0.004374890588223934,
      0.0047296322882175446,
      0.00444164639338851,
      0.0036737709306180477,
      0.004529586993157864,
      0.0041210162453353405,
      0.00412901071831584,
      0.004506970290094614,
      0.004908920265734196,
      0.0043521542102098465,
      0.0033741521183401346,
      0.004044509492814541,
      0.0039100260473787785,
      0.004144315607845783,
      0.0036657981108874083,
      0.004476208705455065,
      0.004107542335987091,
      0.004095572978258133,
      0.0038094166666269302,
      0.0035363587085157633,
      0.003557826392352581,
      0.003411208977922797,
      0.003974732477217913,
      0.0042481799609959126,
      0.0038276826962828636,
      0.004467641934752464,
      0.003965891897678375,
      0.005027843173593283,
      0.00491746561601758,
      0.003691040212288499,
      0.0035988891031593084,
      0.004606916103512049,
      0.004629569593816996,
      0.005314784590154886,
      0.004293405916541815,
      0.003937719855457544,
      0.003997725900262594,
      0.0039048539474606514,
      0.004033929202705622,
      0.004241777118295431,
      0.004110520239919424,
      0.004234823398292065,
      0.004022457171231508,
      0.0035554806236177683,
      0.0033899780828505754,
      0.004204882308840752,
      0.0033576868008822203,
      0.003861312521621585,
      0.003767307149246335,
      0.0037146613467484713,
      0.00356936058960855,
      0.0034042084589600563,
      0.0035480554215610027,
      0.0034648641012609005,
      0.003971402533352375,
      0.004065454471856356,
      0.004361267667263746,
      0.00408211350440979,
      0.003912562970072031,
      0.0037106024101376534,
      0.004409369546920061,
      0.00408948166295886,
      0.00395161472260952,
      0.0035667794290930033,
      0.003397540422156453,
      0.0045200735330581665,
      0.0034080378245562315,
      0.0036358085926622152,
      0.004015563987195492,
      0.0037468988448381424,
      0.004082091618329287,
