{
   "number_epochs": 300,
   "info_used": "full info",
   "perc_full_data": 0.3,
   "n_epochs_no_selection": 0,
   "Frequency % cutoff": 0.3,
   "hidden_size": 32,
   "random_state": 12,
   "train_errors": [
      0.047782208770513535,
      0.042260512709617615,
      0.040743425488471985,
      0.03984775021672249,
      0.039349064230918884,
      0.038512442260980606,
      0.03786201402544975,
      0.03711589798331261,
      0.037446387112140656,
      0.036435920745134354,
      0.03473712503910065,
      0.0339244119822979,
      0.03301067650318146,
      0.031845949590206146,
      0.031265269964933395,
      0.029760537669062614,
      0.029157128185033798,
      0.02778550237417221,
      0.027586881071329117,
      0.026107866317033768,
      0.02481617033481598,
      0.02432176284492016,
      0.022821607068181038,
      0.02184264175593853,
      0.02197139896452427,
      0.021807024255394936,
      0.019701525568962097,
      0.020148947834968567,
      0.018540799617767334,
      0.018020978197455406,
      0.018012529239058495,
      0.01765209063887596,
      0.016082920134067535,
      0.01617325097322464,
      0.01538487896323204,
      0.014870986342430115,
      0.014109699986875057,
      0.013753890059888363,
      0.013522655703127384,
      0.01319879014045,
      0.012820419855415821,
      0.01210194081068039,
      0.0126109654083848,
      0.010945465415716171,
      0.011496364139020443,
      0.011749102734029293,
      0.011223849840462208,
      0.011034524068236351,
      0.010442540049552917,
      0.011200393550097942,
      0.00967469159513712,
      0.009871577844023705,
      0.009299714118242264,
      0.009041016921401024,
      0.010141335427761078,
      0.00970736425369978,
      0.009060847572982311,
      0.008405713364481926,
      0.009166800417006016,
      0.008446812629699707,
      0.008142962120473385,
      0.00918639823794365,
      0.008197519928216934,
      0.008518649265170097,
      0.008472388610243797,
      0.008372187614440918,
      0.0076963407918810844,
      0.007249298505485058,
      0.0074964240193367004,
      0.007856868207454681,
      0.00762003380805254,
      0.007088998332619667,
      0.006218109279870987,
      0.006807336118072271,
      0.0066283452324569225,
      0.006877989042550325,
      0.007535243406891823,
      0.006815274711698294,
      0.006876789033412933,
      0.007109946571290493,
      0.006373834330588579,
      0.005739348940551281,
      0.006743558216840029,
      0.0071557629853487015,
      0.006313810124993324,
      0.006073429249227047,
      0.006162285339087248,
      0.007257787976413965,
      0.0062141441740095615,
      0.006006509996950626,
      0.0059539941139519215,
      0.005541322287172079,
      0.005243429448455572,
      0.00564183946698904,
      0.006466962397098541,
      0.005962902680039406,
      0.005493206437677145,
      0.005182487424463034,
      0.005381597205996513,
      0.005310100968927145,
      0.005476732738316059,
      0.00527120241895318,
      0.005212806165218353,
      0.0051842061802744865,
      0.005037114955484867,
      0.0053955307230353355,
      0.004976767115294933,
      0.005087990313768387,
      0.004364597145467997,
      0.0046350788325071335,
      0.004761537536978722,
      0.004147253464907408,
      0.004985345993191004,
      0.006285619921982288,
      0.004397191107273102,
      0.004554586950689554,
      0.004526559263467789,
      0.004674131982028484,
      0.004406833089888096,
      0.004358919803053141,
      0.004660682752728462,
      0.004959548357874155,
      0.004600588697940111,
      0.004555030260235071,
      0.004158540163189173,
      0.004547347314655781,
      0.004028055351227522,
      0.004517698660492897,
      0.00409785145893693,
      0.005198018625378609,
      0.0046371943317353725,
      0.004157508257776499,
      0.004209139384329319,
      0.004389984533190727,
      0.004757281858474016,
      0.004118823911994696,
      0.004433055408298969,
      0.003968908451497555,
      0.004359292332082987,
      0.0034966198727488518,
      0.00427025044336915,
      0.0036987510975450277,
      0.003817471442744136,
      0.0035944515839219093,
      0.003848000429570675,
      0.003677535103634,
      0.004056223202496767,
      0.0036475665401667356,
      0.003964098636060953,
      0.003967214375734329,
      0.003925148863345385,
      0.0034205710981041193,
      0.003920667804777622,
      0.0039605204947292805,
      0.00393429072573781,
      0.0036629673559218645,
      0.004198384936898947,
      0.003673725062981248,
      0.0034314796794205904,
      0.004376094322651625,
      0.004222135525196791,
      0.003998824395239353,
      0.003438653890043497,
      0.0035576671361923218,
      0.004382542334496975,
      0.0037112056743353605,
      0.003396215382963419,
      0.0034234600607305765,
      0.003655505133792758,
      0.004298826213926077,
      0.004572817124426365,
      0.00392939941957593,
      0.004137230571359396,
      0.003561559598892927,
      0.003299492644146085,
      0.0035710276570171118,
      0.0032906504347920418,
      0.0038085440173745155,
      0.003864685073494911,
      0.0032957843504846096,
      0.0030546034686267376,
      0.0037652626633644104,
      0.0031718569807708263,
      0.00357023230753839,
      0.0035158635582774878,
      0.0030911245848983526,
      0.002642211737111211,
      0.003936230670660734,
      0.0033948104828596115,
      0.003281401004642248,
      0.002994706155732274,
      0.0031637109350413084,
      0.0033860031981021166,
      0.0036415141075849533,
      0.0027374066412448883,
      0.0027205273509025574,
      0.003286812687292695,
      0.003202432533726096,
      0.0030281594954431057,
      0.003518937388435006,
      0.0029203644953668118,
      0.002874569734558463,
      0.002865845337510109,
      0.004099259618669748,
      0.004161081276834011,
      0.002601367887109518,
      0.0027056571561843157,
      0.002830933313816786,
      0.0029650151263922453,
      0.0029457760974764824,
      0.0029865435790270567,
      0.003310259198769927,
      0.0038912175223231316,
      0.0031877076253294945,
      0.003518663579598069,
      0.0026953849010169506,
      0.002539847046136856,
      0.0025929578114300966,
      0.0026365448720753193,
      0.003917953930795193,
      0.0023661223240196705,
      0.00270244013518095,
      0.0034223455004394054,
      0.0026007629930973053,
      0.002695492934435606,
      0.0031381321605294943,
      0.0025712563656270504,
      0.003152891993522644,
      0.002811082871630788,
      0.002244484843686223,
      0.002498710760846734,
      0.0027374608907848597,
      0.003220579121261835,
      0.002809208584949374,
      0.0036089865025132895,
      0.0024536275304853916,
      0.0030268889386206865,
      0.003035137429833412,
      0.0027156947180628777,
      0.002493762644007802,
      0.003254683455452323,
      0.002926688175648451,
      0.002976413583382964,
      0.0027993423864245415,
      0.002623551292344928,
      0.002577431034296751,
      0.00266561028547585,
      0.0032278650905936956,
      0.002619327511638403,
      0.002512084785848856,
      0.0029128016903996468,
      0.0023780018091201782,
      0.0023561574053019285,
      0.0032813523430377245,
      0.0022520069032907486,
      0.002361101796850562,
      0.002935451455414295,
      0.0030446345917880535,
      0.0031276075169444084,
      0.0026476234197616577,
      0.0024633228313177824,
      0.002503594383597374,
      0.0027376748621463776,
      0.002682992024347186,
      0.0025676258374005556,
      0.0031676378566771746,
      0.002615684410557151,
      0.002754212124273181,
      0.002312204334884882,
      0.0028534019365906715,
      0.0035075675696134567,
      0.0024633179418742657,
      0.0021006008610129356,
      0.0027487671468406916,
      0.002557171508669853,
      0.002832826692610979,
