{
   "number_epochs": 300,
   "info_used": "full info",
   "perc_full_data": 0.3,
   "n_epochs_no_selection": 0,
   "Frequency % cutoff": 0.3,
   "hidden_size": 32,
   "random_state": 9,
   "train_errors": [
      0.07396122813224792,
      0.06788070499897003,
      0.0646698996424675,
      0.06082133203744888,
      0.05933056399226189,
      0.0579276941716671,
      0.056375667452812195,
      0.056213777512311935,
      0.05467918887734413,
      0.05365831404924393,
      0.052491892129182816,
      0.052030954509973526,
      0.05052550882101059,
      0.04954243451356888,
      0.048345793038606644,
      0.04669482260942459,
      0.045444950461387634,
      0.04400905966758728,
      0.043313488364219666,
      0.03989572450518608,
      0.03804440423846245,
      0.035041552037000656,
      0.034455928951501846,
      0.032754261046648026,
      0.03152274712920189,
      0.029089415445923805,
      0.027596449479460716,
      0.025985831394791603,
      0.025353513658046722,
      0.025403577834367752,
      0.023972174152731895,
      0.023398324847221375,
      0.02245066687464714,
      0.020285269245505333,
      0.02040025033056736,
      0.01979709602892399,
      0.01918918825685978,
      0.017875518649816513,
      0.0180667694658041,
      0.016685234382748604,
      0.016277562826871872,
      0.015285213477909565,
      0.015741080045700073,
      0.016245156526565552,
      0.01540219597518444,
      0.014916959218680859,
      0.01379424799233675,
      0.013978439383208752,
      0.014028847217559814,
      0.012733940035104752,
      0.012975139543414116,
      0.013451430015265942,
      0.013197752647101879,
      0.012016071006655693,
      0.011782616376876831,
      0.01152754109352827,
      0.011527476832270622,
      0.012974905781447887,
      0.011011944152414799,
      0.011808212846517563,
      0.01077683549374342,
      0.011567039415240288,
      0.011531887575984001,
      0.01116910483688116,
      0.010430526919662952,
      0.01097840815782547,
      0.010950992815196514,
      0.01084378082305193,
      0.00899377278983593,
      0.009615999646484852,
      0.010179632343351841,
      0.009194545447826385,
      0.008948356844484806,
      0.00988722126930952,
      0.009063289500772953,
      0.008958488702774048,
      0.009012170135974884,
      0.00948722381144762,
      0.008462307043373585,
      0.00853824894875288,
      0.008873848244547844,
      0.009419607929885387,
      0.009882714599370956,
      0.008538487367331982,
      0.00832446850836277,
      0.009430315345525742,
      0.008946719579398632,
      0.008689572103321552,
      0.009084544144570827,
      0.008271727710962296,
      0.0074339332059025764,
      0.0076264324598014355,
      0.008156003430485725,
      0.007793134544044733,
      0.008631083182990551,
      0.007895014248788357,
      0.008938216604292393,
      0.008355691097676754,
      0.006966444663703442,
      0.007769546005874872,
      0.007378445006906986,
      0.007060356438159943,
      0.007010098081082106,
      0.007269923575222492,
      0.0068510547280311584,
      0.006833579391241074,
      0.006485482677817345,
      0.0076501271687448025,
      0.007511721923947334,
      0.006506051868200302,
      0.0069149150513112545,
      0.006409657187759876,
      0.006107160355895758,
      0.005528720561414957,
      0.00785405095666647,
      0.006930426228791475,
      0.007175559643656015,
      0.006876252591609955,
      0.006344844587147236,
      0.0062024518847465515,
      0.0063159954734146595,
      0.006342417094856501,
      0.005998141597956419,
      0.0060219173319637775,
      0.007584486156702042,
      0.006873832084238529,
      0.006682191975414753,
      0.005673672072589397,
      0.005614423658698797,
      0.007283536251634359,
      0.007525334600359201,
      0.0061442130245268345,
      0.006394535768777132,
      0.006027393974363804,
      0.006090538576245308,
      0.005184507463127375,
      0.005122125148773193,
      0.00556845823302865,
      0.005424499977380037,
      0.0063983844593167305,
      0.005523439031094313,
      0.00550868222489953,
      0.005003920290619135,
      0.00569914048537612,
      0.005873594433069229,
      0.005156683269888163,
      0.005689012352377176,
      0.004714577924460173,
      0.004544124007225037,
      0.005476144142448902,
      0.005024741869419813,
      0.005350944586098194,
      0.006606042385101318,
      0.006081178318709135,
      0.005723357666283846,
      0.005420751869678497,
      0.004760988522320986,
      0.0051449672318995,
      0.004559266846626997,
      0.004978652577847242,
      0.005388727877289057,
      0.005401870235800743,
      0.004894781392067671,
      0.0052749463357031345,
      0.004784875549376011,
      0.004253123886883259,
      0.004405536688864231,
      0.004728261847048998,
      0.004317048471421003,
      0.005615100264549255,
      0.004455384332686663,
      0.004266516771167517,
      0.004240579903125763,
      0.005703735165297985,
      0.006528646685183048,
      0.005346080753952265,
      0.004752739332616329,
      0.0047043701633811,
      0.00401618517935276,
      0.00377687462605536,
      0.004735384602099657,
      0.004163963720202446,
      0.005322152748703957,
      0.0034987162798643112,
      0.0041524977423250675,
      0.004869123920798302,
      0.0037396252155303955,
      0.003257641801610589,
      0.00489161629229784,
      0.004762900993227959,
      0.0045687295496463776,
      0.004202813375741243,
      0.0036020122934132814,
      0.004472118336707354,
      0.0035767825320363045,
      0.0033734063617885113,
      0.0035061133094131947,
      0.003678107401356101,
      0.004305211361497641,
      0.003409195691347122,
      0.003403521841391921,
      0.002948023844510317,
      0.003248531138524413,
      0.003589840140193701,
      0.003440544940531254,
      0.003527987515553832,
      0.0031785336323082447,
      0.003981766290962696,
      0.0032421082723885775,
      0.0038381919730454683,
      0.004577592480927706,
      0.00401746341958642,
      0.0035228494089096785,
      0.004150453954935074,
      0.003015942871570587,
      0.0035237600095570087,
      0.003832045244053006,
      0.0038806369993835688,
      0.0033208634704351425,
      0.003774703014642,
      0.003741994732990861,
      0.004213327541947365,
      0.0034312966745346785,
      0.00303001725114882,
      0.0032900432124733925,
      0.003146560862660408,
      0.004172597546130419,
      0.003945257980376482,
      0.003317186376079917,
      0.003011235035955906,
      0.0040612732991576195,
      0.0032379054464399815,
      0.002820665016770363,
      0.0037425390910357237,
      0.0035917996428906918,
      0.002982117934152484,
      0.003177910577505827,
      0.002903035143390298,
      0.0036406030412763357,
      0.0026909997686743736,
      0.002855985891073942,
      0.004095043521374464,
      0.0027904449962079525,
      0.0030355348717421293,
      0.0028982667718082666,
      0.003747772192582488,
      0.0033469407353550196,
      0.0031548140104860067,
      0.003726004855707288,
      0.0025659697130322456,
      0.002596440026536584,
      0.003036975162103772,
      0.003443144727498293,
      0.0031061142217367887,
      0.0026732892729341984,
      0.0028095473535358906,
      0.0029188620392233133,
      0.002699723467230797,
      0.0029371108394116163,
      0.0033631622791290283,
      0.0030609588138759136,
      0.0035691626835614443,
      0.003443639725446701,
      0.003312099492177367,
      0.0032862380612641573,
      0.00267540430650115,
      0.0028840750455856323,
      0.0025587501004338264,
      0.0028373009990900755,
      0.003073442727327347,
      0.0022581417579203844,
      0.0024604264181107283,
      0.0026021734811365604,
      0.00295098964124918,
      0.002806194592267275,
      0.0025592909660190344,
      0.002751031657680869,
      0.003927720710635185,
