{
   "number_epochs": 300,
   "info_used": "full info",
   "perc_full_data": 0.3,
   "n_epochs_no_selection": 0,
   "Frequency % cutoff": 0.3,
   "hidden_size": 32,
   "random_state": 0,
   "train_errors": [
      0.05874348431825638,
      0.05500610172748566,
      0.052554987370967865,
      0.052076198160648346,
      0.05037228390574455,
      0.048899486660957336,
      0.04817129299044609,
      0.04613957554101944,
      0.04488655552268028,
      0.04420643299818039,
      0.04256447032094002,
      0.04095255583524704,
      0.03997882455587387,
      0.0378420427441597,
      0.03568754345178604,
      0.03367295116186142,
      0.03232301026582718,
      0.030767252668738365,
      0.028369149193167686,
      0.026549218222498894,
      0.025786414742469788,
      0.023323670029640198,
      0.021684415638446808,
      0.02079797349870205,
      0.019262924790382385,
      0.01870068348944187,
      0.018825113773345947,
      0.017136285081505775,
      0.017556533217430115,
      0.016091935336589813,
      0.017360201105475426,
      0.015814971178770065,
      0.015875447541475296,
      0.016054173931479454,
      0.015129481442272663,
      0.01467195525765419,
      0.015219589695334435,
      0.01397478487342596,
      0.013805018737912178,
      0.013300934806466103,
      0.013833587057888508,
      0.013483189977705479,
      0.012844753451645374,
      0.012255492620170116,
      0.012730126269161701,
      0.013098428025841713,
      0.012081198394298553,
      0.011718668974936008,
      0.01169404573738575,
      0.011109503917396069,
      0.011598729528486729,
      0.010490521788597107,
      0.011069278232753277,
      0.010264119133353233,
      0.0100485198199749,
      0.010036746971309185,
      0.01003012154251337,
      0.009737648069858551,
      0.010481685400009155,
      0.010049591772258282,
      0.00992396380752325,
      0.008543304167687893,
      0.009250668808817863,
      0.008734602481126785,
      0.008641163818538189,
      0.009454448707401752,
      0.008165129460394382,
      0.009540858678519726,
      0.008714079856872559,
      0.008295849896967411,
      0.008546014316380024,
      0.008071454241871834,
      0.008644618093967438,
      0.00885214563459158,
      0.008532102219760418,
      0.007916959002614021,
      0.008145208470523357,
      0.007141883485019207,
      0.008232712745666504,
      0.007848343811929226,
      0.0068968962877988815,
      0.007169559597969055,
      0.006524874363094568,
      0.0075008017010986805,
      0.007383989170193672,
      0.007291579619050026,
      0.006931745447218418,
      0.00673905061557889,
      0.006823597010225058,
      0.007263646461069584,
      0.006296495907008648,
      0.006514602340757847,
      0.006573858205229044,
      0.006604529917240143,
      0.006594094913452864,
      0.0059582688845694065,
      0.007081849966198206,
      0.006094853859394789,
      0.006047874689102173,
      0.005760854110121727,
      0.006632061675190926,
      0.006044818554073572,
      0.006704898551106453,
      0.006164815276861191,
      0.005869473796337843,
      0.005377972032874823,
      0.006148691289126873,
      0.006270749494433403,
      0.005238380748778582,
      0.005892015062272549,
      0.005127343814820051,
      0.005042249336838722,
      0.004757225513458252,
      0.00534441415220499,
      0.005070391111075878,
      0.005391792394220829,
      0.006335139740258455,
      0.005975393112748861,
      0.004966520704329014,
      0.004928738344460726,
      0.004597801249474287,
      0.0052826497703790665,
      0.005098074208945036,
      0.005126323085278273,
      0.005123225040733814,
      0.0045749591663479805,
      0.00482539227232337,
      0.005022199358791113,
      0.0042370380833745,
      0.004731691908091307,
      0.004000215791165829,
      0.004434893373399973,
      0.004576778504997492,
      0.0039575593546032906,
      0.004318247549235821,
      0.00381001946516335,
      0.004541662521660328,
      0.004625512752681971,
      0.004504671785980463,
      0.004462394863367081,
      0.004581839311867952,
      0.005398668348789215,
      0.0038964312989264727,
      0.003837199881672859,
      0.003897211281582713,
      0.00498834066092968,
      0.0039110686630010605,
      0.003818182973191142,
      0.004319573286920786,
      0.0041760909371078014,
      0.00383856357075274,
      0.005039529874920845,
      0.004167985171079636,
      0.003780136816203594,
      0.004015771672129631,
      0.004614129662513733,
      0.004810594487935305,
      0.0045836870558559895,
      0.004613506607711315,
      0.003776902798563242,
      0.004359063692390919,
      0.003816150827333331,
      0.003990241792052984,
      0.003054976463317871,
      0.003574173664674163,
      0.004220000468194485,
      0.004568751901388168,
      0.0034173051826655865,
      0.005051023326814175,
      0.003954796120524406,
      0.0035214126110076904,
      0.003437026171013713,
      0.003474083263427019,
      0.003729449585080147,
      0.004278567153960466,
      0.003630676306784153,
      0.003698974847793579,
      0.003940815571695566,
      0.0038069896399974823,
      0.0031638392247259617,
      0.003862359095364809,
      0.004366375505924225,
      0.003942126873880625,
      0.0033681527711451054,
      0.003433974226936698,
      0.0037703579291701317,
      0.0030623874627053738,
      0.003530125366523862,
      0.003806319320574403,
      0.0030412646010518074,
      0.003470044117420912,
      0.0034236256033182144,
      0.004377927631139755,
      0.003596864640712738,
      0.0033885412849485874,
      0.003854797687381506,
      0.0030028540641069412,
      0.003854784183204174,
      0.00238665658980608,
      0.002949857385829091,
      0.00315279932692647,
      0.0037152250297367573,
      0.0036009664181619883,
      0.004602593835443258,
      0.003302984172478318,
      0.004079414997249842,
      0.0033552225213497877,
      0.003385030897334218,
      0.0022291771601885557,
      0.003759083803743124,
      0.0030597345903515816,
      0.0031896019354462624,
      0.003125168615952134,
      0.002242822665721178,
      0.0027557839639484882,
      0.0032993804197758436,
      0.0029526459984481335,
      0.003275480354204774,
      0.0029200336430221796,
      0.0026244709733873606,
      0.0031998255290091038,
      0.002451347652822733,
      0.0030843126587569714,
      0.002540971152484417,
      0.002813574858009815,
      0.003001872915774584,
      0.0034165808465331793,
      0.003002207726240158,
      0.0026278251316398382,
      0.0023995167575776577,
      0.002506872871890664,
      0.0037299683317542076,
      0.0027586782816797495,
      0.0023372643627226353,
      0.0026327401865273714,
      0.0035467862617224455,
      0.0032483169343322515,
      0.003093075007200241,
      0.002934500342234969,
      0.0027778432704508305,
      0.002811349928379059,
      0.0026981898117810488,
      0.003025568788871169,
      0.0029698594007641077,
      0.002464848104864359,
      0.0023571636993438005,
      0.002084732288494706,
      0.0023404115345329046,
      0.00240071932785213,
      0.0023684450425207615,
      0.003912378568202257,
      0.002651676069945097,
      0.0020715172868222,
      0.0026850879658013582,
      0.003047532169148326,
      0.0028214866761118174,
      0.002248673466965556,
      0.0023585991002619267,
      0.002753667999058962,
      0.0029575584921985865,
      0.002798469504341483,
      0.002561441855505109,
      0.002260476816445589,
      0.0020097538363188505,
      0.002545265480875969,
      0.002365185646340251,
      0.0024205015506595373,
      0.003000404220074415,
      0.0027815906796604395,
      0.003452529199421406,
      0.0025881612673401833,
      0.0027893902733922005,
      0.0025811558589339256,
      0.0021433851215988398,
      0.0024699189234524965,
      0.0021384279243648052,
      0.0027562701143324375,
