{
   "number_epochs": 300,
   "info_used": "full info",
   "perc_full_data": 0.3,
   "n_epochs_no_selection": 0,
   "Frequency % cutoff": 0.3,
   "hidden_size": 32,
   "random_state": 14,
   "train_errors": [
      0.04605817049741745,
      0.04459965229034424,
      0.04426998645067215,
      0.043794360011816025,
      0.04308444261550903,
      0.042110245674848557,
      0.04139091074466705,
      0.03936640918254852,
      0.03831450268626213,
      0.03723529726266861,
      0.036136019974946976,
      0.03490449860692024,
      0.033648405224084854,
      0.03211561590433121,
      0.03155101463198662,
      0.0293576642870903,
      0.02833525836467743,
      0.027000799775123596,
      0.026257021352648735,
      0.024281486868858337,
      0.024677708745002747,
      0.022750165313482285,
      0.02302793227136135,
      0.02191964164376259,
      0.020190782845020294,
      0.020042676478624344,
      0.020480366423726082,
      0.0198016669601202,
      0.018139077350497246,
      0.01714285835623741,
      0.017145279794931412,
      0.0166937243193388,
      0.01539863646030426,
      0.015218162909150124,
      0.014662913978099823,
      0.015396885573863983,
      0.014726193621754646,
      0.013788018375635147,
      0.014285378158092499,
      0.01330979447811842,
      0.013545729219913483,
      0.012954579666256905,
      0.012020079419016838,
      0.012619816698133945,
      0.01148358453065157,
      0.011501780711114407,
      0.011566417291760445,
      0.010773037560284138,
      0.011585047468543053,
      0.011304866522550583,
      0.010683655738830566,
      0.0102036502212286,
      0.010311625897884369,
      0.011424602009356022,
      0.010703499428927898,
      0.009682445786893368,
      0.010091506876051426,
      0.01078364159911871,
      0.011513094417750835,
      0.011036605574190617,
      0.009854959324002266,
      0.00978902354836464,
      0.009603353217244148,
      0.008907593786716461,
      0.00980139896273613,
      0.010062478482723236,
      0.009445637464523315,
      0.010090941563248634,
      0.009718197397887707,
      0.009097331203520298,
      0.00981595553457737,
      0.008729073219001293,
      0.009264168329536915,
      0.008832310326397419,
      0.00892533827573061,
      0.009694338776171207,
      0.009136258624494076,
      0.008761159144341946,
      0.009132546372711658,
      0.008680309168994427,
      0.009353023953735828,
      0.008713042363524437,
      0.008529885672032833,
      0.008372360840439796,
      0.008756738156080246,
      0.007764462847262621,
      0.008046523667871952,
      0.008199047297239304,
      0.007622218690812588,
      0.0077283382415771484,
      0.007830502465367317,
      0.007993376813828945,
      0.007897493429481983,
      0.009083610028028488,
      0.00825012568384409,
      0.007867828011512756,
      0.00797103438526392,
      0.007620024960488081,
      0.007288326043635607,
      0.00763423927128315,
      0.007659320719540119,
      0.007899320684373379,
      0.007226098794490099,
      0.008158029988408089,
      0.007433765567839146,
      0.007541612721979618,
      0.006840380374342203,
      0.006596622988581657,
      0.006422092206776142,
      0.007130738813430071,
      0.007142200600355864,
      0.0065826913341879845,
      0.006666948087513447,
      0.007229978684335947,
      0.0065400442108511925,
      0.007642229087650776,
      0.006916595622897148,
      0.007038833107799292,
      0.007184121757745743,
      0.00598104065284133,
      0.007178273983299732,
      0.00742318294942379,
      0.006548469886183739,
      0.006651144474744797,
      0.0060473838821053505,
      0.006830593571066856,
      0.00656950892880559,
      0.0068361773155629635,
      0.005844381172209978,
      0.006185792852193117,
      0.0068371109664440155,
      0.006067721638828516,
      0.006186965852975845,
      0.00695312675088644,
      0.006159831304103136,
      0.006164052989333868,
      0.006484026554971933,
      0.00625496543943882,
      0.006614030804485083,
      0.0056754169054329395,
      0.0064651560969650745,
      0.007154579274356365,
      0.006401656661182642,
      0.006354036275297403,
      0.0058101448230445385,
      0.006374548655003309,
      0.0063207512721419334,
      0.006779930554330349,
      0.006594093982130289,
      0.005316949915140867,
      0.005675474647432566,
      0.006302861962467432,
      0.006595388054847717,
      0.0056893350556492805,
      0.006145521532744169,
      0.006318744271993637,
      0.006694633048027754,
      0.00540443928912282,
      0.0055565075017511845,
      0.0050466931425035,
      0.005205181427299976,
      0.005199987906962633,
      0.005106853786855936,
      0.005316678900271654,
      0.006445357576012611,
      0.004912597592920065,
      0.006136815529316664,
      0.004483107011765242,
      0.005252382718026638,
      0.005968923214823008,
      0.005805133376270533,
      0.005733131431043148,
      0.0048029362224042416,
      0.005201259627938271,
      0.005340059753507376,
      0.005383347161114216,
      0.005402719601988792,
      0.005008861422538757,
      0.005170395132154226,
      0.005759980995208025,
      0.0047983755357563496,
      0.005300380755215883,
      0.005646883510053158,
      0.005050403065979481,
      0.005228258203715086,
      0.0060674347914755344,
      0.005078445188701153,
      0.004676657263189554,
      0.0054597146809101105,
      0.005002623423933983,
      0.004539883229881525,
      0.00465524522587657,
      0.0044477772898972034,
      0.005844919476658106,
      0.00515088951215148,
      0.005204662214964628,
      0.0049912896938622,
      0.005904446355998516,
      0.0047545479610562325,
      0.004762130323797464,
      0.00436096778139472,
      0.004996553994715214,
      0.005212776828557253,
      0.00639225821942091,
      0.005000388249754906,
      0.004315212368965149,
      0.004844991490244865,
      0.00404919870197773,
      0.0043187327682971954,
      0.005133796948939562,
      0.004657309036701918,
      0.0038466888945549726,
      0.00469833193346858,
      0.005486257374286652,
      0.005321026314049959,
      0.00401264475658536,
      0.004538324195891619,
      0.004890577867627144,
      0.004446323961019516,
      0.0040696971118450165,
      0.003998464439064264,
      0.004741556942462921,
      0.003890443127602339,
      0.004361174535006285,
      0.003723335452377796,
      0.003978267312049866,
      0.0044180285185575485,
      0.0038313553668558598,
      0.004148032050579786,
      0.004454636946320534,
      0.004047461785376072,
      0.004447779152542353,
      0.004061550367623568,
      0.004077104385942221,
      0.0035697792191058397,
      0.004097029101103544,
      0.00394808454439044,
      0.004202434327453375,
      0.004116187337785959,
      0.0035773669369518757,
      0.003647144651040435,
      0.0035075759515166283,
      0.0035559008829295635,
      0.004173132590949535,
      0.004035986494272947,
      0.004254271741956472,
      0.003978824242949486,
      0.0038399684708565474,
      0.003913301043212414,
      0.003720666980370879,
      0.0039735399186611176,
      0.0032088758889585733,
      0.004141873214393854,
      0.0037957944441586733,
      0.0036702249199151993,
      0.003433139994740486,
      0.0036980458535254,
      0.0034324428997933865,
      0.0038735659327358007,
      0.0042851511389017105,
      0.004090186674147844,
      0.0036434337962418795,
      0.004308680072426796,
      0.004065119195729494,
      0.004407277796417475,
      0.0034142977092415094,
      0.003399693174287677,
      0.0031692797783762217,
      0.004094072617590427,
      0.003394720144569874,
      0.0031202719546854496,
      0.0038424485828727484,
      0.003418716136366129,
      0.0030130958184599876,
      0.004595269449055195,
      0.003241198603063822,
      0.003609387669712305,
      0.003888852894306183,
