{
   "number_epochs": 300,
   "info_used": "full info",
   "perc_full_data": 0.3,
   "n_epochs_no_selection": 0,
   "Frequency % cutoff": 0.3,
   "hidden_size": 32,
   "random_state": 2,
   "train_errors": [
      0.11092327535152435,
      0.0975511372089386,
      0.08565689623355865,
      0.07640562206506729,
      0.06944171339273453,
      0.06439780443906784,
      0.06100771948695183,
      0.05794578418135643,
      0.055685266852378845,
      0.053031351417303085,
      0.05058169737458229,
      0.047639645636081696,
      0.045497577637434006,
      0.043837111443281174,
      0.042058054357767105,
      0.04099156707525253,
      0.03936941176652908,
      0.03839637339115143,
      0.03770698234438896,
      0.03607805073261261,
      0.03537479415535927,
      0.03335456922650337,
      0.03281334042549133,
      0.03090379387140274,
      0.029575243592262268,
      0.028646837919950485,
      0.02748444862663746,
      0.025553250685334206,
      0.026021232828497887,
      0.023618638515472412,
      0.02387884631752968,
      0.022213559597730637,
      0.022053061053156853,
      0.020903831347823143,
      0.021107520908117294,
      0.021030660718679428,
      0.02048316039144993,
      0.019492387771606445,
      0.01989605464041233,
      0.0200369730591774,
      0.019288567826151848,
      0.018355717882514,
      0.018518468365073204,
      0.017609216272830963,
      0.018198255449533463,
      0.018317505717277527,
      0.01809149980545044,
      0.01754162460565567,
      0.017444726079702377,
      0.016681626439094543,
      0.01717761717736721,
      0.016094638034701347,
      0.01632249727845192,
      0.01598059944808483,
      0.01562599465250969,
      0.015845127403736115,
      0.015175390988588333,
      0.014435160905122757,
      0.015365127474069595,
      0.014886678196489811,
      0.014661861583590508,
      0.01445166114717722,
      0.013864281587302685,
      0.014002038165926933,
      0.013509501703083515,
      0.013464245945215225,
      0.013003452681005001,
      0.013863222673535347,
      0.012636901810765266,
      0.013007511384785175,
      0.012437179684638977,
      0.012134436517953873,
      0.011929051019251347,
      0.012045856565237045,
      0.012385587207973003,
      0.012072784826159477,
      0.012110922485589981,
      0.011197458952665329,
      0.011758683249354362,
      0.011387509293854237,
      0.011025936342775822,
      0.010957119055092335,
      0.010951916687190533,
      0.010519621893763542,
      0.010582523420453072,
      0.011336726136505604,
      0.010396776720881462,
      0.010615893639624119,
      0.009951174259185791,
      0.010863727889955044,
      0.010112498886883259,
      0.009711389429867268,
      0.010050641372799873,
      0.01084134541451931,
      0.010617660358548164,
      0.009927407838404179,
      0.008489835076034069,
      0.010078227147459984,
      0.009452549740672112,
      0.009123333729803562,
      0.008692784234881401,
      0.009403100237250328,
      0.008352535776793957,
      0.008625810034573078,
      0.009591308422386646,
      0.009139703586697578,
      0.008663315325975418,
      0.007986072450876236,
      0.009343134239315987,
      0.007904324680566788,
      0.009693621657788754,
      0.007702588569372892,
      0.00828460417687893,
      0.00905182771384716,
      0.008413054049015045,
      0.008543435484170914,
      0.008926944807171822,
      0.008073822595179081,
      0.008923753164708614,
      0.007663511671125889,
      0.007215368095785379,
      0.008644790388643742,
      0.008779543451964855,
      0.007912915199995041,
      0.00812756922096014,
      0.009265963919460773,
      0.009028046391904354,
      0.008283455856144428,
      0.008069640956819057,
      0.008135329931974411,
      0.007890456356108189,
      0.007603517267853022,
      0.007853413932025433,
      0.007667289115488529,
      0.00737684965133667,
      0.007952895015478134,
      0.008339989930391312,
      0.008059186860918999,
      0.007558872923254967,
      0.006937929429113865,
      0.007413656450808048,
      0.00819324515759945,
      0.007503553293645382,
      0.008200575597584248,
      0.007536510471254587,
      0.0068422406911849976,
      0.007221988867968321,
      0.007026646286249161,
      0.007480788975954056,
      0.007453596219420433,
      0.007527457550168037,
      0.007590861991047859,
      0.007441656664013863,
      0.007827834226191044,
      0.007748172618448734,
      0.006681125611066818,
      0.007645555771887302,
      0.006487218663096428,
      0.00796365924179554,
      0.0074241142719984055,
      0.007780826184898615,
      0.007202488370239735,
      0.006644744426012039,
      0.007004463579505682,
      0.006621734704822302,
      0.006546268239617348,
      0.006791085936129093,
      0.006600578781217337,
      0.006911293137818575,
      0.006936361081898212,
      0.0068711466155946255,
      0.006656062789261341,
      0.006643429398536682,
      0.006829662714153528,
      0.006891405675560236,
      0.006917877588421106,
      0.0060294498689472675,
      0.006711622700095177,
      0.006139335222542286,
      0.0057378653436899185,
      0.006113910116255283,
      0.005703094881027937,
      0.006683082785457373,
      0.006929648108780384,
      0.006557872984558344,
      0.0061470321379601955,
      0.0060534002259373665,
      0.0062854234129190445,
      0.006550604477524757,
      0.006374800112098455,
      0.007844225503504276,
      0.005607792176306248,
      0.008024823851883411,
      0.006129647605121136,
      0.006195316091179848,
      0.006631291937083006,
      0.006808140315115452,
      0.006128774490207434,
      0.006162951234728098,
      0.006178020965307951,
      0.007347713690251112,
      0.006000606808811426,
      0.006309146992862225,
      0.005926250480115414,
      0.006423639599233866,
      0.005655704997479916,
      0.006322422530502081,
      0.006357591133564711,
      0.00665774941444397,
      0.006391700357198715,
      0.005392299499362707,
      0.005363910924643278,
      0.0059549640864133835,
      0.006024343427270651,
      0.006286188028752804,
      0.005609428510069847,
      0.005993103142827749,
      0.005892034620046616,
      0.005699988920241594,
      0.006026036571711302,
      0.005851538386195898,
      0.0058990828692913055,
      0.006205821875482798,
      0.006196265574544668,
      0.005394992418587208,
      0.006467293482273817,
      0.0063951704651117325,
      0.005652743857353926,
      0.00591059448197484,
      0.0058188908733427525,
      0.0055045331828296185,
      0.004901633132249117,
      0.006102745421230793,
      0.006362223066389561,
      0.006292480975389481,
      0.005923411808907986,
      0.005552223417907953,
      0.005366493482142687,
      0.004820510279387236,
      0.004482686519622803,
      0.005125680938363075,
      0.00541640305891633,
      0.006473300978541374,
      0.005433670710772276,
      0.005713396705687046,
      0.005389160010963678,
      0.005020654294639826,
      0.005611085332930088,
      0.005555650219321251,
      0.005281548015773296,
      0.005161008331924677,
      0.006116895470768213,
      0.005045702215284109,
      0.004597241058945656,
      0.0051969015039503574,
      0.005259842611849308,
      0.0047670090571045876,
      0.0054338667541742325,
      0.004899959545582533,
      0.005607013590633869,
      0.006051285192370415,
      0.005111983511596918,
      0.004886326380074024,
      0.005542353261262178,
      0.00504809757694602,
      0.005305075086653233,
      0.005186321679502726,
      0.00533134862780571,
      0.005401947535574436,
      0.0049950736574828625,
      0.005112302023917437,
      0.005628114100545645,
      0.005975771229714155,
      0.005634813103824854,
      0.0050914837047457695,
      0.005372394807636738,
      0.005600976757705212,
      0.00453447038307786,
      0.0048929559998214245,
