{
   "number_epochs": 300,
   "info_used": "full info",
   "perc_full_data": 0.3,
   "n_epochs_no_selection": 0,
   "Frequency % cutoff": 0.3,
   "hidden_size": 32,
   "random_state": 11,
   "train_errors": [
      0.05901451036334038,
      0.05773334205150604,
      0.056771986186504364,
      0.05553906410932541,
      0.05454324558377266,
      0.05302989482879639,
      0.05170506611466408,
      0.05031236633658409,
      0.048560772091150284,
      0.04714592173695564,
      0.04521345719695091,
      0.04290798678994179,
      0.04083038866519928,
      0.038448866456747055,
      0.03652782365679741,
      0.03327319771051407,
      0.03110353834927082,
      0.02826467901468277,
      0.026917725801467896,
      0.02474542148411274,
      0.024296341463923454,
      0.022305289283394814,
      0.02126956917345524,
      0.02055899053812027,
      0.01958039589226246,
      0.01990353874862194,
      0.01870729587972164,
      0.01837247796356678,
      0.017981523647904396,
      0.01704443246126175,
      0.016324419528245926,
      0.0155846131965518,
      0.015079261735081673,
      0.015152495354413986,
      0.015257506631314754,
      0.0160738006234169,
      0.013608496636152267,
      0.014132731594145298,
      0.013484779745340347,
      0.0129207419231534,
      0.012650222517549992,
      0.013182137161493301,
      0.013659844174981117,
      0.012338715605437756,
      0.011481826193630695,
      0.012060248292982578,
      0.010764678940176964,
      0.010982614010572433,
      0.011242248117923737,
      0.010817172937095165,
      0.010865744203329086,
      0.010543331503868103,
      0.009236136451363564,
      0.009499277919530869,
      0.010558906942605972,
      0.009152807295322418,
      0.009312119334936142,
      0.009440319612622261,
      0.00932809617370367,
      0.008448680862784386,
      0.008967838250100613,
      0.008434116840362549,
      0.008866614662110806,
      0.007796545512974262,
      0.00874372199177742,
      0.007397115230560303,
      0.007622209377586842,
      0.0077124531380832195,
      0.007428282406181097,
      0.0071008470840752125,
      0.007538926787674427,
      0.007475276943296194,
      0.0069830394349992275,
      0.007039918564260006,
      0.006949382834136486,
      0.008024456910789013,
      0.006862058769911528,
      0.00754888728260994,
      0.006871514022350311,
      0.00745267141610384,
      0.006514857988804579,
      0.006566177122294903,
      0.006947872694581747,
      0.006175495684146881,
      0.006425951607525349,
      0.007350306026637554,
      0.0058439564891159534,
      0.006228749640285969,
      0.00694932509213686,
      0.00598341366276145,
      0.0061403121799230576,
      0.005374705884605646,
      0.006592984776943922,
      0.005465946160256863,
      0.006149390712380409,
      0.006148828659206629,
      0.005375197157263756,
      0.006236576475203037,
      0.005855001043528318,
      0.005702397786080837,
      0.005175360012799501,
      0.0054091643542051315,
      0.005683115217834711,
      0.005357332061976194,
      0.005323875229805708,
      0.005326181650161743,
      0.00492663262411952,
      0.00472244992852211,
      0.005229227710515261,
      0.005424397066235542,
      0.005000540986657143,
      0.005009280983358622,
      0.005759716499596834,
      0.005454998463392258,
      0.005181793589144945,
      0.004667973145842552,
      0.005366779863834381,
      0.005434227176010609,
      0.004594649653881788,
      0.0044722058810293674,
      0.004783527459949255,
      0.004499631933867931,
      0.004905562847852707,
      0.004137885291129351,
      0.0038534498307853937,
      0.005123187322169542,
      0.005634703207761049,
      0.004683321807533503,
      0.00411033583804965,
      0.005312649067491293,
      0.0050255171954631805,
      0.004127646330744028,
      0.004444722551852465,
      0.004723326303064823,
      0.004438776522874832,
      0.00449839374050498,
      0.003834228729829192,
      0.004130715038627386,
      0.004548529628664255,
      0.003919641952961683,
      0.003684523282572627,
      0.004178731702268124,
      0.00414379732683301,
      0.003357396926730871,
      0.0039784861728549,
      0.004307273309677839,
      0.0033035194501280785,
      0.0039202687330543995,
      0.00383532396517694,
      0.0034084476064890623,
      0.0036477111279964447,
      0.0038236628752201796,
      0.003915511071681976,
      0.0031627886928617954,
      0.003938539419323206,
      0.003630985040217638,
      0.004150473978370428,
      0.003880585776641965,
      0.0035679873544722795,
      0.003284952836111188,
      0.0036342013627290726,
      0.0032200650312006474,
      0.0033106463961303234,
      0.0033535442780703306,
      0.004001072142273188,
      0.0032138798851519823,
      0.0032759939786046743,
      0.0034176292829215527,
      0.004066461231559515,
      0.002788997720927,
      0.0029278877191245556,
      0.0032511339522898197,
      0.0037055546417832375,
      0.004201129544526339,
      0.0035371528938412666,
      0.0035197604447603226,
      0.0030728415586054325,
      0.0035364425275474787,
      0.0037643148098140955,
      0.003671236103400588,
      0.004512319806963205,
      0.0035462286323308945,
      0.003154973965138197,
      0.0038583516143262386,
      0.0038607586175203323,
      0.0032503921538591385,
      0.003516489639878273,
      0.0035000150091946125,
      0.002932628383859992,
      0.002538351807743311,
      0.0032163902651518583,
      0.003410800825804472,
      0.0034187650308012962,
      0.0031657253857702017,
      0.0037995229940861464,
      0.003759014420211315,
      0.002783088479191065,
      0.0027602282352745533,
      0.0032654902897775173,
      0.002727262442931533,
      0.002907451940700412,
      0.0033374158665537834,
      0.003065846161916852,
      0.0036502275615930557,
      0.004060694947838783,
      0.002675118623301387,
      0.0029489058069884777,
      0.002925415290519595,
      0.002994648879393935,
      0.0028690253384411335,
      0.0029712046962231398,
      0.0030794490594416857,
      0.0023646948393434286,
      0.0033378438092768192,
      0.0030677965842187405,
      0.002775411820039153,
      0.0026313383132219315,
      0.0030100634321570396,
      0.0033260618802160025,
      0.003071892773732543,
      0.002831452526152134,
      0.0037341248244047165,
      0.003070560283958912,
      0.0026245038025081158,
      0.002954132854938507,
      0.0036504233721643686,
      0.0025022111367434263,
      0.003336383728310466,
      0.0031365184113383293,
      0.0029698677826672792,
      0.0030211484991014004,
      0.0032189753837883472,
      0.0031466532964259386,
      0.003127954201772809,
      0.002861431334167719,
      0.0026347695384174585,
      0.002934661228209734,
      0.003190728835761547,
      0.0029043375980108976,
      0.002709968714043498,
      0.0032298648729920387,
      0.0035083149559795856,
      0.003214956494048238,
      0.002202861476689577,
      0.0029261051677167416,
      0.0033007003366947174,
      0.0027110741939395666,
      0.003051316598430276,
      0.002405158244073391,
      0.0030092475935816765,
      0.0026339227333664894,
      0.00295428023673594,
      0.002567596733570099,
      0.00246174493804574,
      0.0030498886480927467,
      0.0025369792710989714,
      0.002755784196779132,
      0.003124925773590803,
      0.0029315794818103313,
      0.0025635897181928158,
      0.002350772265344858,
      0.002725765574723482,
      0.0026316011790186167,
      0.003056242596358061,
      0.002867487259209156,
      0.0026530467439442873,
      0.002977915806695819,
      0.0029820422641932964,
      0.003093195613473654,
      0.0032414798624813557,
      0.0031805066391825676,
      0.0019187727011740208,
      0.0025215456262230873,
      0.002751824678853154,
      0.002715157577767968,
      0.0023056035861372948,
