{
   "number_epochs": 300,
   "info_used": "full info",
   "perc_full_data": 0.3,
   "n_epochs_no_selection": 0,
   "Frequency % cutoff": 0.3,
   "hidden_size": 32,
   "random_state": 10,
   "train_errors": [
      0.04233543574810028,
      0.041546232998371124,
      0.041130855679512024,
      0.04034796729683876,
      0.03968026489019394,
      0.038810282945632935,
      0.03809431567788124,
      0.03741743788123131,
      0.0362364798784256,
      0.034501779824495316,
      0.033205173909664154,
      0.03282560780644417,
      0.03139762580394745,
      0.030676886439323425,
      0.028980057686567307,
      0.027357839047908783,
      0.02669917233288288,
      0.0256704892963171,
      0.025147706270217896,
      0.022965779528021812,
      0.022413330152630806,
      0.02285415679216385,
      0.02157524600625038,
      0.02134189009666443,
      0.02061411552131176,
      0.019318033009767532,
      0.01860545575618744,
      0.01761387102305889,
      0.01739879511296749,
      0.017335619777441025,
      0.015459434129297733,
      0.015832044184207916,
      0.015318862162530422,
      0.015530838631093502,
      0.01517561450600624,
      0.014736157841980457,
      0.01382993720471859,
      0.014127219095826149,
      0.013151646591722965,
      0.014364470727741718,
      0.012513546273112297,
      0.011997203342616558,
      0.011681506410241127,
      0.011043236590921879,
      0.011371384374797344,
      0.012033536098897457,
      0.011190775781869888,
      0.01065066922456026,
      0.010844471864402294,
      0.00996415689587593,
      0.010996798053383827,
      0.009708542376756668,
      0.009927907027304173,
      0.010052611120045185,
      0.009527720510959625,
      0.009656175971031189,
      0.009181000292301178,
      0.009543419815599918,
      0.00899673905223608,
      0.008012225851416588,
      0.00864812545478344,
      0.009100407361984253,
      0.008959177881479263,
      0.008113695308566093,
      0.00785970687866211,
      0.007989440113306046,
      0.008906075730919838,
      0.007314980961382389,
      0.007906363345682621,
      0.008253879845142365,
      0.008000077679753304,
      0.008265240117907524,
      0.007334850262850523,
      0.008236248046159744,
      0.007893459871411324,
      0.008311489596962929,
      0.007358739618211985,
      0.007271493785083294,
      0.008013664744794369,
      0.007365907542407513,
      0.00721116503700614,
      0.008075141347944736,
      0.006602380890399218,
      0.0068214572966098785,
      0.007508323527872562,
      0.0069925556890666485,
      0.007145138457417488,
      0.0061274198815226555,
      0.0067469216883182526,
      0.00670427642762661,
      0.006695386953651905,
      0.006206004414707422,
      0.006990899797528982,
      0.005933111533522606,
      0.006682167295366526,
      0.00644781906157732,
      0.006321817170828581,
      0.006617233157157898,
      0.006041481159627438,
      0.005991686135530472,
      0.0059396554715931416,
      0.006450515706092119,
      0.006698952987790108,
      0.00602624099701643,
      0.006203767377883196,
      0.006750364787876606,
      0.005690389778465033,
      0.005862468387931585,
      0.005395516753196716,
      0.005276028998196125,
      0.006048780400305986,
      0.006532123778015375,
      0.0058365617878735065,
      0.006312923971563578,
      0.005413068924099207,
      0.005090710241347551,
      0.005638893693685532,
      0.006037051789462566,
      0.0052822972647845745,
      0.004768933169543743,
      0.006350627634674311,
      0.006146678701043129,
      0.005041601601988077,
      0.005195687059313059,
      0.005776022560894489,
      0.005359966307878494,
      0.005907353013753891,
      0.005228063557296991,
      0.004871646407991648,
      0.0049074869602918625,
      0.005598474759608507,
      0.005125192925333977,
      0.004340439103543758,
      0.005433033686131239,
      0.004459825810045004,
      0.00487655121833086,
      0.00533462967723608,
      0.004781615454703569,
      0.005862643476575613,
      0.005043997894972563,
      0.005013695918023586,
      0.004502843599766493,
      0.0050176284275949,
      0.004620920401066542,
      0.004866338800638914,
      0.004338942002505064,
      0.0042640832252800465,
      0.0049154190346598625,
      0.004398353863507509,
      0.004095576237887144,
      0.004976434633135796,
      0.004973848350346088,
      0.004644129425287247,
      0.004987013526260853,
      0.003783906577154994,
      0.00517753791064024,
      0.004401142708957195,
      0.004400091245770454,
      0.0043010651133954525,
      0.004392208531498909,
      0.0042101433500647545,
      0.004090053960680962,
      0.0046804966405034065,
      0.003996792249381542,
      0.003910372033715248,
      0.004528304561972618,
      0.005045116879045963,
      0.00403686473146081,
      0.004026244860142469,
      0.004607146605849266,
      0.0042838240042328835,
      0.003807122353464365,
      0.004188816528767347,
      0.004536335356533527,
      0.003329847240820527,
      0.003768961876630783,
      0.003919519949704409,
      0.00436609098687768,
      0.004477077163755894,
      0.0038262575399130583,
      0.004100859630852938,
      0.0041267769411206245,
      0.003869306296110153,
      0.004635094199329615,
      0.0037036791909486055,
      0.003950655460357666,
      0.0037224856205284595,
      0.004189829807728529,
      0.0033720852807164192,
      0.00421726331114769,
      0.004184560850262642,
      0.0034690930042415857,
      0.003617048030719161,
      0.004041694104671478,
      0.003754605306312442,
      0.0038078119978308678,
      0.00367911159992218,
      0.0038105773273855448,
      0.004012124612927437,
      0.004290086217224598,
      0.004561891313642263,
      0.0036656849551945925,
      0.00332711567170918,
      0.0033553792163729668,
      0.0035836726892739534,
      0.0031922683119773865,
      0.004469385836273432,
      0.0036878022365272045,
      0.0036894031800329685,
      0.004092813935130835,
      0.0038774688728153706,
      0.0029811651911586523,
      0.003383506089448929,
      0.003687506541609764,
      0.0033705884125083685,
      0.0036588122602552176,
      0.00306565104983747,
      0.004331772215664387,
      0.003739312058314681,
      0.0031493494752794504,
      0.0038479052018374205,
      0.0030152371618896723,
      0.0037236614152789116,
      0.0025849631056189537,
      0.003612593747675419,
      0.004132265690714121,
      0.0028884881176054478,
      0.004292041063308716,
      0.003698439337313175,
      0.003596439491957426,
      0.003128970041871071,
      0.0036310008727014065,
      0.0036796568892896175,
      0.003337908536195755,
      0.0028945792000740767,
      0.003141096094623208,
      0.0033177873119711876,
      0.003773888573050499,
      0.003440595930442214,
      0.0030683327931910753,
      0.0044826483353972435,
      0.002773346845060587,
      0.0035744039341807365,
      0.002790524624288082,
      0.003556437324732542,
      0.0028712397906929255,
      0.002938693854957819,
      0.0027887290343642235,
      0.002687283791601658,
      0.002937484998255968,
      0.0033136021811515093,
      0.003436172381043434,
      0.0032183120492845774,
      0.003253536531701684,
      0.003242433536797762,
      0.0032347876112908125,
      0.003101713489741087,
      0.003976968117058277,
      0.0034063297789543867,
      0.003052690764889121,
      0.002835171530023217,
      0.0029498422518372536,
      0.002805405529215932,
      0.0033429251052439213,
      0.003051371779292822,
      0.0031669014133512974,
      0.003263921709731221,
      0.0031391456723213196,
      0.003073369851335883,
      0.0025677517987787724,
      0.0029275265987962484,
      0.003541833022609353,
      0.003911932930350304,
      0.0030192662961781025,
      0.0034860018640756607,
      0.0024008494801819324,
      0.00275626964867115,
