{
   "number_epochs": 300,
   "info_used": "full info",
   "perc_full_data": 0.3,
   "n_epochs_no_selection": 0,
   "Frequency % cutoff": 0.3,
   "hidden_size": 32,
   "random_state": 7,
   "train_errors": [
      0.07137800753116608,
      0.06509270519018173,
      0.059662241488695145,
      0.05671367421746254,
      0.05386863276362419,
      0.05119618773460388,
      0.04868374392390251,
      0.04691459238529205,
      0.04536844417452812,
      0.04425343871116638,
      0.042285069823265076,
      0.04138752445578575,
      0.040248751640319824,
      0.03885054215788841,
      0.03876427561044693,
      0.036132827401161194,
      0.03505166247487068,
      0.03353944420814514,
      0.031974293291568756,
      0.030853860080242157,
      0.029016196727752686,
      0.02932147867977619,
      0.02741262875497341,
      0.026521338149905205,
      0.0243038609623909,
      0.02401885949075222,
      0.023302186280488968,
      0.022321488708257675,
      0.02193991094827652,
      0.02222830429673195,
      0.021324682980775833,
      0.02112683653831482,
      0.019485561177134514,
      0.019528452306985855,
      0.019719570875167847,
      0.018915701657533646,
      0.018370356410741806,
      0.019074732437729836,
      0.019185727462172508,
      0.019124915823340416,
      0.017306387424468994,
      0.017917433753609657,
      0.017635226249694824,
      0.016933925449848175,
      0.01721876487135887,
      0.017374683171510696,
      0.016178186982870102,
      0.015324965119361877,
      0.016089433804154396,
      0.0162449199706316,
      0.014412055723369122,
      0.014522179961204529,
      0.01280385535210371,
      0.013782047666609287,
      0.01481638289988041,
      0.012823615223169327,
      0.013802765868604183,
      0.012393818236887455,
      0.012885341420769691,
      0.013420515693724155,
      0.013827734626829624,
      0.012858260422945023,
      0.012161723338067532,
      0.012097637169063091,
      0.0109989233314991,
      0.011133883148431778,
      0.010384551249444485,
      0.01090573612600565,
      0.011022662743926048,
      0.010420029982924461,
      0.011016623117029667,
      0.010365493595600128,
      0.010317404754459858,
      0.009673554450273514,
      0.010132762603461742,
      0.009588816203176975,
      0.008425944484770298,
      0.009997287765145302,
      0.009411822073161602,
      0.010146395303308964,
      0.009150398895144463,
      0.009874598123133183,
      0.009936248883605003,
      0.009421364404261112,
      0.009162588976323605,
      0.009095204062759876,
      0.00826246663928032,
      0.008831793442368507,
      0.008755449205636978,
      0.009360420517623425,
      0.007926810532808304,
      0.008789333514869213,
      0.007930110208690166,
      0.00817110389471054,
      0.008069141767919064,
      0.008667338639497757,
      0.007457372732460499,
      0.007331628818064928,
      0.008730187080800533,
      0.008211527951061726,
      0.007673656102269888,
      0.007580272853374481,
      0.007864926941692829,
      0.008958354592323303,
      0.007210800889879465,
      0.008168851025402546,
      0.00838009174913168,
      0.007887007668614388,
      0.00785242859274149,
      0.008436094969511032,
      0.006759083364158869,
      0.007833527401089668,
      0.007424211595207453,
      0.007127988617867231,
      0.007486696820706129,
      0.00659180199727416,
      0.007952064275741577,
      0.007544201333075762,
      0.008397351019084454,
      0.006987331435084343,
      0.006110854912549257,
      0.007715289946645498,
      0.007944371551275253,
      0.006986674852669239,
      0.006141800433397293,
      0.006624084897339344,
      0.006045253947377205,
      0.007029775530099869,
      0.005952525418251753,
      0.0064214360900223255,
      0.007494605612009764,
      0.0058358535170555115,
      0.006516479421406984,
      0.006477464456111193,
      0.006301675923168659,
      0.006780481897294521,
      0.0060993400402367115,
      0.005949321202933788,
      0.007279945537447929,
      0.006443891208618879,
      0.006127914879471064,
      0.006289372686296701,
      0.005914147011935711,
      0.006291431374847889,
      0.007321795914322138,
      0.005717884283512831,
      0.005665439181029797,
      0.005226764362305403,
      0.0061240424402058125,
      0.007043185643851757,
      0.006339544430375099,
      0.005404265131801367,
      0.00615283939987421,
      0.006212135311216116,
      0.005060215480625629,
      0.005681926850229502,
      0.005689121317118406,
      0.005409956444054842,
      0.005906595848500729,
      0.006660838611423969,
      0.005506300367414951,
      0.0055336784571409225,
      0.0052392869256436825,
      0.00583916250616312,
      0.00628714170306921,
      0.005558881908655167,
      0.005621768534183502,
      0.004506665747612715,
      0.0052910465747118,
      0.005041834432631731,
      0.006708446890115738,
      0.006127172149717808,
      0.0051782517693936825,
      0.005269359331578016,
      0.006509784609079361,
      0.005296406336128712,
      0.005546980537474155,
      0.004828312899917364,
      0.0049651809968054295,
      0.004557234700769186,
      0.005074204411357641,
      0.006383794825524092,
      0.005495687015354633,
      0.004593574441969395,
      0.005192134529352188,
      0.003913878928869963,
      0.004275569226592779,
      0.005002977326512337,
      0.006022964604198933,
      0.004420429468154907,
      0.004874307196587324,
      0.004332374781370163,
      0.005952934268862009,
      0.004477684386074543,
      0.004689870867878199,
      0.004498704336583614,
      0.005090597551316023,
      0.006356725003570318,
      0.003867591032758355,
      0.004703155253082514,
      0.005535274278372526,
      0.00423966720700264,
      0.004688515793532133,
      0.004819675348699093,
      0.004741041921079159,
      0.004042852204293013,
      0.004657442681491375,
      0.0043433778919279575,
      0.004001539666205645,
      0.0049630724824965,
      0.00483845267444849,
      0.004005303140729666,
      0.0037970622070133686,
      0.004370950162410736,
      0.00523136742413044,
      0.004118728917092085,
      0.003455749712884426,
      0.004776824731379747,
      0.0038213736843317747,
      0.003826194442808628,
      0.003893835935741663,
      0.004205664154142141,
      0.00377854541875422,
      0.005615152884274721,
      0.0028430712409317493,
      0.003860865253955126,
      0.003986776806414127,
      0.004299995023757219,
      0.003919467329978943,
      0.003972279839217663,
      0.0034210518933832645,
      0.0035890410654246807,
      0.0037505070213228464,
      0.003220748156309128,
      0.0037279764655977488,
      0.0038490965962409973,
      0.003636651672422886,
      0.004075144417583942,
      0.004934519063681364,
      0.0041936105117201805,
      0.00363743188790977,
      0.0046966844238340855,
      0.003804366337135434,
      0.0036055573727935553,
      0.0030289071146398783,
      0.004134058486670256,
      0.0037546970415860415,
      0.0036863202694803476,
      0.003996118437498808,
      0.0033226870000362396,
      0.0032816731836646795,
      0.003725833259522915,
      0.004298514686524868,
      0.004776911344379187,
      0.004363088868558407,
      0.00336400605738163,
      0.003718628780916333,
      0.0044956933706998825,
      0.0032328490633517504,
      0.0029540297109633684,
      0.003259603399783373,
      0.003543890081346035,
      0.003433716017752886,
      0.003058105241507292,
      0.004039212595671415,
      0.003754817182198167,
      0.003373561892658472,
      0.003346698824316263,
      0.002883771900087595,
      0.0032300606835633516,
      0.002793787745758891,
      0.0029702617321163416,
      0.003309166757389903,
      0.003681239439174533,
      0.003176160855218768,
      0.0027069291099905968,
      0.0027241907082498074,
      0.0035706250928342342,
