{
   "number_epochs": 300,
   "info_used": "full info",
   "perc_full_data": 0.3,
   "n_epochs_no_selection": 0,
   "Frequency % cutoff": 0.3,
   "hidden_size": 32,
   "random_state": 6,
   "train_errors": [
      0.07242165505886078,
      0.06120346114039421,
      0.05559445172548294,
      0.05498095601797104,
      0.05435619130730629,
      0.05353030189871788,
      0.051424212753772736,
      0.04944369196891785,
      0.04895694926381111,
      0.04599808156490326,
      0.04612762853503227,
      0.04438668489456177,
      0.04396836459636688,
      0.041858457028865814,
      0.0409913994371891,
      0.03900574892759323,
      0.038190387189388275,
      0.03599229454994202,
      0.034146424382925034,
      0.03242881968617439,
      0.03155767545104027,
      0.030583146959543228,
      0.029952658340334892,
      0.026611056178808212,
      0.02502569742500782,
      0.024520186707377434,
      0.02442801743745804,
      0.023156994953751564,
      0.022399164736270905,
      0.022067712619900703,
      0.02153860405087471,
      0.02022113837301731,
      0.020475123077630997,
      0.020887598395347595,
      0.020018793642520905,
      0.02000356651842594,
      0.018686378374695778,
      0.01922358199954033,
      0.018479231745004654,
      0.01673145964741707,
      0.016507292166352272,
      0.015537377446889877,
      0.016423668712377548,
      0.016164420172572136,
      0.014968430623412132,
      0.016243256628513336,
      0.014837769791483879,
      0.015618582256138325,
      0.014340274035930634,
      0.015149819664657116,
      0.014620183035731316,
      0.013326335698366165,
      0.01223189290612936,
      0.012780279852449894,
      0.013041152618825436,
      0.01263247337192297,
      0.011769062839448452,
      0.011996527202427387,
      0.010387780144810677,
      0.010349283926188946,
      0.011394184082746506,
      0.012000682763755322,
      0.010417458601295948,
      0.009916146285831928,
      0.011180008761584759,
      0.010556819848716259,
      0.009646451100707054,
      0.010622971691191196,
      0.008467456325888634,
      0.009524178691208363,
      0.009397865273058414,
      0.010095395147800446,
      0.009142196737229824,
      0.009234053082764149,
      0.008478326722979546,
      0.008875740692019463,
      0.007590613793581724,
      0.009092560969293118,
      0.00821527000516653,
      0.008051425218582153,
      0.009755213744938374,
      0.00729649793356657,
      0.008286511525511742,
      0.007403006311506033,
      0.007372339256107807,
      0.008723931387066841,
      0.007298776879906654,
      0.007869137451052666,
      0.007472486235201359,
      0.007172137498855591,
      0.008853794075548649,
      0.007344623561948538,
      0.007181973196566105,
      0.008256237022578716,
      0.0076022036373615265,
      0.005679332185536623,
      0.0066204373724758625,
      0.00755490455776453,
      0.006563939619809389,
      0.007550465874373913,
      0.006955303251743317,
      0.006435905583202839,
      0.006538414396345615,
      0.005933624692261219,
      0.006064021959900856,
      0.006317727733403444,
      0.006894400343298912,
      0.005669425707310438,
      0.007773559540510178,
      0.0063765998929739,
      0.005607919301837683,
      0.006305320654064417,
      0.0061493320390582085,
      0.005988460499793291,
      0.007140606176108122,
      0.0052655660547316074,
      0.006639061030000448,
      0.00551452673971653,
      0.006283925846219063,
      0.005587885621935129,
      0.005801669787615538,
      0.006153947673738003,
      0.005995104555040598,
      0.0053139724768698215,
      0.005113295279443264,
      0.0055434186942875385,
      0.0055553424172103405,
      0.005758046638220549,
      0.005576839204877615,
      0.004873926285654306,
      0.006047836970537901,
      0.005572064779698849,
      0.0049421819858253,
      0.004431074485182762,
      0.005427108611911535,
      0.004943061154335737,
      0.004797516390681267,
      0.0050553749315440655,
      0.004085009917616844,
      0.004226755350828171,
      0.004699198063462973,
      0.003905879333615303,
      0.005376281216740608,
      0.004580926150083542,
      0.005284436978399754,
      0.004722540266811848,
      0.004924581851810217,
      0.005168300122022629,
      0.004105224274098873,
      0.006875654216855764,
      0.004970903042703867,
      0.004733520094305277,
      0.00432070204988122,
      0.004039809573441744,
      0.0054846820421516895,
      0.004859010223299265,
      0.005467102397233248,
      0.004387058783322573,
      0.003610159270465374,
      0.004275656305253506,
      0.005053916480392218,
      0.004425388760864735,
      0.004528616089373827,
      0.00368498801253736,
      0.00423069391399622,
      0.004096836782991886,
      0.004461355973035097,
      0.004754809662699699,
      0.004345451015979052,
      0.004306349437683821,
      0.004578785039484501,
      0.004508417099714279,
      0.004251446109265089,
      0.0039039342664182186,
      0.003859247313812375,
      0.003809905843809247,
      0.004673479590564966,
      0.004306838847696781,
      0.0038663274608552456,
      0.004094913601875305,
      0.0038595893420279026,
      0.003877973649650812,
      0.0031945465598255396,
      0.0038835296873003244,
      0.004165975376963615,
      0.00400571571663022,
      0.0035656855907291174,
      0.0038296792190521955,
      0.00356022990308702,
      0.004092116374522448,
      0.0032582294661551714,
      0.0041370089165866375,
      0.0037947187665849924,
      0.0032813120633363724,
      0.0037217484787106514,
      0.0035284976474940777,
      0.0030598866287618876,
      0.003736096201464534,
      0.0037259310483932495,
      0.003901756601408124,
      0.0031276715453714132,
      0.003735197242349386,
      0.004007591400295496,
      0.004204128868877888,
      0.003717492101714015,
      0.004046748857945204,
      0.0028914862778037786,
      0.0037291659973561764,
      0.0030905092135071754,
      0.003910038620233536,
      0.003925905097275972,
      0.004851339850574732,
      0.003803074127063155,
      0.003334351349622011,
      0.0036429613828659058,
      0.003580453572794795,
      0.003344791242852807,
      0.0033062496222555637,
      0.0031601705122739077,
      0.003963815979659557,
      0.003587884595617652,
      0.003616336965933442,
      0.0038058313075453043,
      0.003557698568329215,
      0.0034963886719197035,
      0.003996273968368769,
      0.0029170901980251074,
      0.002679403405636549,
      0.0035658846609294415,
      0.004343080800026655,
      0.0030504304450005293,
      0.002664418425410986,
      0.0030496674589812756,
      0.0035502805840224028,
      0.00356832193210721,
      0.004075446166098118,
      0.0030332347378134727,
      0.0033122473396360874,
      0.004720926750451326,
      0.003114621853455901,
      0.0029741290491074324,
      0.0027705009561032057,
      0.003873536828905344,
      0.0034076939336955547,
      0.003321018535643816,
      0.004610187839716673,
      0.0029141237027943134,
      0.0031500482000410557,
      0.00266288872808218,
      0.004075571428984404,
      0.0027390718460083008,
      0.0025116780307143927,
      0.0029404175002127886,
      0.005005001090466976,
      0.002947156084701419,
      0.002464203629642725,
      0.0026920826639980078,
      0.002701417077332735,
      0.0035253206733614206,
      0.0026452448219060898,
      0.003634089371189475,
      0.0028481539338827133,
      0.0028836678247898817,
      0.003693067468702793,
      0.002868897747248411,
      0.0025588625576347113,
      0.0037689933087676764,
      0.0027228945400565863,
      0.0037258323282003403,
      0.003066331846639514,
      0.003207181114703417,
      0.002561588305979967,
      0.0042650289833545685,
      0.004231408704072237,
      0.0031081854831427336,
      0.0022812606766819954,
      0.0025158412754535675,
