{
   "number_epochs": 300,
   "info_used": "full info",
   "perc_full_data": 0.3,
   "n_epochs_no_selection": 0,
   "Frequency % cutoff": 0.3,
   "hidden_size": 32,
   "random_state": 4,
   "train_errors": [
      0.05561991408467293,
      0.05171768367290497,
      0.05001728981733322,
      0.04927723482251167,
      0.04843420162796974,
      0.047768693417310715,
      0.04620329290628433,
      0.04526650533080101,
      0.04422986879944801,
      0.0431571826338768,
      0.04268309101462364,
      0.041009992361068726,
      0.039433546364307404,
      0.038626573979854584,
      0.036979857832193375,
      0.035689111799001694,
      0.03421846032142639,
      0.0323043018579483,
      0.030504968017339706,
      0.02929988130927086,
      0.029016446322202682,
      0.02631472982466221,
      0.025471139699220657,
      0.024417312815785408,
      0.023093359544873238,
      0.020916998386383057,
      0.02087734453380108,
      0.019509755074977875,
      0.018128303810954094,
      0.017850175499916077,
      0.016989875584840775,
      0.016431298106908798,
      0.015365191735327244,
      0.014921282418072224,
      0.014931595884263515,
      0.013695312663912773,
      0.013951826840639114,
      0.012759498320519924,
      0.013183925300836563,
      0.012821185402572155,
      0.01212956290692091,
      0.011555721051990986,
      0.011121059767901897,
      0.010301741771399975,
      0.01118813268840313,
      0.010356917046010494,
      0.009700080379843712,
      0.009582174941897392,
      0.009896939620375633,
      0.009449086152017117,
      0.00894402526319027,
      0.009220981039106846,
      0.008771522901952267,
      0.008999434299767017,
      0.009135236032307148,
      0.008190213702619076,
      0.008652281947433949,
      0.00815108884125948,
      0.00843007117509842,
      0.007526142057031393,
      0.0082205506041646,
      0.00848003663122654,
      0.0070413402281701565,
      0.0076101976446807384,
      0.007933388464152813,
      0.007463357411324978,
      0.00734324287623167,
      0.007105655036866665,
      0.007090874016284943,
      0.006491911131888628,
      0.007847263477742672,
      0.007143072783946991,
      0.006192155182361603,
      0.006732038222253323,
      0.006595306098461151,
      0.006216180510818958,
      0.006368156056851149,
      0.006716413423418999,
      0.006829729303717613,
      0.005777208600193262,
      0.006142753642052412,
      0.006346150767058134,
      0.006111986469477415,
      0.005447444971650839,
      0.005803063046187162,
      0.006375390570610762,
      0.005820929072797298,
      0.005948001518845558,
      0.005612460896372795,
      0.005169562995433807,
      0.005702415481209755,
      0.005615348927676678,
      0.005482020787894726,
      0.004850669763982296,
      0.005213446915149689,
      0.005412491504102945,
      0.004922635853290558,
      0.005320165306329727,
      0.005274239927530289,
      0.004976668860763311,
      0.005531391594558954,
      0.004952304530888796,
      0.005662139505147934,
      0.004932861775159836,
      0.004951096139848232,
      0.0044840918853878975,
      0.0046576280146837234,
      0.004748427774757147,
      0.005336307920515537,
      0.005746685434132814,
      0.0056479210034012794,
      0.004705994855612516,
      0.0048193237744271755,
      0.0048066480085253716,
      0.004180285148322582,
      0.0046563828364014626,
      0.004714693408459425,
      0.004367399495095015,
      0.004786869511008263,
      0.004641721025109291,
      0.004141340032219887,
      0.004284237511456013,
      0.004808258730918169,
      0.005374675150960684,
      0.003832834539934993,
      0.0042670052498579025,
      0.004329347051680088,
      0.00429123267531395,
      0.0037751400377601385,
      0.0041008018888533115,
      0.003919791895896196,
      0.004484197124838829,
      0.0038357696030288935,
      0.005065152887254953,
      0.004457846749573946,
      0.0038470232393592596,
      0.003787277266383171,
      0.004330845549702644,
      0.004107160028070211,
      0.0041971029713749886,
      0.0038850537966936827,
      0.0034235112834721804,
      0.0042258393950760365,
      0.0040236725471913815,
      0.0037163589149713516,
      0.003997388295829296,
      0.00348571315407753,
      0.004732946865260601,
      0.0040942900814116,
      0.0039402199909091,
      0.003955580294132233,
      0.003635023720562458,
      0.0034807154443114996,
      0.0038373791612684727,
      0.0031356208492070436,
      0.0035428935661911964,
      0.0034298638347536325,
      0.00401493301615119,
      0.0036154736299067736,
      0.0035965910647064447,
      0.004079276230186224,
      0.0034221785608679056,
      0.0037398559506982565,
      0.0035346413496881723,
      0.003509091679006815,
      0.004026736598461866,
      0.003382821334525943,
      0.0032108065206557512,
      0.0031668865121901035,
      0.0039321305230259895,
      0.0038823015056550503,
      0.0037475007120519876,
      0.003180920612066984,
      0.0035406306851655245,
      0.0034444895572960377,
      0.0030974331311881542,
      0.003409277182072401,
      0.003242066130042076,
      0.0030185396317392588,
      0.003787893569096923,
      0.0034938985481858253,
      0.0035217618569731712,
      0.0038655379321426153,
      0.003536948235705495,
      0.0038120225071907043,
      0.0033230609260499477,
      0.003216480603441596,
      0.003978421911597252,
      0.0033902721479535103,
      0.004037803970277309,
      0.003148213727399707,
      0.004157894756644964,
      0.00313977780751884,
      0.0033039897680282593,
      0.0031909490935504436,
      0.003667180659249425,
      0.002963760169222951,
      0.0032166768796741962,
      0.0032008150592446327,
      0.003251795656979084,
      0.003145356895402074,
      0.003104353556409478,
      0.0033231526613235474,
      0.0031437724828720093,
      0.0031786374747753143,
      0.003514993702992797,
      0.0028103189542889595,
      0.003339511575177312,
      0.0034815389662981033,
      0.003518157871440053,
      0.004012316465377808,
      0.002713258843868971,
      0.0032195860985666513,
      0.0034053560812026262,
      0.0032132253982126713,
      0.00358297536149621,
      0.0025957562029361725,
      0.0033767700660973787,
      0.0026562639977782965,
      0.003111345460638404,
      0.002658652374520898,
      0.002806027652695775,
      0.003142567351460457,
      0.002835722640156746,
      0.0033049790654331446,
      0.003292904933914542,
      0.002955380594357848,
      0.002490853425115347,
      0.0031906738877296448,
      0.0031637961510568857,
      0.0028823574539273977,
      0.0026850909925997257,
      0.003146734554320574,
      0.003965319134294987,
      0.0028911849949508905,
      0.00394033920019865,
      0.003020885633304715,
      0.002478324808180332,
      0.0024725922849029303,
      0.0027756900526583195,
      0.00281740864738822,
      0.002443729666993022,
      0.0033730443101376295,
      0.0031326706521213055,
      0.003056977177038789,
      0.0028512373100966215,
      0.002343778032809496,
      0.0034762390423566103,
      0.0024682225193828344,
      0.002574822399765253,
      0.0031196021009236574,
      0.002374818781390786,
      0.002632324816659093,
      0.00208467710763216,
      0.0030629783868789673,
      0.0029106559231877327,
      0.0027946424670517445,
      0.0036432049237191677,
      0.0031354506500065327,
      0.00293872132897377,
      0.002945245010778308,
      0.00324649503454566,
      0.0027507764752954245,
      0.0026520949322730303,
      0.0027697067707777023,
      0.003062670351937413,
      0.0023521569091826677,
      0.003305913647636771,
      0.002363878069445491,
      0.002554859034717083,
      0.004047816619277,
      0.002203813986852765,
      0.0028207881841808558,
      0.0027299749199301004,
      0.0028098439797759056,
      0.002802277682349086,
