{
   "number_epochs": 300,
   "info_used": "full info noisy",
   "perc_full_data": 0.3,
   "n_epochs_no_selection": 0,
   "Frequency % cutoff": 0.3,
   "hidden_size": 32,
   "random_state": 14,
   "train_errors": [
      0.11812998354434967,
      0.11926369369029999,
      0.11871941387653351,
      0.11569385230541229,
      0.11451953649520874,
      0.11318749934434891,
      0.11352131515741348,
      0.11218693107366562,
      0.11130665987730026,
      0.11145149916410446,
      0.11070997267961502,
      0.10797008872032166,
      0.10788416117429733,
      0.10623961687088013,
      0.10485225915908813,
      0.10423780977725983,
      0.10297363251447678,
      0.10078461468219757,
      0.10467705875635147,
      0.10013317316770554,
      0.10000694543123245,
      0.09678716957569122,
      0.099108025431633,
      0.0954204872250557,
      0.09297680109739304,
      0.09311646223068237,
      0.09251900017261505,
      0.08918959647417068,
      0.09171094745397568,
      0.09157592058181763,
      0.08963380008935928,
      0.08881798386573792,
      0.08831372857093811,
      0.08567128330469131,
      0.08485336601734161,
      0.08647509664297104,
      0.08554105460643768,
      0.08637695014476776,
      0.0836232453584671,
      0.08434026688337326,
      0.08224312961101532,
      0.08241528272628784,
      0.080793097615242,
      0.08311508595943451,
      0.0835418552160263,
      0.08383990079164505,
      0.07937022298574448,
      0.0825350433588028,
      0.07975500822067261,
      0.07872483879327774,
      0.07757890969514847,
      0.07999610900878906,
      0.07948805391788483,
      0.07924378663301468,
      0.0758100375533104,
      0.07655371725559235,
      0.07682754844427109,
      0.07753123342990875,
      0.07550347596406937,
      0.0767945647239685,
      0.07429628074169159,
      0.07588004320859909,
      0.07714295387268066,
      0.07535267621278763,
      0.07240667939186096,
      0.07310323417186737,
      0.07197265326976776,
      0.07480454444885254,
      0.07446739077568054,
      0.07450681924819946,
      0.07705432176589966,
      0.07269918918609619,
      0.07262592017650604,
      0.0736667737364769,
      0.07093552500009537,
      0.0705152228474617,
      0.07001541554927826,
      0.07138913124799728,
      0.06845112144947052,
      0.0712498351931572,
      0.07211630046367645,
      0.07177384942770004,
      0.06746997684240341,
      0.06900762766599655,
      0.06840238720178604,
      0.06990162283182144,
      0.07098127901554108,
      0.07038074731826782,
      0.0698736160993576,
      0.06738810986280441,
      0.06897000968456268,
      0.06639402359724045,
      0.06850753724575043,
      0.06969992816448212,
      0.06776827573776245,
      0.0689077079296112,
      0.06628162413835526,
      0.06958683580160141,
      0.06993446499109268,
      0.0696522668004036,
      0.06575537472963333,
      0.06520390510559082,
      0.0685252845287323,
      0.0676172524690628,
      0.06555130332708359,
      0.06578975915908813,
      0.06700645387172699,
      0.06619905680418015,
      0.06374114751815796,
      0.06520114839076996,
      0.06402106583118439,
      0.0680101215839386,
      0.06461697816848755,
      0.0676889568567276,
      0.06635753810405731,
      0.06663953512907028,
      0.06331555545330048,
      0.06754691898822784,
      0.061614345759153366,
      0.06659743934869766,
      0.06320339441299438,
      0.06348405033349991,
      0.0650571957230568,
      0.06169435381889343,
      0.06265334784984589,
      0.06151408329606056,
      0.06829151511192322,
      0.06205456703901291,
      0.06460195779800415,
      0.06232849508523941,
      0.06492974609136581,
      0.06319089233875275,
      0.060265835374593735,
      0.06396643817424774,
      0.06093296781182289,
      0.05971258878707886,
      0.06449780613183975,
      0.05999206006526947,
      0.06028687581419945,
      0.06404007226228714,
      0.06158095970749855,
      0.06283123046159744,
      0.060552794486284256,
      0.06047552824020386,
      0.0610167533159256,
      0.06022323668003082,
      0.0554034523665905,
      0.06318207830190659,
      0.060585975646972656,
      0.05999220535159111,
      0.060731809586286545,
      0.06391368061304092,
      0.059946876019239426,
      0.05881983041763306,
      0.061967745423316956,
      0.056970950216054916,
      0.060957685112953186,
      0.06064657121896744,
      0.06510899215936661,
      0.05932645499706268,
      0.060637544840574265,
      0.06227604299783707,
      0.05661460757255554,
      0.05983121693134308,
      0.059368718415498734,
      0.06022782251238823,
      0.05894399806857109,
      0.056520573794841766,
      0.057621218264102936,
      0.05646846443414688,
      0.06078287959098816,
      0.062488820403814316,
      0.05587177351117134,
      0.056093260645866394,
      0.05992540717124939,
      0.057576410472393036,
      0.06001095101237297,
      0.05621420592069626,
      0.05552756041288376,
      0.05729387700557709,
      0.059601131826639175,
      0.06087271496653557,
      0.0550265908241272,
      0.06019788980484009,
      0.05772443488240242,
      0.05720216780900955,
      0.05757356062531471,
      0.05432562902569771,
      0.057829540222883224,
      0.05756021663546562,
      0.05720117688179016,
      0.05506940931081772,
      0.0533219613134861,
      0.054430168122053146,
      0.06165096536278725,
      0.05849499627947807,
      0.057236768305301666,
      0.05455300956964493,
      0.05280071496963501,
      0.05899963527917862,
      0.05776529759168625,
      0.05539323389530182,
      0.05597910284996033,
      0.054070472717285156,
      0.05284929275512695,
      0.05426990985870361,
      0.053057342767715454,
      0.05420829355716705,
      0.055989738553762436,
      0.05355294421315193,
      0.052430395036935806,
      0.055070072412490845,
      0.05234474316239357,
      0.0549093559384346,
      0.054173413664102554,
      0.054793961346149445,
      0.05370814725756645,
      0.054755039513111115,
      0.05495472624897957,
      0.05678660795092583,
      0.052839238196611404,
      0.05469745770096779,
      0.05181773006916046,
      0.05386238172650337,
      0.05394188314676285,
      0.056402165442705154,
      0.05391022935509682,
      0.049429792910814285,
      0.05231248959898949,
      0.05436571687459946,
      0.05450936406850815,
      0.05149509385228157,
      0.053131479769945145,
      0.05131283774971962,
      0.05326279625296593,
      0.05105818808078766,
      0.05307771638035774,
      0.052690308541059494,
      0.053702306002378464,
      0.05237172171473503,
      0.05149324983358383,
      0.05258366838097572,
      0.05320426821708679,
      0.05050932988524437,
      0.059006065130233765,
      0.04961330443620682,
      0.05080055817961693,
      0.05318764969706535,
      0.05204765126109123,
      0.05300946161150932,
      0.053451478481292725,
      0.048715703189373016,
      0.054049450904130936,
      0.04935331270098686,
      0.052379075437784195,
      0.05449250340461731,
      0.05649791657924652,
      0.05345018208026886,
      0.05104190111160278,
      0.05046478286385536,
      0.052869513630867004,
      0.04941401258111,
      0.05091887712478638,
      0.050604429095983505,
      0.04914185777306557,
      0.0494687557220459,
      0.04991263896226883,
      0.04909822344779968,
      0.05283106118440628,
      0.0488864928483963,
      0.05187470465898514,
      0.04852980747818947,
      0.05123565346002579,
      0.051909979432821274,
      0.048498280346393585,
      0.046102527529001236,
      0.047783900052309036,
      0.0491752028465271,
      0.05117439851164818,
      0.05480203777551651,
      0.05062580108642578,
      0.04879281297326088,
      0.051790837198495865,
      0.0505676344037056,
      0.05334854498505592,
      0.051541492342948914,
      0.05316045880317688,
