{
   "number_epochs": 300,
   "info_used": "full info noisy",
   "perc_full_data": 0.3,
   "n_epochs_no_selection": 0,
   "Frequency % cutoff": 0.3,
   "hidden_size": 32,
   "random_state": 7,
   "train_errors": [
      0.15752996504306793,
      0.14877885580062866,
      0.14248117804527283,
      0.1391138881444931,
      0.13715088367462158,
      0.13567501306533813,
      0.13353756070137024,
      0.13135752081871033,
      0.1297038197517395,
      0.12655501067638397,
      0.12549380958080292,
      0.12221245467662811,
      0.12073369324207306,
      0.11819497495889664,
      0.11691077798604965,
      0.11619028449058533,
      0.11087068915367126,
      0.10976562649011612,
      0.10562500357627869,
      0.10418853908777237,
      0.10215549916028976,
      0.10256371647119522,
      0.09777995198965073,
      0.09761269390583038,
      0.0956144630908966,
      0.0977625921368599,
      0.09283733367919922,
      0.09236214309930801,
      0.09348475933074951,
      0.09269210696220398,
      0.09372711181640625,
      0.08839739859104156,
      0.09339411556720734,
      0.08787629753351212,
      0.08731357008218765,
      0.08970940858125687,
      0.08693865686655045,
      0.08757981657981873,
      0.08767957985401154,
      0.0871499627828598,
      0.08476008474826813,
      0.0862758681178093,
      0.08603506535291672,
      0.08468900620937347,
      0.0838872417807579,
      0.08331635594367981,
      0.08050360530614853,
      0.0820038691163063,
      0.08213775604963303,
      0.08035163581371307,
      0.08300676941871643,
      0.08243568986654282,
      0.08066729456186295,
      0.0813216120004654,
      0.0791037306189537,
      0.08000671118497849,
      0.08001139760017395,
      0.07917381823062897,
      0.0774417519569397,
      0.07762400060892105,
      0.07883212715387344,
      0.07755333185195923,
      0.07876823842525482,
      0.07706328481435776,
      0.07683394849300385,
      0.07694196701049805,
      0.07535606622695923,
      0.07559739798307419,
      0.07406091690063477,
      0.07573102414608002,
      0.07731088995933533,
      0.07527652382850647,
      0.0753573551774025,
      0.07671594619750977,
      0.07485591620206833,
      0.07470063865184784,
      0.07580150663852692,
      0.07430213689804077,
      0.07503912597894669,
      0.07322663068771362,
      0.07256042212247849,
      0.07077320665121078,
      0.07311030477285385,
      0.07440237700939178,
      0.07402931898832321,
      0.07052168995141983,
      0.07428058236837387,
      0.07069721817970276,
      0.07380367815494537,
      0.06675279885530472,
      0.07215322554111481,
      0.0677424892783165,
      0.07103389501571655,
      0.06722110509872437,
      0.0699479803442955,
      0.0678391307592392,
      0.06749138981103897,
      0.07168649137020111,
      0.06931546330451965,
      0.07072684168815613,
      0.06932132691144943,
      0.06837845593690872,
      0.06524093449115753,
      0.07008086889982224,
      0.06473065167665482,
      0.06599924713373184,
      0.06707759201526642,
      0.06719659268856049,
      0.06718982756137848,
      0.06670746207237244,
      0.06254161149263382,
      0.06376586854457855,
      0.06418923288583755,
      0.07072465121746063,
      0.06842288374900818,
      0.06236036866903305,
      0.06383506953716278,
      0.0681745857000351,
      0.06497708708047867,
      0.06463322788476944,
      0.0658877044916153,
      0.06723903864622116,
      0.06624195724725723,
      0.06807206571102142,
      0.06863895058631897,
      0.06342019140720367,
      0.06784561276435852,
      0.06414703279733658,
      0.06214720010757446,
      0.06345392763614655,
      0.06436979025602341,
      0.06334199011325836,
      0.0696965903043747,
      0.0653955265879631,
      0.06364987045526505,
      0.06300681084394455,
      0.06228027492761612,
      0.06377329677343369,
      0.06265956163406372,
      0.06029609218239784,
      0.061167605221271515,
      0.06340832263231277,
      0.06709887087345123,
      0.06038064509630203,
      0.06490443646907806,
      0.06285490840673447,
      0.0644930824637413,
      0.06268999725580215,
      0.06181427463889122,
      0.06231912970542908,
      0.05832245945930481,
      0.05971091613173485,
      0.05724374204874039,
      0.061197031289339066,
      0.061936818063259125,
      0.05709649994969368,
      0.06399139016866684,
      0.061889294534921646,
      0.06021406129002571,
      0.06239691004157066,
      0.05651068687438965,
      0.06343336403369904,
      0.057891156524419785,
      0.06176427751779556,
      0.061574824154376984,
      0.06053360179066658,
      0.06164511293172836,
      0.05892794206738472,
      0.05937882140278816,
      0.0598696693778038,
      0.061375703662633896,
      0.06113303452730179,
      0.060453467071056366,
      0.055553317070007324,
      0.05689256638288498,
      0.05761902779340744,
      0.05969201400876045,
      0.06306685507297516,
      0.05452051758766174,
      0.05715937167406082,
      0.05799844115972519,
      0.05675864219665527,
      0.05700596049427986,
      0.0577162429690361,
      0.0577075369656086,
      0.05684339627623558,
      0.05811280757188797,
      0.060175638645887375,
      0.05398780107498169,
      0.056062012910842896,
      0.05351283773779869,
      0.06035371497273445,
      0.0537496842443943,
      0.05600203946232796,
      0.06141287833452225,
      0.05532277747988701,
      0.0549030564725399,
      0.055394046008586884,
      0.0543544627726078,
      0.0552297867834568,
      0.059104420244693756,
      0.05486340448260307,
      0.05500731244683266,
      0.05244627222418785,
      0.05169679597020149,
      0.059861913323402405,
      0.05438617989420891,
      0.0537339523434639,
      0.05374051630496979,
      0.05482073873281479,
      0.05799911171197891,
      0.055647607892751694,
      0.05315866321325302,
      0.056191008538007736,
      0.055911339819431305,
      0.05701463669538498,
      0.053755778819322586,
      0.051555532962083817,
      0.054693643003702164,
      0.052435047924518585,
      0.05262429267168045,
      0.052347686141729355,
      0.05154245346784592,
      0.05277562141418457,
      0.05153782293200493,
      0.056336864829063416,
      0.054848380386829376,
      0.05253587290644646,
      0.057537954300642014,
      0.05209096148610115,
      0.054926324635744095,
      0.05362877994775772,
      0.05492208153009415,
      0.05380953848361969,
      0.05252494663000107,
      0.05087203532457352,
      0.051576606929302216,
      0.05655103921890259,
      0.05183608457446098,
      0.057714976370334625,
      0.05285409092903137,
      0.04966935142874718,
      0.057058241218328476,
      0.050532665103673935,
      0.049565598368644714,
      0.04962225258350372,
      0.05311844125390053,
      0.05115502327680588,
      0.04746982455253601,
      0.05316521227359772,
      0.04863670468330383,
      0.052451830357313156,
      0.05111850053071976,
      0.04945133626461029,
      0.0513712503015995,
      0.05013801157474518,
      0.05208997800946236,
      0.04968840256333351,
      0.05037546157836914,
      0.04725297912955284,
      0.05175004526972771,
      0.05184031277894974,
      0.05225891247391701,
      0.04931280016899109,
      0.05070328712463379,
      0.04920574650168419,
      0.050689373165369034,
      0.05168648436665535,
      0.05274903029203415,
      0.04992737993597984,
      0.04912422224879265,
      0.048825740814208984,
      0.04782972112298012,
      0.05107031762599945,
      0.05308780446648598,
      0.04991789907217026,
      0.05286260321736336,
      0.048511721193790436,
      0.0485079325735569,
      0.04920988157391548,
      0.05167028307914734,
      0.056170642375946045,
      0.05191827192902565,
      0.046403296291828156,
      0.04981767758727074,
      0.05155199021100998,
      0.05395152047276497,
      0.04948852211236954,
