{
   "number_epochs": 300,
   "info_used": "full info noisy",
   "perc_full_data": 0.3,
   "n_epochs_no_selection": 0,
   "Frequency % cutoff": 0.3,
   "hidden_size": 32,
   "random_state": 2,
   "train_errors": [
      0.1914157122373581,
      0.17266550660133362,
      0.15747803449630737,
      0.14934636652469635,
      0.14357687532901764,
      0.13843828439712524,
      0.1336844116449356,
      0.12864062190055847,
      0.12505872547626495,
      0.12127462029457092,
      0.1200069785118103,
      0.11697611212730408,
      0.11596791446208954,
      0.11381225287914276,
      0.11236824840307236,
      0.11081274598836899,
      0.11038865894079208,
      0.10831162333488464,
      0.10759979486465454,
      0.10588869452476501,
      0.1061815470457077,
      0.10340166091918945,
      0.10239312797784805,
      0.10104887932538986,
      0.10235045850276947,
      0.09870977699756622,
      0.09618537127971649,
      0.09541486203670502,
      0.09484835714101791,
      0.09509802609682083,
      0.09231529384851456,
      0.09150418639183044,
      0.09326688200235367,
      0.09075459837913513,
      0.08981015533208847,
      0.08709713816642761,
      0.08729401975870132,
      0.08750072121620178,
      0.08687539398670197,
      0.0856575220823288,
      0.08605349063873291,
      0.08471142500638962,
      0.0850970596075058,
      0.08513907343149185,
      0.0825544148683548,
      0.08724097162485123,
      0.08426973223686218,
      0.08083592355251312,
      0.07990075647830963,
      0.08235401660203934,
      0.07894255965948105,
      0.08264908194541931,
      0.08105159550905228,
      0.07907909899950027,
      0.08030948787927628,
      0.0776854008436203,
      0.07872678339481354,
      0.07872503250837326,
      0.080780528485775,
      0.07864999771118164,
      0.07921769469976425,
      0.07867860049009323,
      0.07880973815917969,
      0.07488222420215607,
      0.07519654184579849,
      0.07692649960517883,
      0.07501910626888275,
      0.07540898025035858,
      0.0772271603345871,
      0.0758526399731636,
      0.07259705662727356,
      0.07406198233366013,
      0.0731356292963028,
      0.0732971653342247,
      0.0707053542137146,
      0.07204090803861618,
      0.07194794714450836,
      0.07000335305929184,
      0.07286329567432404,
      0.07389481365680695,
      0.07337456941604614,
      0.07132773846387863,
      0.0704110711812973,
      0.07054967433214188,
      0.07054873555898666,
      0.06835907697677612,
      0.07006213068962097,
      0.07000453770160675,
      0.06848960369825363,
      0.06880920380353928,
      0.06756453216075897,
      0.06982778012752533,
      0.0686442032456398,
      0.07031818479299545,
      0.06765559315681458,
      0.06861474364995956,
      0.06742121279239655,
      0.06668293476104736,
      0.06652720272541046,
      0.06614597141742706,
      0.06970693916082382,
      0.06569469720125198,
      0.06459323316812515,
      0.06395205110311508,
      0.06638690084218979,
      0.07245945930480957,
      0.06364451348781586,
      0.06688077002763748,
      0.06401248276233673,
      0.06692832708358765,
      0.06528253108263016,
      0.06217096373438835,
      0.06439917534589767,
      0.0677204355597496,
      0.06418831646442413,
      0.0642080008983612,
      0.06690984219312668,
      0.06287235021591187,
      0.06631506979465485,
      0.06537528336048126,
      0.06268391758203506,
      0.06456799060106277,
      0.06346884369850159,
      0.06101718917489052,
      0.06406668573617935,
      0.061598483473062515,
      0.06442740559577942,
      0.06103126332163811,
      0.0644950345158577,
      0.06534519791603088,
      0.05879572406411171,
      0.06282966583967209,
      0.06184760108590126,
      0.06097925081849098,
      0.06035395711660385,
      0.060630474239587784,
      0.0612214133143425,
      0.059791356325149536,
      0.059744320809841156,
      0.0589701272547245,
      0.06372104585170746,
      0.05880475044250488,
      0.05768251046538353,
      0.06213119253516197,
      0.05933799594640732,
      0.062274444848299026,
      0.06121322885155678,
      0.06283433735370636,
      0.059346526861190796,
      0.05863189697265625,
      0.058334831148386,
      0.06130855903029442,
      0.060596972703933716,
      0.057054728269577026,
      0.0577806681394577,
      0.05769503489136696,
      0.058576419949531555,
      0.05843851715326309,
      0.0578971803188324,
      0.05924477428197861,
      0.058462101966142654,
      0.056345563381910324,
      0.05630982667207718,
      0.053903914988040924,
      0.06001807749271393,
      0.05756617709994316,
      0.05680364370346069,
      0.056668952107429504,
      0.05963752418756485,
      0.051617581397295,
      0.056518323719501495,
      0.05484509840607643,
      0.056016210466623306,
      0.05538942292332649,
      0.05515892431139946,
      0.05447940155863762,
      0.055927783250808716,
      0.055570945143699646,
      0.05600674822926521,
      0.05559229850769043,
      0.05777493119239807,
      0.056400734931230545,
      0.05683583766222,
      0.05382772162556648,
      0.05577080324292183,
      0.05363614484667778,
      0.05388052016496658,
      0.05206017568707466,
      0.052917979657649994,
      0.055537041276693344,
      0.052184492349624634,
      0.0517105869948864,
      0.053585369139909744,
      0.051747389137744904,
      0.0513741597533226,
      0.05047893151640892,
      0.053158652037382126,
      0.05898050591349602,
      0.05331827700138092,
      0.05155937746167183,
      0.052151232957839966,
      0.05046936869621277,
      0.05737753212451935,
      0.04747840762138367,
      0.05314720794558525,
      0.055855587124824524,
      0.04874568432569504,
      0.04850507900118828,
      0.05175696313381195,
      0.05103430896997452,
      0.05051344633102417,
      0.050273600965738297,
      0.050810687243938446,
      0.05048438906669617,
      0.052639443427324295,
      0.04729354754090309,
      0.05300992727279663,
      0.05243026092648506,
      0.05327950417995453,
      0.0485864095389843,
      0.0484628900885582,
      0.04888060316443443,
      0.051504720002412796,
      0.053563158959150314,
      0.05084366723895073,
      0.05216878652572632,
      0.05161954462528229,
      0.04795875772833824,
      0.047099627554416656,
      0.05175196751952171,
      0.049154385924339294,
      0.05221845209598541,
      0.04990946128964424,
      0.05070926249027252,
      0.04740455746650696,
      0.05008476600050926,
      0.04721373692154884,
      0.04920424148440361,
      0.04603516310453415,
      0.04921843484044075,
      0.0498778410255909,
      0.04788807034492493,
      0.04645197466015816,
      0.04587848484516144,
      0.04753006994724274,
      0.04793696850538254,
      0.047419529408216476,
      0.05186421424150467,
      0.04999213665723801,
      0.04621981456875801,
      0.04733354225754738,
      0.05285709351301193,
      0.04588431119918823,
      0.047610171139240265,
      0.047945987433195114,
      0.04653749242424965,
      0.04694099351763725,
      0.046331629157066345,
      0.04820718616247177,
      0.045595623552799225,
      0.04823540151119232,
      0.04821232706308365,
      0.047084130346775055,
      0.04692303389310837,
      0.0430997833609581,
      0.05132172256708145,
      0.046057943254709244,
      0.04992736503481865,
      0.050466228276491165,
      0.04680025205016136,
      0.04490135982632637,
      0.047399815171957016,
      0.04232823848724365,
      0.0453646257519722,
      0.04768189415335655,
      0.04574259743094444,
      0.04624273255467415,
      0.04273601621389389,
      0.04712902754545212,
      0.0530533492565155,
      0.04622386023402214,
      0.04274125024676323,
      0.04239143058657646,
      0.04508300498127937,
      0.04248436912894249,
      0.044135142117738724,
      0.04661279916763306,
      0.0444372333586216,
