{
   "number_epochs": 300,
   "info_used": "full info noisy",
   "perc_full_data": 0.3,
   "n_epochs_no_selection": 0,
   "Frequency % cutoff": 0.3,
   "hidden_size": 32,
   "random_state": 13,
   "train_errors": [
      0.13629691302776337,
      0.132172092795372,
      0.13122187554836273,
      0.12872517108917236,
      0.12756207585334778,
      0.12556885182857513,
      0.12359679490327835,
      0.12077902257442474,
      0.11857472360134125,
      0.11705199629068375,
      0.11306484043598175,
      0.1111731007695198,
      0.10771972686052322,
      0.10648615658283234,
      0.10124132037162781,
      0.09943482279777527,
      0.10051093995571136,
      0.09541751444339752,
      0.09216518700122833,
      0.0940786600112915,
      0.09046102315187454,
      0.08771941065788269,
      0.08909197896718979,
      0.08701924234628677,
      0.08693671226501465,
      0.08420160412788391,
      0.08675511926412582,
      0.08250408619642258,
      0.08227305859327316,
      0.08070119470357895,
      0.08010745048522949,
      0.07950177043676376,
      0.07837959378957748,
      0.07851006090641022,
      0.07600636780261993,
      0.07790327817201614,
      0.07568395137786865,
      0.07614848017692566,
      0.07616221904754639,
      0.07280538231134415,
      0.07210341840982437,
      0.07181145995855331,
      0.07053013145923615,
      0.07384170591831207,
      0.06956564635038376,
      0.06840887665748596,
      0.06617127358913422,
      0.06914032250642776,
      0.06810114532709122,
      0.06806110590696335,
      0.06842567771673203,
      0.0639096200466156,
      0.06994988024234772,
      0.06749559938907623,
      0.0658167228102684,
      0.06510297954082489,
      0.06178685650229454,
      0.06365540623664856,
      0.06338430941104889,
      0.06413912028074265,
      0.06169845163822174,
      0.06346525996923447,
      0.06168460100889206,
      0.06128530949354172,
      0.05904276669025421,
      0.06065663322806358,
      0.0627521425485611,
      0.06236451119184494,
      0.06098984554409981,
      0.0591496042907238,
      0.057725779712200165,
      0.058684784919023514,
      0.058875177055597305,
      0.05876559019088745,
      0.06000986322760582,
      0.05812744423747063,
      0.05879247561097145,
      0.05624498054385185,
      0.05980991572141647,
      0.05791724473237991,
      0.05783960223197937,
      0.05942883342504501,
      0.05747209116816521,
      0.057276710867881775,
      0.0524013452231884,
      0.054866328835487366,
      0.05464596673846245,
      0.056353528052568436,
      0.058500178158283234,
      0.057477742433547974,
      0.0568523071706295,
      0.0600723922252655,
      0.05565802380442619,
      0.05688013508915901,
      0.053689002990722656,
      0.05448795482516289,
      0.0550454780459404,
      0.05761570855975151,
      0.051577795296907425,
      0.056059665977954865,
      0.05242983624339104,
      0.05116691440343857,
      0.055039484053850174,
      0.05289986729621887,
      0.05705603212118149,
      0.0544268973171711,
      0.053404610604047775,
      0.05662908777594566,
      0.0552564300596714,
      0.05163126811385155,
      0.05253537371754646,
      0.056139878928661346,
      0.05571845546364784,
      0.05138697102665901,
      0.05418000742793083,
      0.05336536094546318,
      0.05310569331049919,
      0.056549012660980225,
      0.049288734793663025,
      0.05079680308699608,
      0.04894362390041351,
      0.05124029144644737,
      0.05084142088890076,
      0.05236262083053589,
      0.051109593361616135,
      0.048514485359191895,
      0.051580846309661865,
      0.05049315094947815,
      0.048254016786813736,
      0.05098807066679001,
      0.05333104357123375,
      0.05113539844751358,
      0.04897122085094452,
      0.05203615874052048,
      0.05142591521143913,
      0.05481140688061714,
      0.04916209727525711,
      0.0489242859184742,
      0.049457889050245285,
      0.047246303409338,
      0.04918600246310234,
      0.04952912777662277,
      0.04905381426215172,
      0.048761893063783646,
      0.04981911927461624,
      0.04993608593940735,
      0.04957245662808418,
      0.04894130676984787,
      0.04866527020931244,
      0.04726099967956543,
      0.04741683602333069,
      0.049724381417036057,
      0.047482606023550034,
      0.04764140024781227,
      0.050007544457912445,
      0.047385454177856445,
      0.04911886900663376,
      0.04752863943576813,
      0.0489472970366478,
      0.04637906700372696,
      0.04993319511413574,
      0.04698125645518303,
      0.046543873846530914,
      0.045716963708400726,
      0.047244057059288025,
      0.04756429046392441,
      0.0431407168507576,
      0.04372802749276161,
      0.046734705567359924,
      0.04665745049715042,
      0.04626251012086868,
      0.043310534209012985,
      0.04820583760738373,
      0.04688822478055954,
      0.04508759826421738,
      0.04306245222687721,
      0.04336720332503319,
      0.042600568383932114,
      0.042777158319950104,
      0.0471627451479435,
      0.04756180942058563,
      0.04438376426696777,
      0.04323827847838402,
      0.0466039665043354,
      0.046630602329969406,
      0.044209208339452744,
      0.045184262096881866,
      0.04454861208796501,
      0.04221630468964577,
      0.04740065708756447,
      0.04200534150004387,
      0.04587492346763611,
      0.04351235553622246,
      0.045780424028635025,
      0.04554746672511101,
      0.04150336608290672,
      0.04145005717873573,
      0.044283900409936905,
      0.04421594738960266,
      0.046258047223091125,
      0.042298976331949234,
      0.04285477474331856,
      0.043583739548921585,
      0.041595686227083206,
      0.043870825320482254,
      0.04266243055462837,
      0.041258227080106735,
      0.045822273939847946,
      0.04489777982234955,
      0.041923150420188904,
      0.04449841380119324,
      0.04407681152224541,
      0.042832840234041214,
      0.04508625343441963,
      0.04365164786577225,
      0.04444066062569618,
      0.04377184435725212,
      0.04262743145227432,
      0.04502912238240242,
      0.0430067703127861,
      0.04292812570929527,
      0.043603502213954926,
      0.045880746096372604,
      0.04226141795516014,
      0.040070172399282455,
      0.03938119113445282,
      0.04203800857067108,
      0.040530331432819366,
      0.04167598485946655,
      0.04335989058017731,
      0.040680598467588425,
      0.03915094956755638,
      0.03791956230998039,
      0.04657059535384178,
      0.04124036803841591,
      0.043575484305620193,
      0.03899326175451279,
      0.040067870169878006,
      0.04069080576300621,
      0.04168396815657616,
      0.042782776057720184,
      0.040924299508333206,
      0.04582095518708229,
      0.04263349995017052,
      0.04441351443529129,
      0.04215380549430847,
      0.04004025459289551,
      0.04368330538272858,
      0.040728382766246796,
      0.04363765940070152,
      0.04086793214082718,
      0.039645805954933167,
      0.03924401104450226,
      0.04084490239620209,
      0.03981027752161026,
      0.04013602435588837,
      0.04977716505527496,
      0.04467590153217316,
      0.042557697743177414,
      0.03797169029712677,
      0.0393591932952404,
      0.0409776046872139,
      0.04371315985918045,
      0.040717046707868576,
      0.042840372771024704,
      0.037166498601436615,
      0.04089560732245445,
      0.04455597698688507,
      0.04420405626296997,
      0.03944173827767372,
      0.044580940157175064,
      0.03875425457954407,
      0.03992973268032074,
      0.03984710946679115,
      0.0401281900703907,
      0.03714267536997795,
      0.04178105294704437,
      0.04023151472210884,
      0.04151080548763275,
      0.03810931742191315,
      0.04378778114914894,
      0.03728582337498665,
      0.03973960131406784,
      0.03848270699381828,
      0.03607286140322685,
      0.040858861058950424,
