{
   "number_epochs": 300,
   "info_used": "full info noisy",
   "perc_full_data": 0.3,
   "n_epochs_no_selection": 0,
   "Frequency % cutoff": 0.3,
   "hidden_size": 32,
   "random_state": 5,
   "train_errors": [
      0.11857642978429794,
      0.11572714149951935,
      0.11406733840703964,
      0.11284845322370529,
      0.11228855699300766,
      0.11142531037330627,
      0.10991407930850983,
      0.10847245156764984,
      0.10587917268276215,
      0.10509846359491348,
      0.10310791432857513,
      0.1014333963394165,
      0.09825457632541656,
      0.09686946123838425,
      0.09458469599485397,
      0.08992351591587067,
      0.08862074464559555,
      0.08597301691770554,
      0.08724170923233032,
      0.08485869318246841,
      0.08297833800315857,
      0.08469018340110779,
      0.08348812162876129,
      0.08136148005723953,
      0.0807851105928421,
      0.07934009283781052,
      0.08196054399013519,
      0.07812939584255219,
      0.07794010639190674,
      0.07977860420942307,
      0.08003312349319458,
      0.08029985427856445,
      0.07825690507888794,
      0.07425098866224289,
      0.07556598633527756,
      0.07499074935913086,
      0.07521381974220276,
      0.0747530609369278,
      0.07659810781478882,
      0.07433832436800003,
      0.07363343983888626,
      0.07243368029594421,
      0.07152420282363892,
      0.07126902043819427,
      0.07069883495569229,
      0.07240195572376251,
      0.06958512216806412,
      0.07116805762052536,
      0.06973756104707718,
      0.06887108087539673,
      0.06995317339897156,
      0.07056373357772827,
      0.0682285726070404,
      0.06701348721981049,
      0.06892646104097366,
      0.06710370630025864,
      0.06674696505069733,
      0.06882332265377045,
      0.06528747826814651,
      0.0673389807343483,
      0.06756677478551865,
      0.06244215369224548,
      0.06444204598665237,
      0.06570782512426376,
      0.0634957030415535,
      0.06511567533016205,
      0.06289608031511307,
      0.06439632177352905,
      0.06456004083156586,
      0.06492754817008972,
      0.06515122950077057,
      0.06254018098115921,
      0.06245129555463791,
      0.06534500420093536,
      0.06069754809141159,
      0.061954643577337265,
      0.0640772357583046,
      0.06256143748760223,
      0.05956587940454483,
      0.060912877321243286,
      0.06285169720649719,
      0.05981334298849106,
      0.061717040836811066,
      0.06374630331993103,
      0.05905438959598541,
      0.06035098433494568,
      0.06164293736219406,
      0.058114636689424515,
      0.05980321764945984,
      0.05609051138162613,
      0.05829701945185661,
      0.05732524394989014,
      0.060170430690050125,
      0.0571935661137104,
      0.056850168853998184,
      0.05727666616439819,
      0.05515202507376671,
      0.061014529317617416,
      0.057356834411621094,
      0.05632127448916435,
      0.05503568425774574,
      0.05744164437055588,
      0.05470260605216026,
      0.05642230436205864,
      0.055571023374795914,
      0.05588611587882042,
      0.055593326687812805,
      0.05632028728723526,
      0.053013984113931656,
      0.054598573595285416,
      0.05455582216382027,
      0.0544448047876358,
      0.05482938885688782,
      0.0547427237033844,
      0.05543592572212219,
      0.05388113111257553,
      0.054751552641391754,
      0.05430188030004501,
      0.055140044540166855,
      0.054383788257837296,
      0.05531046539545059,
      0.05520628020167351,
      0.05394119769334793,
      0.05369734764099121,
      0.05162839591503143,
      0.05226847156882286,
      0.05324453487992287,
      0.051055293530225754,
      0.052414584904909134,
      0.05262633040547371,
      0.05246558412909508,
      0.05302048102021217,
      0.053549256175756454,
      0.054651372134685516,
      0.051015615463256836,
      0.053083647042512894,
      0.053658388555049896,
      0.05152666196227074,
      0.04664473608136177,
      0.04984809830784798,
      0.04910067096352577,
      0.048868075013160706,
      0.052136436104774475,
      0.05080040171742439,
      0.050205063074827194,
      0.05092667043209076,
      0.04841606318950653,
      0.04989015683531761,
      0.0517427995800972,
      0.048717860132455826,
      0.046975746750831604,
      0.051045093685388565,
      0.04971722513437271,
      0.05091657117009163,
      0.05078080669045448,
      0.048855505883693695,
      0.04685867205262184,
      0.05154275894165039,
      0.04930105432868004,
      0.04982561618089676,
      0.04918369650840759,
      0.050282225012779236,
      0.050275128334760666,
      0.045968443155288696,
      0.05022892728447914,
      0.051026083528995514,
      0.04813306778669357,
      0.04798125848174095,
      0.04738591983914375,
      0.05106699839234352,
      0.049816105514764786,
      0.04920778051018715,
      0.050492286682128906,
      0.05040574446320534,
      0.048091813921928406,
      0.04718806967139244,
      0.04931333288550377,
      0.050898823887109756,
      0.05086255446076393,
      0.05008895695209503,
      0.051723238080739975,
      0.04621867835521698,
      0.0480525866150856,
      0.04980068281292915,
      0.045460328459739685,
      0.04833491891622543,
      0.05047270655632019,
      0.050250668078660965,
      0.048262640833854675,
      0.04927385598421097,
      0.04809601604938507,
      0.04663335159420967,
      0.045802246779203415,
      0.049552563577890396,
      0.04711621254682541,
      0.04950472339987755,
      0.04702841490507126,
      0.045869071036577225,
      0.046346090734004974,
      0.04547653719782829,
      0.05048726871609688,
      0.047992996871471405,
      0.04461674019694328,
      0.04806194081902504,
      0.04719018563628197,
      0.045880187302827835,
      0.045612964779138565,
      0.04968922212719917,
      0.047022778540849686,
      0.04806843772530556,
      0.04753365367650986,
      0.049290064722299576,
      0.04815317317843437,
      0.04559488222002983,
      0.04655430465936661,
      0.043472837656736374,
      0.04871384799480438,
      0.04664988070726395,
      0.04565109312534332,
      0.04503623768687248,
      0.04546862468123436,
      0.043527863919734955,
      0.048833414912223816,
      0.049017611891031265,
      0.04549965262413025,
      0.04402757063508034,
      0.045946259051561356,
      0.044602517038583755,
      0.04734236001968384,
      0.04563461244106293,
      0.043339405208826065,
      0.044507864862680435,
      0.04685685411095619,
      0.04389045014977455,
      0.04505304992198944,
      0.04374903067946434,
      0.04270543158054352,
      0.04512132704257965,
      0.043347060680389404,
      0.043259862810373306,
      0.04248632490634918,
      0.04312155768275261,
      0.04314078018069267,
      0.04297751933336258,
      0.04284358397126198,
      0.04630034789443016,
      0.04762623831629753,
      0.04269140213727951,
      0.04482186585664749,
      0.04875469207763672,
      0.04368497431278229,
      0.04364081099629402,
      0.044457074254751205,
      0.04290853813290596,
      0.04308188706636429,
      0.04370769485831261,
      0.04415731132030487,
      0.045129913836717606,
      0.04577546566724777,
      0.04572535306215286,
      0.04343356192111969,
      0.04330321028828621,
      0.046793557703495026,
      0.04204462096095085,
      0.04492487013339996,
      0.044386908411979675,
      0.04020726680755615,
      0.04515983909368515,
      0.03865280747413635,
      0.048720065504312515,
      0.04306454956531525,
      0.03957456722855568,
      0.04278893023729324,
      0.04616735503077507,
      0.04402971640229225,
      0.04580853134393692,
      0.04526835307478905,
      0.04249359294772148,
      0.043460994958877563,
      0.04206844046711922,
      0.04249613359570503,
      0.0404411256313324,
      0.04648846760392189,
      0.0448327399790287,
      0.04147811233997345,
      0.044534143060445786,
