{
   "number_epochs": 300,
   "info_used": "full info noisy",
   "perc_full_data": 0.3,
   "n_epochs_no_selection": 0,
   "Frequency % cutoff": 0.3,
   "hidden_size": 32,
   "random_state": 12,
   "train_errors": [
      0.1184714064002037,
      0.11498665809631348,
      0.1132751852273941,
      0.1125594973564148,
      0.11148367077112198,
      0.11222197115421295,
      0.1105259582400322,
      0.10834395885467529,
      0.10712766647338867,
      0.10527311265468597,
      0.1041739210486412,
      0.10193020105361938,
      0.09977098554372787,
      0.09850934147834778,
      0.09809423983097076,
      0.0960855558514595,
      0.09466782957315445,
      0.09571566432714462,
      0.091980941593647,
      0.0940176248550415,
      0.09252238273620605,
      0.09128154069185257,
      0.08899784833192825,
      0.08972765505313873,
      0.08815333247184753,
      0.08795946091413498,
      0.08632343262434006,
      0.0902394950389862,
      0.08414661139249802,
      0.08369471877813339,
      0.08278781920671463,
      0.08242257684469223,
      0.08119368553161621,
      0.08510087430477142,
      0.0803077444434166,
      0.08133427053689957,
      0.07965386658906937,
      0.079134501516819,
      0.07833066582679749,
      0.0774821937084198,
      0.08330589532852173,
      0.0794038474559784,
      0.07855047285556793,
      0.07800496369600296,
      0.07881166785955429,
      0.08042703568935394,
      0.07795419543981552,
      0.07535167783498764,
      0.07651399821043015,
      0.07536274939775467,
      0.07444890588521957,
      0.07455650717020035,
      0.07389899343252182,
      0.07442740350961685,
      0.07600229978561401,
      0.07463303953409195,
      0.07463753968477249,
      0.07580597698688507,
      0.07462110370397568,
      0.07266243547201157,
      0.07054845988750458,
      0.07402009516954422,
      0.071999691426754,
      0.0734468623995781,
      0.06874141097068787,
      0.07067099958658218,
      0.07226721197366714,
      0.07267186045646667,
      0.0716177374124527,
      0.0720033273100853,
      0.07012815773487091,
      0.06895928084850311,
      0.06879891455173492,
      0.06976978480815887,
      0.06847701966762543,
      0.06723398715257645,
      0.06552650034427643,
      0.06883715838193893,
      0.06979791074991226,
      0.06811212748289108,
      0.06699146330356598,
      0.06604702770709991,
      0.06610912084579468,
      0.06257009506225586,
      0.06580542027950287,
      0.06740179657936096,
      0.06834106147289276,
      0.06539864093065262,
      0.06903067976236343,
      0.0651407241821289,
      0.06705420464277267,
      0.06791852414608002,
      0.06619872897863388,
      0.06685759127140045,
      0.06670747697353363,
      0.06079171225428581,
      0.0649082213640213,
      0.06484928727149963,
      0.06465718895196915,
      0.06516025960445404,
      0.061413247138261795,
      0.06444742530584335,
      0.06182321906089783,
      0.06555242836475372,
      0.06582684814929962,
      0.06243307888507843,
      0.06410933285951614,
      0.06304795295000076,
      0.06205233931541443,
      0.06483642011880875,
      0.06262383610010147,
      0.061273444443941116,
      0.061016570776700974,
      0.060634296387434006,
      0.060241375118494034,
      0.06156976521015167,
      0.060405515134334564,
      0.060256991535425186,
      0.059800390154123306,
      0.0600118488073349,
      0.061980608850717545,
      0.05857669562101364,
      0.05874314904212952,
      0.06356760859489441,
      0.05798167362809181,
      0.05945730581879616,
      0.05732857435941696,
      0.05879219248890877,
      0.05903041362762451,
      0.05699773505330086,
      0.06287216395139694,
      0.0639396533370018,
      0.05853305011987686,
      0.062119193375110626,
      0.055801451206207275,
      0.05773600935935974,
      0.05648040026426315,
      0.057503994554281235,
      0.056491028517484665,
      0.05567392334342003,
      0.05553887411952019,
      0.055379096418619156,
      0.056080412119627,
      0.057190317660570145,
      0.05914931371808052,
      0.057164065539836884,
      0.05517766997218132,
      0.05689851939678192,
      0.06034300476312637,
      0.05430084839463234,
      0.05647484213113785,
      0.056520670652389526,
      0.05582895129919052,
      0.05371224135160446,
      0.05568402260541916,
      0.052560023963451385,
      0.05970453843474388,
      0.05208562687039375,
      0.05665116012096405,
      0.05611702427268028,
      0.055183254182338715,
      0.05358124524354935,
      0.05406709760427475,
      0.0500391386449337,
      0.056775499135255814,
      0.05280764400959015,
      0.05259573087096214,
      0.05405062437057495,
      0.05384531617164612,
      0.05522477254271507,
      0.052344322204589844,
      0.05519755929708481,
      0.055389586836099625,
      0.05337727069854736,
      0.053249917924404144,
      0.05409426987171173,
      0.054675593972206116,
      0.05169999226927757,
      0.05592676252126694,
      0.05080023035407066,
      0.05690207704901695,
      0.05181893706321716,
      0.05101298540830612,
      0.051624689251184464,
      0.04889528453350067,
      0.05274078622460365,
      0.05296044424176216,
      0.051182765513658524,
      0.04852674901485443,
      0.0490715391933918,
      0.05032643675804138,
      0.0511968694627285,
      0.04775897040963173,
      0.050122134387493134,
      0.05306941270828247,
      0.0502108559012413,
      0.049161866307258606,
      0.05456381291151047,
      0.0537252239882946,
      0.04888090118765831,
      0.04659589007496834,
      0.052544496953487396,
      0.053580377250909805,
      0.04920704662799835,
      0.04911903664469719,
      0.04900160804390907,
      0.05415716394782066,
      0.049676816910505295,
      0.05022233724594116,
      0.04895554110407829,
      0.04799109324812889,
      0.048938654363155365,
      0.05118309333920479,
      0.05288161709904671,
      0.04968806356191635,
      0.05317280441522598,
      0.05148298293352127,
      0.047874484211206436,
      0.04596386104822159,
      0.04661073535680771,
      0.05305209010839462,
      0.04899974539875984,
      0.04935990646481514,
      0.05247471481561661,
      0.04514868184924126,
      0.04900290444493294,
      0.04907824099063873,
      0.04491725191473961,
      0.04589196667075157,
      0.04820369929075241,
      0.048509396612644196,
      0.0481465645134449,
      0.047823064029216766,
      0.04985349625349045,
      0.04865249618887901,
      0.04501352459192276,
      0.04374458268284798,
      0.04911985620856285,
      0.046218808740377426,
      0.04495232179760933,
      0.044236935675144196,
      0.04355236142873764,
      0.04633547365665436,
      0.045716509222984314,
      0.04593252018094063,
      0.04770756885409355,
      0.05105600506067276,
      0.044343501329422,
      0.04193922132253647,
      0.048531170934438705,
      0.04389696940779686,
      0.042919453233480453,
      0.04629785567522049,
      0.04388729855418205,
      0.04382270574569702,
      0.04757511615753174,
      0.044573139399290085,
      0.04341869428753853,
      0.04815980792045593,
      0.04575172811746597,
      0.04144752398133278,
      0.040499623864889145,
      0.04541381821036339,
      0.043408870697021484,
      0.04543254151940346,
      0.04900827258825302,
      0.045187316834926605,
      0.041540250182151794,
      0.04408778250217438,
      0.0442439466714859,
      0.04370672255754471,
      0.04495955631136894,
      0.0442640483379364,
      0.044925183057785034,
      0.04248397424817085,
      0.04154945909976959,
      0.04189816489815712,
      0.04404698684811592,
      0.04429631307721138,
      0.041083019226789474,
      0.04450966417789459,
      0.04377182945609093,
      0.041273318231105804,
      0.04527304694056511,
      0.04602761194109917,
      0.04589363560080528,
      0.04137006029486656,
