{
   "number_epochs": 300,
   "info_used": "full info noisy",
   "perc_full_data": 0.3,
   "n_epochs_no_selection": 0,
   "Frequency % cutoff": 0.3,
   "hidden_size": 32,
   "random_state": 4,
   "train_errors": [
      0.14088475704193115,
      0.13223665952682495,
      0.12933388352394104,
      0.1291184425354004,
      0.1275327354669571,
      0.125310018658638,
      0.1247950866818428,
      0.12333866953849792,
      0.12208407372236252,
      0.12019184976816177,
      0.1194104328751564,
      0.11715351045131683,
      0.11508127301931381,
      0.11149052530527115,
      0.11057348549365997,
      0.10832244902849197,
      0.105904720723629,
      0.10367686301469803,
      0.10174787044525146,
      0.09982919692993164,
      0.0977521538734436,
      0.09624552726745605,
      0.09720034152269363,
      0.09470678120851517,
      0.09237799048423767,
      0.09235333651304245,
      0.09064439684152603,
      0.09472164511680603,
      0.09119844436645508,
      0.08819311112165451,
      0.08846154808998108,
      0.08867517113685608,
      0.08927325904369354,
      0.08553754538297653,
      0.08462746441364288,
      0.08571399748325348,
      0.08750303834676743,
      0.08385547995567322,
      0.08359476178884506,
      0.08430489152669907,
      0.08428166806697845,
      0.08204922080039978,
      0.07947689294815063,
      0.08218695223331451,
      0.07987868040800095,
      0.07947055995464325,
      0.07938335835933685,
      0.07861628383398056,
      0.08062924444675446,
      0.07729107141494751,
      0.07815571129322052,
      0.0782424658536911,
      0.0783756747841835,
      0.07829846441745758,
      0.07614243775606155,
      0.075380340218544,
      0.07454526424407959,
      0.07543475925922394,
      0.07264555245637894,
      0.07343656569719315,
      0.07207408547401428,
      0.07374586164951324,
      0.07325954735279083,
      0.07429370284080505,
      0.0727987065911293,
      0.07374230772256851,
      0.07273698598146439,
      0.07300925999879837,
      0.07123550027608871,
      0.07217222452163696,
      0.06928452104330063,
      0.07008621096611023,
      0.07260409742593765,
      0.06784176826477051,
      0.06988716870546341,
      0.07050769776105881,
      0.06774242222309113,
      0.07074543833732605,
      0.06765258312225342,
      0.06710607558488846,
      0.0673200935125351,
      0.06954804062843323,
      0.07186273485422134,
      0.0699065774679184,
      0.0673244297504425,
      0.06402233242988586,
      0.06596183031797409,
      0.0667429268360138,
      0.06663954257965088,
      0.06799748539924622,
      0.06820987910032272,
      0.06605052202939987,
      0.06424060463905334,
      0.06731009483337402,
      0.06359900534152985,
      0.06453169137239456,
      0.06949000060558319,
      0.0627872496843338,
      0.06406489759683609,
      0.061527956277132034,
      0.06370199471712112,
      0.06333465874195099,
      0.06171951815485954,
      0.05984289199113846,
      0.062391072511672974,
      0.06542985886335373,
      0.062064412981271744,
      0.0629592090845108,
      0.0626184493303299,
      0.06224307417869568,
      0.062332138419151306,
      0.060976628214120865,
      0.060891829431056976,
      0.05951031669974327,
      0.060300275683403015,
      0.05808286368846893,
      0.060700252652168274,
      0.059142112731933594,
      0.06241395324468613,
      0.05875959247350693,
      0.05865254998207092,
      0.05678156390786171,
      0.060176849365234375,
      0.06101365014910698,
      0.061695750802755356,
      0.058379705995321274,
      0.059278082102537155,
      0.055201977491378784,
      0.05588005483150482,
      0.062279246747493744,
      0.06107271835207939,
      0.06037858873605728,
      0.06124376133084297,
      0.05970088765025139,
      0.05556542053818703,
      0.05837525427341461,
      0.05481237545609474,
      0.05881118029356003,
      0.06036423146724701,
      0.05750564858317375,
      0.05479371175169945,
      0.05589309707283974,
      0.053816597908735275,
      0.05735580995678902,
      0.055288299918174744,
      0.052240271121263504,
      0.05384169518947601,
      0.05348190292716026,
      0.05399557203054428,
      0.05376536771655083,
      0.05532100424170494,
      0.053672295063734055,
      0.05385654792189598,
      0.05797643959522247,
      0.053237076848745346,
      0.05661177635192871,
      0.053584396839141846,
      0.05599799379706383,
      0.05277876928448677,
      0.053451672196388245,
      0.05370248854160309,
      0.05355272814631462,
      0.05154638737440109,
      0.052090518176555634,
      0.05569104105234146,
      0.04922876134514809,
      0.05121522396802902,
      0.0476984977722168,
      0.05182909965515137,
      0.050470028072595596,
      0.05283733829855919,
      0.05219879373908043,
      0.051494915038347244,
      0.0552067905664444,
      0.05561741814017296,
      0.050715263932943344,
      0.054727133363485336,
      0.052728526294231415,
      0.05322299152612686,
      0.049540113657712936,
      0.050270382314920425,
      0.052064381539821625,
      0.0452604703605175,
      0.05419332906603813,
      0.05513762682676315,
      0.04916564002633095,
      0.049285005778074265,
      0.05483139306306839,
      0.05191780626773834,
      0.05007948353886604,
      0.048898495733737946,
      0.05163188651204109,
      0.05224357917904854,
      0.04965134710073471,
      0.050258081406354904,
      0.05103413388133049,
      0.0497417151927948,
      0.05264124274253845,
      0.05160651355981827,
      0.053984448313713074,
      0.04792643338441849,
      0.04544761776924133,
      0.0490538515150547,
      0.04952489212155342,
      0.04682311415672302,
      0.048195138573646545,
      0.045490119606256485,
      0.049229636788368225,
      0.05000510811805725,
      0.0472484827041626,
      0.04580818861722946,
      0.05086316168308258,
      0.04989457130432129,
      0.04938099905848503,
      0.047270361334085464,
      0.046404048800468445,
      0.048433639109134674,
      0.04986288398504257,
      0.05073173716664314,
      0.0493316650390625,
      0.04959263280034065,
      0.04710289090871811,
      0.04613441601395607,
      0.04609101265668869,
      0.04692704603075981,
      0.046116460114717484,
      0.049788180738687515,
      0.04745631664991379,
      0.04728659242391586,
      0.04847992956638336,
      0.04276888072490692,
      0.048542145639657974,
      0.05087580904364586,
      0.04887057840824127,
      0.042578406631946564,
      0.04284125193953514,
      0.04683779180049896,
      0.048216767609119415,
      0.050460126250982285,
      0.0475500226020813,
      0.04528306424617767,
      0.043016400188207626,
      0.04609806463122368,
      0.044127870351076126,
      0.045763567090034485,
      0.04476659744977951,
      0.043616678565740585,
      0.04888976737856865,
      0.0464327372610569,
      0.04731091484427452,
      0.05080971494317055,
      0.044698264449834824,
      0.04141518101096153,
      0.04445073381066322,
      0.04556412622332573,
      0.044194985181093216,
      0.04601743072271347,
      0.04383252561092377,
      0.04338707774877548,
      0.04292241483926773,
      0.04358769208192825,
      0.043133556842803955,
      0.04845741018652916,
      0.0432712696492672,
      0.04636147618293762,
      0.04631001874804497,
      0.0435798354446888,
      0.04434331879019737,
      0.04240550473332405,
      0.051060840487480164,
      0.044280216097831726,
      0.044624291360378265,
      0.04679751396179199,
      0.04801391810178757,
      0.04323079437017441,
      0.0458131805062294,
      0.044682279229164124,
      0.042647212743759155,
      0.04504512995481491,
      0.043957386165857315,
      0.045893944799900055,
      0.04000648856163025,
      0.04728219285607338,
      0.040331751108169556,
      0.040923889726400375,
      0.04204213246703148,
      0.04540744423866272,
