{
   "number_epochs": 300,
   "info_used": "full info noisy",
   "perc_full_data": 0.3,
   "n_epochs_no_selection": 0,
   "Frequency % cutoff": 0.3,
   "hidden_size": 32,
   "random_state": 8,
   "train_errors": [
      0.17833760380744934,
      0.16346286237239838,
      0.1566253900527954,
      0.15267938375473022,
      0.14950430393218994,
      0.14817315340042114,
      0.14457885921001434,
      0.1412682831287384,
      0.14005543291568756,
      0.13914461433887482,
      0.137184277176857,
      0.13466665148735046,
      0.13229264318943024,
      0.13076747953891754,
      0.12745563685894012,
      0.12549109756946564,
      0.12515977025032043,
      0.12045889347791672,
      0.11952710896730423,
      0.11743389070034027,
      0.11361619085073471,
      0.11196612566709518,
      0.11141899228096008,
      0.11037325114011765,
      0.10770457983016968,
      0.10635445266962051,
      0.10494565963745117,
      0.10350063443183899,
      0.10304958373308182,
      0.10352474451065063,
      0.1021573543548584,
      0.10195908695459366,
      0.10015685856342316,
      0.1019730418920517,
      0.09928970783948898,
      0.10053011029958725,
      0.09867937862873077,
      0.10052256286144257,
      0.09815414249897003,
      0.09736830741167068,
      0.09798653423786163,
      0.09812945872545242,
      0.09771045297384262,
      0.09447584301233292,
      0.09596914052963257,
      0.09562031924724579,
      0.09397707879543304,
      0.09750179946422577,
      0.09540680050849915,
      0.09453579038381577,
      0.09275117516517639,
      0.09441567212343216,
      0.09377118945121765,
      0.09452509135007858,
      0.09322988241910934,
      0.09409702569246292,
      0.09348367154598236,
      0.08978231996297836,
      0.09171735495328903,
      0.09268609434366226,
      0.0904102697968483,
      0.09000153094530106,
      0.08993715792894363,
      0.08763261139392853,
      0.08867567032575607,
      0.08926604688167572,
      0.08676087111234665,
      0.08860686421394348,
      0.08737263828516006,
      0.08610013127326965,
      0.08864309638738632,
      0.08543980121612549,
      0.08380897343158722,
      0.0853656604886055,
      0.0876019150018692,
      0.08601319044828415,
      0.08463499695062637,
      0.08339686691761017,
      0.08073938637971878,
      0.08460331708192825,
      0.08405566960573196,
      0.08258654922246933,
      0.0815117284655571,
      0.08215413242578506,
      0.0797078087925911,
      0.08487169444561005,
      0.08133184164762497,
      0.08338559418916702,
      0.08147147297859192,
      0.08094990998506546,
      0.0805702731013298,
      0.08042922616004944,
      0.08213505893945694,
      0.07740180939435959,
      0.08196670562028885,
      0.07717151939868927,
      0.07888533174991608,
      0.07839389145374298,
      0.07756149023771286,
      0.07733432203531265,
      0.07464737445116043,
      0.08002518862485886,
      0.07931641489267349,
      0.07407841831445694,
      0.0746081992983818,
      0.0754268541932106,
      0.07575211673974991,
      0.07565511763095856,
      0.07964115589857101,
      0.07316503673791885,
      0.07365405559539795,
      0.07448779791593552,
      0.07440993189811707,
      0.07105426490306854,
      0.07352616637945175,
      0.07118559628725052,
      0.07394099980592728,
      0.07165353745222092,
      0.0740562453866005,
      0.07559731602668762,
      0.07390274107456207,
      0.07314668595790863,
      0.0735442191362381,
      0.07463014870882034,
      0.07241114974021912,
      0.07091984897851944,
      0.06901293247938156,
      0.07705219835042953,
      0.0729164108633995,
      0.07175390422344208,
      0.07016447186470032,
      0.07296771556138992,
      0.07122696191072464,
      0.06919778138399124,
      0.06674261391162872,
      0.0705346018075943,
      0.07018262147903442,
      0.06907007098197937,
      0.0663202777504921,
      0.07087928056716919,
      0.06797584891319275,
      0.06974638253450394,
      0.07092374563217163,
      0.06874799728393555,
      0.06850600242614746,
      0.0684630498290062,
      0.06921535730361938,
      0.06738138198852539,
      0.06882344186306,
      0.073684923350811,
      0.06887923926115036,
      0.06812130659818649,
      0.06745998561382294,
      0.06894361227750778,
      0.0680515468120575,
      0.06896582990884781,
      0.0658726617693901,
      0.0699605718255043,
      0.06595586985349655,
      0.06748034805059433,
      0.0648733377456665,
      0.07099204510450363,
      0.06403540819883347,
      0.0668131411075592,
      0.06495188176631927,
      0.06490904837846756,
      0.06526274979114532,
      0.06563591957092285,
      0.06623973697423935,
      0.06862597167491913,
      0.06393376737833023,
      0.06361551582813263,
      0.06366387009620667,
      0.0633058249950409,
      0.06480667740106583,
      0.06584632396697998,
      0.06496290117502213,
      0.0656621903181076,
      0.06745627522468567,
      0.06297565996646881,
      0.06498256325721741,
      0.06634602695703506,
      0.059858303517103195,
      0.06711947917938232,
      0.06403565406799316,
      0.06198250502347946,
      0.06212310120463371,
      0.0631839707493782,
      0.06847130507230759,
      0.06224271282553673,
      0.06298653781414032,
      0.06308185309171677,
      0.060835279524326324,
      0.06505780667066574,
      0.06426206231117249,
      0.06238243356347084,
      0.05867118015885353,
      0.06326703727245331,
      0.06331513822078705,
      0.06011437997221947,
      0.0599423423409462,
      0.061777982860803604,
      0.05971464142203331,
      0.06373430788516998,
      0.05865417420864105,
      0.05969281122088432,
      0.06010301411151886,
      0.059800613671541214,
      0.05859123170375824,
      0.06449712812900543,
      0.06138535216450691,
      0.060686144977808,
      0.061062417924404144,
      0.060638170689344406,
      0.05583781376481056,
      0.05846784636378288,
      0.060854971408843994,
      0.06321818381547928,
      0.05855478718876839,
      0.0583261176943779,
      0.06051953509449959,
      0.06050770357251167,
      0.05775301530957222,
      0.05563432723283768,
      0.06206754967570305,
      0.05871603637933731,
      0.05755416676402092,
      0.05912366509437561,
      0.05903603881597519,
      0.05564509332180023,
      0.05662938952445984,
      0.05631866306066513,
      0.05788372457027435,
      0.0627984032034874,
      0.05721617117524147,
      0.058784518390893936,
      0.05448678135871887,
      0.0612427294254303,
      0.053494419902563095,
      0.0601293109357357,
      0.057724181562662125,
      0.05496857687830925,
      0.05407183989882469,
      0.057535551488399506,
      0.05471242591738701,
      0.05633167922496796,
      0.05906827375292778,
      0.05460761487483978,
      0.058111775666475296,
      0.053989388048648834,
      0.058318041265010834,
      0.05649837106466293,
      0.05479436740279198,
      0.05869397148489952,
      0.055207476019859314,
      0.05465910583734512,
      0.05380721762776375,
      0.05567634850740433,
      0.05435675382614136,
      0.05973704159259796,
      0.052207596600055695,
      0.05400331690907478,
      0.05297759547829628,
      0.053944528102874756,
      0.05650396645069122,
      0.054316770285367966,
      0.057829272001981735,
      0.05362430587410927,
      0.05405436456203461,
      0.05539936199784279,
      0.057774972170591354,
      0.055391810834407806,
      0.050761014223098755,
      0.05330252647399902,
      0.05104769393801689,
      0.05715483799576759,
      0.061595890671014786,
      0.05341457948088646,
      0.0544821135699749,
      0.054516103118658066,
      0.052370138466358185,
      0.053743164986371994,
      0.05557896941900253,
      0.049860842525959015,
      0.053499456495046616,
      0.053010448813438416,
      0.05637574568390846,
      0.05173800513148308,
