{
   "number_epochs": 300,
   "info_used": "full info noisy",
   "perc_full_data": 0.3,
   "n_epochs_no_selection": 0,
   "Frequency % cutoff": 0.3,
   "hidden_size": 32,
   "random_state": 11,
   "train_errors": [
      0.1299520879983902,
      0.12547838687896729,
      0.1230296790599823,
      0.12133175879716873,
      0.119682177901268,
      0.11895929276943207,
      0.11731972545385361,
      0.11603784561157227,
      0.11414385586977005,
      0.11213850975036621,
      0.11041823029518127,
      0.10800374299287796,
      0.10621144622564316,
      0.10198081284761429,
      0.10115973651409149,
      0.10029751807451248,
      0.09794601798057556,
      0.09454862028360367,
      0.09210693091154099,
      0.09254259616136551,
      0.0901973694562912,
      0.08987933397293091,
      0.0898241400718689,
      0.08627024292945862,
      0.08629617840051651,
      0.0843793973326683,
      0.08479923009872437,
      0.08458583801984787,
      0.08455656468868256,
      0.08449290692806244,
      0.08369690924882889,
      0.08224319666624069,
      0.08271602541208267,
      0.08124348521232605,
      0.0828801617026329,
      0.08024661988019943,
      0.0803709551692009,
      0.07965686917304993,
      0.08224333077669144,
      0.08057466894388199,
      0.08095476776361465,
      0.07958031445741653,
      0.07805131375789642,
      0.07880861312150955,
      0.07764852792024612,
      0.07671993225812912,
      0.07556890696287155,
      0.07750121504068375,
      0.07670509815216064,
      0.07513090968132019,
      0.07621268928050995,
      0.07397688180208206,
      0.0733068436384201,
      0.07427263259887695,
      0.07180473208427429,
      0.07228491455316544,
      0.07208704948425293,
      0.07208047807216644,
      0.07126481086015701,
      0.07352323085069656,
      0.07258893549442291,
      0.07180547714233398,
      0.06919369101524353,
      0.07062377780675888,
      0.06950060278177261,
      0.06846215575933456,
      0.06962260603904724,
      0.07067801803350449,
      0.07088429480791092,
      0.06818925589323044,
      0.07053366303443909,
      0.068697489798069,
      0.06849431991577148,
      0.06920080631971359,
      0.06715356558561325,
      0.06631646305322647,
      0.06766288727521896,
      0.06616435199975967,
      0.0655791312456131,
      0.06544007360935211,
      0.06734663993120193,
      0.06609730422496796,
      0.06469113379716873,
      0.06602238118648529,
      0.06598213315010071,
      0.06629464030265808,
      0.06341953575611115,
      0.06421629339456558,
      0.06558264046907425,
      0.06412923336029053,
      0.06787313520908356,
      0.06357386708259583,
      0.06271561980247498,
      0.0642465129494667,
      0.06200261786580086,
      0.06317482888698578,
      0.062189482152462006,
      0.06369097530841827,
      0.06188906356692314,
      0.06660031527280807,
      0.062150828540325165,
      0.06528966873884201,
      0.060003917664289474,
      0.06232205778360367,
      0.0612468384206295,
      0.06098025664687157,
      0.06413014978170395,
      0.06065761297941208,
      0.062310848385095596,
      0.060239214450120926,
      0.06044372543692589,
      0.06286954879760742,
      0.06142112612724304,
      0.05808965861797333,
      0.05974423512816429,
      0.06322168558835983,
      0.060469429939985275,
      0.06307575851678848,
      0.05731373652815819,
      0.061995264142751694,
      0.05870470032095909,
      0.061217229813337326,
      0.059255894273519516,
      0.05731695890426636,
      0.05855328217148781,
      0.056013572961091995,
      0.0583130344748497,
      0.06056681647896767,
      0.05603998899459839,
      0.058818526566028595,
      0.058373063802719116,
      0.05550666153430939,
      0.05791507661342621,
      0.05966120585799217,
      0.05733852460980415,
      0.05940743163228035,
      0.05608679726719856,
      0.05761668086051941,
      0.05621114373207092,
      0.05835028737783432,
      0.055531829595565796,
      0.055010247975587845,
      0.05755924433469772,
      0.05666807293891907,
      0.05531712993979454,
      0.05470305308699608,
      0.05858679115772247,
      0.05627591907978058,
      0.05699845030903816,
      0.05430474504828453,
      0.055094748735427856,
      0.05203118920326233,
      0.052478574216365814,
      0.05582861229777336,
      0.054729070514440536,
      0.05720648914575577,
      0.05474035441875458,
      0.05964069440960884,
      0.05503563582897186,
      0.057041168212890625,
      0.056884121149778366,
      0.05350828170776367,
      0.054697949439287186,
      0.05544816330075264,
      0.05402381345629692,
      0.052152667194604874,
      0.05066942423582077,
      0.055376578122377396,
      0.05610574036836624,
      0.05072489753365517,
      0.050209298729896545,
      0.05534682422876358,
      0.05331462249159813,
      0.05079955235123634,
      0.052930086851119995,
      0.05190037190914154,
      0.05407395586371422,
      0.05341709777712822,
      0.05240551382303238,
      0.05218532681465149,
      0.05435233190655708,
      0.04936860874295235,
      0.05232807993888855,
      0.04959184303879738,
      0.05148977041244507,
      0.05083102732896805,
      0.05275017395615578,
      0.0518760159611702,
      0.0500684455037117,
      0.051574673503637314,
      0.0468067042529583,
      0.04984328895807266,
      0.05045314133167267,
      0.05100853368639946,
      0.05250256508588791,
      0.0485934242606163,
      0.05133991688489914,
      0.047991372644901276,
      0.04948696121573448,
      0.05065217241644859,
      0.050300486385822296,
      0.052668966352939606,
      0.04759902134537697,
      0.053199801594018936,
      0.05234958603978157,
      0.04993265122175217,
      0.05058523267507553,
      0.04844506084918976,
      0.05428023263812065,
      0.04990324005484581,
      0.051141757518053055,
      0.04881894588470459,
      0.04950975626707077,
      0.05377346649765968,
      0.047648582607507706,
      0.04576442390680313,
      0.05042589083313942,
      0.053854502737522125,
      0.04641350358724594,
      0.05012458935379982,
      0.04939090088009834,
      0.05084384232759476,
      0.050394438207149506,
      0.049750734120607376,
      0.05050375685095787,
      0.04996505007147789,
      0.04948386549949646,
      0.04830580949783325,
      0.04952901601791382,
      0.0491325706243515,
      0.048045363277196884,
      0.05001829192042351,
      0.04623031243681908,
      0.04825659841299057,
      0.05063190683722496,
      0.05024391785264015,
      0.04706384614109993,
      0.048978254199028015,
      0.04411836713552475,
      0.045817457139492035,
      0.05008820816874504,
      0.04907897859811783,
      0.04573913291096687,
      0.049427732825279236,
      0.04659148305654526,
      0.048100218176841736,
      0.0475936233997345,
      0.05029110610485077,
      0.048201605677604675,
      0.049988504499197006,
      0.04764896258711815,
      0.047365330159664154,
      0.04371069744229317,
      0.04576721042394638,
      0.043505486100912094,
      0.05075874179601669,
      0.049520716071128845,
      0.047941163182258606,
      0.04350568354129791,
      0.04432270675897598,
      0.051666293293237686,
      0.04679378494620323,
      0.046796247363090515,
      0.04667981341481209,
      0.04709012806415558,
      0.04618215188384056,
      0.04668888822197914,
      0.045835308730602264,
      0.04205305874347687,
      0.04739369451999664,
      0.044756047427654266,
      0.04313134774565697,
      0.044822417199611664,
      0.04303233325481415,
      0.04537693038582802,
      0.04534147307276726,
      0.040474988520145416,
      0.04451524466276169,
      0.047991588711738586,
      0.042615290731191635,
      0.04641290754079819,
      0.04561922699213028,
      0.04415246471762657,
      0.04300307109951973,
      0.041965190321207047,
      0.044488802552223206,
      0.049125924706459045,
