{
   "number_epochs": 300,
   "info_used": "full info noisy",
   "perc_full_data": 0.3,
   "n_epochs_no_selection": 0,
   "Frequency % cutoff": 0.3,
   "hidden_size": 32,
   "random_state": 6,
   "train_errors": [
      0.1581936925649643,
      0.1523834466934204,
      0.14937935769557953,
      0.14697971940040588,
      0.14584745466709137,
      0.1443314552307129,
      0.14240728318691254,
      0.14111821353435516,
      0.141582190990448,
      0.1379377841949463,
      0.13438063859939575,
      0.133394256234169,
      0.1324698030948639,
      0.12875327467918396,
      0.1273493468761444,
      0.12421862035989761,
      0.12333828955888748,
      0.11794466525316238,
      0.1174202635884285,
      0.11571621149778366,
      0.11265653371810913,
      0.11214732378721237,
      0.11224382370710373,
      0.1095564216375351,
      0.10977011173963547,
      0.10953611880540848,
      0.10481198877096176,
      0.10525244474411011,
      0.10360582917928696,
      0.09850314259529114,
      0.10066337883472443,
      0.09861329197883606,
      0.09705664217472076,
      0.09868773818016052,
      0.0979190468788147,
      0.09303443878889084,
      0.09946416318416595,
      0.09317117929458618,
      0.09764810651540756,
      0.09284420311450958,
      0.09107087552547455,
      0.09381803125143051,
      0.08656635880470276,
      0.09122946113348007,
      0.08944611251354218,
      0.09138379991054535,
      0.08763924241065979,
      0.09039203822612762,
      0.09153855592012405,
      0.08817875385284424,
      0.08443337678909302,
      0.08409786969423294,
      0.0856628343462944,
      0.08390803635120392,
      0.08229522407054901,
      0.0833495706319809,
      0.08501141518354416,
      0.081873819231987,
      0.08236150443553925,
      0.08200491964817047,
      0.0803200751543045,
      0.07966286689043045,
      0.0809960588812828,
      0.07853975147008896,
      0.08473913371562958,
      0.07876080274581909,
      0.07801461964845657,
      0.0770716443657875,
      0.07802382856607437,
      0.07685437798500061,
      0.07870003581047058,
      0.07710793614387512,
      0.07741964608430862,
      0.07280277460813522,
      0.07699016481637955,
      0.07856972515583038,
      0.07677610218524933,
      0.07607387751340866,
      0.07507287710905075,
      0.07042960822582245,
      0.07482323050498962,
      0.07239340990781784,
      0.07427560538053513,
      0.07162988930940628,
      0.0754380077123642,
      0.07185220718383789,
      0.0727950930595398,
      0.07686782628297806,
      0.06986529380083084,
      0.0724778026342392,
      0.07114807516336441,
      0.06957215070724487,
      0.07293394953012466,
      0.06925982981920242,
      0.07019830495119095,
      0.07280384749174118,
      0.06851311773061752,
      0.07646356523036957,
      0.06771747767925262,
      0.06829851865768433,
      0.07110946625471115,
      0.06780634075403214,
      0.0691034123301506,
      0.06547064334154129,
      0.06825732439756393,
      0.06671387702226639,
      0.0699426457285881,
      0.06785650551319122,
      0.06802218407392502,
      0.06729628145694733,
      0.0686895102262497,
      0.06686657667160034,
      0.06624623388051987,
      0.06622651219367981,
      0.06581667065620422,
      0.06658202409744263,
      0.06400752812623978,
      0.0677666962146759,
      0.06653360277414322,
      0.06712386012077332,
      0.06625577807426453,
      0.06585615128278732,
      0.0681636855006218,
      0.06067337840795517,
      0.06560758501291275,
      0.06315114349126816,
      0.06473081558942795,
      0.05971531197428703,
      0.06393708288669586,
      0.06670542061328888,
      0.061852533370256424,
      0.06347165256738663,
      0.06262639909982681,
      0.0630839616060257,
      0.06870114058256149,
      0.060109179466962814,
      0.06895574182271957,
      0.06285746395587921,
      0.06198020279407501,
      0.06330186873674393,
      0.062310487031936646,
      0.061775024980306625,
      0.06070464476943016,
      0.05804603919386864,
      0.059118494391441345,
      0.060418326407670975,
      0.06593543291091919,
      0.06017697975039482,
      0.06256280094385147,
      0.06273453682661057,
      0.05980106070637703,
      0.05872035771608353,
      0.058849405497312546,
      0.061050303280353546,
      0.060909759253263474,
      0.06248018890619278,
      0.06099719926714897,
      0.06125097721815109,
      0.056004539132118225,
      0.0599667988717556,
      0.05799540877342224,
      0.05589703470468521,
      0.06294769048690796,
      0.06264922022819519,
      0.060948800295591354,
      0.053963836282491684,
      0.05625750496983528,
      0.057278916239738464,
      0.05644744262099266,
      0.059120193123817444,
      0.05758940055966377,
      0.05779741331934929,
      0.05824504792690277,
      0.05972004681825638,
      0.05943289026618004,
      0.05668329820036888,
      0.062232110649347305,
      0.060533564537763596,
      0.053368471562862396,
      0.05811575427651405,
      0.05991782620549202,
      0.055427249521017075,
      0.058120209723711014,
      0.06303173303604126,
      0.05779024213552475,
      0.05439016968011856,
      0.05340921878814697,
      0.05577228218317032,
      0.05764493718743324,
      0.054460398852825165,
      0.05537555366754532,
      0.055346377193927765,
      0.05588114634156227,
      0.05359230190515518,
      0.05278948321938515,
      0.05636198818683624,
      0.05614330619573593,
      0.05211994796991348,
      0.05458945408463478,
      0.052786629647016525,
      0.05667195841670036,
      0.056888725608587265,
      0.060044966638088226,
      0.05209783837199211,
      0.0516882985830307,
      0.04953130707144737,
      0.053602688014507294,
      0.05498526990413666,
      0.05501843988895416,
      0.050852902233600616,
      0.054240986704826355,
      0.05545483157038689,
      0.05130048468708992,
      0.0535900704562664,
      0.05100012198090553,
      0.0522739551961422,
      0.05410340800881386,
      0.05709870532155037,
      0.05591859668493271,
      0.05006226897239685,
      0.05731971934437752,
      0.053554240614175797,
      0.056671082973480225,
      0.05323055386543274,
      0.05039948970079422,
      0.055359043180942535,
      0.05120960250496864,
      0.05293051153421402,
      0.05278594419360161,
      0.05231204256415367,
      0.05060151591897011,
      0.05030632019042969,
      0.052366551011800766,
      0.053692348301410675,
      0.050060566514730453,
      0.05304877832531929,
      0.05037165805697441,
      0.05257857218384743,
      0.05121675878763199,
      0.051256440579891205,
      0.050397127866744995,
      0.0494869127869606,
      0.04974759742617607,
      0.050686467438936234,
      0.05005541071295738,
      0.04995376616716385,
      0.05089440941810608,
      0.05331086367368698,
      0.053059495985507965,
      0.051470112055540085,
      0.053651146590709686,
      0.05103026703000069,
      0.04689866676926613,
      0.05043341591954231,
      0.05534215644001961,
      0.0482502318918705,
      0.05238185450434685,
      0.04893249645829201,
      0.04888558015227318,
      0.048901595175266266,
      0.048802267760038376,
      0.04883815348148346,
      0.05191906914114952,
      0.047995246946811676,
      0.04733940586447716,
      0.050701070576906204,
      0.05378873273730278,
      0.04547080025076866,
      0.04964234307408333,
      0.05360477790236473,
      0.05042613297700882,
      0.04936559498310089,
      0.05024399608373642,
      0.047955919057130814,
      0.046623144298791885,
      0.04633413627743721,
      0.048207398504018784,
      0.04853124916553497,
      0.05348309129476547,
      0.04859022796154022,
      0.049567967653274536,
      0.0476093627512455,
      0.050568047910928726,
      0.045826639980077744,
      0.04650704562664032,
      0.045524515211582184,
      0.04534153267741203,
