{
   "number_epochs": 300,
   "info_used": "full info noisy",
   "perc_full_data": 0.3,
   "n_epochs_no_selection": 0,
   "Frequency % cutoff": 0.3,
   "hidden_size": 32,
   "random_state": 0,
   "train_errors": [
      0.14753486216068268,
      0.14501483738422394,
      0.14212453365325928,
      0.13985516130924225,
      0.1383175551891327,
      0.13777008652687073,
      0.13586823642253876,
      0.13500601053237915,
      0.13167205452919006,
      0.13133077323436737,
      0.12735390663146973,
      0.12499618530273438,
      0.12304861098527908,
      0.11983689665794373,
      0.11559326201677322,
      0.11276035010814667,
      0.11185531318187714,
      0.11016806215047836,
      0.1052887812256813,
      0.10432270914316177,
      0.10376162827014923,
      0.10259513556957245,
      0.10203717648983002,
      0.10008399188518524,
      0.09793821722269058,
      0.09703928977251053,
      0.09835967421531677,
      0.09438364207744598,
      0.09406739473342896,
      0.09027930349111557,
      0.09092553704977036,
      0.09165570884943008,
      0.09112250804901123,
      0.08908958733081818,
      0.09174995124340057,
      0.0858042910695076,
      0.0894399955868721,
      0.09033764898777008,
      0.09116174280643463,
      0.08750423789024353,
      0.08726120740175247,
      0.08601788431406021,
      0.0897018164396286,
      0.08503668755292892,
      0.08871907740831375,
      0.08488772809505463,
      0.08741003274917603,
      0.08487283438444138,
      0.08124960213899612,
      0.08123009651899338,
      0.08449909836053848,
      0.08546372503042221,
      0.08078887313604355,
      0.08146197348833084,
      0.08478862792253494,
      0.0799841359257698,
      0.07967564463615417,
      0.07808540016412735,
      0.08316226303577423,
      0.07973914593458176,
      0.08191686868667603,
      0.08041505515575409,
      0.08172331750392914,
      0.079688660800457,
      0.07660739868879318,
      0.07681169360876083,
      0.07529561966657639,
      0.08020511269569397,
      0.0777648314833641,
      0.07374485582113266,
      0.08091657608747482,
      0.0752740427851677,
      0.07738287001848221,
      0.07238617539405823,
      0.0747174471616745,
      0.07871508598327637,
      0.07247764617204666,
      0.07352389395236969,
      0.07322677224874496,
      0.07213617861270905,
      0.07290855795145035,
      0.0753324031829834,
      0.07184790074825287,
      0.0743679404258728,
      0.07044509798288345,
      0.07149544358253479,
      0.07570735365152359,
      0.07319270074367523,
      0.07237252593040466,
      0.07189726829528809,
      0.07106413692235947,
      0.06763272732496262,
      0.07157037407159805,
      0.06819827109575272,
      0.07102708518505096,
      0.07095944136381149,
      0.06778425723314285,
      0.06613858789205551,
      0.0687648355960846,
      0.06992213428020477,
      0.06730242818593979,
      0.0694369301199913,
      0.06679046899080276,
      0.06863491237163544,
      0.06655894964933395,
      0.06931151449680328,
      0.07128819078207016,
      0.06958621740341187,
      0.06891372799873352,
      0.06519696861505508,
      0.067385233938694,
      0.06432744860649109,
      0.06690617650747299,
      0.06564018130302429,
      0.06384307891130447,
      0.06396914273500443,
      0.0680660605430603,
      0.06540107727050781,
      0.06449723988771439,
      0.06723245978355408,
      0.06512560695409775,
      0.06574872881174088,
      0.06503753364086151,
      0.0677628368139267,
      0.06434787809848785,
      0.06417844444513321,
      0.06142439320683479,
      0.06396175175905228,
      0.06796009838581085,
      0.06701447814702988,
      0.061768341809511185,
      0.06310499459505081,
      0.06349219381809235,
      0.06491324305534363,
      0.06619016081094742,
      0.06379086524248123,
      0.06312326341867447,
      0.06636279076337814,
      0.06323248893022537,
      0.06493879854679108,
      0.06647200137376785,
      0.06673867255449295,
      0.0625881776213646,
      0.06080939993262291,
      0.06086631119251251,
      0.06098345294594765,
      0.06162947416305542,
      0.05964510515332222,
      0.061914727091789246,
      0.0624198243021965,
      0.06152225285768509,
      0.0616837739944458,
      0.06015933305025101,
      0.06532985717058182,
      0.06592769920825958,
      0.0622667521238327,
      0.0619753859937191,
      0.06227588653564453,
      0.05882210657000542,
      0.06111175939440727,
      0.06008760631084442,
      0.06287459284067154,
      0.06128556653857231,
      0.06054377555847168,
      0.05781009793281555,
      0.059716835618019104,
      0.05797363817691803,
      0.05519268289208412,
      0.058350253850221634,
      0.05710999667644501,
      0.05749523639678955,
      0.05701761692762375,
      0.0619344525039196,
      0.06152837723493576,
      0.05630924552679062,
      0.057241059839725494,
      0.057884570211172104,
      0.05769893899559975,
      0.0562213771045208,
      0.059265874326229095,
      0.0637330710887909,
      0.060289908200502396,
      0.058513496071100235,
      0.057666536420583725,
      0.05978719890117645,
      0.05685410276055336,
      0.059584084898233414,
      0.061440013349056244,
      0.060293763875961304,
      0.05840492248535156,
      0.057663917541503906,
      0.057853151112794876,
      0.05763230845332146,
      0.056551493704319,
      0.06111021339893341,
      0.05787211284041405,
      0.057974524796009064,
      0.0587533675134182,
      0.05830758064985275,
      0.056395918130874634,
      0.053014129400253296,
      0.054683927446603775,
      0.0577734112739563,
      0.05732472613453865,
      0.05422830954194069,
      0.05457868427038193,
      0.05692204460501671,
      0.0578555092215538,
      0.05649799481034279,
      0.057197898626327515,
      0.055365998297929764,
      0.05404443293809891,
      0.05510634556412697,
      0.054544657468795776,
      0.05862577259540558,
      0.05590549483895302,
      0.053315211087465286,
      0.05606349557638168,
      0.054835885763168335,
      0.055931221693754196,
      0.05392508581280708,
      0.056258030235767365,
      0.05517952889204025,
      0.05463298410177231,
      0.05966051667928696,
      0.05350038781762123,
      0.06449020653963089,
      0.05311250686645508,
      0.05572030320763588,
      0.05819413438439369,
      0.05426512286067009,
      0.05843045562505722,
      0.056528590619564056,
      0.05738942325115204,
      0.05559636652469635,
      0.05327387899160385,
      0.05463974550366402,
      0.05493177846074104,
      0.05199244245886803,
      0.05390869453549385,
      0.05202462524175644,
      0.056223995983600616,
      0.051881060004234314,
      0.05220701918005943,
      0.05420934781432152,
      0.057285603135824203,
      0.05190372094511986,
      0.05415736138820648,
      0.05494019016623497,
      0.049336131662130356,
      0.04975410923361778,
      0.05292200669646263,
      0.05536051094532013,
      0.05277600884437561,
      0.0531281903386116,
      0.05066341906785965,
      0.05286889523267746,
      0.05464630201458931,
      0.0561290942132473,
      0.050620898604393005,
      0.05387285351753235,
      0.049982961267232895,
      0.05422372370958328,
      0.04871046170592308,
      0.05074687302112579,
      0.05259286239743233,
      0.05193857103586197,
      0.05177083984017372,
      0.049410346895456314,
      0.05489930510520935,
      0.04955270141363144,
      0.04902895167469978,
      0.04800902307033539,
      0.05363883078098297,
      0.05571170523762703,
      0.04978371039032936,
      0.05089617520570755,
      0.05227464437484741,
      0.052980661392211914,
      0.050362225621938705,
      0.05354258045554161,
      0.04790697246789932,
      0.05222596973180771,
      0.05200245603919029,
      0.053181882947683334,
      0.048335105180740356,
      0.054720744490623474,
      0.05033727362751961,
