{
   "number_epochs": 300,
   "info_used": "full info noisy",
   "perc_full_data": 0.3,
   "n_epochs_no_selection": 0,
   "Frequency % cutoff": 0.3,
   "hidden_size": 32,
   "random_state": 1,
   "train_errors": [
      0.12723220884799957,
      0.12537269294261932,
      0.12546418607234955,
      0.12362641841173172,
      0.12208333611488342,
      0.12169252336025238,
      0.12001840025186539,
      0.11914467811584473,
      0.11846403032541275,
      0.11797785013914108,
      0.11707409471273422,
      0.11467184871435165,
      0.11177325993776321,
      0.11025498062372208,
      0.10794947296380997,
      0.10624583810567856,
      0.10536415874958038,
      0.10449113696813583,
      0.1044616624712944,
      0.10246898233890533,
      0.10133504867553711,
      0.09913035482168198,
      0.09676501899957657,
      0.09336955845355988,
      0.09623666107654572,
      0.09276918321847916,
      0.09627418220043182,
      0.09400515258312225,
      0.09078848361968994,
      0.09299842268228531,
      0.09405543655157089,
      0.0935320183634758,
      0.09205956012010574,
      0.09144168347120285,
      0.0914728194475174,
      0.08821471035480499,
      0.08941158652305603,
      0.08711673319339752,
      0.09214194118976593,
      0.08796128630638123,
      0.08816928416490555,
      0.08827561140060425,
      0.08449745178222656,
      0.08468519896268845,
      0.08407048135995865,
      0.08446372300386429,
      0.08589032292366028,
      0.08242349326610565,
      0.0834534764289856,
      0.08448093384504318,
      0.08387064933776855,
      0.07947047054767609,
      0.08425019681453705,
      0.07611000537872314,
      0.08121377229690552,
      0.08349478989839554,
      0.08152271807193756,
      0.07997792214155197,
      0.0778999775648117,
      0.07761073112487793,
      0.07991855591535568,
      0.07914489507675171,
      0.07872319221496582,
      0.07794006913900375,
      0.07450184971094131,
      0.07294252514839172,
      0.07666391134262085,
      0.07751789689064026,
      0.07145433127880096,
      0.07372932881116867,
      0.07595076411962509,
      0.07515065371990204,
      0.07227132469415665,
      0.07206621021032333,
      0.07414567470550537,
      0.07239625602960587,
      0.06969504803419113,
      0.07057856023311615,
      0.07242398709058762,
      0.07150249928236008,
      0.07173148542642593,
      0.06905104219913483,
      0.07179702073335648,
      0.06855300068855286,
      0.07272366434335709,
      0.07362315058708191,
      0.07080026715993881,
      0.06589260697364807,
      0.07257615029811859,
      0.06945113837718964,
      0.0671541690826416,
      0.06463833898305893,
      0.06856776028871536,
      0.06725360453128815,
      0.0664922371506691,
      0.06741847842931747,
      0.0669369027018547,
      0.06379558891057968,
      0.06639191508293152,
      0.0646105408668518,
      0.06251303106546402,
      0.06781523674726486,
      0.06593242287635803,
      0.06837941706180573,
      0.06976618617773056,
      0.06869808584451675,
      0.06689712405204773,
      0.06362976133823395,
      0.06339326500892639,
      0.06660812348127365,
      0.06826841831207275,
      0.06426288932561874,
      0.06447956711053848,
      0.06458395719528198,
      0.06392274051904678,
      0.06670162081718445,
      0.0631064847111702,
      0.06291457265615463,
      0.06430573016405106,
      0.065410315990448,
      0.06365539878606796,
      0.06009002402424812,
      0.06476394087076187,
      0.06158824637532234,
      0.06116753816604614,
      0.06241752952337265,
      0.062060777097940445,
      0.05822392925620079,
      0.0638643428683281,
      0.06376998126506805,
      0.06223700940608978,
      0.05882422998547554,
      0.059494927525520325,
      0.06300008296966553,
      0.06179579347372055,
      0.0625854954123497,
      0.06319504976272583,
      0.06291257590055466,
      0.05899321287870407,
      0.05942825973033905,
      0.06190205365419388,
      0.06346382945775986,
      0.06096324324607849,
      0.06412890553474426,
      0.05976142734289169,
      0.06496275216341019,
      0.06205403432250023,
      0.06267569959163666,
      0.05775649473071098,
      0.06265933066606522,
      0.06110604479908943,
      0.05902121961116791,
      0.05996327847242355,
      0.05693409964442253,
      0.06209898367524147,
      0.05536484718322754,
      0.05989604815840721,
      0.060686446726322174,
      0.061043284833431244,
      0.062179889529943466,
      0.06057799607515335,
      0.060373127460479736,
      0.0614292286336422,
      0.058167267590761185,
      0.05809934064745903,
      0.060517508536577225,
      0.055627547204494476,
      0.05447477102279663,
      0.054094985127449036,
      0.05529597029089928,
      0.05483179911971092,
      0.05801057443022728,
      0.057113468647003174,
      0.05115058645606041,
      0.05544585362076759,
      0.058698609471321106,
      0.05778621882200241,
      0.0594523660838604,
      0.059302955865859985,
      0.05793895199894905,
      0.054046131670475006,
      0.058134086430072784,
      0.057186324149370193,
      0.05546882748603821,
      0.0585152804851532,
      0.054668035358190536,
      0.057682253420352936,
      0.05402084067463875,
      0.06058136373758316,
      0.054656609892845154,
      0.055022142827510834,
      0.05101056769490242,
      0.054365482181310654,
      0.05593964830040932,
      0.056269388645887375,
      0.05379778891801834,
      0.05371454358100891,
      0.0538792610168457,
      0.05325334891676903,
      0.05682995170354843,
      0.055196940898895264,
      0.05451422557234764,
      0.05872166156768799,
      0.05335297808051109,
      0.05380896106362343,
      0.05315520241856575,
      0.054315660148859024,
      0.05348942056298256,
      0.05313599854707718,
      0.053404729813337326,
      0.05199822410941124,
      0.05515987053513527,
      0.05126548558473587,
      0.04771949350833893,
      0.05143912881612778,
      0.05114675685763359,
      0.05192630738019943,
      0.04883095249533653,
      0.05136381834745407,
      0.051943253725767136,
      0.05403850972652435,
      0.05527617409825325,
      0.05032724514603615,
      0.053080007433891296,
      0.052889369428157806,
      0.05064299330115318,
      0.05249420180916786,
      0.05813543498516083,
      0.055500246584415436,
      0.0544191375374794,
      0.05307617783546448,
      0.0524628721177578,
      0.05052133649587631,
      0.05382107198238373,
      0.04898504167795181,
      0.05068182945251465,
      0.053863804787397385,
      0.05474930629134178,
      0.04895951598882675,
      0.05227477103471756,
      0.050286635756492615,
      0.049741849303245544,
      0.05396617576479912,
      0.05388589948415756,
      0.05194750800728798,
      0.049366384744644165,
      0.055823780596256256,
      0.04951810464262962,
      0.05145768076181412,
      0.04795897752046585,
      0.048349861055612564,
      0.05283308029174805,
      0.05038722977042198,
      0.05469328537583351,
      0.05138430744409561,
      0.051842834800481796,
      0.05219725891947746,
      0.051122866570949554,
      0.050654660910367966,
      0.048592206090688705,
      0.048918768763542175,
      0.04899449273943901,
      0.05443065986037254,
      0.04380733519792557,
      0.05138566344976425,
      0.05023517087101936,
      0.04923942685127258,
      0.046373408287763596,
      0.05185369774699211,
      0.0477987676858902,
      0.04970497265458107,
      0.04926225170493126,
      0.04453427344560623,
      0.048771101981401443,
      0.04910019785165787,
      0.04782099276781082,
      0.04994743689894676,
      0.049569036811590195,
      0.048401735723018646,
      0.05685710906982422,
      0.04424351826310158,
      0.046673987060785294,
      0.048133403062820435,
      0.04740928113460541,
      0.047757893800735474,
      0.049871839582920074,
      0.045438021421432495,
