{
   "number_epochs": 300,
   "info_used": "use imputation",
   "perc_full_data": 0.3,
   "n_epochs_no_selection": 0,
   "Frequency % cutoff": 0.3,
   "hidden_size": 32,
   "random_state": 4,
   "train_errors": [
      0.05375850200653076,
      0.04910997301340103,
      0.0470874048769474,
      0.047179169952869415,
      0.04694134369492531,
      0.04653581604361534,
      0.045312490314245224,
      0.0442950613796711,
      0.04292283207178116,
      0.04200475662946701,
      0.04163392260670662,
      0.03931048884987831,
      0.037628717720508575,
      0.03679083660244942,
      0.03564826771616936,
      0.033985257148742676,
      0.03291089087724686,
      0.031113242730498314,
      0.03011491522192955,
      0.029288284480571747,
      0.028866194188594818,
      0.027041008695960045,
      0.025604117661714554,
      0.024015724658966064,
      0.024508286267518997,
      0.023083718493580818,
      0.022274984046816826,
      0.02184593677520752,
      0.0199249479919672,
      0.020356720313429832,
      0.01979984901845455,
      0.019550858065485954,
      0.018823880702257156,
      0.01818186230957508,
      0.0185565035790205,
      0.01728193834424019,
      0.017948826774954796,
      0.01640324667096138,
      0.016361838206648827,
      0.01682852767407894,
      0.015848124399781227,
      0.01578853838145733,
      0.015402935445308685,
      0.014698588289320469,
      0.016279015690088272,
      0.013991466723382473,
      0.014308127574622631,
      0.01431841030716896,
      0.014526722952723503,
      0.013943403959274292,
      0.012862217612564564,
      0.012755898758769035,
      0.013323691673576832,
      0.013533378019928932,
      0.013279751874506474,
      0.012621445581316948,
      0.013121391646564007,
      0.012256761081516743,
      0.012823875993490219,
      0.012040344998240471,
      0.012821289710700512,
      0.012083389796316624,
      0.011799518950283527,
      0.012669711373746395,
      0.012192772701382637,
      0.011626948602497578,
      0.011863067746162415,
      0.012218931689858437,
      0.01093941181898117,
      0.010841968469321728,
      0.01160742249339819,
      0.011913943104445934,
      0.01085322443395853,
      0.01089051179587841,
      0.0112204784527421,
      0.011155919171869755,
      0.010492362082004547,
      0.010791233740746975,
      0.01112945843487978,
      0.01060939859598875,
      0.011006076820194721,
      0.011338247917592525,
      0.010916385799646378,
      0.010635975748300552,
      0.010618149302899837,
      0.01093775499612093,
      0.0101292934268713,
      0.010358107276260853,
      0.010014722123742104,
      0.010582043789327145,
      0.01040448434650898,
      0.010715163312852383,
      0.009789147414267063,
      0.010412974283099174,
      0.009878590703010559,
      0.010940689593553543,
      0.009716032072901726,
      0.010035351850092411,
      0.010380985215306282,
      0.00969550758600235,
      0.01026917528361082,
      0.009450627490878105,
      0.010237709619104862,
      0.009934204630553722,
      0.00991765782237053,
      0.00895808357745409,
      0.009236193262040615,
      0.009554288350045681,
      0.010687724687159061,
      0.010077749378979206,
      0.009995671920478344,
      0.00979868695139885,
      0.009710589423775673,
      0.009592905640602112,
      0.008458111435174942,
      0.009479696862399578,
      0.009609835222363472,
      0.008835207670927048,
      0.009762449190020561,
      0.009406041353940964,
      0.008747500367462635,
      0.009936578571796417,
      0.009614366106688976,
      0.010000213980674744,
      0.00946801621466875,
      0.008828929625451565,
      0.008923280984163284,
      0.009045688435435295,
      0.008868786506354809,
      0.008714569732546806,
      0.008838184177875519,
      0.009735089726746082,
      0.00878825131803751,
      0.009204734116792679,
      0.009344696998596191,
      0.008319924585521221,
      0.00887998379766941,
      0.00862558651715517,
      0.008766299113631248,
      0.009251193143427372,
      0.008864940144121647,
      0.008860712870955467,
      0.008720345795154572,
      0.008847282268106937,
      0.008468794636428356,
      0.008877822197973728,
      0.008116704411804676,
      0.009447230026125908,
      0.008462884463369846,
      0.009029592387378216,
      0.008541615679860115,
      0.008701779879629612,
      0.008895949460566044,
      0.00859114620834589,
      0.00870505254715681,
      0.008266416378319263,
      0.008168098516762257,
      0.009225418791174889,
      0.009152287617325783,
      0.008779688738286495,
      0.008936344645917416,
      0.008335684426128864,
      0.008688862435519695,
      0.00884474627673626,
      0.008519154973328114,
      0.008193068206310272,
      0.007784952875226736,
      0.007945203222334385,
      0.008330000564455986,
      0.008774134330451488,
      0.00917641818523407,
      0.008351740427315235,
      0.007458654697984457,
      0.008733275346457958,
      0.008443123660981655,
      0.008044593036174774,
      0.008597106672823429,
      0.007758558262139559,
      0.008566377684473991,
      0.009023608639836311,
      0.009248555637896061,
      0.007664185017347336,
      0.00911181140691042,
      0.007599107921123505,
      0.008754554204642773,
      0.0077376519329845905,
      0.00891817081719637,
      0.009108247235417366,
      0.0076806023716926575,
      0.008526599034667015,
      0.0076639289036393166,
      0.008178597316145897,
      0.007677488494664431,
      0.007814883254468441,
      0.007942003197968006,
      0.008455047383904457,
      0.0077637056820094585,
      0.00804634764790535,
      0.007587697822600603,
      0.00800384022295475,
      0.008372657001018524,
      0.008282245136797428,
      0.00755314389243722,
      0.007903533056378365,
      0.008112614043056965,
      0.008476527407765388,
      0.0073818909004330635,
      0.008183334954082966,
      0.007772573735564947,
      0.007890266366302967,
      0.008615638129413128,
      0.007693698164075613,
      0.007632496301084757,
      0.007601727731525898,
      0.007818208076059818,
      0.008377885445952415,
      0.007547674234956503,
      0.008702862076461315,
      0.006813116371631622,
      0.008052626624703407,
      0.007076703477650881,
      0.007932662032544613,
      0.007374007720500231,
      0.007565204054117203,
      0.008167927153408527,
      0.008048438467085361,
      0.007428672164678574,
      0.00800986960530281,
      0.007713186088949442,
      0.008534223772585392,
      0.007758046500384808,
      0.0071900649927556515,
      0.007467850111424923,
      0.008255058899521828,
      0.008264642208814621,
      0.008038348518311977,
      0.00846182368695736,
      0.007373531814664602,
      0.007601999677717686,
      0.00815659947693348,
      0.0071621728129684925,
      0.007638694252818823,
      0.0075783212669193745,
      0.007744332775473595,
      0.006881230045109987,
      0.00791197270154953,
      0.007193452678620815,
      0.007303914986550808,
      0.007014223374426365,
      0.007486473303288221,
      0.008043084293603897,
      0.007016265764832497,
      0.0075502097606658936,
      0.007009666878730059,
      0.008409440517425537,
      0.007390269543975592,
      0.007363628130406141,
      0.008139282464981079,
      0.008463647216558456,
      0.008138611912727356,
      0.007439336273819208,
      0.0076331268064677715,
      0.007032474037259817,
      0.0078849783167243,
      0.008070730604231358,
      0.007659565191715956,
      0.00726421969011426,
      0.008838372305035591,
      0.007674071937799454,
      0.008537789806723595,
      0.009370509535074234,
      0.007755754515528679,
      0.0075414045713841915,
      0.007156774401664734,
      0.007683733478188515,
      0.007541706319898367,
      0.007226323708891869,
      0.007145076058804989,
      0.007288627792149782,
      0.006721212062984705,
