{
   "number_epochs": 300,
   "info_used": "use imputation",
   "perc_full_data": 0.3,
   "n_epochs_no_selection": 0,
   "Frequency % cutoff": 0.3,
   "hidden_size": 32,
   "random_state": 11,
   "train_errors": [
      0.05998962000012398,
      0.05878017097711563,
      0.057740598917007446,
      0.056459855288267136,
      0.055899448692798615,
      0.05468259006738663,
      0.05342820659279823,
      0.052409011870622635,
      0.05060432851314545,
      0.0490841418504715,
      0.04692554846405983,
      0.04520378261804581,
      0.04320020601153374,
      0.04068651795387268,
      0.03906004875898361,
      0.035370972007513046,
      0.03295498341321945,
      0.030699798837304115,
      0.029217692092061043,
      0.027030983939766884,
      0.026806168258190155,
      0.024674437940120697,
      0.023766731843352318,
      0.02269863709807396,
      0.02214071713387966,
      0.022717183455824852,
      0.02081572823226452,
      0.02254943922162056,
      0.02060467191040516,
      0.019053373485803604,
      0.019492067396640778,
      0.0183926522731781,
      0.017667360603809357,
      0.018021658062934875,
      0.018024206161499023,
      0.019053954631090164,
      0.017119526863098145,
      0.01670108735561371,
      0.016750996932387352,
      0.015733450651168823,
      0.015791285783052444,
      0.01569635607302189,
      0.01674541085958481,
      0.015640251338481903,
      0.015235194936394691,
      0.015283061191439629,
      0.014083369635045528,
      0.01458459347486496,
      0.014396610669791698,
      0.013848607428371906,
      0.014372793957591057,
      0.014049418270587921,
      0.013024014420807362,
      0.013489018194377422,
      0.014469262212514877,
      0.01292581669986248,
      0.012879162095487118,
      0.012884982861578465,
      0.013063519261777401,
      0.012173750437796116,
      0.01295837014913559,
      0.01198351290076971,
      0.013121264986693859,
      0.011401157826185226,
      0.011872355826199055,
      0.01136242039501667,
      0.01168378721922636,
      0.011774769984185696,
      0.011758720502257347,
      0.011065242812037468,
      0.011849038302898407,
      0.012389049865305424,
      0.010938957333564758,
      0.011602967046201229,
      0.011169997043907642,
      0.012042246758937836,
      0.01091573853045702,
      0.01149290706962347,
      0.011742481030523777,
      0.011821267195045948,
      0.010885768570005894,
      0.010408829897642136,
      0.010882667265832424,
      0.01031941082328558,
      0.011144098825752735,
      0.010880851186811924,
      0.00947543978691101,
      0.01035522110760212,
      0.010462665930390358,
      0.010359851643443108,
      0.010873400606215,
      0.009873398579657078,
      0.010721258819103241,
      0.010361148975789547,
      0.010567860677838326,
      0.010780345648527145,
      0.009888766333460808,
      0.010287532582879066,
      0.010255232453346252,
      0.009632332250475883,
      0.009908104315400124,
      0.009691108018159866,
      0.010670922696590424,
      0.010497158393263817,
      0.01035538874566555,
      0.009488443844020367,
      0.01013787742704153,
      0.008830573409795761,
      0.009936241433024406,
      0.00923860166221857,
      0.009105026721954346,
      0.00995804462581873,
      0.01075873151421547,
      0.010157262906432152,
      0.009957873262465,
      0.009769851341843605,
      0.010263815522193909,
      0.010236423462629318,
      0.00979422777891159,
      0.009638783521950245,
      0.00981767289340496,
      0.009143775328993797,
      0.009197342209517956,
      0.008909591473639011,
      0.008248402737081051,
      0.009127610363066196,
      0.009365107864141464,
      0.00878166127949953,
      0.008514061570167542,
      0.009429004974663258,
      0.008838949725031853,
      0.009336911141872406,
      0.009351933375000954,
      0.009152915328741074,
      0.00912023987621069,
      0.009167799726128578,
      0.008911757729947567,
      0.008827419020235538,
      0.011170261539518833,
      0.00798339769244194,
      0.008568480610847473,
      0.009026465006172657,
      0.008809613063931465,
      0.008533835411071777,
      0.008897851221263409,
      0.009591945447027683,
      0.008770927786827087,
      0.008469521068036556,
      0.008120087906718254,
      0.008698975667357445,
      0.008820194751024246,
      0.008543131873011589,
      0.008568564429879189,
      0.007955850102007389,
      0.008845492266118526,
      0.009053057990968227,
      0.009061385877430439,
      0.008381943218410015,
      0.008247354999184608,
      0.00791732408106327,
      0.008948500268161297,
      0.00854489579796791,
      0.008179334923624992,
      0.00838559865951538,
      0.008560086600482464,
      0.007770209573209286,
      0.009167799726128578,
      0.008250601589679718,
      0.007838932797312737,
      0.007760732434689999,
      0.007873985916376114,
      0.008758900687098503,
      0.007378782145678997,
      0.00893461424857378,
      0.009197239764034748,
      0.008331818506121635,
      0.008880595676600933,
      0.00863458588719368,
      0.00904659554362297,
      0.008851565420627594,
      0.00873111467808485,
      0.008343390189111233,
      0.007878722622990608,
      0.008740738965570927,
      0.008384325541555882,
      0.008579273708164692,
      0.008275222033262253,
      0.008453047834336758,
      0.007438673637807369,
      0.008047852665185928,
      0.00769959669560194,
      0.00804974790662527,
      0.009055808186531067,
      0.008322513662278652,
      0.008144451305270195,
      0.008409561589360237,
      0.008059130981564522,
      0.00731465732678771,
      0.008091889321804047,
      0.007519979495555162,
      0.007233236916363239,
      0.00781064759939909,
      0.007737440522760153,
      0.009308001957833767,
      0.007941324263811111,
      0.008200172334909439,
      0.0077676065266132355,
      0.007585844490677118,
      0.008591858670115471,
      0.007586830761283636,
      0.008256266824901104,
      0.007693134713917971,
      0.0077234841883182526,
      0.007759979926049709,
      0.00790514424443245,
      0.007810579147189856,
      0.007887490093708038,
      0.0078882509842515,
      0.007833743467926979,
      0.008159546181559563,
      0.007821300067007542,
      0.008102159015834332,
      0.008537637069821358,
      0.008035194128751755,
      0.008033466525375843,
      0.008315660059452057,
      0.007526936940848827,
      0.007768315728753805,
      0.008081156760454178,
      0.0077050975523889065,
      0.006943085230886936,
      0.008096175268292427,
      0.007665164768695831,
      0.007888131774961948,
      0.007049922365695238,
      0.008244507014751434,
      0.00783433485776186,
      0.008078627288341522,
      0.007781387306749821,
      0.007141835521906614,
      0.007542637176811695,
      0.007706000003963709,
      0.007641097530722618,
      0.006788983941078186,
      0.007970898412168026,
      0.007896586321294308,
      0.0075490111485123634,
      0.007588109467178583,
      0.007002930156886578,
      0.008279356174170971,
      0.007769433315843344,
      0.00847659632563591,
      0.007241465151309967,
      0.006867308169603348,
      0.007962622679769993,
      0.00830979086458683,
      0.00758367870002985,
      0.00786560121923685,
      0.007681538816541433,
      0.007219566963613033,
      0.007594157941639423,
      0.00797733198851347,
      0.007452094927430153,
      0.008635771460831165,
      0.0074998363852500916,
      0.007129524368792772,
      0.00783558376133442,
      0.007146583404392004,
      0.008448708802461624,
      0.007475744467228651,
      0.007885754108428955,
      0.006804641801863909,
      0.007642324548214674,
      0.007289007306098938,
      0.007832366973161697,
      0.007223993539810181,
      0.007271953858435154,
      0.0075284866616129875,
      0.007244637235999107,
      0.00757890148088336,
