{
   "number_epochs": 300,
   "info_used": "use imputation",
   "perc_full_data": 0.3,
   "n_epochs_no_selection": 0,
   "Frequency % cutoff": 0.3,
   "hidden_size": 32,
   "random_state": 14,
   "train_errors": [
      0.04542846605181694,
      0.04417598247528076,
      0.04389316961169243,
      0.04318567365407944,
      0.04199769347906113,
      0.04086555540561676,
      0.04057929664850235,
      0.03817664831876755,
      0.036803167313337326,
      0.03599023446440697,
      0.03463174030184746,
      0.03372404724359512,
      0.03197724372148514,
      0.030940871685743332,
      0.030337484553456306,
      0.028743982315063477,
      0.027353718876838684,
      0.02642926201224327,
      0.025684930384159088,
      0.024227356538176537,
      0.025050194934010506,
      0.02368897944688797,
      0.023801621049642563,
      0.022819312289357185,
      0.021869994699954987,
      0.021467600017786026,
      0.022873196750879288,
      0.02216719277203083,
      0.02042458951473236,
      0.02031376026570797,
      0.019507359713315964,
      0.01902949810028076,
      0.018135035410523415,
      0.017899535596370697,
      0.017784936353564262,
      0.018344447016716003,
      0.017147310078144073,
      0.017074065282940865,
      0.016953639686107635,
      0.016803406178951263,
      0.016039369627833366,
      0.01625875197350979,
      0.016533534973859787,
      0.0160664115101099,
      0.01491328701376915,
      0.016205139458179474,
      0.015327583998441696,
      0.015188979916274548,
      0.015532414428889751,
      0.014790549874305725,
      0.014291099272668362,
      0.014299841597676277,
      0.013818100094795227,
      0.015449858270585537,
      0.014982223510742188,
      0.014283062890172005,
      0.014365837909281254,
      0.015076929703354836,
      0.015692945569753647,
      0.015673529356718063,
      0.014476382173597813,
      0.014620184898376465,
      0.014158381149172783,
      0.012977794744074345,
      0.01379682682454586,
      0.01484178937971592,
      0.014950604178011417,
      0.0150118637830019,
      0.015953892841935158,
      0.013367218896746635,
      0.01383109949529171,
      0.013512789271771908,
      0.01389037724584341,
      0.013069096021354198,
      0.014172641560435295,
      0.01394989900290966,
      0.014240008778870106,
      0.013780109584331512,
      0.013779466040432453,
      0.013606999069452286,
      0.014411435462534428,
      0.013794401660561562,
      0.014188927598297596,
      0.012869522906839848,
      0.013208226300776005,
      0.014335979707539082,
      0.013123690150678158,
      0.014078385196626186,
      0.013829285278916359,
      0.013006085529923439,
      0.012681609019637108,
      0.0131371496245265,
      0.013702246360480785,
      0.013872982934117317,
      0.013508664444088936,
      0.013688178732991219,
      0.013211318291723728,
      0.013739815913140774,
      0.012906976044178009,
      0.013162701390683651,
      0.013110950589179993,
      0.012885498814284801,
      0.012993228621780872,
      0.012925060465931892,
      0.013354402035474777,
      0.013180861249566078,
      0.013208890333771706,
      0.012851333245635033,
      0.011913023889064789,
      0.012271911837160587,
      0.012432603165507317,
      0.013181380927562714,
      0.012633170932531357,
      0.012687400914728642,
      0.012134527787566185,
      0.014069567434489727,
      0.012503840029239655,
      0.012537132017314434,
      0.01306948158890009,
      0.01237214170396328,
      0.01356473844498396,
      0.012093055993318558,
      0.013262787833809853,
      0.013438338413834572,
      0.012113206088542938,
      0.013094225898385048,
      0.012992730364203453,
      0.013287081383168697,
      0.011873639188706875,
      0.011866352520883083,
      0.012630977667868137,
      0.012686656787991524,
      0.013278888538479805,
      0.012660397216677666,
      0.011892205104231834,
      0.012366028502583504,
      0.01299846637994051,
      0.0125224394723773,
      0.012918297201395035,
      0.012028968892991543,
      0.01158214919269085,
      0.01332673616707325,
      0.012606488540768623,
      0.012282531708478928,
      0.011608841829001904,
      0.01257329061627388,
      0.013072041794657707,
      0.013141283765435219,
      0.012660796754062176,
      0.01216757483780384,
      0.012408863753080368,
      0.012788734398782253,
      0.012284401804208755,
      0.012856942601501942,
      0.012102527543902397,
      0.012786494567990303,
      0.013109656050801277,
      0.012314616702497005,
      0.012006689794361591,
      0.012265762314200401,
      0.012682209722697735,
      0.01217164658010006,
      0.011051838286221027,
      0.012554322369396687,
      0.012563868425786495,
      0.012227417901158333,
      0.012269427068531513,
      0.0122158732265234,
      0.012636085040867329,
      0.011182754300534725,
      0.012269364669919014,
      0.0116649828851223,
      0.012252602726221085,
      0.01181955449283123,
      0.012387646362185478,
      0.012474835850298405,
      0.011480063199996948,
      0.01250673271715641,
      0.011486237868666649,
      0.012197915464639664,
      0.011368843726813793,
      0.011189338751137257,
      0.01314928475767374,
      0.01227153092622757,
      0.012424864806234837,
      0.013626199215650558,
      0.012455496937036514,
      0.011862180195748806,
      0.013035891577601433,
      0.01162752602249384,
      0.011920737102627754,
      0.01250139158219099,
      0.011389164254069328,
      0.013068401254713535,
      0.012269889935851097,
      0.011554641649127007,
      0.011637872084975243,
      0.011911080218851566,
      0.011980320326983929,
      0.01161627471446991,
      0.011695207096636295,
      0.012077895924448967,
      0.011708338744938374,
      0.011625404469668865,
      0.01203756034374237,
      0.011458083055913448,
      0.011354542337357998,
      0.01124415174126625,
      0.011809352785348892,
      0.012208162806928158,
      0.012267491780221462,
      0.01171040814369917,
      0.011221039108932018,
      0.011935912072658539,
      0.012166664004325867,
      0.010687572881579399,
      0.011065054684877396,
      0.012837969698011875,
      0.012248160317540169,
      0.011023946106433868,
      0.011760146357119083,
      0.012076226063072681,
      0.01148204691708088,
      0.011752834543585777,
      0.011076354421675205,
      0.011782635934650898,
      0.011499465443193913,
      0.01121983677148819,
      0.012071196921169758,
      0.011455768719315529,
      0.010920570231974125,
      0.010890757665038109,
      0.011468510143458843,
      0.011687396094202995,
      0.011190124787390232,
      0.011142424307763577,
      0.011653423309326172,
      0.012512680143117905,
      0.01221552025526762,
      0.010295235551893711,
      0.011072520166635513,
      0.010708712972700596,
      0.01170372124761343,
      0.012549815699458122,
      0.012517444789409637,
      0.011493107303977013,
      0.01098095066845417,
      0.010312758386135101,
      0.011386586353182793,
      0.01081341877579689,
      0.012268253602087498,
      0.011452668346464634,
      0.011474015191197395,
      0.011137080378830433,
      0.011375672183930874,
      0.010134623385965824,
      0.011559566482901573,
      0.010915355756878853,
      0.012091636657714844,
      0.011354248970746994,
      0.010545889846980572,
      0.010995330289006233,
      0.011736317537724972,
      0.012031707912683487,
      0.011118664406239986,
      0.011341274715960026,
      0.010534112341701984,
      0.01158851571381092,
      0.012539656832814217,
      0.011322716251015663,
      0.011807559989392757,
      0.01131092756986618,
      0.01072382740676403,
      0.009851592592895031,
      0.011505854316055775,
      0.010509068146348,
      0.011272628791630268,
      0.01024069543927908,
      0.010702557861804962,
      0.010917012579739094,
