{
   "number_epochs": 300,
   "info_used": "use imputation",
   "perc_full_data": 0.3,
   "n_epochs_no_selection": 0,
   "Frequency % cutoff": 0.3,
   "hidden_size": 32,
   "random_state": 13,
   "train_errors": [
      0.05958752706646919,
      0.05701032653450966,
      0.05567486956715584,
      0.054459523409605026,
      0.05463015288114548,
      0.052384257316589355,
      0.05094588175415993,
      0.050035398453474045,
      0.0476352795958519,
      0.046647779643535614,
      0.04445336386561394,
      0.04309016093611717,
      0.040255192667245865,
      0.03775671869516373,
      0.03488250449299812,
      0.03378317505121231,
      0.03168214112520218,
      0.030365275219082832,
      0.029481444507837296,
      0.02788185141980648,
      0.02553686499595642,
      0.02554735541343689,
      0.024305090308189392,
      0.025298094376921654,
      0.024303900077939034,
      0.02436668425798416,
      0.024071259424090385,
      0.021131422370672226,
      0.02131812833249569,
      0.02136385254561901,
      0.0207769013941288,
      0.021264923736453056,
      0.02032681554555893,
      0.02004169672727585,
      0.019315844401717186,
      0.018437303602695465,
      0.018348921090364456,
      0.018606340512633324,
      0.018435396254062653,
      0.019648004323244095,
      0.01819140836596489,
      0.01763729564845562,
      0.016936900094151497,
      0.017620928585529327,
      0.016701623797416687,
      0.017108263447880745,
      0.01599632389843464,
      0.016362687572836876,
      0.01551402360200882,
      0.015857895836234093,
      0.016629423946142197,
      0.016220109537243843,
      0.01525914017111063,
      0.014848175458610058,
      0.014797737821936607,
      0.01575862430036068,
      0.014149291440844536,
      0.014127684757113457,
      0.014431960880756378,
      0.013460475951433182,
      0.013544591143727303,
      0.01309770904481411,
      0.013771342113614082,
      0.013857551850378513,
      0.013402159325778484,
      0.014463654719293118,
      0.013040099292993546,
      0.014224247075617313,
      0.01434352993965149,
      0.013091892935335636,
      0.012517867609858513,
      0.012791152112185955,
      0.012686507776379585,
      0.01256701722741127,
      0.012519669719040394,
      0.01403734926134348,
      0.012866421602666378,
      0.012188859283924103,
      0.012311400845646858,
      0.011407955549657345,
      0.012378761544823647,
      0.012776920571923256,
      0.014408698305487633,
      0.012611324898898602,
      0.011600105091929436,
      0.010151127353310585,
      0.012878634966909885,
      0.012906687334179878,
      0.011670639738440514,
      0.011980686336755753,
      0.01193381566554308,
      0.011943354271352291,
      0.011364937759935856,
      0.011848803609609604,
      0.012115273624658585,
      0.011632168665528297,
      0.012042039074003696,
      0.011719848960638046,
      0.011610814370214939,
      0.010767661035060883,
      0.012649578973650932,
      0.01171385683119297,
      0.012253273278474808,
      0.012295207008719444,
      0.012166268192231655,
      0.01155353244394064,
      0.012033116072416306,
      0.0113226268440485,
      0.01151761319488287,
      0.01134269405156374,
      0.011500496417284012,
      0.011098036542534828,
      0.0122681874781847,
      0.011406430043280125,
      0.010601908899843693,
      0.011400970630347729,
      0.011094723828136921,
      0.01133063156157732,
      0.012571342289447784,
      0.01102251373231411,
      0.011389161460101604,
      0.010684332810342312,
      0.010479145683348179,
      0.011793226934969425,
      0.010623461566865444,
      0.010795355774462223,
      0.010198156349360943,
      0.01067354530096054,
      0.010996670462191105,
      0.01195661909878254,
      0.0111306793987751,
      0.011543488129973412,
      0.011213893070816994,
      0.011223995126783848,
      0.011133571155369282,
      0.010855408385396004,
      0.011144772171974182,
      0.010377280414104462,
      0.010610426776111126,
      0.011546208523213863,
      0.010297668166458607,
      0.010169417597353458,
      0.00925146322697401,
      0.010340834967792034,
      0.011077743954956532,
      0.011402102187275887,
      0.010839375667273998,
      0.010928505100309849,
      0.009269406087696552,
      0.010378750041127205,
      0.010990465991199017,
      0.010358036495745182,
      0.010367095470428467,
      0.010873115621507168,
      0.010579215362668037,
      0.011177039705216885,
      0.010750818997621536,
      0.010203900747001171,
      0.01054600439965725,
      0.00982737448066473,
      0.011138621717691422,
      0.01011426467448473,
      0.009777039289474487,
      0.00969268660992384,
      0.011332112364470959,
      0.010500381700694561,
      0.010477935895323753,
      0.010268633253872395,
      0.010663703083992004,
      0.01107868179678917,
      0.010830945335328579,
      0.010345016606152058,
      0.010721775703132153,
      0.010285082273185253,
      0.01118058804422617,
      0.0120852654799819,
      0.010109465569257736,
      0.009886412881314754,
      0.01005163136869669,
      0.010645321570336819,
      0.010444862768054008,
      0.011624752543866634,
      0.010771816596388817,
      0.011125319637358189,
      0.010484429076313972,
      0.011423798277974129,
      0.01114178728312254,
      0.010222361423075199,
      0.009656245820224285,
      0.01066327653825283,
      0.010153776034712791,
      0.009322513826191425,
      0.009622647427022457,
      0.010284065268933773,
      0.010346431285142899,
      0.00985384825617075,
      0.011374172754585743,
      0.011230862699449062,
      0.01039546262472868,
      0.009718280285596848,
      0.010048248805105686,
      0.009985890239477158,
      0.009688526391983032,
      0.01051199622452259,
      0.010579765774309635,
      0.010221549309790134,
      0.010082153603434563,
      0.009886478073894978,
      0.010647188872098923,
      0.011357867158949375,
      0.010800574906170368,
      0.010227635502815247,
      0.009517481550574303,
      0.010169204324483871,
      0.009337828494608402,
      0.009851664304733276,
      0.011112689971923828,
      0.01013666857033968,
      0.010427040047943592,
      0.010806160978972912,
      0.010670947842299938,
      0.010709719732403755,
      0.010437008924782276,
      0.010000455193221569,
      0.009855857118964195,
      0.010467852465808392,
      0.010036145336925983,
      0.009987478144466877,
      0.010347438044846058,
      0.009792119264602661,
      0.00959098618477583,
      0.010699906386435032,
      0.010343805886805058,
      0.009648390114307404,
      0.009987547993659973,
      0.010357947088778019,
      0.010476512834429741,
      0.01054476946592331,
      0.010127311572432518,
      0.01086384616792202,
      0.009885851293802261,
      0.01059967465698719,
      0.010142168030142784,
      0.009260492399334908,
      0.009776518680155277,
      0.01008874922990799,
      0.009987201541662216,
      0.009766765870153904,
      0.009904435835778713,
      0.009965140372514725,
      0.009843968786299229,
      0.009913777932524681,
      0.010092124342918396,
      0.010765002109110355,
      0.011047203093767166,
      0.009861432947218418,
      0.010668635368347168,
      0.009680823422968388,
      0.010218290612101555,
      0.009808039292693138,
      0.009171193465590477,
      0.010339153930544853,
      0.010955424048006535,
      0.009681178256869316,
      0.01014804095029831,
      0.010519642382860184,
      0.010006201453506947,
      0.009847001172602177,
      0.010470259934663773,
      0.009289799258112907,
      0.010199891403317451,
      0.009489882737398148,
      0.010075016878545284,
      0.008561656810343266,
      0.008946210145950317,
      0.009153258986771107,
      0.009415526874363422,
      0.009549779817461967,
      0.00936772208660841,
      0.009325752034783363,
