{
   "number_epochs": 300,
   "info_used": "use imputation",
   "perc_full_data": 0.3,
   "n_epochs_no_selection": 0,
   "Frequency % cutoff": 0.3,
   "hidden_size": 32,
   "random_state": 6,
   "train_errors": [
      0.0742286741733551,
      0.06343299150466919,
      0.05636265128850937,
      0.05459548532962799,
      0.05422569066286087,
      0.05298430100083351,
      0.05037713050842285,
      0.04794250801205635,
      0.04607725143432617,
      0.04270317032933235,
      0.042002804577350616,
      0.039184000343084335,
      0.038353223353624344,
      0.034871045500040054,
      0.034766606986522675,
      0.032488979399204254,
      0.030871301889419556,
      0.02893480844795704,
      0.02709870971739292,
      0.02572881430387497,
      0.025116918608546257,
      0.023635292425751686,
      0.023146547377109528,
      0.020209459587931633,
      0.0195888951420784,
      0.018608635291457176,
      0.018641050904989243,
      0.017636461183428764,
      0.016804730519652367,
      0.01593950018286705,
      0.0164116732776165,
      0.015338512137532234,
      0.01383307296782732,
      0.01590375043451786,
      0.014995972625911236,
      0.014689280651509762,
      0.013768513686954975,
      0.014623944647610188,
      0.013874800875782967,
      0.012439435347914696,
      0.012971744872629642,
      0.012246358208358288,
      0.01275794580578804,
      0.012665551155805588,
      0.012337738648056984,
      0.013021727092564106,
      0.012403681874275208,
      0.012637749314308167,
      0.012510734610259533,
      0.013140324503183365,
      0.012155142612755299,
      0.012071089819073677,
      0.011561690829694271,
      0.011834509670734406,
      0.012681832537055016,
      0.011616083793342113,
      0.012144331820309162,
      0.01124163530766964,
      0.0102516645565629,
      0.010988788679242134,
      0.01109129749238491,
      0.010902537032961845,
      0.010107510723173618,
      0.010777325369417667,
      0.01093297079205513,
      0.01019287295639515,
      0.009627488441765308,
      0.010837703011929989,
      0.010389940813183784,
      0.009989909827709198,
      0.010142462328076363,
      0.010724666528403759,
      0.009906168095767498,
      0.009816450998187065,
      0.009907115250825882,
      0.00971140805631876,
      0.008833199739456177,
      0.009314430877566338,
      0.009542551822960377,
      0.008947380818426609,
      0.009774748235940933,
      0.008209134452044964,
      0.009294683113694191,
      0.00895924586802721,
      0.008064028806984425,
      0.009115933440625668,
      0.008494907990098,
      0.007898394949734211,
      0.00849341694265604,
      0.008920956403017044,
      0.00919431447982788,
      0.008625149726867676,
      0.007951038889586926,
      0.009463312104344368,
      0.008672391064465046,
      0.007864748127758503,
      0.007864821702241898,
      0.008252168074250221,
      0.007853888906538486,
      0.00828291941434145,
      0.008311973884701729,
      0.007125285919755697,
      0.0081543093547225,
      0.007277353201061487,
      0.0070430138148367405,
      0.00801208894699812,
      0.008141599595546722,
      0.008034411817789078,
      0.008917939849197865,
      0.007768142502754927,
      0.007652561645954847,
      0.008009370416402817,
      0.008157317526638508,
      0.008152129128575325,
      0.007748693227767944,
      0.007601802237331867,
      0.008264895528554916,
      0.00723855197429657,
      0.007804248481988907,
      0.0076390537433326244,
      0.007608199957758188,
      0.008071504533290863,
      0.007486584130674601,
      0.007467341143637896,
      0.007857964374125004,
      0.008257634937763214,
      0.008125239983201027,
      0.008074154146015644,
      0.008068986237049103,
      0.007003416307270527,
      0.007439850363880396,
      0.008144982159137726,
      0.0072835879400372505,
      0.006282157730311155,
      0.0077070496045053005,
      0.006676158867776394,
      0.006714018061757088,
      0.007563373539596796,
      0.006646737456321716,
      0.006928769405931234,
      0.006980917416512966,
      0.006374192889779806,
      0.007146227173507214,
      0.006851960904896259,
      0.00688828993588686,
      0.006644567474722862,
      0.0071600996889173985,
      0.007369900122284889,
      0.006797973066568375,
      0.007573658600449562,
      0.00778960669413209,
      0.006882671732455492,
      0.006732244975864887,
      0.006263640709221363,
      0.006932235322892666,
      0.00704953633248806,
      0.007229269482195377,
      0.0067556933499872684,
      0.0070601957850158215,
      0.0068329330533742905,
      0.006958795245736837,
      0.006880617700517178,
      0.006137195974588394,
      0.007435607258230448,
      0.00687055941671133,
      0.006763847079128027,
      0.007753934245556593,
      0.006626863032579422,
      0.00713008176535368,
      0.006802134215831757,
      0.006931654177606106,
      0.007109594997018576,
      0.006877509877085686,
      0.006506685167551041,
      0.006969480775296688,
      0.007423416245728731,
      0.0068406155332922935,
      0.007066051941365004,
      0.006850709207355976,
      0.00592168839648366,
      0.0062964013777673244,
      0.006321260239928961,
      0.006159031298011541,
      0.0064612640999257565,
      0.006409740541130304,
      0.006627216003835201,
      0.006253342144191265,
      0.006844745017588139,
      0.00628965999931097,
      0.005984525196254253,
      0.006612159311771393,
      0.007201008033007383,
      0.0070459479466080666,
      0.006269362755119801,
      0.00678542535752058,
      0.005909374449402094,
      0.006720826495438814,
      0.006787498015910387,
      0.006234123837202787,
      0.006247730925679207,
      0.006108444649726152,
      0.00697897095233202,
      0.006625791545957327,
      0.006641849875450134,
      0.0058719925582408905,
      0.006351130083203316,
      0.006287686061114073,
      0.006480502430349588,
      0.006279817316681147,
      0.0067528835497796535,
      0.006293344311416149,
      0.0072705987840890884,
      0.006212314590811729,
      0.006422756239771843,
      0.006489298306405544,
      0.006036389619112015,
      0.006187393330037594,
      0.005488790106028318,
      0.005860690493136644,
      0.006265863310545683,
      0.006483493372797966,
      0.006861627101898193,
      0.00589308375492692,
      0.006343233399093151,
      0.006012823432683945,
      0.006116018630564213,
      0.005960122682154179,
      0.005699909757822752,
      0.006108480505645275,
      0.007318622432649136,
      0.0060768877156078815,
      0.005801994353532791,
      0.006182161625474691,
      0.00585247203707695,
      0.006229390390217304,
      0.006240218877792358,
      0.006348518189042807,
      0.005658012814819813,
      0.006131654605269432,
      0.005951547529548407,
      0.00613082479685545,
      0.005759639665484428,
      0.006163683254271746,
      0.005822992417961359,
      0.00548894889652729,
      0.007086636032909155,
      0.0061720903031528,
      0.0064341966062784195,
      0.006073432508856058,
      0.0065986961126327515,
      0.005868115928024054,
      0.005512740928679705,
      0.006221373099833727,
      0.006772978231310844,
      0.005750078707933426,
      0.005696101579815149,
      0.0058068158105015755,
      0.005945547018200159,
      0.005985693074762821,
      0.005839035380631685,
      0.005553058814257383,
      0.005619087256491184,
      0.0059121050871908665,
      0.0064730471931397915,
      0.005647262558341026,
      0.005914794281125069,
      0.0065372237004339695,
      0.005923771299421787,
      0.006315631791949272,
      0.006285866256803274,
      0.005883296485990286,
      0.005345508456230164,
      0.006561279762536287,
      0.006970968563109636,
      0.00545782083645463,
      0.00634118914604187,
      0.005248576868325472,
      0.0058223349042236805,
      0.005513565614819527,
