{
   "number_epochs": 300,
   "info_used": "use imputation",
   "perc_full_data": 0.3,
   "n_epochs_no_selection": 0,
   "Frequency % cutoff": 0.3,
   "hidden_size": 32,
   "random_state": 7,
   "train_errors": [
      0.06949833780527115,
      0.06140235438942909,
      0.05476308986544609,
      0.050863176584243774,
      0.049627698957920074,
      0.04916457086801529,
      0.048033710569143295,
      0.047421373426914215,
      0.04570310562849045,
      0.04437272995710373,
      0.04263729974627495,
      0.04097327962517738,
      0.039734821766614914,
      0.03847856819629669,
      0.038060497492551804,
      0.034917328506708145,
      0.03419828414916992,
      0.032985590398311615,
      0.030908998101949692,
      0.03013010509312153,
      0.028039757162332535,
      0.028328577056527138,
      0.026451287791132927,
      0.025695497170090675,
      0.0237882062792778,
      0.02400888130068779,
      0.02298501506447792,
      0.02237522229552269,
      0.022119486704468727,
      0.02292742393910885,
      0.02225935459136963,
      0.021984031423926353,
      0.020868461579084396,
      0.021303527057170868,
      0.020420663058757782,
      0.02069295383989811,
      0.0204539205878973,
      0.02165074273943901,
      0.020398125052452087,
      0.02134193480014801,
      0.020068559795618057,
      0.020116476342082024,
      0.01988704688847065,
      0.019244028255343437,
      0.019431542605161667,
      0.019514184445142746,
      0.01861683838069439,
      0.0174354650080204,
      0.0180861484259367,
      0.018460586667060852,
      0.01745687797665596,
      0.017230112105607986,
      0.01589677669107914,
      0.016905147582292557,
      0.016434071585536003,
      0.01579737849533558,
      0.01635531708598137,
      0.015714125707745552,
      0.016096308827400208,
      0.016723670065402985,
      0.017288003116846085,
      0.016090329736471176,
      0.016019364818930626,
      0.01565692387521267,
      0.01464005932211876,
      0.014706973917782307,
      0.014110846444964409,
      0.015184462070465088,
      0.01469622366130352,
      0.01398375816643238,
      0.014387995935976505,
      0.01434924453496933,
      0.013123839162290096,
      0.01396598108112812,
      0.013311080634593964,
      0.012457710690796375,
      0.012281294912099838,
      0.013435359112918377,
      0.013062626123428345,
      0.013436172157526016,
      0.011625479906797409,
      0.013238525949418545,
      0.012947655282914639,
      0.013231098651885986,
      0.014079376123845577,
      0.012570487335324287,
      0.010914799757301807,
      0.012572815641760826,
      0.013388117775321007,
      0.013271470554172993,
      0.01211144682019949,
      0.012006997130811214,
      0.011279908008873463,
      0.011407616548240185,
      0.011402362957596779,
      0.012188171967864037,
      0.011981052346527576,
      0.01180051825940609,
      0.011193309910595417,
      0.011895199306309223,
      0.011198699474334717,
      0.010365914553403854,
      0.011082107201218605,
      0.012110523879528046,
      0.011026976630091667,
      0.010944600217044353,
      0.012179040350019932,
      0.01138259842991829,
      0.01162200141698122,
      0.01208581030368805,
      0.01018495112657547,
      0.011192286387085915,
      0.011118394322693348,
      0.012039917521178722,
      0.011119662784039974,
      0.010430615395307541,
      0.011260989122092724,
      0.012400421313941479,
      0.012189989909529686,
      0.010309014469385147,
      0.010240158066153526,
      0.01157130766659975,
      0.010878151282668114,
      0.010977908968925476,
      0.010340756736695766,
      0.01048238668590784,
      0.009733582846820354,
      0.011082274839282036,
      0.010368424467742443,
      0.009714869782328606,
      0.010471688583493233,
      0.00987890362739563,
      0.01005980558693409,
      0.010146844200789928,
      0.009491737000644207,
      0.011432062834501266,
      0.009952395223081112,
      0.010041343048214912,
      0.009308046661317348,
      0.010030561126768589,
      0.009807185269892216,
      0.009608116932213306,
      0.009798704646527767,
      0.01081263367086649,
      0.011862969025969505,
      0.010595409199595451,
      0.009718247689306736,
      0.009229372255504131,
      0.009143260307610035,
      0.010031637735664845,
      0.010539622977375984,
      0.009792515076696873,
      0.011707461439073086,
      0.010210520587861538,
      0.009915780276060104,
      0.0099182752892375,
      0.009948115795850754,
      0.00978551059961319,
      0.009882775135338306,
      0.009446798823773861,
      0.009220289997756481,
      0.009487212635576725,
      0.009701739996671677,
      0.011017914861440659,
      0.010144765488803387,
      0.009535380639135838,
      0.0107139702886343,
      0.009129430167376995,
      0.010229910723865032,
      0.00959073007106781,
      0.010886112228035927,
      0.009458561427891254,
      0.009865432977676392,
      0.0098421024158597,
      0.009589525870978832,
      0.010777141898870468,
      0.010610653087496758,
      0.01023648027330637,
      0.009389925748109818,
      0.00932981912046671,
      0.00906193908303976,
      0.008696379140019417,
      0.010573216713964939,
      0.009086602367460728,
      0.008753708563745022,
      0.00852985493838787,
      0.00856813509017229,
      0.01002929825335741,
      0.009462648071348667,
      0.008347018621861935,
      0.009412470273673534,
      0.00911507848650217,
      0.010337714105844498,
      0.00899819377809763,
      0.009442717768251896,
      0.009388533420860767,
      0.00996399950236082,
      0.009910473600029945,
      0.008454139344394207,
      0.00938618928194046,
      0.010138560086488724,
      0.009035449475049973,
      0.009175634942948818,
      0.00796470232307911,
      0.009641945362091064,
      0.009714460000395775,
      0.0102316252887249,
      0.010439584031701088,
      0.008869506418704987,
      0.008411271497607231,
      0.00931592658162117,
      0.008480249904096127,
      0.009306303225457668,
      0.009802612476050854,
      0.00983770377933979,
      0.007865747436881065,
      0.00818741787225008,
      0.008861817419528961,
      0.008566099219024181,
      0.00888025388121605,
      0.008996146731078625,
      0.008838613517582417,
      0.009325619786977768,
      0.00857988279312849,
      0.008034519851207733,
      0.008591987192630768,
      0.010473026894032955,
      0.00937644299119711,
      0.008811247535049915,
      0.009026626124978065,
      0.008909623138606548,
      0.0090620256960392,
      0.008871176280081272,
      0.008158592507243156,
      0.007963518612086773,
      0.008680847473442554,
      0.009309384040534496,
      0.009489249438047409,
      0.011154521256685257,
      0.009847033768892288,
      0.00895501859486103,
      0.008308582939207554,
      0.008833874948322773,
      0.008078633807599545,
      0.008648170158267021,
      0.009738641791045666,
      0.008146831765770912,
      0.008464204147458076,
      0.009357993490993977,
      0.009151916950941086,
      0.008895039558410645,
      0.008937472477555275,
      0.009227930568158627,
      0.008222948759794235,
      0.009662965312600136,
      0.009165785275399685,
      0.008714862167835236,
      0.009550089947879314,
      0.008356932550668716,
      0.008780940435826778,
      0.009064101614058018,
      0.00891981739550829,
      0.008856691420078278,
      0.008664886467158794,
      0.009028629399836063,
      0.009763946756720543,
      0.008970707654953003,
      0.009410539641976357,
      0.008593602105975151,
      0.008551855571568012,
      0.009467299096286297,
      0.008519588969647884,
      0.008492203429341316,
      0.008822829462587833,
      0.009145870804786682,
      0.008382781408727169,
      0.008243286982178688,
      0.008783699944615364,
      0.008510399609804153,
      0.00861592311412096,
      0.008805323392152786,
