{
   "number_epochs": 300,
   "info_used": "use imputation",
   "perc_full_data": 0.3,
   "n_epochs_no_selection": 0,
   "Frequency % cutoff": 0.3,
   "hidden_size": 32,
   "random_state": 0,
   "train_errors": [
      0.05727313086390495,
      0.05380206182599068,
      0.051260072737932205,
      0.05149815231561661,
      0.050117380917072296,
      0.049045201390981674,
      0.04841476306319237,
      0.04646439105272293,
      0.04539559781551361,
      0.04463531821966171,
      0.04322967678308487,
      0.041386187076568604,
      0.040636368095874786,
      0.038259197026491165,
      0.036354582756757736,
      0.034344401210546494,
      0.03243130445480347,
      0.03126334771513939,
      0.028809310868382454,
      0.02720588631927967,
      0.0259805116802454,
      0.023676138371229172,
      0.022907180711627007,
      0.02206401154398918,
      0.020157309249043465,
      0.02018304169178009,
      0.020612837746739388,
      0.018637308850884438,
      0.01952280104160309,
      0.018641851842403412,
      0.01973787136375904,
      0.018587030470371246,
      0.018197165802121162,
      0.01806393638253212,
      0.017212657257914543,
      0.016665427014231682,
      0.017029128968715668,
      0.016033537685871124,
      0.015804540365934372,
      0.015237621031701565,
      0.015503926202654839,
      0.015305999666452408,
      0.01458094920963049,
      0.01417666207998991,
      0.014441166073083878,
      0.01458516251295805,
      0.013444694690406322,
      0.013900905847549438,
      0.013856452889740467,
      0.012793319299817085,
      0.01336978841573,
      0.012443222105503082,
      0.012737957760691643,
      0.012161506339907646,
      0.012480594217777252,
      0.011768607422709465,
      0.011803845874965191,
      0.011995242908596992,
      0.012614204548299313,
      0.012346507981419563,
      0.012041798792779446,
      0.010492946952581406,
      0.012103112414479256,
      0.01065011229366064,
      0.010640864260494709,
      0.011454369872808456,
      0.010401538573205471,
      0.011634358204901218,
      0.011196251027286053,
      0.010694115422666073,
      0.010152475908398628,
      0.010790604166686535,
      0.011139284819364548,
      0.011035891249775887,
      0.010921246372163296,
      0.009879172779619694,
      0.010581106878817081,
      0.01019885390996933,
      0.010576210916042328,
      0.009966224431991577,
      0.009046528488397598,
      0.009441107511520386,
      0.009163097478449345,
      0.010056648403406143,
      0.009563293308019638,
      0.010215004906058311,
      0.01040164940059185,
      0.009577197022736073,
      0.009521025232970715,
      0.009663253091275692,
      0.010036453604698181,
      0.009402275085449219,
      0.010275984182953835,
      0.009745854884386063,
      0.00953824631869793,
      0.00873778946697712,
      0.00943834986537695,
      0.009519700892269611,
      0.009619875811040401,
      0.009203314781188965,
      0.009864985942840576,
      0.009049967862665653,
      0.009429859928786755,
      0.010380751453340054,
      0.009414244443178177,
      0.008771637454628944,
      0.009441147558391094,
      0.010115803219377995,
      0.008783400990068913,
      0.010038941167294979,
      0.008707846514880657,
      0.00992011558264494,
      0.00812779925763607,
      0.00946316123008728,
      0.008614501915872097,
      0.008952857926487923,
      0.00994824804365635,
      0.009668627753853798,
      0.008823706768453121,
      0.00872410275042057,
      0.00863084476441145,
      0.009149325080215931,
      0.009153121151030064,
      0.009170054458081722,
      0.008688918314874172,
      0.00913829356431961,
      0.00942099466919899,
      0.008760983124375343,
      0.00827445276081562,
      0.009274635463953018,
      0.008317301981151104,
      0.00915128830820322,
      0.008537468500435352,
      0.007917898707091808,
      0.008239373564720154,
      0.008089439943432808,
      0.00798330269753933,
      0.008546857163310051,
      0.009328552521765232,
      0.009505389258265495,
      0.009035896509885788,
      0.009934956207871437,
      0.008508875034749508,
      0.008753298781812191,
      0.008808509446680546,
      0.008781916461884975,
      0.00886386726051569,
      0.008056523278355598,
      0.008867552503943443,
      0.008650844916701317,
      0.008903167210519314,
      0.008813458494842052,
      0.008012193255126476,
      0.00896398350596428,
      0.009533455595374107,
      0.009180554188787937,
      0.00878487154841423,
      0.008646175265312195,
      0.00893479771912098,
      0.008060067892074585,
      0.008615490049123764,
      0.008485975675284863,
      0.008542115800082684,
      0.008392231538891792,
      0.008300324901938438,
      0.008474351838231087,
      0.00868355855345726,
      0.008741321042180061,
      0.008942321874201298,
      0.008777370676398277,
      0.007680200971662998,
      0.008192135952413082,
      0.008301937952637672,
      0.008564154617488384,
      0.008473184891045094,
      0.008245955221354961,
      0.008315724320709705,
      0.008594435639679432,
      0.008762169629335403,
      0.008566325530409813,
      0.008366953581571579,
      0.008637797087430954,
      0.009511815384030342,
      0.008381943218410015,
      0.00832628645002842,
      0.007796404417604208,
      0.008081200532615185,
      0.007767786737531424,
      0.008979140780866146,
      0.008493708446621895,
      0.008622794412076473,
      0.008441006764769554,
      0.00943745393306017,
      0.008247033692896366,
      0.008371299132704735,
      0.007698957342654467,
      0.008022303692996502,
      0.008302601985633373,
      0.007675506640225649,
      0.007508920039981604,
      0.007993689738214016,
      0.008462932892143726,
      0.008844319730997086,
      0.009269543923437595,
      0.0088608143851161,
      0.008766526356339455,
      0.008134238421916962,
      0.007685653865337372,
      0.00739935040473938,
      0.008707650005817413,
      0.008732757531106472,
      0.008239169605076313,
      0.008322138339281082,
      0.0073972600512206554,
      0.00848716776818037,
      0.007915690541267395,
      0.007620441727340221,
      0.008017748594284058,
      0.00791874062269926,
      0.008002418093383312,
      0.007553454022854567,
      0.007685564458370209,
      0.007706583011895418,
      0.007701844908297062,
      0.007596517913043499,
      0.008006158284842968,
      0.0081351138651371,
      0.008434765972197056,
      0.008306510746479034,
      0.007413436193019152,
      0.007258129306137562,
      0.008736682124435902,
      0.007106384262442589,
      0.007300275843590498,
      0.007269544526934624,
      0.007575784809887409,
      0.008220498450100422,
      0.008860419504344463,
      0.008165070787072182,
      0.007608105894178152,
      0.007446669042110443,
      0.007806866895407438,
      0.007389852777123451,
      0.008280713111162186,
      0.008487960323691368,
      0.00828290730714798,
      0.00740392878651619,
      0.0076354010961949825,
      0.008189160376787186,
      0.007913293316960335,
      0.007596488576382399,
      0.00785951130092144,
      0.007734631188213825,
      0.007382968906313181,
      0.007664972450584173,
      0.008401749655604362,
      0.007400801405310631,
      0.007829802110791206,
      0.007583289872854948,
      0.0075239939615130424,
      0.007706821896135807,
      0.007401172071695328,
      0.007954033091664314,
      0.008050556294620037,
      0.008064712397754192,
      0.007872012443840504,
      0.008131195791065693,
      0.0073188417591154575,
      0.008424868807196617,
      0.008338285610079765,
      0.008406815119087696,
      0.0078879464417696,
      0.007716100197285414,
      0.00783283170312643,
      0.007159429136663675,
      0.007191098760813475,
      0.006918562576174736,
      0.008275313302874565,
      0.007578893098980188,
      0.007211674936115742,
