{
   "number_epochs": 300,
   "info_used": "use imputation",
   "perc_full_data": 0.3,
   "n_epochs_no_selection": 0,
   "Frequency % cutoff": 0.3,
   "hidden_size": 32,
   "random_state": 10,
   "train_errors": [
      0.042906101793050766,
      0.041562601923942566,
      0.04097859561443329,
      0.040066562592983246,
      0.039096370339393616,
      0.03857075795531273,
      0.03816214203834534,
      0.03704247623682022,
      0.03588244318962097,
      0.03427433222532272,
      0.03271739184856415,
      0.03232454136013985,
      0.031104067340493202,
      0.030155710875988007,
      0.028297167271375656,
      0.027145925909280777,
      0.026430245488882065,
      0.025224821642041206,
      0.02550653927028179,
      0.023399604484438896,
      0.023125216364860535,
      0.023231081664562225,
      0.022453928366303444,
      0.021869240328669548,
      0.021545257419347763,
      0.021239975467324257,
      0.020275667309761047,
      0.019512003287672997,
      0.01954423449933529,
      0.019708948209881783,
      0.018426857888698578,
      0.018827034160494804,
      0.01785597763955593,
      0.018961753696203232,
      0.018775824457406998,
      0.018554052338004112,
      0.017834138125181198,
      0.018598057329654694,
      0.017442582175135612,
      0.018434789031744003,
      0.016700703650712967,
      0.016568243503570557,
      0.016281966120004654,
      0.015643363818526268,
      0.01577024720609188,
      0.016278700903058052,
      0.016317550092935562,
      0.015671204775571823,
      0.014914058148860931,
      0.014766392298042774,
      0.015865538269281387,
      0.014431407675147057,
      0.015261524356901646,
      0.01483353041112423,
      0.014831434935331345,
      0.014280728064477444,
      0.013699221424758434,
      0.014716175384819508,
      0.013503016903996468,
      0.012506144121289253,
      0.013025117106735706,
      0.013873466290533543,
      0.013362407684326172,
      0.012360271997749805,
      0.012250564061105251,
      0.012318278662860394,
      0.013161707669496536,
      0.01195081602782011,
      0.013010790571570396,
      0.013014686293900013,
      0.013229984790086746,
      0.013125400990247726,
      0.011470679193735123,
      0.01311460230499506,
      0.013136112131178379,
      0.013088775798678398,
      0.01241739559918642,
      0.012599783949553967,
      0.012851723469793797,
      0.0120029142126441,
      0.012704892084002495,
      0.013238942250609398,
      0.012345814146101475,
      0.012657180428504944,
      0.012546490877866745,
      0.01160502526909113,
      0.012781615369021893,
      0.011826708912849426,
      0.011982733383774757,
      0.012301051989197731,
      0.011428921483457088,
      0.011693603359162807,
      0.012643084861338139,
      0.012459388934075832,
      0.01200335193425417,
      0.011517365463078022,
      0.011757937259972095,
      0.011947794817388058,
      0.011922516860067844,
      0.012660370208323002,
      0.012616101652383804,
      0.011625112034380436,
      0.012038753367960453,
      0.012298885732889175,
      0.010968933813273907,
      0.0123986154794693,
      0.011143173091113567,
      0.011397549882531166,
      0.011228220537304878,
      0.011486168019473553,
      0.01228234451264143,
      0.011474614031612873,
      0.012196989730000496,
      0.01189307402819395,
      0.012198924086987972,
      0.01084442250430584,
      0.011467399075627327,
      0.012016470544040203,
      0.011865214444696903,
      0.011540316976606846,
      0.011744430288672447,
      0.011992182582616806,
      0.011327645741403103,
      0.011119550094008446,
      0.012069682590663433,
      0.011157847009599209,
      0.012285389006137848,
      0.010627875104546547,
      0.010734722949564457,
      0.011814727447926998,
      0.011759376153349876,
      0.011227867566049099,
      0.010816849768161774,
      0.011567536741495132,
      0.011320988647639751,
      0.011510671116411686,
      0.010747424326837063,
      0.01078739669173956,
      0.010568839497864246,
      0.011202479712665081,
      0.011309253051877022,
      0.011255676858127117,
      0.011290882714092731,
      0.011087269522249699,
      0.011530452407896519,
      0.010945537127554417,
      0.011416585184633732,
      0.010723504237830639,
      0.011128737591207027,
      0.010631614364683628,
      0.01159034762531519,
      0.011186503805220127,
      0.01110257301479578,
      0.012259945273399353,
      0.01092039979994297,
      0.011987376026809216,
      0.011864662170410156,
      0.01114531047642231,
      0.011145934462547302,
      0.012116498313844204,
      0.011015871539711952,
      0.010436219163239002,
      0.01050106156617403,
      0.011746062897145748,
      0.010484066791832447,
      0.011133339256048203,
      0.011558733880519867,
      0.010954388417303562,
      0.011575357988476753,
      0.010919013991951942,
      0.010754994116723537,
      0.011152221821248531,
      0.011041015386581421,
      0.011724929325282574,
      0.010174834169447422,
      0.01166695449501276,
      0.011200755834579468,
      0.011304637417197227,
      0.012074405327439308,
      0.01039755716919899,
      0.010264493525028229,
      0.011062808334827423,
      0.011515758000314236,
      0.010616790503263474,
      0.010799061506986618,
      0.011621890589594841,
      0.010509870015084743,
      0.011249232105910778,
      0.00957145169377327,
      0.010403294116258621,
      0.011670847423374653,
      0.010990751907229424,
      0.011429127305746078,
      0.010928166098892689,
      0.010796839371323586,
      0.011448275297880173,
      0.010381953790783882,
      0.010913429781794548,
      0.010895472951233387,
      0.010355083271861076,
      0.011108070611953735,
      0.010876938700675964,
      0.011066814884543419,
      0.011020679026842117,
      0.010714526288211346,
      0.010562717914581299,
      0.011125427670776844,
      0.010665596462786198,
      0.010774699039757252,
      0.010126980021595955,
      0.01075238548219204,
      0.009368387050926685,
      0.010198031552135944,
      0.010962305590510368,
      0.010285363532602787,
      0.010900859721004963,
      0.010951343923807144,
      0.0105194803327322,
      0.010833985172212124,
      0.010586612857878208,
      0.01013365387916565,
      0.0096930842846632,
      0.010466971434652805,
      0.01052071712911129,
      0.010257690213620663,
      0.00982468482106924,
      0.01011311449110508,
      0.011705632321536541,
      0.01056981272995472,
      0.010306435637176037,
      0.010502143763005733,
      0.010162277147173882,
      0.010843874886631966,
      0.010962158441543579,
      0.010432249866425991,
      0.011411866173148155,
      0.010389450937509537,
      0.010572044178843498,
      0.010668887756764889,
      0.01047107670456171,
      0.010541412979364395,
      0.010174935683608055,
      0.01055010873824358,
      0.010133087635040283,
      0.011140532791614532,
      0.010492119006812572,
      0.010777676478028297,
      0.010182253085076809,
      0.010446049273014069,
      0.010281763970851898,
      0.010257464833557606,
      0.010980949737131596,
      0.010783870704472065,
      0.011225289665162563,
      0.011389472521841526,
      0.009800304658710957,
      0.011013329960405827,
      0.010387679561972618,
      0.01087153609842062,
      0.01091029029339552,
      0.010420506820082664,
      0.010292445309460163,
      0.010395699180662632,
      0.009586646221578121,
      0.00976428110152483,
      0.010827477090060711,
      0.010122646577656269,
      0.010398161597549915,
      0.010326224379241467,
      0.010765040293335915,
      0.01056972797960043,
      0.01129657682031393,
      0.010419935919344425,
      0.010853110812604427,
      0.009425852447748184,
      0.009724468924105167,
      0.0103908721357584,
      0.009798704646527767,
      0.010280120186507702,
