{
   "number_epochs": 300,
   "info_used": "use imputation",
   "perc_full_data": 0.3,
   "n_epochs_no_selection": 0,
   "Frequency % cutoff": 0.3,
   "hidden_size": 32,
   "random_state": 8,
   "train_errors": [
      0.08403550088405609,
      0.0737186074256897,
      0.06729114055633545,
      0.06273160129785538,
      0.06095065176486969,
      0.059522952884435654,
      0.05870861932635307,
      0.057156361639499664,
      0.05764894187450409,
      0.05470408871769905,
      0.05275491625070572,
      0.05152498930692673,
      0.050921063870191574,
      0.04857102409005165,
      0.04729191213846207,
      0.04442839324474335,
      0.04227308928966522,
      0.040250666439533234,
      0.03849570453166962,
      0.03690793737769127,
      0.035188037902116776,
      0.032696548849344254,
      0.031064681708812714,
      0.030849184840917587,
      0.030058512464165688,
      0.027779413387179375,
      0.028723930940032005,
      0.027036959305405617,
      0.02769765444099903,
      0.027606071904301643,
      0.02616908773779869,
      0.026324806734919548,
      0.026656942442059517,
      0.025781435891985893,
      0.023999987170100212,
      0.023898225277662277,
      0.02399740368127823,
      0.025797732174396515,
      0.024788275361061096,
      0.02373599261045456,
      0.02401852235198021,
      0.023459330201148987,
      0.023642901331186295,
      0.02071502059698105,
      0.022635458037257195,
      0.02097586914896965,
      0.021479051560163498,
      0.020616797730326653,
      0.021865082904696465,
      0.021165693178772926,
      0.021152768284082413,
      0.020548492670059204,
      0.02041182480752468,
      0.02146768942475319,
      0.018958192318677902,
      0.019308049231767654,
      0.018443578854203224,
      0.020276617258787155,
      0.018376436084508896,
      0.01858615316450596,
      0.01978200674057007,
      0.019479790702462196,
      0.01818239688873291,
      0.01927133835852146,
      0.017806604504585266,
      0.017558874562382698,
      0.01806117407977581,
      0.01740729808807373,
      0.01754589192569256,
      0.017945734784007072,
      0.017255662009119987,
      0.01675006002187729,
      0.017147881910204887,
      0.016117412596940994,
      0.016511764377355576,
      0.01612401008605957,
      0.015370993874967098,
      0.01594933494925499,
      0.014231281355023384,
      0.01520849671214819,
      0.015937013551592827,
      0.015223796479403973,
      0.015704141929745674,
      0.015927495434880257,
      0.014629876241087914,
      0.015749216079711914,
      0.015035919845104218,
      0.015233085490763187,
      0.014910655096173286,
      0.014734371565282345,
      0.015082386322319508,
      0.014602498151361942,
      0.01366513129323721,
      0.01444155815988779,
      0.014743690378963947,
      0.013497861102223396,
      0.013735169544816017,
      0.01393540482968092,
      0.014045578427612782,
      0.014003247022628784,
      0.01331433467566967,
      0.014592696912586689,
      0.013157286681234837,
      0.013732779771089554,
      0.013468780554831028,
      0.013911648653447628,
      0.01251884363591671,
      0.013698003254830837,
      0.01358579657971859,
      0.014157233759760857,
      0.012351404875516891,
      0.01305569801479578,
      0.012850943952798843,
      0.012476569041609764,
      0.013238255865871906,
      0.01322374027222395,
      0.012855267152190208,
      0.012522278353571892,
      0.012694103643298149,
      0.01346251554787159,
      0.012746069580316544,
      0.013017654418945312,
      0.012109936214983463,
      0.01243787631392479,
      0.013103061355650425,
      0.012047135271131992,
      0.013438998721539974,
      0.01237573754042387,
      0.012837054207921028,
      0.012421107850968838,
      0.012009612284600735,
      0.012552930042147636,
      0.012288298457860947,
      0.012897412292659283,
      0.01182414311915636,
      0.011327225714921951,
      0.011574486270546913,
      0.011893456801772118,
      0.012624521739780903,
      0.012239971198141575,
      0.01164188515394926,
      0.012029293924570084,
      0.012107165530323982,
      0.011620000004768372,
      0.011913139373064041,
      0.01121909823268652,
      0.012193831615149975,
      0.012472499161958694,
      0.012558222748339176,
      0.011457613669335842,
      0.011768878437578678,
      0.012303455732762814,
      0.011812369339168072,
      0.011145247146487236,
      0.011722836643457413,
      0.012518834322690964,
      0.011973843909800053,
      0.011389980092644691,
      0.01040570717304945,
      0.01173032633960247,
      0.011174464598298073,
      0.010837841778993607,
      0.011157725006341934,
      0.01084002573043108,
      0.012709489092230797,
      0.010718189179897308,
      0.011289965361356735,
      0.010438133031129837,
      0.011347796767950058,
      0.011309138499200344,
      0.011652277782559395,
      0.010932734236121178,
      0.011202321387827396,
      0.010968071408569813,
      0.01087588258087635,
      0.010487853549420834,
      0.010973515920341015,
      0.011140011250972748,
      0.010642634704709053,
      0.010783021338284016,
      0.011380310170352459,
      0.009822763502597809,
      0.011678866110742092,
      0.010624007321894169,
      0.011483075097203255,
      0.010590286925435066,
      0.011228671297430992,
      0.012321652844548225,
      0.011588525027036667,
      0.010520897805690765,
      0.011037645861506462,
      0.010551853105425835,
      0.010872036218643188,
      0.010925277136266232,
      0.011190689168870449,
      0.011100112460553646,
      0.011567318812012672,
      0.00997225847095251,
      0.010658852756023407,
      0.0106571726500988,
      0.012520194984972477,
      0.010724549181759357,
      0.010635689832270145,
      0.010462742298841476,
      0.010445664636790752,
      0.010780037380754948,
      0.01079240720719099,
      0.010499607771635056,
      0.010686093010008335,
      0.011033019050955772,
      0.010214254260063171,
      0.010436486452817917,
      0.010813655331730843,
      0.011102085933089256,
      0.010085875168442726,
      0.011111781932413578,
      0.01005593966692686,
      0.010194272734224796,
      0.01100974716246128,
      0.010367232374846935,
      0.010579487308859825,
      0.010780232027173042,
      0.009693970903754234,
      0.010290365666151047,
      0.010726145468652248,
      0.010379910469055176,
      0.010010749101638794,
      0.010044272989034653,
      0.009808399714529514,
      0.010409785434603691,
      0.009495078586041927,
      0.010548794642090797,
      0.009763449430465698,
      0.010282290168106556,
      0.010653831996023655,
      0.010773327201604843,
      0.010468929074704647,
      0.010421276092529297,
      0.010273799300193787,
      0.010243868455290794,
      0.009630734100937843,
      0.009963268414139748,
      0.010180821642279625,
      0.009648928418755531,
      0.010080043226480484,
      0.009156840853393078,
      0.010679290629923344,
      0.010687479749321938,
      0.00987448263913393,
      0.009787474758923054,
      0.010439655743539333,
      0.009102814830839634,
      0.010161174461245537,
      0.010323233902454376,
      0.00981451477855444,
      0.009686974808573723,
      0.00940527394413948,
      0.009556069038808346,
      0.010459261946380138,
      0.00976260844618082,
      0.009914463385939598,
      0.009933572262525558,
      0.009301341138780117,
      0.009808292612433434,
      0.00972946360707283,
      0.009289407171308994,
      0.009424875490367413,
      0.009713847190141678,
      0.010016880929470062,
      0.00988288689404726,
      0.010588886216282845,
      0.009968157857656479,
      0.009895495139062405,
      0.009824719280004501,
      0.00945997517555952,
      0.010295271873474121,
      0.010244475677609444,
      0.009476819075644016,
      0.009746601805090904,
      0.010000994428992271,
