{
   "number_epochs": 300,
   "info_used": "use imputation",
   "perc_full_data": 0.3,
   "n_epochs_no_selection": 0,
   "Frequency % cutoff": 0.3,
   "hidden_size": 32,
   "random_state": 3,
   "train_errors": [
      0.05271522328257561,
      0.04925093427300453,
      0.04894471541047096,
      0.048328325152397156,
      0.04704955592751503,
      0.04597806930541992,
      0.04532145708799362,
      0.044773973524570465,
      0.043900009244680405,
      0.042572248727083206,
      0.04161765053868294,
      0.039876118302345276,
      0.038395389914512634,
      0.0369286835193634,
      0.035562850534915924,
      0.03410913422703743,
      0.03134123980998993,
      0.02932697907090187,
      0.028094908222556114,
      0.027913657948374748,
      0.02668829821050167,
      0.025736497715115547,
      0.026455108076334,
      0.023954451084136963,
      0.02308274805545807,
      0.02216668799519539,
      0.022237757220864296,
      0.022449083626270294,
      0.022327665239572525,
      0.022066885605454445,
      0.020941583439707756,
      0.02029077522456646,
      0.020167440176010132,
      0.018941659480333328,
      0.018857330083847046,
      0.019120818004012108,
      0.018302960321307182,
      0.017546219751238823,
      0.016510985791683197,
      0.015796979889273643,
      0.01657051406800747,
      0.01553746871650219,
      0.01628660038113594,
      0.016203749924898148,
      0.015250367112457752,
      0.014002269133925438,
      0.01388460025191307,
      0.014358819462358952,
      0.01392741035670042,
      0.013407169841229916,
      0.014443444088101387,
      0.013274498283863068,
      0.01298466231673956,
      0.013457844965159893,
      0.013323321007192135,
      0.012334373779594898,
      0.013774419203400612,
      0.012920128181576729,
      0.011541325598955154,
      0.012182696722447872,
      0.011448436416685581,
      0.011748038232326508,
      0.011923992075026035,
      0.011408919468522072,
      0.01303408108651638,
      0.010723242536187172,
      0.012588354758918285,
      0.011732125654816628,
      0.010793454013764858,
      0.010816013440489769,
      0.011741474270820618,
      0.011679673567414284,
      0.010935046710073948,
      0.010989612899720669,
      0.010494387708604336,
      0.01104651764035225,
      0.011077373288571835,
      0.01039829570800066,
      0.010790196247398853,
      0.010363509878516197,
      0.011336859315633774,
      0.010859637521207333,
      0.011772137135267258,
      0.011109625920653343,
      0.010651927441358566,
      0.011036853305995464,
      0.011108718812465668,
      0.010732542723417282,
      0.01024832483381033,
      0.010229519568383694,
      0.009949039667844772,
      0.011136338114738464,
      0.011407319456338882,
      0.011157877743244171,
      0.010019518435001373,
      0.010586570017039776,
      0.010069422423839569,
      0.009704402647912502,
      0.010427662171423435,
      0.010310492478311062,
      0.010338527150452137,
      0.009460429660975933,
      0.0111271096393466,
      0.010144057683646679,
      0.009974312968552113,
      0.009373139590024948,
      0.010070258751511574,
      0.010126715525984764,
      0.009658127091825008,
      0.010813258588314056,
      0.009476668201386929,
      0.009918765164911747,
      0.01015477441251278,
      0.009015657007694244,
      0.009133262559771538,
      0.00868016853928566,
      0.01008489727973938,
      0.010744919069111347,
      0.010057405568659306,
      0.010298238135874271,
      0.010303019545972347,
      0.00947495549917221,
      0.00972470361739397,
      0.009875979274511337,
      0.009647095575928688,
      0.00971599854528904,
      0.00877293013036251,
      0.008914576843380928,
      0.008866085670888424,
      0.009130727499723434,
      0.009249216876924038,
      0.009078108705580235,
      0.009062514640390873,
      0.00918662641197443,
      0.008527642115950584,
      0.010065361857414246,
      0.008733849972486496,
      0.0085390480235219,
      0.00850613322108984,
      0.008603409864008427,
      0.009057164192199707,
      0.008966946974396706,
      0.010360481217503548,
      0.009271252900362015,
      0.009471646510064602,
      0.009651603177189827,
      0.009302902966737747,
      0.009041348472237587,
      0.009351525455713272,
      0.008932597003877163,
      0.00879190769046545,
      0.008619030937552452,
      0.009090891107916832,
      0.009639782831072807,
      0.008668065071105957,
      0.008417565375566483,
      0.00934848003089428,
      0.008710883557796478,
      0.008656186051666737,
      0.00872286781668663,
      0.009112659841775894,
      0.00863235630095005,
      0.00881403312087059,
      0.009375782683491707,
      0.008542176336050034,
      0.008327980525791645,
      0.00839430931955576,
      0.008521015755832195,
      0.008409335277974606,
      0.008960861712694168,
      0.008474203757941723,
      0.008941452018916607,
      0.0093634482473135,
      0.008247241377830505,
      0.008500432595610619,
      0.008018986321985722,
      0.008117063902318478,
      0.0085651446133852,
      0.00986507534980774,
      0.008065871894359589,
      0.008142557926476002,
      0.008725995197892189,
      0.00955717172473669,
      0.008517149835824966,
      0.008290888741612434,
      0.00844588503241539,
      0.009177092462778091,
      0.008476071991026402,
      0.007113336119800806,
      0.008286052383482456,
      0.009493355639278889,
      0.00815176498144865,
      0.007940756157040596,
      0.007584758568555117,
      0.007971866056323051,
      0.009097813628613949,
      0.009182561188936234,
      0.0077414014376699924,
      0.008409594185650349,
      0.009252485819160938,
      0.009634925983846188,
      0.00829590018838644,
      0.008500187657773495,
      0.008315165527164936,
      0.008691923692822456,
      0.007966817356646061,
      0.008638539351522923,
      0.00827030185610056,
      0.007948201149702072,
      0.007759516127407551,
      0.008154592476785183,
      0.007600028533488512,
      0.0075984252616763115,
      0.008001796901226044,
      0.009481326676905155,
      0.009085425175726414,
      0.00829415861517191,
      0.008129826746881008,
      0.008135552518069744,
      0.008266985416412354,
      0.008188201114535332,
      0.0083211874589324,
      0.008200478740036488,
      0.008921384811401367,
      0.008783985860645771,
      0.008173144422471523,
      0.007894827052950859,
      0.008049693889915943,
      0.008587886579334736,
      0.008380758576095104,
      0.008248919621109962,
      0.008145300671458244,
      0.008246325887739658,
      0.009612232446670532,
      0.007970893755555153,
      0.009017630480229855,
      0.008072564378380775,
      0.007700967136770487,
      0.008026935160160065,
      0.007860569283366203,
      0.008676979690790176,
      0.008740329183638096,
      0.007974371314048767,
      0.008987059816718102,
      0.007644484285265207,
      0.00793553702533245,
      0.008257709443569183,
      0.007747894152998924,
      0.00843012798577547,
      0.008261878043413162,
      0.008220014162361622,
      0.008095397613942623,
      0.008060196414589882,
      0.00827518105506897,
      0.009146288968622684,
      0.007900042459368706,
      0.008371271193027496,
      0.0086222467944026,
      0.008231895975768566,
      0.008135469630360603,
      0.008222030475735664,
      0.007316460367292166,
      0.007622967474162579,
      0.007606894243508577,
      0.007868985645473003,
      0.008449369110167027,
      0.007388100028038025,
      0.00782782956957817,
      0.008165104314684868,
      0.008541213348507881,
      0.007509784772992134,
      0.007792642805725336,
      0.0076676965691149235,
      0.007921691983938217,
      0.007368976715952158,
      0.008973602205514908,
      0.008566156029701233,
      0.006957231555134058,
      0.008468643762171268,
      0.007311493158340454,
