{
   "number_epochs": 300,
   "info_used": "use imputation",
   "perc_full_data": 0.3,
   "n_epochs_no_selection": 0,
   "Frequency % cutoff": 0.3,
   "hidden_size": 32,
   "random_state": 2,
   "train_errors": [
      0.11042730510234833,
      0.09550130367279053,
      0.0827922374010086,
      0.0714958906173706,
      0.0623449832201004,
      0.05578169226646423,
      0.05223579332232475,
      0.05030390992760658,
      0.05027230829000473,
      0.05005212128162384,
      0.048933565616607666,
      0.04654379189014435,
      0.04513661190867424,
      0.04402532801032066,
      0.04229690134525299,
      0.04159361124038696,
      0.04005724564194679,
      0.03880498930811882,
      0.038397789001464844,
      0.03618170693516731,
      0.03519243746995926,
      0.03352336585521698,
      0.03210589289665222,
      0.030557388439774513,
      0.029754525050520897,
      0.028218969702720642,
      0.02734452672302723,
      0.02556360699236393,
      0.026003945618867874,
      0.023958418518304825,
      0.024832986295223236,
      0.023383816704154015,
      0.02378038689494133,
      0.021993018686771393,
      0.022697407752275467,
      0.023544205352663994,
      0.022505495697259903,
      0.021461380645632744,
      0.022555949166417122,
      0.02259291335940361,
      0.021731272339820862,
      0.02026035264134407,
      0.021062936633825302,
      0.019563596695661545,
      0.02053900435566902,
      0.020993879064917564,
      0.021013444289565086,
      0.020543916150927544,
      0.01993841864168644,
      0.019384024664759636,
      0.01971607469022274,
      0.019194642081856728,
      0.019156720489263535,
      0.018728705123066902,
      0.01896272785961628,
      0.018637770786881447,
      0.01834874041378498,
      0.01761666126549244,
      0.01892108842730522,
      0.018442995846271515,
      0.0182673130184412,
      0.01736024022102356,
      0.01730669103562832,
      0.018162017688155174,
      0.018225479871034622,
      0.016915280371904373,
      0.017391448840498924,
      0.017317645251750946,
      0.016897303983569145,
      0.01667683944106102,
      0.016326522454619408,
      0.01725594326853752,
      0.016213560476899147,
      0.016261663287878036,
      0.016271235421299934,
      0.01639607362449169,
      0.01633492112159729,
      0.015290730632841587,
      0.016108613461256027,
      0.016232678666710854,
      0.015485187061131,
      0.014947684481739998,
      0.016330713406205177,
      0.014890448190271854,
      0.014791717752814293,
      0.01601126231253147,
      0.015139675699174404,
      0.015124225988984108,
      0.01506918016821146,
      0.015235943719744682,
      0.014464869163930416,
      0.014590329490602016,
      0.014462335035204887,
      0.0162526722997427,
      0.014407424256205559,
      0.014748217537999153,
      0.0140736885368824,
      0.015186442993581295,
      0.013802589848637581,
      0.013500400818884373,
      0.013333759270608425,
      0.014437655918300152,
      0.013058846816420555,
      0.013791101984679699,
      0.015024580992758274,
      0.013943657279014587,
      0.014201920479536057,
      0.012911125086247921,
      0.014662917703390121,
      0.013794035650789738,
      0.015161244198679924,
      0.012707248330116272,
      0.014456488192081451,
      0.014695404097437859,
      0.013805771246552467,
      0.013039784505963326,
      0.01419399119913578,
      0.013414233922958374,
      0.01500527560710907,
      0.012922912836074829,
      0.012979564256966114,
      0.014183337800204754,
      0.013784891925752163,
      0.013172884471714497,
      0.013402693904936314,
      0.01480112038552761,
      0.01439542043954134,
      0.01478557288646698,
      0.014143679291009903,
      0.013864493928849697,
      0.013393192552030087,
      0.013653941452503204,
      0.013901532627642155,
      0.012918177992105484,
      0.013896360993385315,
      0.013838423416018486,
      0.012872135266661644,
      0.012965671718120575,
      0.012433497235178947,
      0.012615561485290527,
      0.013547019101679325,
      0.013197300024330616,
      0.013294259086251259,
      0.014472001232206821,
      0.012578579597175121,
      0.013244685716927052,
      0.012851562350988388,
      0.012721419334411621,
      0.0128355473279953,
      0.013262481428682804,
      0.01304796151816845,
      0.013868642039597034,
      0.013154181651771069,
      0.0134213175624609,
      0.013552517630159855,
      0.012681678868830204,
      0.013724369928240776,
      0.012623890303075314,
      0.012368830852210522,
      0.01293202955275774,
      0.012442635372281075,
      0.013476897031068802,
      0.01320942584425211,
      0.013726267963647842,
      0.01290280930697918,
      0.01288047805428505,
      0.012698449194431305,
      0.012669971212744713,
      0.012658782303333282,
      0.01299202349036932,
      0.011991509236395359,
      0.013110158033668995,
      0.012427945621311665,
      0.012473969720304012,
      0.013536429032683372,
      0.012105320580303669,
      0.012548480182886124,
      0.012212773784995079,
      0.01263123843818903,
      0.012322062626481056,
      0.012421169318258762,
      0.011455101892352104,
      0.013175326399505138,
      0.01287905965000391,
      0.013445122167468071,
      0.012719894759356976,
      0.012652243487536907,
      0.012513218447566032,
      0.01231621578335762,
      0.012003482319414616,
      0.013446003198623657,
      0.011627006344497204,
      0.01367850974202156,
      0.011986763216555119,
      0.012776695191860199,
      0.012265259400010109,
      0.013086269609630108,
      0.013224003836512566,
      0.01269459631294012,
      0.013923989608883858,
      0.012664656154811382,
      0.01280807051807642,
      0.01207162719219923,
      0.011389595456421375,
      0.01300218515098095,
      0.012258284725248814,
      0.011015050113201141,
      0.012855461798608303,
      0.01248940173536539,
      0.012769639492034912,
      0.012546773068606853,
      0.011621705256402493,
      0.01236103754490614,
      0.012437703087925911,
      0.012674129568040371,
      0.011697770096361637,
      0.012216395698487759,
      0.011889785528182983,
      0.012554102577269077,
      0.013921539299190044,
      0.012167023494839668,
      0.012267314828932285,
      0.012481552548706532,
      0.01264684647321701,
      0.012296383269131184,
      0.012118722312152386,
      0.011585681699216366,
      0.01215850468724966,
      0.012315976433455944,
      0.011355769820511341,
      0.012358303181827068,
      0.01156968716531992,
      0.012671604752540588,
      0.01177087053656578,
      0.01217727642506361,
      0.012595066800713539,
      0.01285142544656992,
      0.011438784189522266,
      0.012233149260282516,
      0.011287173256278038,
      0.012025616131722927,
      0.01255869772285223,
      0.011631502769887447,
      0.011271422728896141,
      0.011587626300752163,
      0.011545909568667412,
      0.011164305731654167,
      0.012777497060596943,
      0.011322994716465473,
      0.011271149851381779,
      0.011973296292126179,
      0.01175480242818594,
      0.011356724426150322,
      0.011008607223629951,
      0.012187176384031773,
      0.01278405636548996,
      0.011377827264368534,
      0.011674712412059307,
      0.011760837398469448,
      0.012249862775206566,
      0.011822578497231007,
      0.012884929776191711,
      0.011253093369305134,
      0.012224896810948849,
      0.011510668322443962,
      0.01192295178771019,
      0.01216813549399376,
      0.01208539865911007,
      0.011930633336305618,
      0.012256770394742489,
      0.01184901874512434,
      0.012851131148636341,
      0.011592364870011806,
      0.01258718129247427,
      0.012893795035779476,
      0.01238983403891325,
      0.011666854843497276,
      0.01236023847013712,
      0.010955210775136948,
      0.012529461644589901,
      0.011567280627787113,
