{
   "number_epochs": 300,
   "info_used": "use imputation",
   "perc_full_data": 0.3,
   "n_epochs_no_selection": 0,
   "Frequency % cutoff": 0.3,
   "hidden_size": 32,
   "random_state": 9,
   "train_errors": [
      0.06994668394327164,
      0.06506728380918503,
      0.06241461634635925,
      0.05950506404042244,
      0.0583646222949028,
      0.05716428905725479,
      0.05627533420920372,
      0.05596990883350372,
      0.05479593947529793,
      0.05379462242126465,
      0.052567142993211746,
      0.051677290350198746,
      0.05065610259771347,
      0.04910219833254814,
      0.04782414808869362,
      0.04604162648320198,
      0.044314395636320114,
      0.04234207421541214,
      0.041318848729133606,
      0.03835219517350197,
      0.03611027076840401,
      0.03383490443229675,
      0.03306542709469795,
      0.03117697313427925,
      0.030870642513036728,
      0.028260286897420883,
      0.026928232982754707,
      0.025322578847408295,
      0.02523769624531269,
      0.025642938911914825,
      0.02495511621236801,
      0.02469094842672348,
      0.022949976846575737,
      0.022459084168076515,
      0.02255268767476082,
      0.02162708342075348,
      0.02141895331442356,
      0.0205574668943882,
      0.020547403022646904,
      0.019859664142131805,
      0.019299760460853577,
      0.018548432737588882,
      0.019178086891770363,
      0.02039496786892414,
      0.019126752391457558,
      0.019023438915610313,
      0.01777530647814274,
      0.018130552023649216,
      0.01777370646595955,
      0.017566638067364693,
      0.01777562126517296,
      0.017769111320376396,
      0.017678504809737206,
      0.016630224883556366,
      0.016149528324604034,
      0.01670997031033039,
      0.016032671555876732,
      0.018041172996163368,
      0.015628527849912643,
      0.01709524542093277,
      0.015415097586810589,
      0.016850385814905167,
      0.01590763032436371,
      0.015097316354513168,
      0.015527981333434582,
      0.015857644379138947,
      0.016839521005749702,
      0.01599736139178276,
      0.014337090775370598,
      0.015286586247384548,
      0.015616795979440212,
      0.014254803769290447,
      0.014252089895308018,
      0.015669606626033783,
      0.014577138237655163,
      0.014083477668464184,
      0.014452342875301838,
      0.01519912388175726,
      0.013891555368900299,
      0.014904933050274849,
      0.014499399811029434,
      0.013656023889780045,
      0.015255732461810112,
      0.01450994610786438,
      0.013161739334464073,
      0.014360548928380013,
      0.014484950341284275,
      0.01457725465297699,
      0.013459392823278904,
      0.014188621193170547,
      0.012688140384852886,
      0.013639388605952263,
      0.013491736724972725,
      0.013900700025260448,
      0.015240665525197983,
      0.0138390539214015,
      0.013219635002315044,
      0.013914605602622032,
      0.012710501439869404,
      0.013175860978662968,
      0.013056552037596703,
      0.013540219515562057,
      0.01318718958646059,
      0.012186625972390175,
      0.013347610831260681,
      0.012923194095492363,
      0.01323242112994194,
      0.013102809898555279,
      0.013973122462630272,
      0.013225123286247253,
      0.011928179301321507,
      0.012647708877921104,
      0.012512624263763428,
      0.012361174449324608,
      0.013169516809284687,
      0.01404054556041956,
      0.013409786857664585,
      0.012981221079826355,
      0.013509506359696388,
      0.012448256835341454,
      0.012339848093688488,
      0.01266317255795002,
      0.013203537091612816,
      0.01324179396033287,
      0.013730783946812153,
      0.01315014623105526,
      0.013108485378324986,
      0.012850216589868069,
      0.01409757137298584,
      0.013232325203716755,
      0.012869253754615784,
      0.01346301008015871,
      0.013581950217485428,
      0.011346237733960152,
      0.013048214837908745,
      0.012840835377573967,
      0.012656547129154205,
      0.012899237684905529,
      0.012092343531548977,
      0.014134431257843971,
      0.01353970356285572,
      0.013037718832492828,
      0.012997143901884556,
      0.012765223160386086,
      0.01148976944386959,
      0.012570580467581749,
      0.012528030201792717,
      0.012313423678278923,
      0.012480884790420532,
      0.01317915040999651,
      0.012199475429952145,
      0.01149618998169899,
      0.013111903332173824,
      0.01142403855919838,
      0.012150917202234268,
      0.013167729601264,
      0.013286189176142216,
      0.012609249912202358,
      0.012276681140065193,
      0.012193354777991772,
      0.011648093350231647,
      0.01295002643018961,
      0.013108192943036556,
      0.011042485013604164,
      0.011790860444307327,
      0.011447159573435783,
      0.01111518032848835,
      0.01193250622600317,
      0.012606503441929817,
      0.011902767233550549,
      0.011264941655099392,
      0.012374496087431908,
      0.0118436673656106,
      0.011415385641157627,
      0.01324185449630022,
      0.012025265954434872,
      0.011694408021867275,
      0.0124042434617877,
      0.011946640908718109,
      0.011808265000581741,
      0.011754791252315044,
      0.011411028914153576,
      0.01249125599861145,
      0.012218018993735313,
      0.011868473142385483,
      0.01192793995141983,
      0.01190782617777586,
      0.010970238596200943,
      0.011436711065471172,
      0.012185080908238888,
      0.013250792399048805,
      0.012010546401143074,
      0.011484360322356224,
      0.01180825475603342,
      0.011731293983757496,
      0.011626399122178555,
      0.011762188747525215,
      0.011689883656799793,
      0.011748751625418663,
      0.011014888063073158,
      0.011443219147622585,
      0.01069119293242693,
      0.012414893135428429,
      0.011893251910805702,
      0.012112624011933804,
      0.0113401273265481,
      0.011787272989749908,
      0.011640186421573162,
      0.011389968916773796,
      0.01146440114825964,
      0.011750143952667713,
      0.011731090024113655,
      0.012264048680663109,
      0.011635277420282364,
      0.01207493245601654,
      0.012574109248816967,
      0.011991879902780056,
      0.011045891791582108,
      0.011857249774038792,
      0.011235104873776436,
      0.011916756629943848,
      0.0123715465888381,
      0.011719813570380211,
      0.011874913237988949,
      0.011006876826286316,
      0.011776473373174667,
      0.01205392088741064,
      0.011525657027959824,
      0.011694350279867649,
      0.010867561213672161,
      0.011902881786227226,
      0.011572337709367275,
      0.012026848271489143,
      0.011486302129924297,
      0.012662268243730068,
      0.011584887281060219,
      0.011346381157636642,
      0.011778137646615505,
      0.011988053098320961,
      0.012407654896378517,
      0.010895338840782642,
      0.011753683909773827,
      0.011935138143599033,
      0.012342112138867378,
      0.011356933042407036,
      0.012267308309674263,
      0.010561366565525532,
      0.011894503608345985,
      0.011380928568542004,
      0.01090840995311737,
      0.011508163996040821,
      0.012785411439836025,
      0.011351515538990498,
      0.011760653927922249,
      0.011773736216127872,
      0.012213089503347874,
      0.0121761504560709,
      0.011773953214287758,
      0.011751026846468449,
      0.011087275110185146,
      0.011449195444583893,
      0.011515327729284763,
      0.01181323267519474,
      0.01169189065694809,
      0.01242942363023758,
      0.01161592360585928,
      0.011468308046460152,
      0.011172634549438953,
      0.011336779221892357,
      0.011286905966699123,
      0.011303078383207321,
      0.011995295062661171,
      0.011017302982509136,
      0.01144713256508112,
      0.011552398093044758,
      0.011467242613434792,
      0.011211697943508625,
      0.011727199889719486,
      0.011568499729037285,
      0.011781212873756886,
      0.011065498925745487,
