{
   "number_epochs": 300,
   "info_used": "use imputation",
   "perc_full_data": 0.3,
   "n_epochs_no_selection": 0,
   "Frequency % cutoff": 0.3,
   "hidden_size": 32,
   "random_state": 12,
   "train_errors": [
      0.04809568449854851,
      0.0429813377559185,
      0.04091765359044075,
      0.04037807136774063,
      0.03988039866089821,
      0.03915037959814072,
      0.03841491788625717,
      0.03769749775528908,
      0.037492815405130386,
      0.03711284324526787,
      0.03557724505662918,
      0.035118039697408676,
      0.03429640829563141,
      0.03278467804193497,
      0.03270699083805084,
      0.031065277755260468,
      0.03041415475308895,
      0.02925613522529602,
      0.029284803196787834,
      0.027455033734440804,
      0.026373399421572685,
      0.025758691132068634,
      0.02412932738661766,
      0.02337827906012535,
      0.022878507152199745,
      0.023295564576983452,
      0.020892756059765816,
      0.02159103937447071,
      0.020093651488423347,
      0.018632112070918083,
      0.018937014043331146,
      0.018205320462584496,
      0.017483234405517578,
      0.017503278329968452,
      0.017224671319127083,
      0.015462207607924938,
      0.01558772288262844,
      0.015043951570987701,
      0.014909004792571068,
      0.014444262720644474,
      0.014635449275374413,
      0.01366131566464901,
      0.01434125192463398,
      0.012640777975320816,
      0.012711352668702602,
      0.012780002318322659,
      0.012396316044032574,
      0.013192947953939438,
      0.01135637704282999,
      0.012830734252929688,
      0.011315669864416122,
      0.012020622380077839,
      0.010727816261351109,
      0.010378360748291016,
      0.011683262884616852,
      0.0114926528185606,
      0.010936873033642769,
      0.010380915366113186,
      0.010968014597892761,
      0.010522926226258278,
      0.010467122308909893,
      0.010956749320030212,
      0.010549775324761868,
      0.010182441212236881,
      0.010553049854934216,
      0.010378962382674217,
      0.009996052831411362,
      0.009566674940288067,
      0.009732361882925034,
      0.009757965803146362,
      0.00996603723615408,
      0.00967015977948904,
      0.008973654359579086,
      0.009307251311838627,
      0.00902433879673481,
      0.009056910872459412,
      0.009441018104553223,
      0.00933972466737032,
      0.009173652157187462,
      0.009413367137312889,
      0.008754981681704521,
      0.008442740887403488,
      0.009313597343862057,
      0.009303958155214787,
      0.008409461937844753,
      0.008388112299144268,
      0.008626940660178661,
      0.009380301460623741,
      0.008862563408911228,
      0.009034455753862858,
      0.008956784382462502,
      0.008611452765762806,
      0.008531525731086731,
      0.009392579086124897,
      0.008929206058382988,
      0.008817612193524837,
      0.00806428212672472,
      0.008681289851665497,
      0.008207670412957668,
      0.008211307227611542,
      0.008469595573842525,
      0.008602926507592201,
      0.00788139645010233,
      0.00829659029841423,
      0.008113878779113293,
      0.009047874249517918,
      0.008410172536969185,
      0.008729720488190651,
      0.007320360280573368,
      0.007524291519075632,
      0.008860310539603233,
      0.007925472222268581,
      0.0074801272712647915,
      0.008999451994895935,
      0.008294299244880676,
      0.00798093806952238,
      0.0076164137572050095,
      0.008177625015377998,
      0.008710024878382683,
      0.008001090958714485,
      0.00800353940576315,
      0.007928984239697456,
      0.008387845009565353,
      0.00786284077912569,
      0.0077768778428435326,
      0.007792406249791384,
      0.007514099590480328,
      0.007889443077147007,
      0.007294020149856806,
      0.00916953943669796,
      0.008452123962342739,
      0.008145810104906559,
      0.008453539572656155,
      0.007856057025492191,
      0.007615371607244015,
      0.007749087642878294,
      0.007831921800971031,
      0.0077367606572806835,
      0.007800755091011524,
      0.007090507075190544,
      0.007772776298224926,
      0.007530083414167166,
      0.007299257442355156,
      0.006444696802645922,
      0.007874192669987679,
      0.007130529265850782,
      0.007641668897122145,
      0.007289513014256954,
      0.008134058676660061,
      0.007166505325585604,
      0.007495108060538769,
      0.007539058104157448,
      0.008294993080198765,
      0.007486511021852493,
      0.008462699130177498,
      0.008060622960329056,
      0.008526771329343319,
      0.007926896214485168,
      0.006995407398790121,
      0.007183225359767675,
      0.007348367478698492,
      0.0077165644615888596,
      0.007178641855716705,
      0.006881145294755697,
      0.007733560167253017,
      0.006852897349745035,
      0.007136051543056965,
      0.007293932139873505,
      0.00784512422978878,
      0.00777965784072876,
      0.007190515752881765,
      0.0071878377348184586,
      0.007630072068423033,
      0.007099681533873081,
      0.007904980331659317,
      0.007787973619997501,
      0.007184856571257114,
      0.007665893994271755,
      0.007189664989709854,
      0.007629062980413437,
      0.006942100822925568,
      0.006701961625367403,
      0.006760573945939541,
      0.0070437220856547356,
      0.007901648990809917,
      0.00745308818295598,
      0.007035860326141119,
      0.0076818689703941345,
      0.00815732404589653,
      0.007880060002207756,
      0.007452901918441057,
      0.007770433556288481,
      0.007683373987674713,
      0.007484507281333208,
      0.006926532369107008,
      0.00774411903694272,
      0.00704267667606473,
      0.007658288348466158,
      0.00747342687100172,
      0.008069210685789585,
      0.006128620356321335,
      0.0072508216835558414,
      0.007634664885699749,
      0.007304952014237642,
      0.007304619066417217,
      0.006906713359057903,
      0.007629509083926678,
      0.006867633666843176,
      0.006926550064235926,
      0.007294236682355404,
      0.006943876389414072,
      0.0067283413372933865,
      0.007226661778986454,
      0.007198568899184465,
      0.0070977420546114445,
      0.0073353080078959465,
      0.006775764748454094,
      0.007346158381551504,
      0.007062969263643026,
      0.006831479724496603,
      0.00680694542825222,
      0.00723211420699954,
      0.007166488561779261,
      0.00722855981439352,
      0.00715075246989727,
      0.007748190313577652,
      0.007109128870069981,
      0.008448033593595028,
      0.006789457052946091,
      0.006052996963262558,
      0.007120454218238592,
      0.006921278312802315,
      0.007467612624168396,
      0.007396301254630089,
      0.0067888968624174595,
      0.006573318969458342,
      0.007498160935938358,
      0.007646167650818825,
      0.0072530899196863174,
      0.007064760196954012,
      0.00727473571896553,
      0.006408233195543289,
      0.0075619700364768505,
      0.007276445627212524,
      0.007160804234445095,
      0.006294323597103357,
      0.00751894386485219,
      0.007115218788385391,
      0.00650036009028554,
      0.005963161122053862,
      0.007207334507256746,
      0.007286907639354467,
      0.006232520565390587,
      0.007192716933786869,
      0.006309577263891697,
      0.006471647415310144,
      0.007022880017757416,
      0.007295070681720972,
      0.006589338183403015,
      0.0067985160276293755,
      0.007257476914674044,
      0.007130763493478298,
      0.006927522365003824,
      0.0075895474292337894,
      0.007052625063806772,
      0.006966439541429281,
      0.006401201710104942,
      0.007170061580836773,
      0.00663350336253643,
      0.006740213371813297,
      0.0069258492439985275,
      0.006962148938328028,
      0.007214928045868874,
      0.007045145612210035,
      0.008001413196325302,
      0.006041393615305424,
      0.0069172135554254055,
      0.006646821741014719,
      0.006661475636065006,
