{
   "number_epochs": 40,
   "info_used": "use hypothesis",
   "perc_full_data": 0.04,
   "n_epochs_no_selection": 0,
   "Frequency % cutoff": 0.33,
   "hidden_size": 32,
   "random_state": 42,
   "train_errors": [
      0.10398956388235092,
      0.049685485661029816,
      0.04935301095247269,
      0.036084458231925964,
      0.03531581908464432,
      0.032658860087394714,
      0.03078421764075756,
      0.028641490265727043,
      0.03049945831298828,
      0.03040989488363266,
      0.029069600626826286,
      0.03000250831246376,
      0.029600871726870537,
      0.02855917066335678,
      0.02996586635708809,
      0.029990188777446747,
      0.030203983187675476,
      0.029931308701634407,
      0.02784940041601658,
      0.027917563915252686,
      0.029391756281256676,
      0.029250584542751312,
      0.028167175129055977,
      0.02881564013659954,
      0.02931731939315796,
      0.02827507071197033,
      0.027410533279180527,
      0.02747565694153309,
      0.026884175837039948,
      0.02730518952012062,
      0.027823299169540405,
      0.02744659222662449,
      0.026887603104114532,
      0.02804827131330967,
      0.027798952534794807,
      0.027859050780534744,
      0.02781011164188385,
      0.025766544044017792,
      0.024482492357492447,
      0.02587374858558178
   ],
   "valid_errors": [
      0.06104855611920357,
      0.02473956160247326,
      0.020841551944613457,
      0.01987587660551071,
      0.019517693668603897,
      0.019184410572052002,
      0.018709979951381683,
      0.0183266568928957,
      0.017519425600767136
   ],
   "val_epochs": [
      0,
      5,
      10,
      15,
      20,
      25,
      30,
      35,
      39
   ],
   "input_data_path": "../data/airfoil_self_noise/data.csv",
   "gradwcontext": true,
   "Encompassing Param": 0.1,
   "Normalize Grads & Contx": false,
   "cluster_all_classes": false,
   "imputation method": "",
   "model_dropout": 0.05
}