{
   "number_epochs": 500,
   "info_used": "use known only",
   "perc_full_data": 0.04,
   "n_epochs_no_selection": 0,
   "Frequency % cutoff": 0.33,
   "hidden_size": 32,
   "random_state": 2,
   "train_errors": [
      0.33835381269454956,
      0.26060035824775696,
      0.19041705131530762,
      0.12811565399169922,
      0.07821077853441238,
      0.049405939877033234,
      0.04549838975071907,
      0.05999896302819252,
      0.06777513027191162,
      0.06341452896595001,
      0.05203463137149811,
      0.04177902638912201,
      0.03877275809645653,
      0.039767347276210785,
      0.04130394384264946,
      0.0422808937728405,
      0.04120148718357086,
      0.03998896852135658,
      0.036742329597473145,
      0.034829314798116684,
      0.03402252495288849,
      0.03335152566432953,
      0.033773887902498245,
      0.032840970903635025,
      0.03280039504170418,
      0.032092005014419556,
      0.031331297010183334,
      0.03067854419350624,
      0.03012331761419773,
      0.02984396368265152,
      0.029289597645401955,
      0.028245117515325546,
      0.028731925413012505,
      0.028176629915833473,
      0.028661737218499184,
      0.028065787628293037,
      0.027936479076743126,
      0.02729038894176483,
      0.026220954954624176,
      0.026419419795274734,
      0.02499002404510975,
      0.026285072788596153,
      0.025780275464057922,
      0.02541259303689003,
      0.024592185392975807,
      0.024468395859003067,
      0.024066125974059105,
      0.024206019937992096,
      0.0237729474902153,
      0.024219999089837074,
      0.02407061494886875,
      0.02335975505411625,
      0.023993246257305145,
      0.0242447666823864,
      0.02325146645307541,
      0.02432951331138611,
      0.02382069081068039,
      0.02440374530851841,
      0.0236523300409317,
      0.024029012769460678,
      0.02337663806974888,
      0.023590080440044403,
      0.023374367505311966,
      0.023644300177693367,
      0.023460397496819496,
      0.02282145619392395,
      0.02409759722650051,
      0.02255726233124733,
      0.022862117737531662,
      0.022836141288280487,
      0.02322247624397278,
      0.022235870361328125,
      0.022694546729326248,
      0.022474244236946106,
      0.022651677951216698,
      0.02196832187473774,
      0.022130321711301804,
      0.0217142216861248,
      0.02242276445031166,
      0.02313324622809887,
      0.02217177115380764,
      0.022519847378134727,
      0.02220684476196766,
      0.021725695580244064,
      0.022032808512449265,
      0.023086832836270332,
      0.022408999502658844,
      0.022572092711925507,
      0.022057289257645607,
      0.022368477657437325,
      0.021902194246649742,
      0.022134952247142792,
      0.021728063002228737,
      0.02203674614429474,
      0.02231536991894245,
      0.021872783079743385,
      0.021605277433991432,
      0.02132284641265869,
      0.02220832370221615,
      0.022327538579702377,
      0.021336480975151062,
      0.0216076597571373,
      0.022026797756552696,
      0.021740315482020378,
      0.021533837541937828,
      0.021454835310578346,
      0.022582871839404106,
      0.021678801625967026,
      0.02135484293103218,
      0.022185929119586945,
      0.021085457876324654,
      0.021246448159217834,
      0.02139621414244175,
      0.021903418004512787,
      0.02096344716846943,
      0.02093980461359024,
      0.02181345224380493,
      0.021244527772068977,
      0.021493060514330864,
      0.020947802811861038,
      0.020941752940416336,
      0.021146290004253387,
      0.021228013560175896,
      0.021606460213661194,
      0.0217435285449028,
      0.021386247128248215,
      0.021453654393553734,
      0.021438682451844215,
      0.02118748240172863,
      0.020835209637880325,
      0.021190904080867767,
      0.02128191851079464,
      0.021319283172488213,
      0.020980289205908775,
      0.020427899435162544,
      0.020516863092780113,
      0.020800534635782242,
      0.021509435027837753,
      0.02198704518377781,
      0.021095044910907745,
      0.0205756276845932,
      0.02131354995071888,
      0.020803827792406082,
      0.020633365958929062,
      0.020457524806261063,
      0.021094445139169693,
      0.020846635103225708,
      0.021579144522547722,
      0.020808499306440353,
      0.021334541961550713,
      0.020371366292238235,
      0.020450295880436897,
      0.020147617906332016,
      0.020397303625941277,
      0.02027970179915428,
      0.0210431981831789,
      0.020705631002783775,
      0.020776109769940376,
      0.020059555768966675,
      0.020786454901099205,
      0.02060439996421337,
      0.020622633397579193,
      0.019840214401483536,
      0.0205308198928833,
      0.020055707544088364,
      0.020062515512108803,
      0.0206536166369915,
      0.021072009578347206,
      0.019591830670833588,
      0.020195895805954933,
      0.020385457202792168,
      0.020151915028691292,
      0.021194087341427803,
      0.020427608862519264,
      0.020297590643167496,
      0.019912198185920715,
      0.020344574004411697,
      0.020394237712025642,
      0.01974017359316349,
      0.019812680780887604,
      0.02012716792523861,
      0.01928890123963356,
      0.01888585463166237,
      0.019624290987849236,
      0.01986357383430004,
      0.019805943593382835,
      0.019415592774748802,
      0.020183125510811806,
      0.01969190686941147,
      0.02024448849260807,
      0.01912829279899597,
      0.019651049748063087,
      0.019389571622014046,
      0.02013048529624939,
      0.0201107207685709,
      0.019697017967700958,
      0.019679106771945953,
      0.019794991239905357,
      0.019732341170310974,
      0.01923424005508423,
      0.019000794738531113,
      0.019312337040901184,
      0.019021784886717796,
      0.019142674282193184,
      0.019744262099266052,
      0.019813068211078644,
      0.019572652876377106,
      0.0198513213545084,
      0.01929769106209278,
      0.019657380878925323,
      0.019855238497257233,
      0.018983269110322,
      0.018984954804182053,
      0.01939595863223076,
      0.01939365826547146,
      0.018948154523968697,
      0.020272787660360336,
      0.019076811149716377,
      0.01949070766568184,
      0.019444387406110764,
      0.019306162372231483,
      0.018806355074048042,
      0.018725870177149773,
      0.0196218341588974,
      0.019472941756248474,
      0.018829651176929474,
      0.018978632986545563,
      0.01946392096579075,
      0.01947571337223053,
      0.019611697643995285,
      0.01838902197778225,
      0.01864645630121231,
      0.018833141773939133,
      0.01951865293085575,
      0.019155142828822136,
      0.01885722577571869,
      0.019197333604097366,
      0.019332217052578926,
      0.019678669050335884,
      0.018918238580226898,
      0.019241878762841225,
      0.01912267692387104,
      0.019326763227581978,
      0.019627876579761505,
      0.018800994381308556,
      0.01913638599216938,
      0.01904977299273014,
      0.019186511635780334,
      0.019028717651963234,
      0.019603945314884186,
      0.01897232048213482,
      0.01880531944334507,
      0.018466511741280556,
      0.01876290701329708,
      0.019212301820516586,
      0.018922273069620132,
      0.019255410879850388,
      0.018867764621973038,
      0.018574589863419533,
      0.018473966047167778,
      0.01892220601439476,
      0.01867435872554779,
      0.01920330710709095,
      0.018650241196155548,
      0.019548721611499786,
      0.018351152539253235,
      0.0186773631721735,
      0.019154425710439682,
      0.018121931701898575,
      0.019643239676952362,
      0.018831541761755943,
      0.0188080295920372,
      0.018412677571177483,
      0.018537182360887527,
      0.01855163648724556,
      0.01857777126133442,
      0.019223729148507118,
      0.019392360001802444,
      0.01899193972349167,
      0.018407173454761505,
      0.018162725493311882,
      0.019022390246391296,
