{
   "number_epochs": 500,
   "info_used": "use known only",
   "perc_full_data": 0.04,
   "n_epochs_no_selection": 0,
   "Frequency % cutoff": 0.33,
   "hidden_size": 32,
   "random_state": 12,
   "train_errors": [
      0.36417993903160095,
      0.2763957977294922,
      0.19754263758659363,
      0.12960132956504822,
      0.07827214151620865,
      0.048664625734090805,
      0.044437456876039505,
      0.05517798662185669,
      0.06442232429981232,
      0.06380560994148254,
      0.05217396840453148,
      0.04180052503943443,
      0.03759869933128357,
      0.036656927317380905,
      0.03831404820084572,
      0.04132378473877907,
      0.03832103684544563,
      0.03884422034025192,
      0.037636175751686096,
      0.034699760377407074,
      0.03318476676940918,
      0.03151839226484299,
      0.03340085223317146,
      0.030826879665255547,
      0.03209711238741875,
      0.030992845073342323,
      0.031462911516427994,
      0.03132004290819168,
      0.02894650027155876,
      0.030217856168746948,
      0.030109558254480362,
      0.02869967184960842,
      0.028707318007946014,
      0.029231036081910133,
      0.027260586619377136,
      0.02753516100347042,
      0.02651422657072544,
      0.02767913229763508,
      0.02652268297970295,
      0.02648569643497467,
      0.027370085939764977,
      0.026223763823509216,
      0.026410933583974838,
      0.025149937719106674,
      0.026520922780036926,
      0.024713991209864616,
      0.02607567422091961,
      0.024639004841446877,
      0.025490133091807365,
      0.023883208632469177,
      0.025165962055325508,
      0.024346306920051575,
      0.02503080852329731,
      0.024373603984713554,
      0.024809306487441063,
      0.02522864192724228,
      0.023755792528390884,
      0.02423623576760292,
      0.023912480100989342,
      0.024912040680646896,
      0.024311551824212074,
      0.02370774745941162,
      0.023600725457072258,
      0.02206045761704445,
      0.02424856647849083,
      0.023562267422676086,
      0.024199526757001877,
      0.023872973397374153,
      0.02332908846437931,
      0.023695863783359528,
      0.023958653211593628,
      0.02350899949669838,
      0.024248069152235985,
      0.023653384298086166,
      0.0242084302008152,
      0.023479009047150612,
      0.023746808990836143,
      0.02372516132891178,
      0.02314220555126667,
      0.023836839944124222,
      0.02351127564907074,
      0.023185785859823227,
      0.02337774634361267,
      0.02355337142944336,
      0.022754881531000137,
      0.02396007440984249,
      0.023232905194163322,
      0.02348862588405609,
      0.023418966680765152,
      0.023095978423953056,
      0.02313982881605625,
      0.023422719910740852,
      0.023713447153568268,
      0.023162618279457092,
      0.023248296231031418,
      0.022939711809158325,
      0.023117253556847572,
      0.022848190739750862,
      0.0232149176299572,
      0.022604312747716904,
      0.023241152986884117,
      0.023547224700450897,
      0.021935341879725456,
      0.022171970456838608,
      0.022430993616580963,
      0.02339080534875393,
      0.02334255911409855,
      0.02388392761349678,
      0.02257632091641426,
      0.022797690704464912,
      0.022407909855246544,
      0.022554896771907806,
      0.022273791953921318,
      0.022447774186730385,
      0.02218046598136425,
      0.02301311120390892,
      0.02177858166396618,
      0.022331932559609413,
      0.02184685878455639,
      0.02142353169620037,
      0.02179424650967121,
      0.023365020751953125,
      0.021889088675379753,
      0.02199273742735386,
      0.022295571863651276,
      0.022742342203855515,
      0.0218192245811224,
      0.02185305953025818,
      0.022913653403520584,
      0.02261485531926155,
      0.022521821781992912,
      0.021487455815076828,
      0.021696416661143303,
      0.021374361589550972,
      0.02183341048657894,
      0.021697890013456345,
      0.02156345173716545,
      0.02199336513876915,
      0.02113749086856842,
      0.021888023242354393,
      0.02090276964008808,
      0.020635267719626427,
      0.021972374990582466,
      0.02177608199417591,
      0.02121627889573574,
      0.021232325583696365,
      0.02036110870540142,
      0.020703941583633423,
      0.020845230668783188,
      0.021522192284464836,
      0.021103153005242348,
      0.019851837307214737,
      0.020205959677696228,
      0.020952096208930016,
      0.020460300147533417,
      0.020573938265442848,
      0.020952126011252403,
      0.021206621080636978,
      0.020515520125627518,
      0.019853318110108376,
      0.020475585013628006,
      0.0199029091745615,
      0.019961385056376457,
      0.020521795377135277,
      0.020172473043203354,
      0.02037726156413555,
      0.019841106608510017,
      0.02058381401002407,
      0.0202315766364336,
      0.01981489360332489,
      0.020227359607815742,
      0.0199870802462101,
      0.020596535876393318,
      0.02009700983762741,
      0.018969550728797913,
      0.019408192485570908,
      0.0194584671407938,
      0.019910268485546112,
      0.019844043999910355,
      0.019116142764687538,
      0.019251419231295586,
      0.019689802080392838,
      0.018726695328950882,
      0.01981751061975956,
      0.019068071618676186,
      0.019826829433441162,
      0.019023969769477844,
      0.019435303285717964,
      0.01923576556146145,
      0.01956474594771862,
      0.018588056787848473,
      0.019282443448901176,
      0.018261143937706947,
      0.01888582482933998,
      0.01904391311109066,
      0.019019950181245804,
      0.019227316603064537,
      0.01816846802830696,
      0.019303280860185623,
      0.018779201433062553,
      0.019181029871106148,
      0.019122254103422165,
      0.018872659653425217,
      0.018707511946558952,
      0.018463026732206345,
      0.018379515036940575,
      0.018727967515587807,
      0.017664149403572083,
      0.018641507253050804,
      0.018315300345420837,
      0.01824861951172352,
      0.018246367573738098,
      0.01884787157177925,
      0.018032239750027657,
      0.017444325610995293,
      0.01821063831448555,
      0.017635982483625412,
      0.018339764326810837,
      0.018464239314198494,
      0.01829342730343342,
      0.01707160845398903,
      0.0187697671353817,
      0.01858181320130825,
      0.018751703202724457,
      0.01845168136060238,
      0.01812708005309105,
      0.01819206401705742,
      0.018086345866322517,
      0.018557751551270485,
      0.01825542189180851,
      0.01851877197623253,
      0.018048280850052834,
      0.017949989065527916,
      0.01802065782248974,
      0.0174894779920578,
      0.01747366599738598,
      0.01790175586938858,
      0.01798432320356369,
      0.018657494336366653,
      0.017945565283298492,
      0.0180733073502779,
      0.01757015660405159,
      0.017398416996002197,
      0.01741493120789528,
      0.01775512844324112,
      0.017413899302482605,
      0.01741109788417816,
      0.01694915071129799,
      0.01615310087800026,
      0.017407311126589775,
      0.017414916306734085,
      0.018225712701678276,
      0.01711772195994854,
      0.017698902636766434,
      0.01740250736474991,
      0.01753302849829197,
      0.01710457168519497,
      0.017064088955521584,
      0.017865397036075592,
      0.01720549166202545,
      0.017391562461853027,
      0.016671201214194298,
      0.01702103205025196,
      0.016840793192386627,
      0.016794845461845398,
      0.01661832444369793,
      0.017704976722598076,
      0.01658490300178528,
      0.018169492483139038,
      0.016954069957137108,
      0.017288310453295708,
      0.016936495900154114,
      0.016569416970014572,
      0.017902472987771034,
      0.017518220469355583,
      0.016727207228541374,
      0.016852445900440216,
      0.01766352914273739,
      0.01696048118174076,
      0.018047014251351357,
      0.017336804419755936,
      0.01603027433156967,
