{
   "number_epochs": 500,
   "info_used": "use known only",
   "perc_full_data": 0.04,
   "n_epochs_no_selection": 0,
   "Frequency % cutoff": 0.33,
   "hidden_size": 32,
   "random_state": 7,
   "train_errors": [
      0.20338965952396393,
      0.11879605054855347,
      0.06087572127580643,
      0.03887636959552765,
      0.048410337418317795,
      0.059612780809402466,
      0.057272594422101974,
      0.0446186289191246,
      0.03745827078819275,
      0.034725040197372437,
      0.037963178008794785,
      0.039692703634500504,
      0.04077152535319328,
      0.040141064673662186,
      0.0380328968167305,
      0.03469844534993172,
      0.03310070559382439,
      0.031668391078710556,
      0.03226364776492119,
      0.03221014887094498,
      0.03174613043665886,
      0.030471287667751312,
      0.029156869277358055,
      0.028620457276701927,
      0.02746945433318615,
      0.026913361623883247,
      0.02651936188340187,
      0.025771670043468475,
      0.025541169568896294,
      0.025169624015688896,
      0.0245461817830801,
      0.024212682619690895,
      0.02527892030775547,
      0.023448891937732697,
      0.02530350349843502,
      0.024499978870153427,
      0.02446838468313217,
      0.02378646843135357,
      0.022683104500174522,
      0.02364523522555828,
      0.023849159479141235,
      0.02316902205348015,
      0.023398634046316147,
      0.02322530373930931,
      0.02312871813774109,
      0.02259691059589386,
      0.02347297966480255,
      0.023172656074166298,
      0.02257400006055832,
      0.023274077102541924,
      0.022799065336585045,
      0.02288132533431053,
      0.022212497889995575,
      0.02218496985733509,
      0.022859252989292145,
      0.023041749373078346,
      0.02209354005753994,
      0.022684575989842415,
      0.022556113079190254,
      0.02239762619137764,
      0.022261450067162514,
      0.02179795131087303,
      0.022079845890402794,
      0.022470669820904732,
      0.022682083770632744,
      0.02229626290500164,
      0.0229196734726429,
      0.021906591951847076,
      0.022116603329777718,
      0.02218709886074066,
      0.022075338289141655,
      0.02211182378232479,
      0.02162967063486576,
      0.021858731284737587,
      0.02173980325460434,
      0.02152310125529766,
      0.02212298847734928,
      0.022496452555060387,
      0.022062471136450768,
      0.02153748832643032,
      0.021694127470254898,
      0.02201179414987564,
      0.022300606593489647,
      0.022039566189050674,
      0.021073786541819572,
      0.021959910169243813,
      0.02191101759672165,
      0.021274864673614502,
      0.02177995629608631,
      0.021554775536060333,
      0.021025141701102257,
      0.021014919504523277,
      0.021543171256780624,
      0.021730203181505203,
      0.02158130332827568,
      0.021784361451864243,
      0.02100113406777382,
      0.021692899987101555,
      0.02118612825870514,
      0.02093091420829296,
      0.02170928381383419,
      0.021270444616675377,
      0.02145436406135559,
      0.022930078208446503,
      0.021492915228009224,
      0.02094409428536892,
      0.021718520671129227,
      0.021715685725212097,
      0.020621683448553085,
      0.02100563980638981,
      0.021670689806342125,
      0.021082976832985878,
      0.020994286984205246,
      0.020571092143654823,
      0.020573141053318977,
      0.0212204921990633,
      0.02010565809905529,
      0.021000707522034645,
      0.020529717206954956,
      0.020734339952468872,
      0.020921142771840096,
      0.021467603743076324,
      0.020888319239020348,
      0.021094441413879395,
      0.020595507696270943,
      0.0202516857534647,
      0.020126761868596077,
      0.0203219223767519,
      0.020114919170737267,
      0.020284172147512436,
      0.020337864756584167,
      0.020211175084114075,
      0.02028210274875164,
      0.020564189180731773,
      0.020542476326227188,
      0.01970226876437664,
      0.020344488322734833,
      0.019340815022587776,
      0.020100612193346024,
      0.0199965201318264,
      0.0202332753688097,
      0.019664594903588295,
      0.020018478855490685,
      0.019972361624240875,
      0.019800173118710518,
      0.019645584747195244,
      0.020273495465517044,
      0.01932944357395172,
      0.019929800182580948,
      0.020308734849095345,
      0.01997205801308155,
      0.01885632798075676,
      0.018846673890948296,
      0.01965295895934105,
      0.01999283768236637,
      0.019993728026747704,
      0.019794022664427757,
      0.019560880959033966,
      0.020021725445985794,
      0.018896454945206642,
      0.018923893570899963,
      0.018965234979987144,
      0.01994255557656288,
      0.019660156220197678,
      0.018478581681847572,
      0.019617317244410515,
      0.019355466589331627,
      0.019133957102894783,
      0.018961139023303986,
      0.019066492095589638,
      0.01891743205487728,
      0.020044932141900063,
      0.01922696642577648,
      0.019219836220145226,
      0.019161846488714218,
      0.0199501421302557,
      0.01807420514523983,
      0.018667303025722504,
      0.019595380872488022,
      0.019419189542531967,
      0.01918775402009487,
      0.018884649500250816,
      0.01910136267542839,
      0.01912163384258747,
      0.01912730559706688,
      0.01853395625948906,
      0.018624819815158844,
      0.01902020163834095,
      0.019171087071299553,
      0.018246596679091454,
      0.01847347803413868,
      0.019899029284715652,
      0.018663519993424416,
      0.01892038621008396,
      0.01966259628534317,
      0.01785634458065033,
      0.01841604709625244,
      0.018867861479520798,
      0.018207188695669174,
      0.019036350771784782,
      0.01839282736182213,
      0.019085172563791275,
      0.01892394758760929,
      0.018622366711497307,
      0.018424775451421738,
      0.017922477796673775,
      0.017919551581144333,
      0.01751812919974327,
      0.018248312175273895,
      0.0181839931756258,
      0.018514161929488182,
      0.01738809049129486,
      0.018137594684958458,
      0.01852457784116268,
      0.018578212708234787,
      0.017632197588682175,
      0.019121700897812843,
      0.01784340851008892,
      0.0183472391217947,
      0.017901301383972168,
      0.01776454783976078,
      0.018484843894839287,
      0.018370142206549644,
      0.017984895035624504,
      0.01793159358203411,
      0.01825280673801899,
      0.017479894682765007,
      0.017917675897479057,
      0.017719274386763573,
      0.017597543075680733,
      0.01783226616680622,
      0.01800127699971199,
      0.017178159207105637,
      0.017342397943139076,
      0.017007382586598396,
      0.01936221495270729,
      0.017479591071605682,
      0.01648651994764805,
      0.018386127427220345,
      0.01852303184568882,
      0.0171706210821867,
      0.01814553514122963,
      0.017544662579894066,
      0.01857968047261238,
      0.01683235913515091,
      0.017537208274006844,
      0.01712530292570591,
      0.01674690842628479,
      0.01816045120358467,
      0.01700965315103531,
      0.017781328409910202,
      0.017691906541585922,
      0.018033450469374657,
      0.017988217994570732,
      0.01809746026992798,
      0.017102064564824104,
      0.017257114872336388,
      0.017902953550219536,
      0.017099549993872643,
      0.017101438716053963,
      0.01679513230919838,
      0.0171637125313282,
      0.01729893870651722,
      0.01611987128853798,
      0.01695038005709648,
      0.017624929547309875,
      0.017021112143993378,
      0.01640333980321884,
      0.01647711917757988,
      0.017131609842181206,
      0.017719820141792297,
      0.01708417572081089,
      0.01633169874548912,
      0.016893422231078148,
      0.016373787075281143,
      0.01610678620636463,
      0.016789650544524193,
      0.01687302440404892,
      0.016594398766756058,
      0.017009681090712547,
      0.016489975154399872,
      0.016660775989294052,
