{
   "number_epochs": 500,
   "info_used": "use known only",
   "perc_full_data": 0.04,
   "n_epochs_no_selection": 0,
   "Frequency % cutoff": 0.33,
   "hidden_size": 32,
   "random_state": 0,
   "train_errors": [
      0.20156215131282806,
      0.1363202929496765,
      0.086783766746521,
      0.05234597623348236,
      0.04421985521912575,
      0.05271676182746887,
      0.059722788631916046,
      0.054826878011226654,
      0.04635999724268913,
      0.041233137249946594,
      0.03828304260969162,
      0.038231734186410904,
      0.03871466591954231,
      0.03894120454788208,
      0.03839024156332016,
      0.037218548357486725,
      0.035990193486213684,
      0.034444138407707214,
      0.03407052531838417,
      0.034058939665555954,
      0.034554239362478256,
      0.03444898501038551,
      0.03381381556391716,
      0.03406336158514023,
      0.03345390409231186,
      0.03290410339832306,
      0.03222068026661873,
      0.032017309218645096,
      0.03134116157889366,
      0.03137458488345146,
      0.03138900548219681,
      0.030370961874723434,
      0.03104701265692711,
      0.030089348554611206,
      0.030267585068941116,
      0.029958978295326233,
      0.029987797141075134,
      0.029155030846595764,
      0.02868296392261982,
      0.02851695753633976,
      0.028408152982592583,
      0.028195757418870926,
      0.027756456285715103,
      0.02667933702468872,
      0.027825793251395226,
      0.026979098096489906,
      0.026788121089339256,
      0.026759091764688492,
      0.026124507188796997,
      0.026018867269158363,
      0.026259243488311768,
      0.02586616761982441,
      0.02632388472557068,
      0.02574441023170948,
      0.025924840942025185,
      0.02647009678184986,
      0.025400839745998383,
      0.026235954836010933,
      0.024563757702708244,
      0.025732964277267456,
      0.0251420047134161,
      0.024950476363301277,
      0.025239108130335808,
      0.025713978335261345,
      0.024439800530672073,
      0.02495763823390007,
      0.024473106488585472,
      0.024709630757570267,
      0.02397143468260765,
      0.024540496990084648,
      0.02461921237409115,
      0.024922773241996765,
      0.0243065245449543,
      0.024173742160201073,
      0.023823723196983337,
      0.023775150999426842,
      0.02400781959295273,
      0.02380692958831787,
      0.02331462688744068,
      0.02384118176996708,
      0.02451263926923275,
      0.022934751585125923,
      0.023500312119722366,
      0.023468580096960068,
      0.023009885102510452,
      0.0231586042791605,
      0.023513564839959145,
      0.023254279047250748,
      0.022748146206140518,
      0.023178189992904663,
      0.0231744647026062,
      0.022214394062757492,
      0.022935442626476288,
      0.022677002474665642,
      0.022935889661312103,
      0.022953316569328308,
      0.02207491360604763,
      0.022343244403600693,
      0.021881969645619392,
      0.022100191563367844,
      0.022872542962431908,
      0.02277190610766411,
      0.022000450640916824,
      0.02259000390768051,
      0.02348342165350914,
      0.02191184274852276,
      0.023059219121932983,
      0.02191460132598877,
      0.021893395110964775,
      0.0218486487865448,
      0.022703172639012337,
      0.021942680701613426,
      0.022216537967324257,
      0.022303534671664238,
      0.02266778238117695,
      0.021093063056468964,
      0.022542431950569153,
      0.021349480375647545,
      0.02189374715089798,
      0.022410070523619652,
      0.022845499217510223,
      0.021388038992881775,
      0.02177310734987259,
      0.02173490822315216,
      0.021442566066980362,
      0.021914156153798103,
      0.02178899757564068,
      0.0226016566157341,
      0.02170325256884098,
      0.021866414695978165,
      0.02118409052491188,
      0.021995525807142258,
      0.021283933892846107,
      0.02119809202849865,
      0.021173547953367233,
      0.021325206384062767,
      0.022387666627764702,
      0.020821120589971542,
      0.021727846935391426,
      0.02129664644598961,
      0.02064637653529644,
      0.020847933366894722,
      0.021130463108420372,
      0.021268289536237717,
      0.021036524325609207,
      0.021741999313235283,
      0.021322444081306458,
      0.020904511213302612,
      0.020908845588564873,
      0.020704833790659904,
      0.021388227120041847,
      0.02125108800828457,
      0.020831838250160217,
      0.020676523447036743,
      0.02045902982354164,
      0.020952099934220314,
      0.02082766406238079,
      0.021531421691179276,
      0.020929833874106407,
      0.020669976249337196,
      0.02080855704843998,
      0.020092295482754707,
      0.019806958734989166,
      0.020389463752508163,
      0.020963706076145172,
      0.020531553775072098,
      0.020606936886906624,
      0.020067574456334114,
      0.02160252444446087,
      0.02004997804760933,
      0.019731974229216576,
      0.019816331565380096,
      0.02008410170674324,
      0.020072823390364647,
      0.020927561447024345,
      0.02035144716501236,
      0.019995618611574173,
      0.020827634260058403,
      0.019846796989440918,
      0.019472332671284676,
      0.02088404819369316,
      0.02052825130522251,
      0.019256819039583206,
      0.02104831486940384,
      0.019840708002448082,
      0.019718293100595474,
      0.019675349816679955,
      0.019518587738275528,
      0.020734652876853943,
      0.020282259210944176,
      0.020242247730493546,
      0.020213602110743523,
      0.020005911588668823,
      0.018823975697159767,
      0.01929878070950508,
      0.020010782405734062,
      0.019691381603479385,
      0.019488366320729256,
      0.019183075055480003,
      0.019906848669052124,
      0.019226865842938423,
      0.019624335691332817,
      0.019657516852021217,
      0.018958905711770058,
      0.02004079706966877,
      0.019561119377613068,
      0.01947016455233097,
      0.019435830414295197,
      0.019495945423841476,
      0.019072460010647774,
      0.019921358674764633,
      0.01904122345149517,
      0.018917599692940712,
      0.018910348415374756,
      0.01899142563343048,
      0.02032124437391758,
      0.01945699006319046,
      0.019295670092105865,
      0.01834915205836296,
      0.01919024996459484,
      0.019097909331321716,
      0.01898873969912529,
      0.018911201506853104,
      0.01899830438196659,
      0.019531063735485077,
      0.019548246636986732,
      0.018252596259117126,
      0.01927446573972702,
      0.018035704270005226,
      0.018369480967521667,
      0.01856066845357418,
      0.018787937238812447,
      0.018545465543866158,
      0.01919025182723999,
      0.018344052135944366,
      0.018040474504232407,
      0.0183735154569149,
      0.018668707460165024,
      0.017589500173926353,
      0.0179713387042284,
      0.018207166343927383,
      0.01766122505068779,
      0.018481357023119926,
      0.01870528608560562,
      0.017469175159931183,
      0.017903149127960205,
      0.018518570810556412,
      0.0192253477871418,
      0.018354708328843117,
      0.017686108127236366,
      0.01786923222243786,
      0.017745664343237877,
      0.017339540645480156,
      0.017660746350884438,
      0.01873994991183281,
      0.01759706437587738,
      0.018040357157588005,
      0.017706483602523804,
      0.017890427261590958,
      0.017750874161720276,
      0.01754618063569069,
      0.018040692433714867,
      0.0174641665071249,
      0.01841500774025917,
      0.017924612388014793,
      0.017689108848571777,
      0.01951885223388672,
      0.01818510703742504,
      0.017706619575619698,
      0.01746216230094433,
      0.016165591776371002,
      0.017221225425601006,
      0.01785605028271675,
      0.01785530522465706,
      0.01715526357293129,
      0.017240431159734726,
      0.017765555530786514,
      0.017201194539666176,
      0.017339268699288368,
      0.017334213480353355,
      0.017879771068692207,
      0.01701342687010765,
