{
   "number_epochs": 500,
   "info_used": "use known only",
   "perc_full_data": 0.04,
   "n_epochs_no_selection": 0,
   "Frequency % cutoff": 0.33,
   "hidden_size": 32,
   "random_state": 10,
   "train_errors": [
      0.23107315599918365,
      0.1317746341228485,
      0.06638146191835403,
      0.04407878220081329,
      0.05196916684508324,
      0.06435873359441757,
      0.061257846653461456,
      0.049264710396528244,
      0.03976592794060707,
      0.039017803966999054,
      0.03921998292207718,
      0.041459616273641586,
      0.041847631335258484,
      0.04250098764896393,
      0.040467943996191025,
      0.03721931576728821,
      0.034991972148418427,
      0.03515303507447243,
      0.03530874848365784,
      0.03462041914463043,
      0.03405715897679329,
      0.03475925698876381,
      0.03401158004999161,
      0.03257668390870094,
      0.03300991654396057,
      0.0334065780043602,
      0.03242826834321022,
      0.0328364223241806,
      0.030828388407826424,
      0.03148060292005539,
      0.030939856544137,
      0.030928049236536026,
      0.030823566019535065,
      0.0308490339666605,
      0.029387924820184708,
      0.03031030111014843,
      0.029135826975107193,
      0.02957572415471077,
      0.02896379679441452,
      0.028544172644615173,
      0.02855725586414337,
      0.028492236509919167,
      0.027182774618268013,
      0.028047660365700722,
      0.02831076830625534,
      0.027657130733132362,
      0.02771429345011711,
      0.02766975574195385,
      0.027306469157338142,
      0.02631824091076851,
      0.0273913387209177,
      0.026633523404598236,
      0.02760765701532364,
      0.026918737217783928,
      0.02581082656979561,
      0.02672700025141239,
      0.027318304404616356,
      0.026739563792943954,
      0.026754917576909065,
      0.025455912575125694,
      0.027097562327980995,
      0.026953337714076042,
      0.026182251051068306,
      0.025977784767746925,
      0.026659522205591202,
      0.025752585381269455,
      0.026535874232649803,
      0.025965778157114983,
      0.02674306556582451,
      0.026522407308220863,
      0.026337025687098503,
      0.026081690564751625,
      0.025607427582144737,
      0.02625969983637333,
      0.02565876580774784,
      0.02595691569149494,
      0.026495959609746933,
      0.025581389665603638,
      0.02524625137448311,
      0.02568572387099266,
      0.024922695010900497,
      0.025404365733265877,
      0.025513997301459312,
      0.026325058192014694,
      0.02587810717523098,
      0.024715542793273926,
      0.02555030770599842,
      0.025096099823713303,
      0.025736289098858833,
      0.025040213018655777,
      0.02525966241955757,
      0.024977171793580055,
      0.024774834513664246,
      0.024902038276195526,
      0.02551223710179329,
      0.024668190628290176,
      0.02499673143029213,
      0.02485649846494198,
      0.024928761646151543,
      0.024152275174856186,
      0.024433476850390434,
      0.02408498525619507,
      0.024149665609002113,
      0.024815155193209648,
      0.024382391944527626,
      0.024455055594444275,
      0.024215135723352432,
      0.02445744164288044,
      0.024382255971431732,
      0.02417956478893757,
      0.024236615747213364,
      0.02523134835064411,
      0.024715634062886238,
      0.024320829659700394,
      0.022709744051098824,
      0.024265237152576447,
      0.023541748523712158,
      0.023925062268972397,
      0.02392185665667057,
      0.023355619981884956,
      0.024157678708434105,
      0.02304903417825699,
      0.023076960816979408,
      0.023068848997354507,
      0.023806387558579445,
      0.02475849725306034,
      0.023659633472561836,
      0.02389269694685936,
      0.023097625002264977,
      0.023226873949170113,
      0.023121552541851997,
      0.023066921159625053,
      0.023141562938690186,
      0.023856380954384804,
      0.022416483610868454,
      0.02225237339735031,
      0.023146536201238632,
      0.022209636867046356,
      0.022037772461771965,
      0.02239968068897724,
      0.02234644629061222,
      0.02197425253689289,
      0.02195190265774727,
      0.021404752507805824,
      0.022348497062921524,
      0.022028746083378792,
      0.021642077714204788,
      0.021592294797301292,
      0.021767539903521538,
      0.021652355790138245,
      0.02110794000327587,
      0.021673737093806267,
      0.021459845826029778,
      0.020899023860692978,
      0.02158614993095398,
      0.022298503667116165,
      0.02186278998851776,
      0.02115716226398945,
      0.021983368322253227,
      0.021394673734903336,
      0.02099670097231865,
      0.021667951717972755,
      0.021296672523021698,
      0.02169615589082241,
      0.021177522838115692,
      0.021355414763092995,
      0.021258389577269554,
      0.020224187523126602,
      0.021215960383415222,
      0.02088221348822117,
      0.021115798503160477,
      0.020215172320604324,
      0.020882131531834602,
      0.020751893520355225,
      0.020576007664203644,
      0.020575132220983505,
      0.021188419312238693,
      0.02060498483479023,
      0.020195461809635162,
      0.020581722259521484,
      0.020158741623163223,
      0.020873554050922394,
      0.020966963842511177,
      0.019971417263150215,
      0.020997926592826843,
      0.020251553505659103,
      0.019266949966549873,
      0.02035854198038578,
      0.020352771505713463,
      0.021478261798620224,
      0.019904417917132378,
      0.020102836191654205,
      0.020436299964785576,
      0.019977746531367302,
      0.019849631935358047,
      0.019705690443515778,
      0.019496964290738106,
      0.01947648450732231,
      0.01956605352461338,
      0.02037425898015499,
      0.019996678456664085,
      0.01939878612756729,
      0.01960473693907261,
      0.01972607523202896,
      0.019081881269812584,
      0.019433964043855667,
      0.02009464055299759,
      0.019534723833203316,
      0.020099064335227013,
      0.01994534209370613,
      0.020586468279361725,
      0.018898289650678635,
      0.019432533532381058,
      0.01992255635559559,
      0.019470563158392906,
      0.019370611757040024,
      0.020522627979516983,
      0.019256606698036194,
      0.019137168303132057,
      0.019081737846136093,
      0.01914815418422222,
      0.019385695457458496,
      0.019928285852074623,
      0.01902342215180397,
      0.01944204419851303,
      0.019085625186562538,
      0.01922721415758133,
      0.018325582146644592,
      0.019096070900559425,
      0.018369421362876892,
      0.018610307946801186,
      0.01839972659945488,
      0.019455991685390472,
      0.020186571404337883,
      0.01833701692521572,
      0.018374815583229065,
      0.01925467513501644,
      0.01889706589281559,
      0.01938796229660511,
      0.0194588303565979,
      0.019088217988610268,
      0.01894066296517849,
      0.01860872283577919,
      0.018406294286251068,
      0.018645282834768295,
      0.01927255466580391,
      0.019693495705723763,
      0.018621167168021202,
      0.018307778984308243,
      0.01810499094426632,
      0.018731843680143356,
      0.018250327557325363,
      0.01886715553700924,
      0.02001618780195713,
      0.018845846876502037,
      0.01859281212091446,
      0.018344463780522346,
      0.01828707382082939,
      0.018238479271531105,
      0.018245326355099678,
      0.018319588154554367,
      0.019239062443375587,
      0.017928773537278175,
      0.01729477010667324,
      0.017878279089927673,
      0.01773483119904995,
      0.018463751301169395,
      0.01885974407196045,
      0.019034354016184807,
      0.01864204928278923,
      0.017699383199214935,
      0.018433038145303726,
      0.018818840384483337,
      0.018380500376224518,
      0.01825740747153759,
      0.017945529893040657,
      0.018956689164042473,
      0.0189287681132555,
      0.017699765041470528,
      0.01799030788242817,
      0.0185064859688282,
      0.017630569636821747,
