{
   "number_epochs": 500,
   "info_used": "use known only",
   "perc_full_data": 0.04,
   "n_epochs_no_selection": 0,
   "Frequency % cutoff": 0.33,
   "hidden_size": 32,
   "random_state": 8,
   "train_errors": [
      0.3962245285511017,
      0.3051350712776184,
      0.2267652302980423,
      0.15996457636356354,
      0.1063927635550499,
      0.06511428207159042,
      0.04597478732466698,
      0.046895645558834076,
      0.0597657710313797,
      0.0702706128358841,
      0.06298571079969406,
      0.04949888959527016,
      0.0419752411544323,
      0.0371515229344368,
      0.03713664785027504,
      0.03857184201478958,
      0.039525654166936874,
      0.03987275809049606,
      0.03829216957092285,
      0.034933388233184814,
      0.034192778170108795,
      0.03310640901327133,
      0.03328149393200874,
      0.032450925558805466,
      0.03195052221417427,
      0.03280986472964287,
      0.031058477237820625,
      0.030779613181948662,
      0.02942122332751751,
      0.029705997556447983,
      0.02848254144191742,
      0.02926236018538475,
      0.02833997830748558,
      0.02816544473171234,
      0.027631526812911034,
      0.027092795819044113,
      0.025917114689946175,
      0.02621287852525711,
      0.025579635053873062,
      0.026050036773085594,
      0.02587440237402916,
      0.025263527408242226,
      0.025801565498113632,
      0.025276361033320427,
      0.02537248097360134,
      0.025365814566612244,
      0.02423381246626377,
      0.024483203887939453,
      0.024485811591148376,
      0.024723391979932785,
      0.024476446211338043,
      0.024508949369192123,
      0.0242606271058321,
      0.024397622793912888,
      0.024367932230234146,
      0.023968329653143883,
      0.024292748421430588,
      0.024231603369116783,
      0.02374872751533985,
      0.023199375718832016,
      0.024209914728999138,
      0.024045951664447784,
      0.024202706292271614,
      0.023260274901986122,
      0.02387670986354351,
      0.023810023441910744,
      0.022745762020349503,
      0.02338329888880253,
      0.023383399471640587,
      0.02370823360979557,
      0.022497134283185005,
      0.023524465039372444,
      0.02327668108046055,
      0.023884788155555725,
      0.023050246760249138,
      0.023366713896393776,
      0.024328885599970818,
      0.022396797314286232,
      0.02304156683385372,
      0.023024212568998337,
      0.023166896775364876,
      0.023018253967165947,
      0.022751059383153915,
      0.022724574431777,
      0.0232173353433609,
      0.022409267723560333,
      0.022567778825759888,
      0.022832058370113373,
      0.02329315058887005,
      0.0230783112347126,
      0.022451629862189293,
      0.0226545799523592,
      0.02262224443256855,
      0.02203146182000637,
      0.021851107478141785,
      0.022195883095264435,
      0.021655771881341934,
      0.022033851593732834,
      0.0227963849902153,
      0.0216184351593256,
      0.022088438272476196,
      0.02156829833984375,
      0.022331245243549347,
      0.021873382851481438,
      0.022361716255545616,
      0.021558241918683052,
      0.021497437730431557,
      0.02164527401328087,
      0.02147803083062172,
      0.02198551967740059,
      0.021322691813111305,
      0.020545518025755882,
      0.021708102896809578,
      0.02163020335137844,
      0.021323218941688538,
      0.021270617842674255,
      0.021288864314556122,
      0.021234065294265747,
      0.02091524377465248,
      0.0219293050467968,
      0.02186366356909275,
      0.021333197131752968,
      0.02076740749180317,
      0.021252943202853203,
      0.0207294262945652,
      0.02105770818889141,
      0.021207064390182495,
      0.020409882068634033,
      0.02039017528295517,
      0.02007751539349556,
      0.020650964230298996,
      0.020285600796341896,
      0.02061205729842186,
      0.021280257031321526,
      0.019979385659098625,
      0.02080637961626053,
      0.02094789780676365,
      0.020726297050714493,
      0.019900953397154808,
      0.020662738010287285,
      0.019371064379811287,
      0.020315777510404587,
      0.020465997979044914,
      0.020247932523489,
      0.01949630118906498,
      0.02016681432723999,
      0.0199371799826622,
      0.01971530169248581,
      0.019662370905280113,
      0.019959334284067154,
      0.019653331488370895,
      0.019622696563601494,
      0.019799044355750084,
      0.020179452374577522,
      0.02053637057542801,
      0.019013460725545883,
      0.019959036260843277,
      0.019353678449988365,
      0.019366618245840073,
      0.019439036026597023,
      0.01938396506011486,
      0.019499149173498154,
      0.01967710256576538,
      0.01926838792860508,
      0.01874469965696335,
      0.019568851217627525,
      0.019118770956993103,
      0.018706481903791428,
      0.019283710047602654,
      0.01935010775923729,
      0.01887504942715168,
      0.01906786859035492,
      0.019198788329958916,
      0.019222138449549675,
      0.01986587978899479,
      0.020068524405360222,
      0.01845717988908291,
      0.01957867480814457,
      0.018741963431239128,
      0.01907637156546116,
      0.019224107265472412,
      0.01867898926138878,
      0.01968744769692421,
      0.01861368864774704,
      0.019635943695902824,
      0.019068459048867226,
      0.018101828172802925,
      0.01897796429693699,
      0.01847606524825096,
      0.019375037401914597,
      0.019863920286297798,
      0.018706822767853737,
      0.018580760806798935,
      0.019002988934516907,
      0.018477270379662514,
      0.018948104232549667,
      0.018451303243637085,
      0.01975334621965885,
      0.018056465312838554,
      0.01840784214437008,
      0.019367512315511703,
      0.018023239448666573,
      0.0190450269728899,
      0.01809445023536682,
      0.018892774358391762,
      0.01800246722996235,
      0.018445683643221855,
      0.018037697300314903,
      0.01829308271408081,
      0.018664449453353882,
      0.017946718260645866,
      0.01799815148115158,
      0.019471539184451103,
      0.0180119089782238,
      0.01863721013069153,
      0.01896757446229458,
      0.01905844360589981,
      0.018552524968981743,
      0.018535520881414413,
      0.017882857471704483,
      0.01903853565454483,
      0.018753880634903908,
      0.018904665485024452,
      0.018456213176250458,
      0.018394822254776955,
      0.018479973077774048,
      0.018362393602728844,
      0.01890788972377777,
      0.01834973134100437,
      0.01824222505092621,
      0.018918246030807495,
      0.0184069462120533,
      0.018786469474434853,
      0.01850067265331745,
      0.017742499709129333,
      0.017482325434684753,
      0.018514316529035568,
      0.018231559544801712,
      0.017793061211705208,
      0.018644170835614204,
      0.0189165398478508,
      0.018653608858585358,
      0.017987405881285667,
      0.01739693433046341,
      0.018063362687826157,
      0.018575118854641914,
      0.0190329197794199,
      0.0186049435287714,
      0.017774561420083046,
      0.01755482517182827,
      0.018591836094856262,
      0.017376992851495743,
      0.017580702900886536,
      0.018247419968247414,
      0.018388153985142708,
      0.018030794337391853,
      0.017928563058376312,
      0.017747066915035248,
      0.01799931935966015,
      0.017357228323817253,
      0.0181169044226408,
      0.018559817224740982,
      0.018040353432297707,
      0.017477449029684067,
      0.01740085519850254,
      0.0181420911103487,
      0.018824540078639984,
      0.019288545474410057,
      0.018114905804395676,
      0.018614578992128372,
      0.017996326088905334,
      0.01663697510957718,
      0.01773611642420292,
      0.01780461147427559,
      0.01820179633796215,
      0.01750226877629757,
      0.017316676676273346,
      0.017514631152153015,
      0.01790286973118782,
      0.01764470338821411,
      0.01719657890498638,
      0.01803390309214592,
      0.01713855192065239,
