{
   "number_epochs": 500,
   "info_used": "use known only",
   "perc_full_data": 0.04,
   "n_epochs_no_selection": 0,
   "Frequency % cutoff": 0.33,
   "hidden_size": 32,
   "random_state": 6,
   "train_errors": [
      0.2558203935623169,
      0.15471546351909637,
      0.08023756742477417,
      0.04145253077149391,
      0.04814935103058815,
      0.06729520112276077,
      0.06511866301298141,
      0.05214778333902359,
      0.040707845240831375,
      0.03721857815980911,
      0.03706560656428337,
      0.039496127516031265,
      0.03978511318564415,
      0.04008186236023903,
      0.0390712134540081,
      0.03552543744444847,
      0.03468634933233261,
      0.03318941965699196,
      0.033581171184778214,
      0.033406246453523636,
      0.03257615119218826,
      0.03183600679039955,
      0.0305989608168602,
      0.03028174489736557,
      0.0290374718606472,
      0.029534565284848213,
      0.02929660864174366,
      0.029001815244555473,
      0.02745516039431095,
      0.02789292111992836,
      0.027176806703209877,
      0.026120826601982117,
      0.026466522365808487,
      0.026843465864658356,
      0.026425423100590706,
      0.02579580433666706,
      0.02580585703253746,
      0.026210347190499306,
      0.025814257562160492,
      0.02615191601216793,
      0.025301111862063408,
      0.025172017514705658,
      0.025708328932523727,
      0.02550593577325344,
      0.024804478511214256,
      0.024845005944371223,
      0.02527495101094246,
      0.024787528440356255,
      0.02500213123857975,
      0.025135677307844162,
      0.02509181760251522,
      0.025317298248410225,
      0.02438187040388584,
      0.02492641471326351,
      0.024892987683415413,
      0.025199981406331062,
      0.025421127676963806,
      0.024656208232045174,
      0.024715527892112732,
      0.024584608152508736,
      0.025169430300593376,
      0.02422710321843624,
      0.024550193920731544,
      0.025459526106715202,
      0.024544203653931618,
      0.024118615314364433,
      0.024686628952622414,
      0.02473711222410202,
      0.023878300562500954,
      0.024181056767702103,
      0.023760296404361725,
      0.024487031623721123,
      0.02435535006225109,
      0.024558324366807938,
      0.02375744841992855,
      0.0241113118827343,
      0.023210207000374794,
      0.02348150871694088,
      0.02309539169073105,
      0.024214209988713264,
      0.023834094405174255,
      0.0237797349691391,
      0.02469794824719429,
      0.02364506386220455,
      0.023841822519898415,
      0.024283433333039284,
      0.024650348350405693,
      0.023556455969810486,
      0.023409226909279823,
      0.023605667054653168,
      0.023073114454746246,
      0.023104744032025337,
      0.022537358105182648,
      0.02261979877948761,
      0.023293226957321167,
      0.02287304773926735,
      0.023383663967251778,
      0.02288554236292839,
      0.02306770347058773,
      0.022923190146684647,
      0.022644151002168655,
      0.022854190319776535,
      0.023907432332634926,
      0.024125680327415466,
      0.02257479727268219,
      0.022391069680452347,
      0.023002343252301216,
      0.023585887625813484,
      0.022620704025030136,
      0.023195499554276466,
      0.022806065157055855,
      0.022591613233089447,
      0.022107817232608795,
      0.02286418341100216,
      0.02286337874829769,
      0.02200396917760372,
      0.022867390885949135,
      0.022172806784510612,
      0.022669343277812004,
      0.022234633564949036,
      0.021731961518526077,
      0.022367093712091446,
      0.022298943251371384,
      0.021798977628350258,
      0.02229815162718296,
      0.022468259558081627,
      0.021991552785038948,
      0.02147616632282734,
      0.022134967148303986,
      0.021905167028307915,
      0.022167615592479706,
      0.021566180512309074,
      0.021817410364747047,
      0.022473659366369247,
      0.02253217063844204,
      0.021999644115567207,
      0.021404806524515152,
      0.022063976153731346,
      0.022181127220392227,
      0.021959485486149788,
      0.022319352254271507,
      0.021746501326560974,
      0.021453671157360077,
      0.02122175134718418,
      0.022179564461112022,
      0.022227251902222633,
      0.021454930305480957,
      0.021547390148043633,
      0.021308092400431633,
      0.02161857858300209,
      0.02152850106358528,
      0.020649323239922523,
      0.019822541624307632,
      0.020635804161429405,
      0.021097924560308456,
      0.02085077576339245,
      0.021065838634967804,
      0.021468717604875565,
      0.021365782245993614,
      0.020972445607185364,
      0.021642712876200676,
      0.020987991243600845,
      0.021383866667747498,
      0.020582037046551704,
      0.021073022857308388,
      0.021210025995969772,
      0.02076072245836258,
      0.02089722640812397,
      0.021518979221582413,
      0.021391049027442932,
      0.02029437944293022,
      0.020598556846380234,
      0.02048112265765667,
      0.0209223423153162,
      0.020465506240725517,
      0.02039613388478756,
      0.0209539532661438,
      0.020953424274921417,
      0.020981350913643837,
      0.02093345671892166,
      0.020820584148168564,
      0.02101564221084118,
      0.02056780643761158,
      0.02171398513019085,
      0.020668957382440567,
      0.019982904195785522,
      0.0204232819378376,
      0.020648369565606117,
      0.020964300259947777,
      0.0206204354763031,
      0.020225202664732933,
      0.02115568518638611,
      0.020630545914173126,
      0.020509392023086548,
      0.020425332710146904,
      0.020419329404830933,
      0.020240088924765587,
      0.020267721265554428,
      0.020029420033097267,
      0.020133834332227707,
      0.019774220883846283,
      0.020244084298610687,
      0.020159849897027016,
      0.019642561674118042,
      0.020045675337314606,
      0.020515888929367065,
      0.019598212093114853,
      0.01952540874481201,
      0.020671088248491287,
      0.0200622770935297,
      0.02079719677567482,
      0.02015150897204876,
      0.019843637943267822,
      0.020473215728998184,
      0.02015146240592003,
      0.020179981365799904,
      0.020146502181887627,
      0.020445646718144417,
      0.019615188241004944,
      0.019434329122304916,
      0.019520847126841545,
      0.02011132799088955,
      0.02052193693816662,
      0.019870689138770103,
      0.019753769040107727,
      0.019630057737231255,
      0.01977735385298729,
      0.020513808354735374,
      0.019558914005756378,
      0.02097853273153305,
      0.020246846601366997,
      0.01953485980629921,
      0.01949460618197918,
      0.020291021093726158,
      0.01951383613049984,
      0.019417133182287216,
      0.019621193408966064,
      0.019881850108504295,
      0.01959504745900631,
      0.019816739484667778,
      0.02006218582391739,
      0.01992303691804409,
      0.0192466638982296,
      0.019129782915115356,
      0.01971958763897419,
      0.019841179251670837,
      0.019817102700471878,
      0.01999904215335846,
      0.019968681037425995,
      0.02069612219929695,
      0.019242998212575912,
      0.019238125532865524,
      0.019367191940546036,
      0.019252244383096695,
      0.01964527927339077,
      0.019434036687016487,
      0.018880140036344528,
      0.01954282447695732,
      0.019615942612290382,
      0.019754305481910706,
      0.019682882353663445,
      0.019810477271676064,
      0.019880210980772972,
      0.01935315877199173,
      0.01939038746058941,
      0.020409315824508667,
      0.0194846261292696,
      0.019420554861426353,
      0.019508572295308113,
      0.0188926812261343,
      0.019639434292912483,
      0.0193101167678833,
      0.019423052668571472,
      0.019522493705153465,
      0.019826211035251617,
      0.020195886492729187,
      0.019607121124863625,
      0.019153371453285217,
      0.018898744136095047,
      0.01940903253853321,
      0.019876856356859207,
      0.01847575418651104,
