{
   "number_epochs": 500,
   "info_used": "use known only",
   "perc_full_data": 0.04,
   "n_epochs_no_selection": 0,
   "Frequency % cutoff": 0.33,
   "hidden_size": 32,
   "random_state": 5,
   "train_errors": [
      0.3733620345592499,
      0.32043012976646423,
      0.27062129974365234,
      0.22373270988464355,
      0.17786018550395966,
      0.13422271609306335,
      0.09256431460380554,
      0.06211400777101517,
      0.046454057097435,
      0.05214374512434006,
      0.06089160963892937,
      0.06353507936000824,
      0.05774587392807007,
      0.048017099499702454,
      0.039725035429000854,
      0.03772985562682152,
      0.03680814802646637,
      0.036962468177080154,
      0.03788452222943306,
      0.036027029156684875,
      0.0351799838244915,
      0.033276256173849106,
      0.031359922140836716,
      0.0316397063434124,
      0.031416721642017365,
      0.03012738935649395,
      0.031214162707328796,
      0.030560201033949852,
      0.03023739531636238,
      0.029799025505781174,
      0.028278397396206856,
      0.02936124987900257,
      0.028626486659049988,
      0.02875060960650444,
      0.028149759396910667,
      0.028032129630446434,
      0.027686981484293938,
      0.027070866897702217,
      0.027083903551101685,
      0.027301505208015442,
      0.02692626416683197,
      0.026933373883366585,
      0.026675578206777573,
      0.027187837287783623,
      0.02612081542611122,
      0.025947853922843933,
      0.026509447023272514,
      0.02613797038793564,
      0.026027962565422058,
      0.025802485644817352,
      0.025237377732992172,
      0.026210766285657883,
      0.02537555992603302,
      0.025013603270053864,
      0.025524668395519257,
      0.02542094513773918,
      0.025833478197455406,
      0.02575397491455078,
      0.02450932376086712,
      0.02457614429295063,
      0.026153530925512314,
      0.024173201993107796,
      0.024575116112828255,
      0.024150369688868523,
      0.023907452821731567,
      0.023520804941654205,
      0.024292917922139168,
      0.02453959919512272,
      0.02431822568178177,
      0.023779038339853287,
      0.023125160485506058,
      0.02362813614308834,
      0.024287696927785873,
      0.0240334402769804,
      0.02399609424173832,
      0.02356964722275734,
      0.022889859974384308,
      0.02351650781929493,
      0.02325977198779583,
      0.02400268241763115,
      0.024152854457497597,
      0.02292083017528057,
      0.023077959194779396,
      0.023648859933018684,
      0.022889960557222366,
      0.02372216433286667,
      0.02250417321920395,
      0.022631747648119926,
      0.02328936569392681,
      0.022706108167767525,
      0.024109797552227974,
      0.022663654759526253,
      0.022661997005343437,
      0.022538520395755768,
      0.0231618732213974,
      0.022160613909363747,
      0.02311737649142742,
      0.022205982357263565,
      0.022031452506780624,
      0.021791057661175728,
      0.021857693791389465,
      0.02348659560084343,
      0.0226704403758049,
      0.022379295900464058,
      0.022141000255942345,
      0.022222334519028664,
      0.022397952154278755,
      0.022130588069558144,
      0.021479617804288864,
      0.02187216654419899,
      0.022014399990439415,
      0.021341707557439804,
      0.02210225723683834,
      0.021159891039133072,
      0.02215048298239708,
      0.021784890443086624,
      0.021934635937213898,
      0.021128317341208458,
      0.02135649509727955,
      0.02185969054698944,
      0.02114395797252655,
      0.02187236212193966,
      0.021060748025774956,
      0.021792544052004814,
      0.020822996273636818,
      0.02097388543188572,
      0.021760817617177963,
      0.021028028801083565,
      0.021833159029483795,
      0.020972417667508125,
      0.021305561065673828,
      0.020848870277404785,
      0.021800018846988678,
      0.020445290952920914,
      0.020591823384165764,
      0.020511837676167488,
      0.020425833761692047,
      0.021239064633846283,
      0.02054886519908905,
      0.01985837146639824,
      0.0206033643335104,
      0.021313734352588654,
      0.02046399936079979,
      0.020507512614130974,
      0.020576689392328262,
      0.0201526191085577,
      0.019713254645466805,
      0.021144680678844452,
      0.020247068256139755,
      0.021148208528757095,
      0.021033700555562973,
      0.01979842036962509,
      0.020392436534166336,
      0.01989028789103031,
      0.020012225955724716,
      0.0203863438218832,
      0.01939396746456623,
      0.019895873963832855,
      0.01998552680015564,
      0.0194636732339859,
      0.019748125225305557,
      0.01940174400806427,
      0.02024446614086628,
      0.019550994038581848,
      0.02008606307208538,
      0.020480642095208168,
      0.019358007237315178,
      0.01881980709731579,
      0.019662443548440933,
      0.018391666933894157,
      0.019526680931448936,
      0.018587149679660797,
      0.019695818424224854,
      0.019131507724523544,
      0.01998571678996086,
      0.019069276750087738,
      0.019116656854748726,
      0.01916765421628952,
      0.019009524956345558,
      0.018992794677615166,
      0.019745565950870514,
      0.01968783512711525,
      0.018598215654492378,
      0.018466416746377945,
      0.018662184476852417,
      0.01941174641251564,
      0.018877137452363968,
      0.018746038898825645,
      0.019138745963573456,
      0.018459731712937355,
      0.019278468564152718,
      0.017822911962866783,
      0.01889282837510109,
      0.018362758681178093,
      0.018592840060591698,
      0.017727576196193695,
      0.019875722005963326,
      0.018721019849181175,
      0.01925266906619072,
      0.019269784912467003,
      0.019023017957806587,
      0.019015414640307426,
      0.019950812682509422,
      0.017649516463279724,
      0.01930834725499153,
      0.01857539638876915,
      0.019062967970967293,
      0.019182858988642693,
      0.01905832625925541,
      0.01897946558892727,
      0.018355686217546463,
      0.018814601004123688,
      0.019067347049713135,
      0.01838776469230652,
      0.017828701063990593,
      0.017328709363937378,
      0.01844877190887928,
      0.017402468249201775,
      0.018835101276636124,
      0.018991274759173393,
      0.017984582111239433,
      0.018197573721408844,
      0.018291927874088287,
      0.017375493422150612,
      0.01786465011537075,
      0.018842024728655815,
      0.01774732768535614,
      0.01828799396753311,
      0.018455980345606804,
      0.01825689896941185,
      0.017605556175112724,
      0.0174757931381464,
      0.018178999423980713,
      0.01752426289021969,
      0.017922362312674522,
      0.017776018008589745,
      0.018410641700029373,
      0.017554961144924164,
      0.018364248797297478,
      0.017282553017139435,
      0.018548352643847466,
      0.017674358561635017,
      0.01812773384153843,
      0.017739402130246162,
      0.018738022074103355,
      0.01830226741731167,
      0.01877385377883911,
      0.017813947051763535,
      0.01776876300573349,
      0.018368706107139587,
      0.01845509000122547,
      0.01794535294175148,
      0.018118126317858696,
      0.01823672093451023,
      0.01864585094153881,
      0.018356768414378166,
      0.017551809549331665,
      0.017773842439055443,
      0.017698362469673157,
      0.019505575299263,
      0.017520129680633545,
      0.017048455774784088,
      0.01810317486524582,
      0.018375083804130554,
      0.01701096072793007,
      0.017618859186768532,
      0.017933830618858337,
      0.016836168244481087,
      0.018596524372696877,
      0.017359551042318344,
      0.017624925822019577,
      0.018224623054265976,
      0.01805894263088703,
      0.016888532787561417,
      0.01746780425310135,
      0.01741330698132515,
      0.016786187887191772,
      0.01754787005484104,
      0.01796085387468338,
      0.017810091376304626,
      0.016921181231737137,
      0.018088603392243385,
