{
   "number_epochs": 500,
   "info_used": "use known only",
   "perc_full_data": 0.04,
   "n_epochs_no_selection": 0,
   "Frequency % cutoff": 0.33,
   "hidden_size": 32,
   "random_state": 1,
   "train_errors": [
      0.5333306789398193,
      0.3784264922142029,
      0.252153605222702,
      0.15058854222297668,
      0.08112803846597672,
      0.0439290925860405,
      0.043036241084337234,
      0.06599316745996475,
      0.07577717304229736,
      0.06503951549530029,
      0.05324254184961319,
      0.03854135796427727,
      0.03442149981856346,
      0.035654470324516296,
      0.03782087191939354,
      0.039764996618032455,
      0.040180839598178864,
      0.03807086870074272,
      0.03541569039225578,
      0.03217773139476776,
      0.029974212870001793,
      0.030381053686141968,
      0.030301369726657867,
      0.030542509630322456,
      0.03057168610394001,
      0.029371382668614388,
      0.028474237769842148,
      0.02850779891014099,
      0.028342461213469505,
      0.029969574883580208,
      0.028481196612119675,
      0.02663755975663662,
      0.027164265513420105,
      0.026803018525242805,
      0.02651900053024292,
      0.02787686139345169,
      0.02731778472661972,
      0.026199035346508026,
      0.025806788355112076,
      0.02713860012590885,
      0.02551114931702614,
      0.025364989414811134,
      0.025234250351786613,
      0.025121614336967468,
      0.02484392188489437,
      0.025386586785316467,
      0.025033529847860336,
      0.025208333507180214,
      0.02515915408730507,
      0.02523939497768879,
      0.025292400270700455,
      0.02529805153608322,
      0.025446392595767975,
      0.02492736652493477,
      0.02548416331410408,
      0.02493273839354515,
      0.024505119770765305,
      0.024941038340330124,
      0.025235723704099655,
      0.024968236684799194,
      0.02470303326845169,
      0.025163749232888222,
      0.023741330951452255,
      0.023782415315508842,
      0.024658583104610443,
      0.02359696663916111,
      0.02355363592505455,
      0.023340297862887383,
      0.023358434438705444,
      0.02261262945830822,
      0.023266658186912537,
      0.024004686623811722,
      0.023941852152347565,
      0.022965162992477417,
      0.023280780762434006,
      0.02223254181444645,
      0.02249949797987938,
      0.02262491174042225,
      0.023378346115350723,
      0.022682158276438713,
      0.022979233413934708,
      0.023558350279927254,
      0.022755950689315796,
      0.02286713570356369,
      0.023272324353456497,
      0.022774437442421913,
      0.021684765815734863,
      0.022305769845843315,
      0.02354133501648903,
      0.022129623219370842,
      0.02236131951212883,
      0.022563859820365906,
      0.022113442420959473,
      0.02205565944314003,
      0.02275956980884075,
      0.02137741819024086,
      0.02241300791501999,
      0.021719401702284813,
      0.021507497876882553,
      0.02045290172100067,
      0.021904120221734047,
      0.021960709244012833,
      0.02135310508310795,
      0.021594738587737083,
      0.021817069500684738,
      0.020786458626389503,
      0.02174159325659275,
      0.021461309865117073,
      0.021777385845780373,
      0.02169698104262352,
      0.02194243110716343,
      0.0215259101241827,
      0.02112828567624092,
      0.02077529951930046,
      0.021248027682304382,
      0.020638806745409966,
      0.02116168476641178,
      0.021921375766396523,
      0.02095826342701912,
      0.020279722288250923,
      0.020988106727600098,
      0.020521920174360275,
      0.020256737247109413,
      0.020499296486377716,
      0.02043387107551098,
      0.02032439596951008,
      0.020519038662314415,
      0.021088814362883568,
      0.020286405459046364,
      0.020606009289622307,
      0.020126990973949432,
      0.020448384806513786,
      0.020069442689418793,
      0.020276159048080444,
      0.02035597339272499,
      0.020728357136249542,
      0.019846253097057343,
      0.02070397324860096,
      0.020871996879577637,
      0.019915318116545677,
      0.020513875409960747,
      0.020145507529377937,
      0.019345484673976898,
      0.019810751080513,
      0.020670177415013313,
      0.020017201080918312,
      0.0198983084410429,
      0.020019935443997383,
      0.019955137744545937,
      0.019950201734900475,
      0.019383415579795837,
      0.020451603457331657,
      0.020780030637979507,
      0.0200716033577919,
      0.019577639177441597,
      0.019114073365926743,
      0.019668925553560257,
      0.020162828266620636,
      0.01973074860870838,
      0.019577432423830032,
      0.019854789599776268,
      0.019736379384994507,
      0.01939547061920166,
      0.019382169470191002,
      0.019773684442043304,
      0.019234903156757355,
      0.019207805395126343,
      0.01949216239154339,
      0.019541224464774132,
      0.01938619092106819,
      0.018780307844281197,
      0.01897641085088253,
      0.01908865012228489,
      0.01947062276303768,
      0.01938311755657196,
      0.019064180552959442,
      0.018601318821310997,
      0.019506262615323067,
      0.01853097230195999,
      0.019301762804389,
      0.019892919808626175,
      0.018952883780002594,
      0.018979163840413094,
      0.018686071038246155,
      0.019098639488220215,
      0.019451750442385674,
      0.019753193482756615,
      0.0190743301063776,
      0.018586935475468636,
      0.018729837611317635,
      0.018892453983426094,
      0.018903454765677452,
      0.018047185614705086,
      0.01888284459710121,
      0.019160952419042587,
      0.017967449501156807,
      0.018353018909692764,
      0.018820280209183693,
      0.018679846078157425,
      0.018747398629784584,
      0.018923591822385788,
      0.018429027870297432,
      0.018212731927633286,
      0.018119126558303833,
      0.01831209845840931,
      0.018114006146788597,
      0.0184306800365448,
      0.01836739107966423,
      0.01870623044669628,
      0.01904492825269699,
      0.018346557393670082,
      0.018515057861804962,
      0.0182114876806736,
      0.018927138298749924,
      0.01877593994140625,
      0.018800118938088417,
      0.018059303984045982,
      0.018153870478272438,
      0.018837332725524902,
      0.01869976706802845,
      0.018436698243021965,
      0.018853822723031044,
      0.018510309979319572,
      0.018616482615470886,
      0.017488479614257812,
      0.01875999942421913,
      0.018287615850567818,
      0.018224580213427544,
      0.018292294815182686,
      0.017703555524349213,
      0.018117530271410942,
      0.01801844872534275,
      0.018628409132361412,
      0.0186623465269804,
      0.01840917579829693,
      0.017829015851020813,
      0.018202025443315506,
      0.017876669764518738,
      0.01835152506828308,
      0.01817493699491024,
      0.01798185706138611,
      0.0179757047444582,
      0.01850530132651329,
      0.018708955496549606,
      0.017844650894403458,
      0.017431827262043953,
      0.018362224102020264,
      0.018765876069664955,
      0.018269814550876617,
      0.01819068379700184,
      0.018044346943497658,
      0.0185440331697464,
      0.0184766948223114,
      0.01785445772111416,
      0.017535269260406494,
      0.018448319286108017,
      0.01801943965256214,
      0.017914216965436935,
      0.01829065941274166,
      0.017882460728287697,
      0.017817175015807152,
      0.018569065257906914,
      0.018309805542230606,
      0.01837310381233692,
      0.017605317756533623,
      0.017916707322001457,
      0.018325313925743103,
      0.018514035269618034,
      0.0184638574719429,
      0.017776984721422195,
      0.01683700457215309,
      0.017796142026782036,
      0.017556438222527504,
      0.01716543175280094,
      0.017780784517526627,
      0.018001766875386238,
      0.018385760486125946,
      0.017860421910881996,
      0.017696311697363853,
      0.017552988603711128,
      0.017603209242224693,
      0.017781564965844154,
