{
   "number_epochs": 500,
   "info_used": "use known only",
   "perc_full_data": 0.04,
   "n_epochs_no_selection": 0,
   "Frequency % cutoff": 0.33,
   "hidden_size": 32,
   "random_state": 4,
   "train_errors": [
      0.5118123888969421,
      0.38296225666999817,
      0.277100145816803,
      0.1901770383119583,
      0.11891123652458191,
      0.07300622761249542,
      0.06144331395626068,
      0.07595520466566086,
      0.09177953004837036,
      0.08731004595756531,
      0.07340645790100098,
      0.05949205905199051,
      0.050868742167949677,
      0.04923084378242493,
      0.048711635172367096,
      0.04847876355051994,
      0.04580041021108627,
      0.04364502429962158,
      0.04065152630209923,
      0.039102498441934586,
      0.03992084786295891,
      0.038240715861320496,
      0.037263188511133194,
      0.03603554889559746,
      0.036349065601825714,
      0.03450777381658554,
      0.03463849797844887,
      0.033532433211803436,
      0.03312128409743309,
      0.03247636929154396,
      0.03268909081816673,
      0.03106849268078804,
      0.03135549649596214,
      0.0303126759827137,
      0.0297677144408226,
      0.030054813250899315,
      0.029387857764959335,
      0.029158644378185272,
      0.02873094379901886,
      0.028332071378827095,
      0.028276462107896805,
      0.027488188818097115,
      0.02726857177913189,
      0.026178987696766853,
      0.026794906705617905,
      0.025999480858445168,
      0.026043858379125595,
      0.02596893161535263,
      0.025737497955560684,
      0.02473483234643936,
      0.02432245947420597,
      0.02454550750553608,
      0.02644926682114601,
      0.025873828679323196,
      0.023959370329976082,
      0.024738576263189316,
      0.024087049067020416,
      0.024017326533794403,
      0.02431066334247589,
      0.02482282929122448,
      0.025600511580705643,
      0.023965194821357727,
      0.023873787373304367,
      0.023970844224095345,
      0.02453775890171528,
      0.023206982761621475,
      0.023640869185328484,
      0.023869367316365242,
      0.02427171729505062,
      0.024446187540888786,
      0.024316057562828064,
      0.02444731630384922,
      0.023196540772914886,
      0.023870883509516716,
      0.02243228629231453,
      0.02362390235066414,
      0.02312072366476059,
      0.023407377302646637,
      0.02327885292470455,
      0.0224734116345644,
      0.023138750344514847,
      0.02303101122379303,
      0.022730711847543716,
      0.023697208613157272,
      0.023243818432092667,
      0.02264449931681156,
      0.022463375702500343,
      0.02257840521633625,
      0.021694157272577286,
      0.02292381227016449,
      0.02322228066623211,
      0.022162314504384995,
      0.022673800587654114,
      0.022999782115221024,
      0.021996548399329185,
      0.022353127598762512,
      0.022198671475052834,
      0.022315215319395065,
      0.02183191291987896,
      0.022227389737963676,
      0.02280574105679989,
      0.022778958082199097,
      0.022329088300466537,
      0.02169310301542282,
      0.022196797654032707,
      0.02172357402741909,
      0.022783737629652023,
      0.02213982678949833,
      0.020813770592212677,
      0.021437305957078934,
      0.02214881405234337,
      0.022787338122725487,
      0.020805489271879196,
      0.021652426570653915,
      0.02083345130085945,
      0.02220393717288971,
      0.021635737270116806,
      0.02170887030661106,
      0.022604811936616898,
      0.02214897610247135,
      0.021064400672912598,
      0.02170964516699314,
      0.02246028743684292,
      0.021190879866480827,
      0.021187731996178627,
      0.021515963599085808,
      0.021442338824272156,
      0.021942464634776115,
      0.02122291922569275,
      0.022417262196540833,
      0.02097068354487419,
      0.021220600232481956,
      0.020575087517499924,
      0.021066591143608093,
      0.02051963098347187,
      0.02153569459915161,
      0.02127320133149624,
      0.021576780825853348,
      0.02139088697731495,
      0.02082076668739319,
      0.021006722003221512,
      0.021267086267471313,
      0.021166684105992317,
      0.02088179439306259,
      0.02170754224061966,
      0.020426813513040543,
      0.020293166860938072,
      0.02059129998087883,
      0.02071063220500946,
      0.020128613337874413,
      0.02109397016465664,
      0.021173711866140366,
      0.020193010568618774,
      0.02021683193743229,
      0.020819921046495438,
      0.02039632387459278,
      0.020956451073288918,
      0.019961729645729065,
      0.02107631228864193,
      0.021349424496293068,
      0.020772989839315414,
      0.021279964596033096,
      0.020730311051011086,
      0.020549451932311058,
      0.020630965009331703,
      0.020576728507876396,
      0.021198049187660217,
      0.020644836127758026,
      0.02054692432284355,
      0.020306259393692017,
      0.021005909889936447,
      0.02014811895787716,
      0.02039584144949913,
      0.02028515748679638,
      0.019956661388278008,
      0.01998930238187313,
      0.020347965881228447,
      0.01988811604678631,
      0.02009632997214794,
      0.021141739562153816,
      0.020093200728297234,
      0.019525732845067978,
      0.020436212420463562,
      0.01945623755455017,
      0.01968134567141533,
      0.020071810111403465,
      0.021002722904086113,
      0.019837183877825737,
      0.020255884155631065,
      0.019871048629283905,
      0.01997428759932518,
      0.019319456070661545,
      0.01947157271206379,
      0.019983524456620216,
      0.019973864778876305,
      0.020064009353518486,
      0.02026105672121048,
      0.020232006907463074,
      0.01991133950650692,
      0.02050640992820263,
      0.019207976758480072,
      0.019655777141451836,
      0.019707689061760902,
      0.01996871456503868,
      0.019164517521858215,
      0.019318033009767532,
      0.020076317712664604,
      0.020169587805867195,
      0.019313203170895576,
      0.019079020246863365,
      0.01980079524219036,
      0.019554458558559418,
      0.01954006776213646,
      0.019821256399154663,
      0.01967308670282364,
      0.019813988357782364,
      0.019333036616444588,
      0.01905708760023117,
      0.019190024584531784,
      0.019262921065092087,
      0.01896614581346512,
      0.019850024953484535,
      0.0198668222874403,
      0.01960594393312931,
      0.019128765910863876,
      0.019454533234238625,
      0.019798077642917633,
      0.018632056191563606,
      0.019663788378238678,
      0.019181761890649796,
      0.018764879554510117,
      0.019473683089017868,
      0.01866251602768898,
      0.01936846785247326,
      0.019003544002771378,
      0.01931987702846527,
      0.018650224432349205,
      0.018921641632914543,
      0.0192140843719244,
      0.01911083422601223,
      0.019495414569973946,
      0.019605068489909172,
      0.01879722997546196,
      0.01878552883863449,
      0.019899403676390648,
      0.01852891407907009,
      0.018639404326677322,
      0.01824694685637951,
      0.01896829716861248,
      0.01943436823785305,
      0.018846765160560608,
      0.018525710329413414,
      0.01833919808268547,
      0.019022146239876747,
      0.01862550899386406,
      0.017803814262151718,
      0.01959278993308544,
      0.019146770238876343,
      0.018924981355667114,
      0.018548903986811638,
      0.018310531973838806,
      0.01798696629703045,
      0.019206451252102852,
      0.01806371472775936,
      0.019405392929911613,
      0.01849229261279106,
      0.018992453813552856,
      0.01808820478618145,
      0.018054356798529625,
      0.01744813285768032,
      0.01854460872709751,
      0.018647389486432076,
      0.018231412395834923,
      0.018728667870163918,
      0.018330052495002747,
      0.018368752673268318,
      0.01819773204624653,
      0.01827685907483101,
      0.018586276099085808,
      0.018393974751234055,
      0.019017456099390984,
      0.018074193969368935,
