{
   "number_epochs": 300,
   "info_used": "use known only",
   "perc_full_data": 0.3,
   "n_epochs_no_selection": 0,
   "Frequency % cutoff": 0.3,
   "hidden_size": 32,
   "random_state": 0,
   "train_errors": [
      0.0692095085978508,
      0.061879273504018784,
      0.05610771104693413,
      0.05163256824016571,
      0.05005331337451935,
      0.04831399768590927,
      0.04766008257865906,
      0.047327347099781036,
      0.045400455594062805,
      0.04395972192287445,
      0.04333055391907692,
      0.042496517300605774,
      0.041061095893383026,
      0.04013926908373833,
      0.039642371237277985,
      0.03811722621321678,
      0.03723781928420067,
      0.0362749882042408,
      0.035031020641326904,
      0.033466584980487823,
      0.031555235385894775,
      0.0321723148226738,
      0.030252473428845406,
      0.028815168887376785,
      0.027289284393191338,
      0.02668132819235325,
      0.024319453164935112,
      0.022538943216204643,
      0.02291164919734001,
      0.02212364226579666,
      0.020137108862400055,
      0.02039681188762188,
      0.01945066824555397,
      0.017198367044329643,
      0.01703636348247528,
      0.018048537895083427,
      0.01600705087184906,
      0.015780126675963402,
      0.017032677307724953,
      0.01581137254834175,
      0.014784351922571659,
      0.015708815306425095,
      0.013994080945849419,
      0.014955859631299973,
      0.014269944280385971,
      0.014221408404409885,
      0.014568847604095936,
      0.013864823617041111,
      0.012991567142307758,
      0.012859176844358444,
      0.012738805264234543,
      0.012298081070184708,
      0.013447231613099575,
      0.012278664857149124,
      0.011684387922286987,
      0.013059712015092373,
      0.011755282990634441,
      0.0119143296033144,
      0.012027221731841564,
      0.012433081865310669,
      0.011872902512550354,
      0.011920963414013386,
      0.011053494177758694,
      0.011261455714702606,
      0.011197436600923538,
      0.011640235781669617,
      0.01168648898601532,
      0.010393906384706497,
      0.0110775176435709,
      0.011220836080610752,
      0.010791939683258533,
      0.010605861432850361,
      0.01159150805324316,
      0.011077973060309887,
      0.010304166004061699,
      0.010269522666931152,
      0.010346568189561367,
      0.00983762089163065,
      0.010448028333485126,
      0.01113706175237894,
      0.01056163664907217,
      0.010223966091871262,
      0.010766081511974335,
      0.010137034580111504,
      0.010753144510090351,
      0.011316387914121151,
      0.009966522455215454,
      0.010102984495460987,
      0.010514214634895325,
      0.009133272804319859,
      0.00964714027941227,
      0.010003705509006977,
      0.009514979086816311,
      0.010043945163488388,
      0.010709919966757298,
      0.010069269686937332,
      0.009551594965159893,
      0.010556754656136036,
      0.010463192127645016,
      0.009565729647874832,
      0.010572869330644608,
      0.010045548900961876,
      0.009533441625535488,
      0.009858542121946812,
      0.009676140733063221,
      0.009992408566176891,
      0.008981207385659218,
      0.009245111607015133,
      0.009696167893707752,
      0.010458990931510925,
      0.010095982812345028,
      0.010011546313762665,
      0.010221443139016628,
      0.009998930618166924,
      0.010322644375264645,
      0.009147407487034798,
      0.01027208287268877,
      0.009213706478476524,
      0.00947695691138506,
      0.00877232663333416,
      0.008964239619672298,
      0.009603980928659439,
      0.009627478197216988,
      0.009532948955893517,
      0.008889492601156235,
      0.009260714054107666,
      0.008603869937360287,
      0.009039471857249737,
      0.009075753390789032,
      0.009273316711187363,
      0.009453105740249157,
      0.009153956547379494,
      0.008601855486631393,
      0.009000840596854687,
      0.009758880361914635,
      0.00925803929567337,
      0.009622853249311447,
      0.00986871775239706,
      0.009800706058740616,
      0.009762469679117203,
      0.010017337277531624,
      0.009518708102405071,
      0.009915977716445923,
      0.009156296961009502,
      0.009855109266936779,
      0.008915165439248085,
      0.008883007802069187,
      0.009059134870767593,
      0.00972735695540905,
      0.010489310137927532,
      0.009233021177351475,
      0.009481127373874187,
      0.00886087492108345,
      0.00868522934615612,
      0.009455124847590923,
      0.00939321517944336,
      0.009216408245265484,
      0.009986634366214275,
      0.009266995824873447,
      0.009143034927546978,
      0.00942350272089243,
      0.011061458848416805,
      0.009789100848138332,
      0.009441334754228592,
      0.008677229285240173,
      0.009263161569833755,
      0.009805243462324142,
      0.0091273607686162,
      0.008604095317423344,
      0.008888649754226208,
      0.009031694382429123,
      0.009280920960009098,
      0.008926807902753353,
      0.009134894236922264,
      0.008505328558385372,
      0.008887235075235367,
      0.009995732456445694,
      0.009332788176834583,
      0.009237261489033699,
      0.009009831584990025,
      0.008960448205471039,
      0.009718402288854122,
      0.008996905758976936,
      0.009365085512399673,
      0.009003870189189911,
      0.009867905639111996,
      0.009034950286149979,
      0.00844173040241003,
      0.009254895150661469,
      0.00871305912733078,
      0.008830289356410503,
      0.00895540602505207,
      0.00857577659189701,
      0.008567244745790958,
      0.008431834168732166,
      0.009225672110915184,
      0.009382781572639942,
      0.009040280245244503,
      0.00921687949448824,
      0.00941082090139389,
      0.009011290036141872,
      0.009563202038407326,
      0.009511582553386688,
      0.008240207098424435,
      0.009140737354755402,
      0.008628387935459614,
      0.009769496507942677,
      0.009102982468903065,
      0.009414242580533028,
      0.009389710612595081,
      0.009228341281414032,
      0.00949646532535553,
      0.009171082638204098,
      0.009018474258482456,
      0.009338116273283958,
      0.008538118563592434,
      0.009488608688116074,
      0.008764768950641155,
      0.009595868177711964,
      0.009564359672367573,
      0.008946984075009823,
      0.008803872391581535,
      0.008840684778988361,
      0.008483188226819038,
      0.008692756295204163,
      0.008900036104023457,
      0.008997063152492046,
      0.008437377400696278,
      0.009579901583492756,
      0.008940907195210457,
      0.00865115225315094,
      0.00931793637573719,
      0.009212649427354336,
      0.008381274528801441,
      0.00843858066946268,
      0.008472075685858727,
      0.00920732133090496,
      0.008858618326485157,
      0.010252267122268677,
      0.009283998981118202,
      0.009322882629930973,
      0.009443228133022785,
      0.008541865274310112,
      0.008732754737138748,
      0.008958891965448856,
      0.009097279980778694,
      0.009213336743414402,
      0.009045073762536049,
      0.00869967881590128,
      0.00862293690443039,
      0.008360812440514565,
      0.008978241123259068,
      0.009650681167840958,
      0.009935232810676098,
      0.009545931592583656,
      0.00955984927713871,
      0.008883794769644737,
      0.008781728334724903,
      0.009157498367130756,
      0.009207314811646938,
      0.009566513821482658,
      0.008951310999691486,
      0.008772575296461582,
      0.009216698817908764,
      0.00939088687300682,
      0.008996661752462387,
      0.008960863575339317,
      0.009161883033812046,
      0.009032918140292168,
      0.008929646573960781,
      0.009941302239894867,
      0.008454050868749619,
      0.009056744165718555,
      0.008716929703950882,
      0.009149273857474327,
      0.009424183517694473,
      0.00941025372594595,
      0.009421705268323421,
      0.008534878492355347,
      0.00918087363243103,
