{
   "number_epochs": 300,
   "info_used": "use known only",
   "perc_full_data": 0.3,
   "n_epochs_no_selection": 0,
   "Frequency % cutoff": 0.3,
   "hidden_size": 32,
   "random_state": 5,
   "train_errors": [
      0.04957450553774834,
      0.048276402056217194,
      0.04707600548863411,
      0.045884449034929276,
      0.044101785868406296,
      0.04278910532593727,
      0.041403576731681824,
      0.03904780372977257,
      0.03774937242269516,
      0.0360691212117672,
      0.03326514735817909,
      0.031354278326034546,
      0.02941282093524933,
      0.027544569224119186,
      0.026226941496133804,
      0.02529267407953739,
      0.023583147674798965,
      0.022769257426261902,
      0.02137335203588009,
      0.021123964339494705,
      0.01976892352104187,
      0.01953793317079544,
      0.018896300345659256,
      0.017972733825445175,
      0.01836445741355419,
      0.016939233988523483,
      0.017256543040275574,
      0.017552711069583893,
      0.016726631671190262,
      0.016819240525364876,
      0.016618210822343826,
      0.016665160655975342,
      0.015888914465904236,
      0.015479817055165768,
      0.014448875561356544,
      0.015416058711707592,
      0.015353619121015072,
      0.014569493010640144,
      0.014485018327832222,
      0.014898532070219517,
      0.013899062760174274,
      0.013654228299856186,
      0.013198700733482838,
      0.01318497583270073,
      0.01427464559674263,
      0.012572788633406162,
      0.013135162182152271,
      0.01254814863204956,
      0.01324947364628315,
      0.013361928053200245,
      0.012469538487493992,
      0.012683144770562649,
      0.012368426658213139,
      0.012296677567064762,
      0.012061210349202156,
      0.01240418292582035,
      0.011495365761220455,
      0.01264658011496067,
      0.01181818451732397,
      0.011322111822664738,
      0.011174453422427177,
      0.012421938590705395,
      0.011997725814580917,
      0.012365581467747688,
      0.011358746327459812,
      0.011042582802474499,
      0.011654257774353027,
      0.011198070831596851,
      0.011370871216058731,
      0.011371111497282982,
      0.011378716677427292,
      0.01132221706211567,
      0.010709892958402634,
      0.010855847038328648,
      0.010533344000577927,
      0.011020544916391373,
      0.010978310368955135,
      0.01022669393569231,
      0.011609005741775036,
      0.011344216763973236,
      0.010845310986042023,
      0.011044571176171303,
      0.010696659795939922,
      0.010473617352545261,
      0.011154701933264732,
      0.010163967497646809,
      0.011015525087714195,
      0.011102214455604553,
      0.010184190236032009,
      0.01024178322404623,
      0.010482382960617542,
      0.010310837998986244,
      0.010734512470662594,
      0.01002588402479887,
      0.010693696327507496,
      0.011274994350969791,
      0.009939580224454403,
      0.010215941816568375,
      0.009751076810061932,
      0.010432379320263863,
      0.010703017003834248,
      0.01020730473101139,
      0.01074254885315895,
      0.010377424769103527,
      0.01029458548873663,
      0.010149914771318436,
      0.010405688546597958,
      0.010287420824170113,
      0.01003292202949524,
      0.010730242356657982,
      0.010474784299731255,
      0.010411074385046959,
      0.010378613136708736,
      0.009637365117669106,
      0.01027318648993969,
      0.009941712021827698,
      0.009673970751464367,
      0.009997470304369926,
      0.010981487110257149,
      0.00957860704511404,
      0.01064820121973753,
      0.009340649470686913,
      0.009989198297262192,
      0.010550820268690586,
      0.010687381960451603,
      0.01002473384141922,
      0.009741652756929398,
      0.009579529985785484,
      0.010053159669041634,
      0.009381730109453201,
      0.009890852496027946,
      0.009905259124934673,
      0.009370933286845684,
      0.009987412951886654,
      0.010002341121435165,
      0.010081135667860508,
      0.01063748262822628,
      0.009695107117295265,
      0.008888663724064827,
      0.010159693658351898,
      0.01033881027251482,
      0.009795151650905609,
      0.010048315860331059,
      0.010242123156785965,
      0.009579774923622608,
      0.01005144976079464,
      0.00961359404027462,
      0.009241332300007343,
      0.010306541807949543,
      0.009266884066164494,
      0.009511535055935383,
      0.009377320297062397,
      0.009190544486045837,
      0.009829345159232616,
      0.008924915455281734,
      0.009192226454615593,
      0.009099666029214859,
      0.009711259044706821,
      0.009410087019205093,
      0.009313282556831837,
      0.00915872398763895,
      0.00946084689348936,
      0.009236391633749008,
      0.009234298020601273,
      0.009624677710235119,
      0.010086688213050365,
      0.008907582610845566,
      0.00986440572887659,
      0.009774947538971901,
      0.010414359159767628,
      0.009257134981453419,
      0.008969772607088089,
      0.0088661415502429,
      0.009088478982448578,
      0.00961272232234478,
      0.009433655068278313,
      0.00936752837151289,
      0.00993383675813675,
      0.009297908283770084,
      0.009301840327680111,
      0.009553484618663788,
      0.00927631463855505,
      0.00995559524744749,
      0.008959473110735416,
      0.009705407544970512,
      0.009497610852122307,
      0.009710808284580708,
      0.008663009852170944,
      0.00938099343329668,
      0.009490907192230225,
      0.01040943618863821,
      0.00868135690689087,
      0.008880075998604298,
      0.00906904973089695,
      0.009827089495956898,
      0.0094751650467515,
      0.008883173577487469,
      0.009049059823155403,
      0.009759963490068913,
      0.009440431371331215,
      0.009537541307508945,
      0.008835414424538612,
      0.009031547233462334,
      0.0087791932746768,
      0.009087316691875458,
      0.0091314148157835,
      0.009737644344568253,
      0.008659817278385162,
      0.009866652078926563,
      0.009642784483730793,
      0.008839087560772896,
      0.009760988876223564,
      0.00940931960940361,
      0.009038357995450497,
      0.009722255170345306,
      0.00914950855076313,
      0.00898618996143341,
      0.00920689757913351,
      0.008807362988591194,
      0.00891862902790308,
      0.00914009753614664,
      0.008474833332002163,
      0.009273671545088291,
      0.009619032964110374,
      0.0094918766990304,
      0.009257529862225056,
      0.009234724566340446,
      0.008816162124276161,
      0.008335643447935581,
      0.009244692511856556,
      0.008589129894971848,
      0.00926968827843666,
      0.00975118950009346,
      0.008341475389897823,
      0.009324854239821434,
      0.009055828675627708,
      0.00836392492055893,
      0.009438643231987953,
      0.009075934998691082,
      0.009296895004808903,
      0.009610310196876526,
      0.008928007446229458,
      0.008820454590022564,
      0.008414043113589287,
      0.009316867217421532,
      0.008267519064247608,
      0.009499275125563145,
      0.009734808467328548,
      0.008536206558346748,
      0.009474165737628937,
      0.009437553584575653,
      0.008646486327052116,
      0.008863975293934345,
      0.009439810179173946,
      0.008943421766161919,
      0.008686061948537827,
      0.009321038611233234,
      0.00898807030171156,
      0.00909069087356329,
      0.008143425919115543,
      0.009275677613914013,
      0.009173016995191574,
      0.008619964122772217,
      0.009142656810581684,
      0.008912025019526482,
      0.008818993344902992,
      0.008826577104628086,
      0.008750343695282936,
      0.008914955891668797,
      0.00920221209526062,
      0.009282605722546577,
      0.008448549546301365,
      0.009471530094742775,
      0.008666600100696087,
      0.008121727965772152,
      0.009020522236824036,
      0.00863610114902258,
      0.00919764768332243,
      0.008893514983355999,
      0.008599065244197845,
