{
   "number_epochs": 300,
   "info_used": "use known only",
   "perc_full_data": 0.3,
   "n_epochs_no_selection": 0,
   "Frequency % cutoff": 0.3,
   "hidden_size": 32,
   "random_state": 9,
   "train_errors": [
      0.18596692383289337,
      0.16760490834712982,
      0.15188005566596985,
      0.13755016028881073,
      0.12445496022701263,
      0.11278446018695831,
      0.10179942846298218,
      0.09189746528863907,
      0.08298204839229584,
      0.07475384324789047,
      0.06875625252723694,
      0.06476752460002899,
      0.06255625933408737,
      0.06118988245725632,
      0.060356516391038895,
      0.0579158179461956,
      0.055728729814291,
      0.054746486246585846,
      0.05256801098585129,
      0.050934311002492905,
      0.049532100558280945,
      0.04704638943076134,
      0.04640303552150726,
      0.04430615156888962,
      0.042908910661935806,
      0.04157441854476929,
      0.03962695226073265,
      0.0381305031478405,
      0.03750864416360855,
      0.03631449490785599,
      0.03510642051696777,
      0.03282244876027107,
      0.033449284732341766,
      0.031636252999305725,
      0.030052756890654564,
      0.027840621769428253,
      0.02829357422888279,
      0.026762735098600388,
      0.02590928040444851,
      0.02464357204735279,
      0.024449439719319344,
      0.023076506331562996,
      0.023171845823526382,
      0.022180281579494476,
      0.022678397595882416,
      0.02065451070666313,
      0.02025923877954483,
      0.01960291713476181,
      0.019386230036616325,
      0.0186600498855114,
      0.018821196630597115,
      0.020530149340629578,
      0.02003939263522625,
      0.018854882568120956,
      0.01870093308389187,
      0.018482834100723267,
      0.018200011923909187,
      0.017822518944740295,
      0.017152344807982445,
      0.017391039058566093,
      0.01751663163304329,
      0.017817649990320206,
      0.017301607877016068,
      0.015410071238875389,
      0.017064254730939865,
      0.01670132204890251,
      0.016771528869867325,
      0.016639981418848038,
      0.016645286232233047,
      0.016459455713629723,
      0.016181588172912598,
      0.016704730689525604,
      0.016248758882284164,
      0.015394478105008602,
      0.01569293811917305,
      0.015556198544800282,
      0.01571721024811268,
      0.014650195837020874,
      0.014800358563661575,
      0.017099304124712944,
      0.014502177946269512,
      0.01536913774907589,
      0.014739322476089,
      0.013875423930585384,
      0.0139752933755517,
      0.015665404498577118,
      0.015010030008852482,
      0.014500251039862633,
      0.014561831019818783,
      0.014399356208741665,
      0.014291886240243912,
      0.013746083714067936,
      0.013594181276857853,
      0.013622699305415154,
      0.014019124209880829,
      0.013782313093543053,
      0.014724384061992168,
      0.013399064540863037,
      0.013666030019521713,
      0.01433640532195568,
      0.013995526358485222,
      0.013773678801953793,
      0.0142887644469738,
      0.013666142709553242,
      0.01398566085845232,
      0.01300760731101036,
      0.013630316592752934,
      0.014510142616927624,
      0.013633986003696918,
      0.013068011030554771,
      0.01277188491076231,
      0.012426169589161873,
      0.014043226838111877,
      0.013751675374805927,
      0.012356427498161793,
      0.014314181171357632,
      0.013503418304026127,
      0.013202625326812267,
      0.012962356209754944,
      0.011647414416074753,
      0.014571011066436768,
      0.012947470881044865,
      0.014008334837853909,
      0.013905522413551807,
      0.012780213728547096,
      0.012852353043854237,
      0.012912830337882042,
      0.013301036320626736,
      0.0131384851410985,
      0.012619114480912685,
      0.01382159162312746,
      0.013797225430607796,
      0.013545583002269268,
      0.01302185095846653,
      0.012361790053546429,
      0.01345987617969513,
      0.013097605668008327,
      0.013192614540457726,
      0.012572151608765125,
      0.014245119877159595,
      0.012522622011601925,
      0.013123932294547558,
      0.01330613624304533,
      0.01276230625808239,
      0.01306886225938797,
      0.014557212591171265,
      0.013056210242211819,
      0.011854712851345539,
      0.012998928315937519,
      0.013309353962540627,
      0.013200419954955578,
      0.012478028424084187,
      0.012401137501001358,
      0.01359694916754961,
      0.013023083098232746,
      0.01256126444786787,
      0.01186381559818983,
      0.013375476002693176,
      0.013183715753257275,
      0.012741371057927608,
      0.012809520587325096,
      0.012926880270242691,
      0.013142531737685204,
      0.012921994552016258,
      0.013162735849618912,
      0.013075238093733788,
      0.013921634294092655,
      0.012203671038150787,
      0.012594734318554401,
      0.013306178152561188,
      0.013321422971785069,
      0.01211974024772644,
      0.012436410412192345,
      0.012382256798446178,
      0.012915241532027721,
      0.011855940334498882,
      0.01339571364223957,
      0.013356594368815422,
      0.011983341537415981,
      0.012574763037264347,
      0.012142160907387733,
      0.012440047226846218,
      0.013106427155435085,
      0.012575055472552776,
      0.011907477863132954,
      0.01274274755269289,
      0.013048880733549595,
      0.011649367399513721,
      0.01266484148800373,
      0.01254167128354311,
      0.012557074427604675,
      0.011788120493292809,
      0.012682621367275715,
      0.012994229793548584,
      0.012641998939216137,
      0.012273608706891537,
      0.01244323793798685,
      0.012902882881462574,
      0.011857419274747372,
      0.012935484759509563,
      0.01183424424380064,
      0.011372450739145279,
      0.012573464773595333,
      0.012306727468967438,
      0.012461978010833263,
      0.012186391279101372,
      0.011271302588284016,
      0.012952580116689205,
      0.012960094958543777,
      0.011772970668971539,
      0.012950034812092781,
      0.01225725281983614,
      0.012085345573723316,
      0.011763370595872402,
      0.012287390418350697,
      0.01244364958256483,
      0.011762904934585094,
      0.013229968026280403,
      0.012238163501024246,
      0.01176852360367775,
      0.012049572542309761,
      0.011699318885803223,
      0.011639953590929508,
      0.011077065020799637,
      0.011747512966394424,
      0.012175806798040867,
      0.012120052240788937,
      0.011915328912436962,
      0.01220474112778902,
      0.011645697988569736,
      0.01274543721228838,
      0.012618446722626686,
      0.011691056191921234,
      0.012588653713464737,
      0.011912220157682896,
      0.011698730289936066,
      0.01154137309640646,
      0.014156421646475792,
      0.010992266237735748,
      0.012974387034773827,
      0.012559001334011555,
      0.012455033138394356,
      0.011718139983713627,
      0.012388973496854305,
      0.012999942526221275,
      0.011669555678963661,
      0.011314483359456062,
      0.012274523265659809,
      0.012382226064801216,
      0.012069779448211193,
      0.011967894621193409,
      0.012365358881652355,
      0.012593518011271954,
      0.01209478359669447,
      0.011497036553919315,
      0.012190996669232845,
      0.012874423526227474,
      0.012301632203161716,
      0.012392318807542324,
      0.011751648969948292,
      0.011695907451212406,
      0.011503306217491627,
      0.0117958914488554,
      0.012649995274841785,
      0.01286324393004179,
      0.012399673461914062,
      0.012117053382098675,
      0.011434532701969147,
      0.012287466786801815,
      0.012312286533415318,
      0.012246674858033657,
      0.012128246948122978,
      0.012687722221016884,
      0.012219500727951527,
      0.012104342691600323,
      0.012042918242514133,
      0.01182553917169571,
      0.011954938061535358,
      0.011966964229941368,
      0.011917702853679657,
      0.012279587797820568,
