{
   "number_epochs": 300,
   "info_used": "use known only",
   "perc_full_data": 0.3,
   "n_epochs_no_selection": 0,
   "Frequency % cutoff": 0.3,
   "hidden_size": 32,
   "random_state": 13,
   "train_errors": [
      0.072413370013237,
      0.06599042564630508,
      0.06232749670743942,
      0.05993536487221718,
      0.058386098593473434,
      0.0566352941095829,
      0.05551295354962349,
      0.054666727781295776,
      0.053239256143569946,
      0.052192673087120056,
      0.050376515835523605,
      0.049704410135746,
      0.047475554049015045,
      0.046500883996486664,
      0.04403055086731911,
      0.04241502285003662,
      0.04023783653974533,
      0.03994058817625046,
      0.03661105036735535,
      0.03444570675492287,
      0.0330512598156929,
      0.030153321102261543,
      0.03042474389076233,
      0.028447067365050316,
      0.02727508544921875,
      0.02591683156788349,
      0.02501123957335949,
      0.023212065920233727,
      0.02314496412873268,
      0.021618980914354324,
      0.02113916166126728,
      0.021501274779438972,
      0.020598141476511955,
      0.019317815080285072,
      0.02059340849518776,
      0.019528450444340706,
      0.020710721611976624,
      0.01785089820623398,
      0.01925819180905819,
      0.017741594463586807,
      0.01780359447002411,
      0.017055125907063484,
      0.018178818747401237,
      0.01823381520807743,
      0.017801355570554733,
      0.018931716680526733,
      0.016685213893651962,
      0.017776764929294586,
      0.018439287319779396,
      0.017812451347708702,
      0.016381677240133286,
      0.017312422394752502,
      0.017527254298329353,
      0.016810769215226173,
      0.016135897487401962,
      0.016636500135064125,
      0.017062079161405563,
      0.016094259917736053,
      0.016517629846930504,
      0.015736084431409836,
      0.016214987263083458,
      0.016157759353518486,
      0.015500904060900211,
      0.015538119710981846,
      0.01625952683389187,
      0.016252510249614716,
      0.01527458243072033,
      0.015778714790940285,
      0.015479346737265587,
      0.014995923265814781,
      0.015800904482603073,
      0.01675465889275074,
      0.015283347107470036,
      0.015861695632338524,
      0.014436641708016396,
      0.01458513643592596,
      0.014643252827227116,
      0.015216869302093983,
      0.015313527546823025,
      0.014937450177967548,
      0.014698776416480541,
      0.015968695282936096,
      0.015313896350562572,
      0.013762718066573143,
      0.014579073525965214,
      0.014483796432614326,
      0.015362045727670193,
      0.015598895959556103,
      0.0145358731970191,
      0.015049275010824203,
      0.014480187557637691,
      0.014787754975259304,
      0.01491265743970871,
      0.015323981642723083,
      0.013803119771182537,
      0.014492936432361603,
      0.013445175252854824,
      0.014422114938497543,
      0.01474143099039793,
      0.01438197586685419,
      0.015133155509829521,
      0.014399910345673561,
      0.014311310835182667,
      0.014414253644645214,
      0.013935288414359093,
      0.01428936142474413,
      0.013988441787660122,
      0.013984506018459797,
      0.016155894845724106,
      0.01500063668936491,
      0.015143175609409809,
      0.013362066820263863,
      0.013894584029912949,
      0.014590149745345116,
      0.013787693344056606,
      0.013577358797192574,
      0.015458159148693085,
      0.01353867445141077,
      0.01391165517270565,
      0.014327967539429665,
      0.013737094588577747,
      0.014720299281179905,
      0.014245917089283466,
      0.01354160811752081,
      0.014516263268887997,
      0.014386177994310856,
      0.013968626968562603,
      0.013065892271697521,
      0.013255001977086067,
      0.0141725679859519,
      0.013067858293652534,
      0.014415862038731575,
      0.013797303661704063,
      0.013732550665736198,
      0.013544582761824131,
      0.014278128743171692,
      0.013503777794539928,
      0.012846156023442745,
      0.013883433304727077,
      0.013380356132984161,
      0.013953135348856449,
      0.013578788377344608,
      0.013616878539323807,
      0.01415063813328743,
      0.014421183615922928,
      0.013635017909109592,
      0.01254227850586176,
      0.013311733491718769,
      0.013594264164566994,
      0.014097413048148155,
      0.01330123096704483,
      0.013982228003442287,
      0.014047455042600632,
      0.013753371313214302,
      0.01319090649485588,
      0.013523116707801819,
      0.012697388418018818,
      0.014358296059072018,
      0.01360858604311943,
      0.012986447662115097,
      0.01330466940999031,
      0.013121239840984344,
      0.013900118879973888,
      0.013992393389344215,
      0.01370669063180685,
      0.013353747315704823,
      0.014155746437609196,
      0.014028172940015793,
      0.012737979181110859,
      0.013265947811305523,
      0.013707340694963932,
      0.013847215101122856,
      0.013227107003331184,
      0.014275007881224155,
      0.013179889880120754,
      0.012959686107933521,
      0.01415375154465437,
      0.01332078967243433,
      0.012703281827270985,
      0.013280339539051056,
      0.013525108806788921,
      0.013632822781801224,
      0.01274498738348484,
      0.013687842525541782,
      0.013806858099997044,
      0.012794233858585358,
      0.012901476584374905,
      0.013274517841637135,
      0.013336699455976486,
      0.012357523664832115,
      0.014165325090289116,
      0.013679645955562592,
      0.013770988211035728,
      0.013796982355415821,
      0.012799213640391827,
      0.012928500771522522,
      0.013270137831568718,
      0.013101751916110516,
      0.01416753139346838,
      0.013317609205842018,
      0.013139694929122925,
      0.014032161794602871,
      0.01324918307363987,
      0.013493790291249752,
      0.013102945871651173,
      0.01320236548781395,
      0.014083768241107464,
      0.012681953608989716,
      0.013660609722137451,
      0.013289706781506538,
      0.013067614287137985,
      0.012262359261512756,
      0.013566680252552032,
      0.013239993713796139,
      0.013117781840264797,
      0.013859986327588558,
      0.013264465145766735,
      0.014842907898128033,
      0.01234914269298315,
      0.012773909606039524,
      0.012763495557010174,
      0.013822642154991627,
      0.01299586147069931,
      0.012789405882358551,
      0.014082692563533783,
      0.013422836549580097,
      0.013296440243721008,
      0.013569274917244911,
      0.012410555966198444,
      0.013747130520641804,
      0.012940531596541405,
      0.012936421670019627,
      0.014365879818797112,
      0.012760598212480545,
      0.013328904286026955,
      0.012878957204520702,
      0.013504130765795708,
      0.013167519122362137,
      0.013120236806571484,
      0.013215332292020321,
      0.012870692647993565,
      0.013723282143473625,
      0.012703672982752323,
      0.011894356459379196,
      0.013336124829947948,
      0.014035167172551155,
      0.012951969169080257,
      0.013036751188337803,
      0.013146288692951202,
      0.012770895846188068,
      0.01311084721237421,
      0.01260234136134386,
      0.012268096208572388,
      0.012600273825228214,
      0.013705565594136715,
      0.012937348335981369,
      0.013605492189526558,
      0.012228529900312424,
      0.013838681392371655,
      0.013383381068706512,
      0.013221126981079578,
      0.013049495406448841,
      0.013251930475234985,
      0.014036862179636955,
      0.012773687951266766,
      0.012821919284760952,
      0.013115860521793365,
      0.01354689709842205,
      0.014050735160708427,
      0.013928492553532124,
      0.01370496116578579,
      0.01280828844755888,
      0.01325763575732708,
      0.013640472665429115,
      0.012253538705408573,
      0.012828926555812359,
      0.013559719547629356,
      0.012876736000180244,
      0.012231475673615932,
      0.013618805445730686,
