{
   "number_epochs": 300,
   "info_used": "use known only",
   "perc_full_data": 0.3,
   "n_epochs_no_selection": 0,
   "Frequency % cutoff": 0.3,
   "hidden_size": 32,
   "random_state": 14,
   "train_errors": [
      0.047461412847042084,
      0.045952558517456055,
      0.04509608447551727,
      0.04408963397145271,
      0.04351598024368286,
      0.042619671672582626,
      0.04186464101076126,
      0.04113038256764412,
      0.03970607370138168,
      0.03891214355826378,
      0.03723825514316559,
      0.0354871042072773,
      0.033951569348573685,
      0.03275319188833237,
      0.03100983425974846,
      0.028995100408792496,
      0.027446886524558067,
      0.025827789679169655,
      0.024922937154769897,
      0.023894453421235085,
      0.023830071091651917,
      0.023200128227472305,
      0.022087568417191505,
      0.021211853250861168,
      0.020932555198669434,
      0.019154470413923264,
      0.018851449713110924,
      0.018324190750718117,
      0.017544740810990334,
      0.01734858937561512,
      0.017023783177137375,
      0.01697702147066593,
      0.016104478389024734,
      0.01573857106268406,
      0.015978215262293816,
      0.015919962897896767,
      0.014828864485025406,
      0.015683306381106377,
      0.014491534791886806,
      0.015214476734399796,
      0.01463264785706997,
      0.014477565884590149,
      0.014871656894683838,
      0.013819160871207714,
      0.014554553665220737,
      0.014093776233494282,
      0.01416109874844551,
      0.013257999904453754,
      0.014059996232390404,
      0.013097756542265415,
      0.013737153261899948,
      0.013914169743657112,
      0.014012141153216362,
      0.012497725896537304,
      0.01417495682835579,
      0.012989552691578865,
      0.014637935906648636,
      0.013532489538192749,
      0.01418307889252901,
      0.013548767194151878,
      0.014171669259667397,
      0.012710541486740112,
      0.013301112689077854,
      0.01448544580489397,
      0.013300198130309582,
      0.014110089279711246,
      0.013235842809081078,
      0.014042212627828121,
      0.013122604228556156,
      0.013684355653822422,
      0.01291327178478241,
      0.013007708825170994,
      0.013669845648109913,
      0.012799680233001709,
      0.013786782510578632,
      0.013005218468606472,
      0.014416960999369621,
      0.013511608354747295,
      0.012002469040453434,
      0.012872924096882343,
      0.013391559012234211,
      0.012827446684241295,
      0.013148258440196514,
      0.013046523556113243,
      0.012642864137887955,
      0.013415549881756306,
      0.012353763915598392,
      0.012546605430543423,
      0.012225811369717121,
      0.012049282900989056,
      0.013860030099749565,
      0.013299324549734592,
      0.01304409746080637,
      0.01267504133284092,
      0.012959790416061878,
      0.013477211818099022,
      0.01282941922545433,
      0.01183698233217001,
      0.01267282199114561,
      0.012747951783239841,
      0.01295818854123354,
      0.013501998037099838,
      0.012983536347746849,
      0.012619822286069393,
      0.011777783744037151,
      0.013003697618842125,
      0.012350978329777718,
      0.013021973893046379,
      0.013222689740359783,
      0.012845395132899284,
      0.012278670445084572,
      0.0131346695125103,
      0.013286496512591839,
      0.01279366947710514,
      0.013190338388085365,
      0.012608085758984089,
      0.013161690905690193,
      0.011900104582309723,
      0.0126607995480299,
      0.01256810687482357,
      0.012253190390765667,
      0.012567038647830486,
      0.012886440381407738,
      0.012921099551022053,
      0.012422633357346058,
      0.012647300027310848,
      0.013404701836407185,
      0.012183250859379768,
      0.012206892482936382,
      0.013212736696004868,
      0.012381667271256447,
      0.01195678673684597,
      0.012710233218967915,
      0.013441243208944798,
      0.012656236067414284,
      0.012227852828800678,
      0.012126564048230648,
      0.012838993221521378,
      0.012102588079869747,
      0.01277531124651432,
      0.013482840731739998,
      0.012654935009777546,
      0.012000246904790401,
      0.012767177075147629,
      0.012269360013306141,
      0.013346824795007706,
      0.011880488134920597,
      0.012904465198516846,
      0.012822337448596954,
      0.01267080008983612,
      0.012509564869105816,
      0.013088582083582878,
      0.012487022206187248,
      0.012997889891266823,
      0.012659374624490738,
      0.012625769712030888,
      0.013461990281939507,
      0.012701630592346191,
      0.012997066602110863,
      0.012294497340917587,
      0.011926049366593361,
      0.0126327620819211,
      0.012831717729568481,
      0.012904425151646137,
      0.012565120123326778,
      0.01308081392198801,
      0.011941219680011272,
      0.012611794285476208,
      0.012971079908311367,
      0.011804179288446903,
      0.012136700563132763,
      0.012952635996043682,
      0.013010579161345959,
      0.01347525417804718,
      0.011776133440434933,
      0.013286612927913666,
      0.012511971406638622,
      0.01238682959228754,
      0.013191784732043743,
      0.012402079999446869,
      0.011326370760798454,
      0.011804434470832348,
      0.013184341602027416,
      0.013036743737757206,
      0.01215137355029583,
      0.012435241602361202,
      0.013057847507297993,
      0.012211158871650696,
      0.013096182607114315,
      0.012547435238957405,
      0.012344622984528542,
      0.012217349372804165,
      0.013361209072172642,
      0.012510794214904308,
      0.012250015512108803,
      0.01323548424988985,
      0.012168996036052704,
      0.012607327662408352,
      0.0122333113104105,
      0.011782554909586906,
      0.012639656662940979,
      0.01280617993324995,
      0.012231314554810524,
      0.012088112533092499,
      0.012504513375461102,
      0.01265853550285101,
      0.012491043657064438,
      0.012683856301009655,
      0.012431515380740166,
      0.012120936997234821,
      0.012940220534801483,
      0.013558642938733101,
      0.012619616463780403,
      0.0130360322073102,
      0.012766486965119839,
      0.012031184509396553,
      0.011785376816987991,
      0.01295529305934906,
      0.012202105484902859,
      0.012407577596604824,
      0.012487743981182575,
      0.012037292122840881,
      0.013048487715423107,
      0.012358362786471844,
      0.012193454429507256,
      0.012864104472100735,
      0.012448298744857311,
      0.011875784955918789,
      0.012747547589242458,
      0.011939158663153648,
      0.012278624810278416,
      0.01268849242478609,
      0.01290813833475113,
      0.012418579310178757,
      0.011860077269375324,
      0.01162494346499443,
      0.013063984923064709,
      0.012891148217022419,
      0.012321953661739826,
      0.012651718221604824,
      0.012390590272843838,
      0.01225555781275034,
      0.011608108878135681,
      0.012308425270020962,
      0.011826983653008938,
      0.01202697865664959,
      0.012806636281311512,
      0.012158932164311409,
      0.011693401262164116,
      0.012636658735573292,
      0.012175675481557846,
      0.012204337865114212,
      0.011255614459514618,
      0.01222911849617958,
      0.012725291773676872,
      0.01267699059098959,
      0.011936270631849766,
      0.01203717291355133,
      0.011958098970353603,
      0.012862295843660831,
      0.012468302622437477,
      0.012281407602131367,
      0.012742873281240463,
      0.01264603715389967,
      0.012313073500990868,
      0.011871506460011005,
      0.012019135057926178,
      0.0120231406763196,
      0.01207250077277422,
      0.012214510701596737,
      0.012466763146221638,
      0.012446219101548195,
      0.012161060236394405,
      0.012148777954280376,
      0.012050994671881199,
      0.01265895739197731,
      0.012750844471156597,
      0.012640217319130898,
      0.01238167192786932,
      0.012694736011326313,
