{
   "number_epochs": 300,
   "info_used": "use known only",
   "perc_full_data": 0.3,
   "n_epochs_no_selection": 0,
   "Frequency % cutoff": 0.3,
   "hidden_size": 32,
   "random_state": 12,
   "train_errors": [
      0.07553449273109436,
      0.06463101506233215,
      0.056242503225803375,
      0.049105286598205566,
      0.04435856640338898,
      0.041686512529850006,
      0.04139676317572594,
      0.04042572155594826,
      0.04042666405439377,
      0.040220145136117935,
      0.039282988756895065,
      0.03733740746974945,
      0.03635896369814873,
      0.035514213144779205,
      0.03459431976079941,
      0.03333532437682152,
      0.032730281352996826,
      0.03201825171709061,
      0.03129822760820389,
      0.030884435400366783,
      0.029817072674632072,
      0.029214607551693916,
      0.02839997224509716,
      0.026928609237074852,
      0.026108458638191223,
      0.02571418508887291,
      0.02365718223154545,
      0.023601166903972626,
      0.02382689155638218,
      0.022284483537077904,
      0.021385759115219116,
      0.020541124045848846,
      0.020202042534947395,
      0.02104235626757145,
      0.018642157316207886,
      0.018873142078518867,
      0.018503911793231964,
      0.016888994723558426,
      0.01640561781823635,
      0.016593558713793755,
      0.01648562401533127,
      0.016064422205090523,
      0.014663479290902615,
      0.01590154692530632,
      0.015818076208233833,
      0.013411417603492737,
      0.013233586214482784,
      0.013226944953203201,
      0.01447739452123642,
      0.013602637685835361,
      0.013480761088430882,
      0.013658432289958,
      0.012360597029328346,
      0.0135314567014575,
      0.013083507306873798,
      0.012305408716201782,
      0.012920093722641468,
      0.01242708507925272,
      0.012545528821647167,
      0.01180789154022932,
      0.012565573677420616,
      0.012418831698596478,
      0.011610950343310833,
      0.012138739228248596,
      0.011557891964912415,
      0.011820796877145767,
      0.01150128897279501,
      0.012117104604840279,
      0.011307850480079651,
      0.011397038586437702,
      0.011985852383077145,
      0.011082884855568409,
      0.011107769794762135,
      0.011219620704650879,
      0.01185868214815855,
      0.010744517669081688,
      0.011058300733566284,
      0.011237396858632565,
      0.010507632046937943,
      0.011300837621092796,
      0.011158985085785389,
      0.010527057573199272,
      0.011194863356649876,
      0.011318339966237545,
      0.010042122565209866,
      0.01007504016160965,
      0.010705157183110714,
      0.010807298123836517,
      0.010618308559060097,
      0.010174260474741459,
      0.00980975292623043,
      0.010531436651945114,
      0.009573066607117653,
      0.009606827981770039,
      0.010149416513741016,
      0.010218029841780663,
      0.0103534534573555,
      0.009619120508432388,
      0.010692222975194454,
      0.009404048323631287,
      0.009738839231431484,
      0.009602515026926994,
      0.010561625473201275,
      0.009887359105050564,
      0.009933097288012505,
      0.010076139122247696,
      0.009873000904917717,
      0.010584530420601368,
      0.009949928149580956,
      0.009870992042124271,
      0.010028786957263947,
      0.009867914952337742,
      0.010317536070942879,
      0.010861869901418686,
      0.009568207897245884,
      0.009245005436241627,
      0.009512440301477909,
      0.009113171137869358,
      0.009662317112088203,
      0.010218036361038685,
      0.010088044218719006,
      0.009420998394489288,
      0.009149136953055859,
      0.010516442358493805,
      0.009631928987801075,
      0.00896103773266077,
      0.00968804582953453,
      0.009185814298689365,
      0.00857237447053194,
      0.00892366748303175,
      0.009796781465411186,
      0.009659242816269398,
      0.00897679291665554,
      0.00875247921794653,
      0.00920382235199213,
      0.008612056262791157,
      0.009802677668631077,
      0.008730670437216759,
      0.009509045630693436,
      0.009837135672569275,
      0.00877593643963337,
      0.009546234272420406,
      0.009344601072371006,
      0.00956663116812706,
      0.009335784241557121,
      0.008258343674242496,
      0.00886701699346304,
      0.009173561818897724,
      0.008045785129070282,
      0.008267057128250599,
      0.008950574323534966,
      0.009816714562475681,
      0.009548584930598736,
      0.009264344349503517,
      0.009249378927052021,
      0.008343390189111233,
      0.009416153654456139,
      0.009569332003593445,
      0.008796313777565956,
      0.009619183838367462,
      0.008877749554812908,
      0.00965683814138174,
      0.009331203065812588,
      0.009061552584171295,
      0.009679215028882027,
      0.009024597704410553,
      0.008628114126622677,
      0.00893664825707674,
      0.009155764244496822,
      0.008699377067387104,
      0.00862859096378088,
      0.010088009759783745,
      0.009248131886124611,
      0.008423096500337124,
      0.009032555855810642,
      0.008958058431744576,
      0.009024987928569317,
      0.009941160678863525,
      0.009100082330405712,
      0.009117374196648598,
      0.008734488859772682,
      0.008573758415877819,
      0.008347796276211739,
      0.009011619724333286,
      0.008541407063603401,
      0.009433761239051819,
      0.009548098780214787,
      0.009814220480620861,
      0.009216931648552418,
      0.007799662183970213,
      0.010019820183515549,
      0.008962199091911316,
      0.009156031534075737,
      0.008867960423231125,
      0.009389873594045639,
      0.008833934552967548,
      0.008778355084359646,
      0.008367455564439297,
      0.009211104363203049,
      0.009042283520102501,
      0.008505294099450111,
      0.009509529918432236,
      0.008578971959650517,
      0.008222842589020729,
      0.009197372943162918,
      0.008612711913883686,
      0.00822056457400322,
      0.008982028812170029,
      0.008853912353515625,
      0.009106367826461792,
      0.00850722473114729,
      0.009528663009405136,
      0.00821363553404808,
      0.008729818277060986,
      0.009391764178872108,
      0.008240705356001854,
      0.008425597101449966,
      0.009172128513455391,
      0.009607415646314621,
      0.008801122196018696,
      0.007837243378162384,
      0.008470951579511166,
      0.008165990002453327,
      0.008724207989871502,
      0.008771111257374287,
      0.008953714743256569,
      0.008770686574280262,
      0.009162092581391335,
      0.008929898031055927,
      0.009142650291323662,
      0.008993805386126041,
      0.008814970031380653,
      0.007902550511062145,
      0.008865823969244957,
      0.008603312075138092,
      0.00956665724515915,
      0.009028784930706024,
      0.00895078293979168,
      0.009374146349728107,
      0.00849169585853815,
      0.009135342203080654,
      0.008743289858102798,
      0.008822995238006115,
      0.009176024235785007,
      0.00838419795036316,
      0.008276189677417278,
      0.008489937521517277,
      0.009349188767373562,
      0.009052840061485767,
      0.008608924224972725,
      0.008653013035655022,
      0.008521190844476223,
      0.00963876023888588,
      0.009790034033358097,
      0.008809948340058327,
      0.008436163887381554,
      0.008607725612819195,
      0.007918311282992363,
      0.008991348557174206,
      0.008977583609521389,
      0.00884949415922165,
      0.00851762667298317,
      0.009277899749577045,
      0.009056231006979942,
      0.009139064699411392,
      0.008626704104244709,
      0.008679958991706371,
      0.0087050162255764,
      0.009482125751674175,
      0.008377311751246452,
      0.008602611720561981,
      0.00843251496553421,
      0.008019066415727139,
      0.008683283813297749,
      0.008244706317782402,
      0.008753517642617226,
      0.008844762109220028,
      0.008563695475459099,
      0.009182791225612164,
      0.008150278590619564,
