{
   "number_epochs": 300,
   "info_used": "use known only",
   "perc_full_data": 0.3,
   "n_epochs_no_selection": 0,
   "Frequency % cutoff": 0.3,
   "hidden_size": 32,
   "random_state": 6,
   "train_errors": [
      0.05428450182080269,
      0.05158815532922745,
      0.049992527812719345,
      0.0486835353076458,
      0.04809100553393364,
      0.04674053564667702,
      0.04496396332979202,
      0.04418330639600754,
      0.042701706290245056,
      0.041258759796619415,
      0.03967202454805374,
      0.03834012150764465,
      0.03670515865087509,
      0.03394315019249916,
      0.03323163464665413,
      0.03188198432326317,
      0.03004944697022438,
      0.02915892004966736,
      0.027704976499080658,
      0.028020426630973816,
      0.025994976982474327,
      0.025116540491580963,
      0.024662010371685028,
      0.023299802094697952,
      0.02154025062918663,
      0.021774666383862495,
      0.021380804479122162,
      0.0212834682315588,
      0.019255734980106354,
      0.019611112773418427,
      0.01933208480477333,
      0.018242305144667625,
      0.01955752819776535,
      0.017729004845023155,
      0.016285963356494904,
      0.016846122220158577,
      0.016752228140830994,
      0.01653628796339035,
      0.016082169488072395,
      0.015596595592796803,
      0.015412230044603348,
      0.01587161421775818,
      0.014626036398112774,
      0.014770965091884136,
      0.014158778823912144,
      0.014333064667880535,
      0.014291290193796158,
      0.014290053397417068,
      0.01469410303980112,
      0.014382129535079002,
      0.01395838987082243,
      0.01388077437877655,
      0.014564515091478825,
      0.013974505476653576,
      0.01239864807575941,
      0.01366698183119297,
      0.013388894498348236,
      0.013370712287724018,
      0.012613693252205849,
      0.012616191990673542,
      0.012725763954222202,
      0.012242165394127369,
      0.013005570508539677,
      0.011911442503333092,
      0.011929577216506004,
      0.011685562320053577,
      0.01247161440551281,
      0.012854957953095436,
      0.012040577828884125,
      0.011350106447935104,
      0.011417858302593231,
      0.01216859184205532,
      0.011815100908279419,
      0.01247626543045044,
      0.012830834835767746,
      0.011469435878098011,
      0.011996443383395672,
      0.012406026013195515,
      0.011914361268281937,
      0.012084247544407845,
      0.012995250523090363,
      0.012857592664659023,
      0.012841805815696716,
      0.011807109229266644,
      0.012004563584923744,
      0.011551432311534882,
      0.011600250378251076,
      0.012937595136463642,
      0.011876151897013187,
      0.011451605707406998,
      0.011953494511544704,
      0.012506453320384026,
      0.011073363944888115,
      0.011492340825498104,
      0.011386175639927387,
      0.011877879500389099,
      0.01164649985730648,
      0.012151474133133888,
      0.011967457830905914,
      0.01190787460654974,
      0.012168087996542454,
      0.012940078042447567,
      0.011193198151886463,
      0.01138375885784626,
      0.011064148508012295,
      0.012805430218577385,
      0.0113656185567379,
      0.011256741359829903,
      0.011317184194922447,
      0.011914745904505253,
      0.010856209322810173,
      0.011392039246857166,
      0.012124546803534031,
      0.010728747583925724,
      0.011543014086782932,
      0.011646544560790062,
      0.011585971340537071,
      0.012265153229236603,
      0.011602801270782948,
      0.011216443032026291,
      0.011303584091365337,
      0.011258861981332302,
      0.011189330369234085,
      0.011401889845728874,
      0.011012892238795757,
      0.01168243307620287,
      0.011368442326784134,
      0.011355609633028507,
      0.011208795011043549,
      0.011905325576663017,
      0.011068669147789478,
      0.011701058596372604,
      0.012800274416804314,
      0.011689521372318268,
      0.01124696433544159,
      0.010981682687997818,
      0.010706115514039993,
      0.011753445491194725,
      0.011406894773244858,
      0.011302200146019459,
      0.010799628682434559,
      0.010812350548803806,
      0.011726127937436104,
      0.01203859318047762,
      0.012031364254653454,
      0.010830193758010864,
      0.010454720817506313,
      0.011388497427105904,
      0.01137182954698801,
      0.01106203068047762,
      0.01162565965205431,
      0.010436016134917736,
      0.013243118301033974,
      0.011605647392570972,
      0.011470095254480839,
      0.011655757203698158,
      0.011849628761410713,
      0.010764583945274353,
      0.010661151260137558,
      0.011442509479820728,
      0.01046672835946083,
      0.010762435384094715,
      0.011580516584217548,
      0.011581191793084145,
      0.011183217167854309,
      0.011628668755292892,
      0.010752796195447445,
      0.01124325580894947,
      0.010720117017626762,
      0.011495141312479973,
      0.010218863375484943,
      0.011371903121471405,
      0.010424287058413029,
      0.010581845417618752,
      0.010673862881958485,
      0.010830184444785118,
      0.010201646015048027,
      0.011401165276765823,
      0.011090232990682125,
      0.011139724403619766,
      0.011052467860281467,
      0.011636966839432716,
      0.010111123323440552,
      0.010662627406418324,
      0.010644120164215565,
      0.010737956501543522,
      0.011052219197154045,
      0.011039565317332745,
      0.009619444608688354,
      0.010593937709927559,
      0.010700969956815243,
      0.011589694768190384,
      0.010804016143083572,
      0.010547691024839878,
      0.010567013174295425,
      0.010110319592058659,
      0.01133404579013586,
      0.011344149708747864,
      0.010743388906121254,
      0.010805422440171242,
      0.010151181370019913,
      0.010746300220489502,
      0.01082998514175415,
      0.010656654834747314,
      0.01060236245393753,
      0.010690982453525066,
      0.011930527165532112,
      0.010856613516807556,
      0.010981854051351547,
      0.011107170954346657,
      0.011005105450749397,
      0.010470852255821228,
      0.01051333174109459,
      0.011712368577718735,
      0.01048559881746769,
      0.011238827370107174,
      0.010961167514324188,
      0.010827961377799511,
      0.010967947542667389,
      0.00967747438699007,
      0.010839051567018032,
      0.01165516022592783,
      0.010344108566641808,
      0.010976748540997505,
      0.010048852302134037,
      0.010501235723495483,
      0.010966071859002113,
      0.010606531985104084,
      0.010351954959332943,
      0.011110209859907627,
      0.011207854375243187,
      0.010946136899292469,
      0.010604158975183964,
      0.010737918317317963,
      0.010106961242854595,
      0.010340447537600994,
      0.010567046701908112,
      0.010648418217897415,
      0.010247224010527134,
      0.010431342758238316,
      0.010965339839458466,
      0.010940879583358765,
      0.010132771916687489,
      0.010592452250421047,
      0.009874994866549969,
      0.010011891834437847,
      0.0110005559399724,
      0.010646076872944832,
      0.009819434024393559,
      0.011639630421996117,
      0.010980483144521713,
      0.008823488838970661,
      0.01025388017296791,
      0.010786720551550388,
      0.010305041447281837,
      0.010794758796691895,
      0.010107924230396748,
      0.009567281231284142,
      0.009698851965367794,
      0.010398129001259804,
      0.010914561338722706,
      0.01113062258809805,
      0.01022844947874546,
      0.011411569081246853,
      0.011200561188161373,
      0.01063446793705225,
      0.01189089473336935,
      0.010381018742918968,
      0.011335555464029312,
      0.010349087417125702,
      0.01007187832146883,
      0.010361752472817898,
      0.011156395077705383,
      0.009905683808028698,
      0.010626223869621754,
      0.010700484737753868,
      0.010026081465184689,
      0.01065831445157528,
      0.010530681349337101,
      0.010674785822629929,
