{
   "number_epochs": 300,
   "info_used": "use known only",
   "perc_full_data": 0.3,
   "n_epochs_no_selection": 0,
   "Frequency % cutoff": 0.3,
   "hidden_size": 32,
   "random_state": 11,
   "train_errors": [
      0.06185661256313324,
      0.05908706784248352,
      0.057580750435590744,
      0.056812603026628494,
      0.05579933151602745,
      0.05473380535840988,
      0.053475186228752136,
      0.05156813561916351,
      0.05075385794043541,
      0.04916183650493622,
      0.047340359538793564,
      0.04530398175120354,
      0.044331133365631104,
      0.04168769717216492,
      0.039723701775074005,
      0.03687316179275513,
      0.03505038842558861,
      0.03348328918218613,
      0.031599439680576324,
      0.03031412698328495,
      0.028705153614282608,
      0.02720840647816658,
      0.02652914449572563,
      0.02376449853181839,
      0.02276434935629368,
      0.022643592208623886,
      0.021423187106847763,
      0.020553098991513252,
      0.020561296492815018,
      0.019039800390601158,
      0.019705254584550858,
      0.019747979938983917,
      0.01834183558821678,
      0.01825081743299961,
      0.015751201659440994,
      0.016461530700325966,
      0.015771005302667618,
      0.015321651473641396,
      0.015056073665618896,
      0.015307259745895863,
      0.01474836841225624,
      0.013906323350965977,
      0.01490422710776329,
      0.013491366989910603,
      0.01334378495812416,
      0.013431906700134277,
      0.01245690044015646,
      0.013028186745941639,
      0.012875991873443127,
      0.012930001132190228,
      0.012578606605529785,
      0.01221397053450346,
      0.012728499248623848,
      0.012483947910368443,
      0.01130744069814682,
      0.011682228185236454,
      0.011549376882612705,
      0.011920422315597534,
      0.012334357015788555,
      0.010625396855175495,
      0.0120823560282588,
      0.011829512193799019,
      0.011799697764217854,
      0.011739825829863548,
      0.011874202638864517,
      0.011701289564371109,
      0.011154623702168465,
      0.011314395815134048,
      0.012228145264089108,
      0.011096655391156673,
      0.011213463731110096,
      0.01145913265645504,
      0.010242439806461334,
      0.010527911596000195,
      0.011915579438209534,
      0.011980363167822361,
      0.011242085136473179,
      0.010502811521291733,
      0.01138775609433651,
      0.010674363002181053,
      0.010877473279833794,
      0.011155855841934681,
      0.009725464507937431,
      0.010196082293987274,
      0.01041114516556263,
      0.009635357186198235,
      0.009560982696712017,
      0.011129633523523808,
      0.010236083529889584,
      0.01207756157964468,
      0.01086624525487423,
      0.011314678937196732,
      0.010205237194895744,
      0.009394478984177113,
      0.009074604138731956,
      0.00935798604041338,
      0.00956576969474554,
      0.009835595265030861,
      0.010154307819902897,
      0.01072547398507595,
      0.010881222784519196,
      0.010643723420798779,
      0.010648367926478386,
      0.010444702580571175,
      0.010231932625174522,
      0.010596432723104954,
      0.010760112665593624,
      0.010474208742380142,
      0.009873337112367153,
      0.010119440965354443,
      0.00999356247484684,
      0.010945618152618408,
      0.009326709434390068,
      0.009983334690332413,
      0.010168015956878662,
      0.010048352181911469,
      0.010335655882954597,
      0.010310891084372997,
      0.010111258365213871,
      0.010002383030951023,
      0.009706376120448112,
      0.010031524114310741,
      0.011055911891162395,
      0.009701550006866455,
      0.00975318904966116,
      0.009528836235404015,
      0.009891783818602562,
      0.009929957799613476,
      0.00991252064704895,
      0.008745232596993446,
      0.010321300476789474,
      0.010380450636148453,
      0.009607787244021893,
      0.01018627267330885,
      0.009948384948074818,
      0.010273938067257404,
      0.00925539806485176,
      0.009545791894197464,
      0.009573422372341156,
      0.009190330281853676,
      0.009788643568754196,
      0.009532143361866474,
      0.009400489740073681,
      0.009208520874381065,
      0.009379582479596138,
      0.008949944749474525,
      0.010565180331468582,
      0.01006537675857544,
      0.008950157091021538,
      0.008836711756885052,
      0.00977299828082323,
      0.009005000814795494,
      0.009560122154653072,
      0.009946608915925026,
      0.009011845104396343,
      0.00935492292046547,
      0.009164285846054554,
      0.009076274931430817,
      0.009036854840815067,
      0.009723011404275894,
      0.009398066438734531,
      0.009936016984283924,
      0.009204351343214512,
      0.009759128093719482,
      0.009191783145070076,
      0.0093855494633317,
      0.009100890718400478,
      0.010053997859358788,
      0.0093296580016613,
      0.009125683456659317,
      0.009403841570019722,
      0.00910105463117361,
      0.009902272373437881,
      0.00958077609539032,
      0.009299163706600666,
      0.009726825170218945,
      0.010065068490803242,
      0.009645339101552963,
      0.009518858976662159,
      0.00895957462489605,
      0.009200379252433777,
      0.009303592145442963,
      0.00959866400808096,
      0.00899764709174633,
      0.008846675045788288,
      0.009826253168284893,
      0.00908240582793951,
      0.008939997293055058,
      0.009455456398427486,
      0.009277413599193096,
      0.009532545693218708,
      0.009403431788086891,
      0.00924889836460352,
      0.009612401947379112,
      0.009829423390328884,
      0.008804354816675186,
      0.009756439365446568,
      0.009943169541656971,
      0.00968554150313139,
      0.009252325631678104,
      0.009277510456740856,
      0.010035522282123566,
      0.009314490482211113,
      0.0088236378505826,
      0.00904776994138956,
      0.009807880036532879,
      0.00947409588843584,
      0.00971059687435627,
      0.009188403375446796,
      0.009361541830003262,
      0.009797720238566399,
      0.008685501292347908,
      0.008914613164961338,
      0.009253238327801228,
      0.009188641794025898,
      0.009570853784680367,
      0.009268421679735184,
      0.008757275529205799,
      0.009556315839290619,
      0.009158428758382797,
      0.008866742253303528,
      0.009597821161150932,
      0.00944470427930355,
      0.009410299360752106,
      0.009571214206516743,
      0.009255798533558846,
      0.009929988533258438,
      0.009046796709299088,
      0.008797816000878811,
      0.00912965927273035,
      0.008890412747859955,
      0.009383552707731724,
      0.009012778289616108,
      0.008754704147577286,
      0.00852589774876833,
      0.008857826702296734,
      0.009360414929687977,
      0.008767896331846714,
      0.009329944849014282,
      0.009164589457213879,
      0.008749020285904408,
      0.009493550285696983,
      0.008318818174302578,
      0.00875166431069374,
      0.009061767719686031,
      0.008928048424422741,
      0.008777462877333164,
      0.009196975268423557,
      0.009001738391816616,
      0.00974245835095644,
      0.00934772938489914,
      0.010340382345020771,
      0.00947653129696846,
      0.008978172205388546,
      0.009167603217065334,
      0.00869837123900652,
      0.009022273123264313,
      0.008951417170464993,
      0.009423704817891121,
      0.00906358566135168,
      0.008777481503784657,
      0.009441138245165348,
      0.009067852981388569,
      0.00860513187944889,
      0.008604777045547962,
      0.009031906723976135,
      0.009273836389183998,
      0.009269573725759983,
      0.00918637402355671,
      0.00904393196105957,
      0.00982251763343811,
      0.009215323254466057,
      0.00959873665124178,
      0.00922241061925888,
      0.009597565047442913,
      0.009055710397660732,
      0.009011493995785713,
      0.00904104858636856,
      0.009014382027089596,
      0.009344471618533134,
