{
   "number_epochs": 300,
   "info_used": "use known only",
   "perc_full_data": 0.3,
   "n_epochs_no_selection": 0,
   "Frequency % cutoff": 0.3,
   "hidden_size": 32,
   "random_state": 10,
   "train_errors": [
      0.07661815732717514,
      0.06549403816461563,
      0.056865740567445755,
      0.05040532350540161,
      0.04578874632716179,
      0.042990926653146744,
      0.041207801550626755,
      0.0412207692861557,
      0.04085765406489372,
      0.0411098338663578,
      0.03998864069581032,
      0.039362046867609024,
      0.03805738314986229,
      0.03694736212491989,
      0.03510808199644089,
      0.03454330563545227,
      0.03388599678874016,
      0.033065155148506165,
      0.031824760138988495,
      0.03045755811035633,
      0.030376890674233437,
      0.02964203618466854,
      0.027704529464244843,
      0.02750815637409687,
      0.0264896173030138,
      0.024753058329224586,
      0.024536993354558945,
      0.023411324247717857,
      0.022374168038368225,
      0.022586354985833168,
      0.02024974673986435,
      0.020762888714671135,
      0.019857214763760567,
      0.019253291189670563,
      0.018791498616337776,
      0.018499990925192833,
      0.017035581171512604,
      0.017296316102147102,
      0.01764557883143425,
      0.01733616553246975,
      0.017800908535718918,
      0.016819017007946968,
      0.017497360706329346,
      0.015616570599377155,
      0.016874516382813454,
      0.016472673043608665,
      0.0160308126360178,
      0.015415669418871403,
      0.01558161061257124,
      0.015981942415237427,
      0.014924130402505398,
      0.015627209097146988,
      0.014484860002994537,
      0.015291480347514153,
      0.01597541756927967,
      0.01482152845710516,
      0.014949261210858822,
      0.015321716666221619,
      0.014449681155383587,
      0.015776433050632477,
      0.015145964920520782,
      0.014719594269990921,
      0.015086780302226543,
      0.014739974401891232,
      0.015219520777463913,
      0.014032586477696896,
      0.014254317618906498,
      0.013662783429026604,
      0.014690003357827663,
      0.013851589523255825,
      0.012834771536290646,
      0.013218879699707031,
      0.012678722850978374,
      0.013533276505768299,
      0.013619824312627316,
      0.012965861707925797,
      0.012859814800322056,
      0.0134715111926198,
      0.013897297903895378,
      0.013975517824292183,
      0.012582344003021717,
      0.013588729314506054,
      0.01354150753468275,
      0.012637492269277573,
      0.013466892763972282,
      0.01242662500590086,
      0.013649284839630127,
      0.012013045139610767,
      0.014289497397840023,
      0.012905924580991268,
      0.013499938882887363,
      0.013487986288964748,
      0.014461916871368885,
      0.012812884524464607,
      0.01306123472750187,
      0.01266151387244463,
      0.014053727500140667,
      0.013246752321720123,
      0.014332760125398636,
      0.01419556513428688,
      0.012372086755931377,
      0.012968654744327068,
      0.012330161407589912,
      0.012781418859958649,
      0.012525921687483788,
      0.013304663822054863,
      0.012694480828940868,
      0.012863311916589737,
      0.013773136772215366,
      0.011938122101128101,
      0.012341252528131008,
      0.012908026576042175,
      0.01251344382762909,
      0.012959026731550694,
      0.012590393424034119,
      0.01276343408972025,
      0.0121889254078269,
      0.01265564002096653,
      0.012722844257950783,
      0.012662285007536411,
      0.012426318600773811,
      0.013149016536772251,
      0.013658045791089535,
      0.013617860153317451,
      0.012109000235795975,
      0.01226790901273489,
      0.012827660888433456,
      0.013385617174208164,
      0.013825043104588985,
      0.013283458538353443,
      0.011931145563721657,
      0.012174412608146667,
      0.012847566045820713,
      0.011499912478029728,
      0.013354197144508362,
      0.012545062229037285,
      0.012882125563919544,
      0.012431620620191097,
      0.011639488860964775,
      0.013035762123763561,
      0.012254158966243267,
      0.012001841329038143,
      0.012664400972425938,
      0.013278143480420113,
      0.012849821709096432,
      0.012755902484059334,
      0.01230968814343214,
      0.011438202112913132,
      0.012778569012880325,
      0.012123173102736473,
      0.012825259007513523,
      0.012772717513144016,
      0.013518549501895905,
      0.013336352072656155,
      0.0124303437769413,
      0.012900764122605324,
      0.012508803978562355,
      0.012492411769926548,
      0.012782309204339981,
      0.013265902176499367,
      0.012497262097895145,
      0.013167786411941051,
      0.012041302397847176,
      0.013096911832690239,
      0.01239294558763504,
      0.01283429004251957,
      0.013502160087227821,
      0.01235522422939539,
      0.01322740688920021,
      0.011572625488042831,
      0.013101615943014622,
      0.012937476858496666,
      0.012211093679070473,
      0.012899262830615044,
      0.012611218728125095,
      0.011923846788704395,
      0.013244764879345894,
      0.013093523681163788,
      0.012095100246369839,
      0.01303843967616558,
      0.013011536560952663,
      0.013206135481595993,
      0.011609206907451153,
      0.012639850378036499,
      0.01306481659412384,
      0.012457650154829025,
      0.013584885746240616,
      0.012416591867804527,
      0.012471913360059261,
      0.012405837886035442,
      0.012513714842498302,
      0.01251103077083826,
      0.012070056051015854,
      0.013053280301392078,
      0.01325199380517006,
      0.012789723463356495,
      0.01189601793885231,
      0.012118189595639706,
      0.012567215599119663,
      0.012476670555770397,
      0.012210285291075706,
      0.01265606191009283,
      0.012760518118739128,
      0.01197739876806736,
      0.012293725274503231,
      0.013018928468227386,
      0.011561996303498745,
      0.011778444983065128,
      0.013292388059198856,
      0.013324432075023651,
      0.01190140563994646,
      0.0129719702526927,
      0.012094974517822266,
      0.012868760153651237,
      0.011976528912782669,
      0.01183282770216465,
      0.012675950303673744,
      0.012650221586227417,
      0.012614589184522629,
      0.013179503381252289,
      0.011978031136095524,
      0.01113724522292614,
      0.012284813448786736,
      0.012651837430894375,
      0.013079212978482246,
      0.011982768774032593,
      0.011394455097615719,
      0.011760924942791462,
      0.012198753654956818,
      0.012180966325104237,
      0.012429331429302692,
      0.011880344711244106,
      0.012998825870454311,
      0.01201666984707117,
      0.012595023028552532,
      0.013099453411996365,
      0.012580214999616146,
      0.012536179274320602,
      0.01270473562180996,
      0.012440388090908527,
      0.01209936011582613,
      0.012352257035672665,
      0.012922229245305061,
      0.012413662858307362,
      0.011769017204642296,
      0.012289985083043575,
      0.011974574998021126,
      0.012669085524976254,
      0.01267807837575674,
      0.011235306970775127,
      0.012089679948985577,
      0.012003528885543346,
      0.012574231252074242,
      0.012300311587750912,
      0.012648246251046658,
      0.013739676214754581,
      0.012955118902027607,
      0.011212749406695366,
      0.011415519751608372,
      0.011743626557290554,
      0.011861155740916729,
      0.012108000926673412,
      0.01220451109111309,
      0.012013962492346764,
      0.012734686955809593,
      0.01292358711361885,
      0.011513473466038704,
      0.012415890581905842,
      0.012817012146115303,
      0.012950317934155464,
      0.011835731565952301,
      0.012516279704868793,
      0.01204646285623312,
      0.01318675559014082,
      0.012705296277999878,
      0.011742622591555119,
      0.01350847166031599,
      0.012694856151938438,
      0.011967846192419529,
      0.012704997323453426,
