{
   "number_epochs": 500,
   "info_used": "full info",
   "perc_full_data": 0.04,
   "n_epochs_no_selection": 0,
   "Frequency % cutoff": 0.33,
   "hidden_size": 32,
   "random_state": 9,
   "train_errors": [
      0.17687807977199554,
      0.1176377460360527,
      0.071072518825531,
      0.04288320243358612,
      0.038700170814991,
      0.05046950653195381,
      0.05533662810921669,
      0.04826684296131134,
      0.039379674941301346,
      0.034368760883808136,
      0.03426355496048927,
      0.03498907387256622,
      0.03587647154927254,
      0.03521839529275894,
      0.03427998721599579,
      0.03170320391654968,
      0.03071547858417034,
      0.030444741249084473,
      0.03069523721933365,
      0.030518336221575737,
      0.03030068427324295,
      0.028542296960949898,
      0.027779165655374527,
      0.027015263214707375,
      0.02640167996287346,
      0.025853818282485008,
      0.025470534339547157,
      0.024507423862814903,
      0.02387155219912529,
      0.0233885757625103,
      0.022290177643299103,
      0.021784856915473938,
      0.02096058614552021,
      0.02047751657664776,
      0.02050747163593769,
      0.01907174475491047,
      0.01941748335957527,
      0.01853804849088192,
      0.018549541011452675,
      0.018021009862422943,
      0.01879800483584404,
      0.018514879047870636,
      0.017547734081745148,
      0.016905272379517555,
      0.017634084448218346,
      0.01627497188746929,
      0.017303556203842163,
      0.01685524545609951,
      0.017278630286455154,
      0.016109760850667953,
      0.01697903871536255,
      0.01781241036951542,
      0.01603187434375286,
      0.017217669636011124,
      0.016417937353253365,
      0.016387611627578735,
      0.016490057110786438,
      0.016077442094683647,
      0.015990233048796654,
      0.016064541414380074,
      0.0164665337651968,
      0.01571805216372013,
      0.01585981249809265,
      0.01629452221095562,
      0.01665472239255905,
      0.015438760630786419,
      0.01499996893107891,
      0.015419816598296165,
      0.015522999688982964,
      0.0154519472271204,
      0.015507997944951057,
      0.01610037311911583,
      0.015055404976010323,
      0.014970241114497185,
      0.015331475995481014,
      0.015333476476371288,
      0.015326105058193207,
      0.015362628735601902,
      0.015268695540726185,
      0.01497660856693983,
      0.014660712331533432,
      0.014887387864291668,
      0.015476635657250881,
      0.014950940385460854,
      0.014434061013162136,
      0.014490189030766487,
      0.015049729496240616,
      0.014483981765806675,
      0.014502888545393944,
      0.01434862706810236,
      0.013918005861341953,
      0.014006776735186577,
      0.0137941874563694,
      0.0143351498991251,
      0.014727327041327953,
      0.014273129403591156,
      0.013821911066770554,
      0.014007698744535446,
      0.013877302408218384,
      0.013249924406409264,
      0.013548444956541061,
      0.01391594484448433,
      0.013075394555926323,
      0.01350657269358635,
      0.01334378495812416,
      0.014490198343992233,
      0.013135476969182491,
      0.013209817931056023,
      0.013030881993472576,
      0.013816501013934612,
      0.013643470592796803,
      0.013358565047383308,
      0.013460683636367321,
      0.013311625458300114,
      0.013295283541083336,
      0.013052264228463173,
      0.013467911630868912,
      0.01343029085546732,
      0.012863296084105968,
      0.012637808918952942,
      0.013007682748138905,
      0.013559851795434952,
      0.01265524048358202,
      0.013084730133414268,
      0.012999131344258785,
      0.012780698016285896,
      0.012453337199985981,
      0.012328379787504673,
      0.01233791932463646,
      0.01247436460107565,
      0.01296082604676485,
      0.012259372510015965,
      0.012484260834753513,
      0.012609674595296383,
      0.01217561960220337,
      0.012572198174893856,
      0.012770246714353561,
      0.012871977873146534,
      0.012550047598779202,
      0.012834026478230953,
      0.012481189332902431,
      0.011918994598090649,
      0.012508685700595379,
      0.012383496388792992,
      0.013269562274217606,
      0.01207529753446579,
      0.013030338101089,
      0.012093267403542995,
      0.011934468522667885,
      0.012497915886342525,
      0.012528915889561176,
      0.012035786174237728,
      0.012014379724860191,
      0.01215342991054058,
      0.012301454320549965,
      0.012205870822072029,
      0.011856088414788246,
      0.01183687336742878,
      0.01177734974771738,
      0.012006858363747597,
      0.012889757752418518,
      0.012262294068932533,
      0.012231001630425453,
      0.012402811087667942,
      0.01291507389396429,
      0.011816849932074547,
      0.01150523778051138,
      0.011430234648287296,
      0.011808383278548717,
      0.012561475858092308,
      0.012191440910100937,
      0.01158617902547121,
      0.012021353468298912,
      0.011594966053962708,
      0.011894270777702332,
      0.011120087467133999,
      0.011194312945008278,
      0.011965183541178703,
      0.011616978794336319,
      0.011542171239852905,
      0.011739679612219334,
      0.011070056818425655,
      0.01194265391677618,
      0.010803175158798695,
      0.011100244708359241,
      0.012062146328389645,
      0.011928812600672245,
      0.011482852511107922,
      0.011041142977774143,
      0.011707251891493797,
      0.011349772103130817,
      0.011697430163621902,
      0.011460294015705585,
      0.011286295019090176,
      0.011487960815429688,
      0.011338233947753906,
      0.011715305969119072,
      0.011872692964971066,
      0.011389958672225475,
      0.011271086521446705,
      0.01124810054898262,
      0.010992958210408688,
      0.011120309121906757,
      0.010885626077651978,
      0.010608004406094551,
      0.010913134552538395,
      0.010514393448829651,
      0.011649169027805328,
      0.011464128270745277,
      0.010190281085669994,
      0.01114355493336916,
      0.010531801730394363,
      0.01079033687710762,
      0.010873440653085709,
      0.010426238179206848,
      0.010805577039718628,
      0.010995245538651943,
      0.01142777781933546,
      0.010341372340917587,
      0.010679936967790127,
      0.01055462658405304,
      0.010709000751376152,
      0.010228169150650501,
      0.010128911584615707,
      0.011252366006374359,
      0.010216082446277142,
      0.010811492800712585,
      0.010263466276228428,
      0.010173412971198559,
      0.010622330941259861,
      0.009705359116196632,
      0.010202787816524506,
      0.010141139850020409,
      0.010179901495575905,
      0.01031291764229536,
      0.010064485482871532,
      0.009991830214858055,
      0.010063039138913155,
      0.009058047086000443,
      0.009622368961572647,
      0.009369565173983574,
      0.0095948101952672,
      0.009542389772832394,
      0.009799018502235413,
      0.008988752029836178,
      0.00897199660539627,
      0.009154198691248894,
      0.00953267514705658,
      0.008958879858255386,
      0.008928395807743073,
      0.00910324975848198,
      0.008787143975496292,
      0.009200061671435833,
      0.009206806309521198,
      0.008725176565349102,
      0.008881902322173119,
      0.00846054032444954,
      0.008504146710038185,
      0.008709955029189587,
      0.00884358398616314,
      0.008847711607813835,
      0.00867404229938984,
      0.008729325607419014,
      0.00847198162227869,
      0.009358621202409267,
      0.008520104922354221,
      0.008702916093170643,
      0.009347431361675262,
      0.00851153302937746,
      0.008643967099487782,
      0.008278130553662777,
      0.008554942905902863,
      0.008038444444537163,
      0.008915148675441742,
      0.008094233460724354,
      0.008423585444688797,
      0.008163828402757645,
      0.008238386362791061,
      0.008255170658230782,
      0.00884552113711834,
      0.008558856323361397,
