{
   "number_epochs": 500,
   "info_used": "full info",
   "perc_full_data": 0.04,
   "n_epochs_no_selection": 0,
   "Frequency % cutoff": 0.33,
   "hidden_size": 32,
   "random_state": 13,
   "train_errors": [
      0.1113281100988388,
      0.052373096346855164,
      0.038177162408828735,
      0.05124255269765854,
      0.05266183614730835,
      0.04476824775338173,
      0.035752445459365845,
      0.03374173119664192,
      0.03437395393848419,
      0.03522741422057152,
      0.035500798374414444,
      0.03432762622833252,
      0.03262970224022865,
      0.030516404658555984,
      0.030222730711102486,
      0.029975978657603264,
      0.030380260199308395,
      0.02962217666208744,
      0.028598282486200333,
      0.0279660914093256,
      0.02549084462225437,
      0.025516705587506294,
      0.025538060814142227,
      0.024143433198332787,
      0.023912183940410614,
      0.02350182831287384,
      0.02322709560394287,
      0.0217751357704401,
      0.022447967901825905,
      0.020655466243624687,
      0.020778769627213478,
      0.0203029103577137,
      0.020572448149323463,
      0.019013753160834312,
      0.019205229356884956,
      0.018414299935102463,
      0.01840110681951046,
      0.018253857269883156,
      0.017994772642850876,
      0.01774085871875286,
      0.01696876809000969,
      0.016430804505944252,
      0.016302669420838356,
      0.015417160466313362,
      0.015506545081734657,
      0.015724191442131996,
      0.015924138948321342,
      0.01516102533787489,
      0.014558900147676468,
      0.014409552328288555,
      0.014629915356636047,
      0.01431278046220541,
      0.014192799106240273,
      0.013429353013634682,
      0.013572217896580696,
      0.01413628738373518,
      0.014044739305973053,
      0.013661695644259453,
      0.013055884279310703,
      0.012891690246760845,
      0.012465701438486576,
      0.012703130021691322,
      0.012634888291358948,
      0.013374483212828636,
      0.013171332888305187,
      0.012486355379223824,
      0.013039691373705864,
      0.013296196237206459,
      0.01280603464692831,
      0.013189811259508133,
      0.012273814529180527,
      0.012735722586512566,
      0.01280217431485653,
      0.012130124494433403,
      0.01243598759174347,
      0.0126704853028059,
      0.012253141030669212,
      0.011453798040747643,
      0.012636114843189716,
      0.011992023326456547,
      0.012035106308758259,
      0.01178577821701765,
      0.012090954929590225,
      0.012342290952801704,
      0.011915270239114761,
      0.012078789062798023,
      0.011110097169876099,
      0.011739186942577362,
      0.011563788168132305,
      0.011838467791676521,
      0.011440306901931763,
      0.011394686065614223,
      0.012306182645261288,
      0.010862941853702068,
      0.011169426143169403,
      0.01133417896926403,
      0.011554695665836334,
      0.010753541253507137,
      0.010758759453892708,
      0.010578797198832035,
      0.010976224206387997,
      0.011057334020733833,
      0.010461024008691311,
      0.01172892190515995,
      0.010561882518231869,
      0.010387228801846504,
      0.010558857582509518,
      0.011020248755812645,
      0.01067244354635477,
      0.01062553096562624,
      0.01010903250426054,
      0.010157296434044838,
      0.011361796408891678,
      0.011346329003572464,
      0.01053775753825903,
      0.0107141537591815,
      0.009885884821414948,
      0.009833184070885181,
      0.010026205331087112,
      0.00967665296047926,
      0.009965335950255394,
      0.010025681927800179,
      0.010147185064852238,
      0.009863586165010929,
      0.009558177553117275,
      0.009955128654837608,
      0.009550755843520164,
      0.010038472712039948,
      0.009913529269397259,
      0.010680992156267166,
      0.008909259922802448,
      0.00995178334414959,
      0.00964410975575447,
      0.009944031946361065,
      0.010371727868914604,
      0.009439903311431408,
      0.010110392235219479,
      0.008866052143275738,
      0.009756012819707394,
      0.009838491678237915,
      0.009367186576128006,
      0.009741484187543392,
      0.009544877335429192,
      0.00919332541525364,
      0.009220383130013943,
      0.00939362682402134,
      0.009783383458852768,
      0.009408220648765564,
      0.00961316004395485,
      0.00905686430633068,
      0.00947943702340126,
      0.009251880459487438,
      0.009307898581027985,
      0.009373306296765804,
      0.00865029077976942,
      0.0089628417044878,
      0.008684266358613968,
      0.00918586179614067,
      0.009256033226847649,
      0.008985158056020737,
      0.008304236456751823,
      0.008716868236660957,
      0.008716600015759468,
      0.00892676692456007,
      0.008830785751342773,
      0.008927835151553154,
      0.00837694201618433,
      0.008918541483581066,
      0.008289513178169727,
      0.009175253100693226,
      0.00859354343265295,
      0.008326811715960503,
      0.008480641059577465,
      0.008050631731748581,
      0.008674710988998413,
      0.00798114575445652,
      0.008104154840111732,
      0.008366941474378109,
      0.00874324794858694,
      0.008709508925676346,
      0.008430724032223225,
      0.00828956812620163,
      0.008428392931818962,
      0.008236502297222614,
      0.007760259322822094,
      0.007814967073500156,
      0.009001626633107662,
      0.008265877142548561,
      0.007862675935029984,
      0.008076617494225502,
      0.007674037478864193,
      0.008162862621247768,
      0.00773993693292141,
      0.007508240640163422,
      0.00785588938742876,
      0.007516179233789444,
      0.0076560876332223415,
      0.008165277540683746,
      0.00841402355581522,
      0.007558781653642654,
      0.007500608917325735,
      0.008244762197136879,
      0.007507074158638716,
      0.007851310074329376,
      0.007891609333455563,
      0.007957780733704567,
      0.008069668896496296,
      0.007255799602717161,
      0.007191250566393137,
      0.007325046695768833,
      0.007402893155813217,
      0.007118362467736006,
      0.007419878151267767,
      0.007682301104068756,
      0.007316241040825844,
      0.006859548855572939,
      0.007517467252910137,
      0.007097769528627396,
      0.007166833616793156,
      0.006894041318446398,
      0.0066475095227360725,
      0.007418909575790167,
      0.007109327241778374,
      0.00645819865167141,
      0.00729806674644351,
      0.00691136484965682,
      0.006795114371925592,
      0.006874762941151857,
      0.006735515780746937,
      0.006860122084617615,
      0.007030405104160309,
      0.0069476221688091755,
      0.0066495598293840885,
      0.006250001024454832,
      0.0063363974913954735,
      0.006281261332333088,
      0.00636214530095458,
      0.006794048473238945,
      0.006610841490328312,
      0.006168721709400415,
      0.006614272948354483,
      0.005910229403525591,
      0.006732366047799587,
      0.006754198577255011,
      0.0064136674627661705,
      0.00571186700835824,
      0.006730847060680389,
      0.006622744724154472,
      0.006904699839651585,
      0.005892643705010414,
      0.007138730958104134,
      0.007328860927373171,
      0.005985516123473644,
      0.006582827772945166,
      0.00669748242944479,
      0.0059745884500443935,
      0.005861205514520407,
      0.005871769972145557,
      0.006158754695206881,
      0.006075430661439896,
      0.0065541742369532585,
      0.006105706095695496,
      0.006923760287463665,
      0.0062243337742984295,
      0.006092785391956568,
      0.006287644617259502,
      0.006083351559937,
      0.005749584641307592,
      0.006823455449193716,
      0.005726981442421675,
      0.006202793214470148,
      0.006065181456506252,
      0.006215417757630348,
      0.006042124703526497,
      0.006086686160415411,
      0.0067552183754742146,
      0.006197469308972359,
      0.006093986332416534,
      0.006044182926416397,
      0.00558932451531291,
