{
   "number_epochs": 500,
   "info_used": "full info",
   "perc_full_data": 0.04,
   "n_epochs_no_selection": 0,
   "Frequency % cutoff": 0.33,
   "hidden_size": 32,
   "random_state": 2,
   "train_errors": [
      0.21851199865341187,
      0.1755572408437729,
      0.13553717732429504,
      0.09894128143787384,
      0.0667794868350029,
      0.04470736160874367,
      0.03458511456847191,
      0.0407235287129879,
      0.047468289732933044,
      0.04712016507983208,
      0.04184333607554436,
      0.03465397655963898,
      0.03316217660903931,
      0.03245478868484497,
      0.03396345674991608,
      0.034628696739673615,
      0.034527551382780075,
      0.0332564152777195,
      0.0318908616900444,
      0.031067950651049614,
      0.02986578457057476,
      0.029591193422675133,
      0.02918340265750885,
      0.029396837577223778,
      0.02937452308833599,
      0.02817300148308277,
      0.02825837954878807,
      0.0276106558740139,
      0.027774374932050705,
      0.027122167870402336,
      0.026524795219302177,
      0.02587609924376011,
      0.025306275114417076,
      0.02487660013139248,
      0.02474919706583023,
      0.02371961437165737,
      0.023611601442098618,
      0.02354210615158081,
      0.02297351509332657,
      0.02275840938091278,
      0.022236153483390808,
      0.02188040129840374,
      0.02134660631418228,
      0.020923754200339317,
      0.020307309925556183,
      0.0204462930560112,
      0.019869927316904068,
      0.019185436889529228,
      0.018808545544743538,
      0.019928015768527985,
      0.01930350251495838,
      0.01799418218433857,
      0.01811060681939125,
      0.018325405195355415,
      0.017749454826116562,
      0.016924843192100525,
      0.01735532470047474,
      0.017361661419272423,
      0.016174614429473877,
      0.016807619482278824,
      0.01642223447561264,
      0.015679441392421722,
      0.015735862776637077,
      0.016171909868717194,
      0.015573153272271156,
      0.015698110684752464,
      0.01577671617269516,
      0.015378071926534176,
      0.01501618791371584,
      0.015534152276813984,
      0.01574397273361683,
      0.015847904607653618,
      0.015641573816537857,
      0.014501769095659256,
      0.01553807407617569,
      0.014680987223982811,
      0.01558174379169941,
      0.015475211665034294,
      0.014438634738326073,
      0.013967146165668964,
      0.015348254702985287,
      0.014537982642650604,
      0.01525085512548685,
      0.01456889882683754,
      0.014547237195074558,
      0.014896579086780548,
      0.013708953745663166,
      0.014532782137393951,
      0.01422333624213934,
      0.014600626192986965,
      0.014462629333138466,
      0.013791371136903763,
      0.013534187339246273,
      0.013797566294670105,
      0.013445072807371616,
      0.013937373645603657,
      0.013428768143057823,
      0.013604837469756603,
      0.013696656562387943,
      0.013348004780709743,
      0.013781119138002396,
      0.01379336602985859,
      0.013338121585547924,
      0.013460583984851837,
      0.0137439901009202,
      0.013439728878438473,
      0.013333973474800587,
      0.0131714241579175,
      0.012470310553908348,
      0.013172697275876999,
      0.013100608251988888,
      0.013034313917160034,
      0.012691913172602654,
      0.012828381732106209,
      0.013233968988060951,
      0.012243297882378101,
      0.012576807290315628,
      0.012978059239685535,
      0.012827031314373016,
      0.01275076624006033,
      0.013115480542182922,
      0.01280140783637762,
      0.012362286448478699,
      0.012480683624744415,
      0.012380314990878105,
      0.012969430536031723,
      0.011986686848104,
      0.01236710138618946,
      0.012272834777832031,
      0.01303080189973116,
      0.012242362834513187,
      0.01181645505130291,
      0.01177364494651556,
      0.012727776542305946,
      0.012279043905436993,
      0.012125433422625065,
      0.011712309904396534,
      0.01167946495115757,
      0.012448590248823166,
      0.011757067404687405,
      0.012048199772834778,
      0.011615433730185032,
      0.012177742086350918,
      0.011738588102161884,
      0.01146780140697956,
      0.012088675983250141,
      0.011906667612493038,
      0.011101217940449715,
      0.012128171510994434,
      0.011499123647809029,
      0.011646529659628868,
      0.011645953170955181,
      0.011454000137746334,
      0.01109722163528204,
      0.011318127624690533,
      0.011259641498327255,
      0.011282888241112232,
      0.010891341604292393,
      0.010963289998471737,
      0.01094117108732462,
      0.010776275768876076,
      0.011173776350915432,
      0.010740413330495358,
      0.011181595735251904,
      0.011109194718301296,
      0.011141634546220303,
      0.010985884815454483,
      0.010937235318124294,
      0.01026548445224762,
      0.011200353503227234,
      0.010323607362806797,
      0.010520648211240768,
      0.010783389210700989,
      0.01083094161003828,
      0.010587519966065884,
      0.01085623074322939,
      0.01061059907078743,
      0.010626108385622501,
      0.01039142906665802,
      0.010461639612913132,
      0.010684586130082607,
      0.01025477983057499,
      0.010659179650247097,
      0.010931778699159622,
      0.010284343734383583,
      0.010844559408724308,
      0.010711477138102055,
      0.010305004194378853,
      0.010397601872682571,
      0.010274122469127178,
      0.009950842708349228,
      0.010215193964540958,
      0.009988478384912014,
      0.010747505351901054,
      0.010346530936658382,
      0.009935896843671799,
      0.010055361315608025,
      0.00969051755964756,
      0.00965141598135233,
      0.010276556946337223,
      0.009913046844303608,
      0.009404022246599197,
      0.009562511928379536,
      0.009701492264866829,
      0.009552781470119953,
      0.009477084502577782,
      0.009624889120459557,
      0.009683940559625626,
      0.010160483419895172,
      0.009614636190235615,
      0.009561493992805481,
      0.009173151105642319,
      0.00940246507525444,
      0.009243597276508808,
      0.009284413419663906,
      0.008818264119327068,
      0.009132602252066135,
      0.008942872285842896,
      0.008699080906808376,
      0.009165958501398563,
      0.009214244782924652,
      0.009004499763250351,
      0.00920560210943222,
      0.008859945461153984,
      0.009383486583828926,
      0.009008380584418774,
      0.00892566330730915,
      0.009044851176440716,
      0.008764765225350857,
      0.008735563606023788,
      0.008785901591181755,
      0.009065772406756878,
      0.00886422861367464,
      0.008785489946603775,
      0.009041235782206059,
      0.009075308218598366,
      0.008540613576769829,
      0.008833922445774078,
      0.008458426222205162,
      0.009145651012659073,
      0.008327425457537174,
      0.008295930922031403,
      0.008090353570878506,
      0.008951116353273392,
      0.008250775747001171,
      0.008475461043417454,
      0.008097773417830467,
      0.008651180192828178,
      0.008420124650001526,
      0.008242311887443066,
      0.008045805618166924,
      0.008431131951510906,
      0.008473344147205353,
      0.008368640206754208,
      0.007967676036059856,
      0.007823239080607891,
      0.007908509112894535,
      0.008137389086186886,
      0.007969614118337631,
      0.007884964346885681,
      0.007482615765184164,
      0.007877537980675697,
      0.007766677998006344,
      0.007777264341711998,
      0.007596910931169987,
      0.007575667463243008,
      0.0076668718829751015,
      0.00760737294331193,
      0.007779385428875685,
      0.00754912244156003,
      0.007094267755746841,
      0.007710235193371773,
      0.007424131967127323,
      0.0074982307851314545,
      0.00762734143063426,
      0.007012402173131704,
      0.007463975343853235,
      0.007146160583943129,
      0.007516347337514162,
      0.007030503358691931,
      0.007081111893057823,
