{
   "number_epochs": 500,
   "info_used": "full info",
   "perc_full_data": 0.04,
   "n_epochs_no_selection": 0,
   "Frequency % cutoff": 0.33,
   "hidden_size": 32,
   "random_state": 12,
   "train_errors": [
      0.24350357055664062,
      0.16571596264839172,
      0.10437054187059402,
      0.06105625629425049,
      0.038876596838235855,
      0.03617018833756447,
      0.0462074801325798,
      0.0516052208840847,
      0.04595129191875458,
      0.03951338678598404,
      0.033734969794750214,
      0.03219078853726387,
      0.03297951817512512,
      0.03348866105079651,
      0.034048184752464294,
      0.032978594303131104,
      0.031550996005535126,
      0.03108919784426689,
      0.029424453154206276,
      0.028744708746671677,
      0.029001690447330475,
      0.028809962794184685,
      0.028243698179721832,
      0.027044635266065598,
      0.026717638596892357,
      0.026057984679937363,
      0.026047417894005775,
      0.025737931951880455,
      0.023701071739196777,
      0.02409757860004902,
      0.023800402879714966,
      0.023326043039560318,
      0.023249415680766106,
      0.02229328639805317,
      0.021815327927470207,
      0.021053357049822807,
      0.021515144035220146,
      0.020390326157212257,
      0.020494896918535233,
      0.020097099244594574,
      0.01957794651389122,
      0.019622961059212685,
      0.018971621990203857,
      0.018572863191366196,
      0.017869193106889725,
      0.018603863194584846,
      0.017268067225813866,
      0.016862591728568077,
      0.016954785212874413,
      0.017010953277349472,
      0.01651802659034729,
      0.01641043834388256,
      0.01627044752240181,
      0.015238061547279358,
      0.016126025468111038,
      0.015656571835279465,
      0.015541886910796165,
      0.015149376355111599,
      0.015538765117526054,
      0.015165302902460098,
      0.015468241646885872,
      0.01444154791533947,
      0.015243212692439556,
      0.015250793658196926,
      0.014055035077035427,
      0.014663871377706528,
      0.014420689083635807,
      0.014271930791437626,
      0.01436480414122343,
      0.013136079534888268,
      0.014021160081028938,
      0.014196750707924366,
      0.014845102094113827,
      0.014425977133214474,
      0.013353015296161175,
      0.01379975862801075,
      0.01429709978401661,
      0.01335773803293705,
      0.013448364101350307,
      0.013021072372794151,
      0.012804589234292507,
      0.012863422743976116,
      0.012981925159692764,
      0.012297228910028934,
      0.012793157249689102,
      0.013282356783747673,
      0.013010178692638874,
      0.012237221002578735,
      0.01303714420646429,
      0.012529511004686356,
      0.01258944347500801,
      0.012435749173164368,
      0.012686197645962238,
      0.012572385370731354,
      0.012469450011849403,
      0.011736658401787281,
      0.012621870264410973,
      0.011977854184806347,
      0.01150684803724289,
      0.012139718048274517,
      0.011661007069051266,
      0.011818856000900269,
      0.01218964159488678,
      0.011504339054226875,
      0.011328538879752159,
      0.01143559068441391,
      0.011447067372500896,
      0.011798814870417118,
      0.012316007167100906,
      0.012754678726196289,
      0.011474041268229485,
      0.01156672928482294,
      0.011559288948774338,
      0.01112693827599287,
      0.010809669271111488,
      0.011377892456948757,
      0.01107719261199236,
      0.011140554212033749,
      0.012042316608130932,
      0.010364037938416004,
      0.011581195518374443,
      0.01056061964482069,
      0.010627573356032372,
      0.011670717038214207,
      0.011068222112953663,
      0.011260371655225754,
      0.011413668282330036,
      0.01095784641802311,
      0.011141885071992874,
      0.011344976723194122,
      0.01022903062403202,
      0.011949646286666393,
      0.010825050063431263,
      0.011047172360122204,
      0.011065537109971046,
      0.010636522434651852,
      0.01083456352353096,
      0.010338852182030678,
      0.01011312659829855,
      0.011142232455313206,
      0.010793372988700867,
      0.010229334235191345,
      0.01110746618360281,
      0.010536829940974712,
      0.010633510537445545,
      0.009937223047018051,
      0.010455476120114326,
      0.011020755395293236,
      0.01104806549847126,
      0.011262180283665657,
      0.010038139298558235,
      0.0100924763828516,
      0.011389330960810184,
      0.010415693745017052,
      0.010501079261302948,
      0.0098572988063097,
      0.010582282207906246,
      0.010288503021001816,
      0.010630673728883266,
      0.01059433352202177,
      0.011043609119951725,
      0.010290934704244137,
      0.010419586673378944,
      0.00982153695076704,
      0.010751337744295597,
      0.010681639425456524,
      0.008984499610960484,
      0.009312001056969166,
      0.010574262589216232,
      0.009647108614444733,
      0.009923056699335575,
      0.010147426277399063,
      0.009649166837334633,
      0.010671631433069706,
      0.010059088468551636,
      0.010028615593910217,
      0.0094473110511899,
      0.009557935409247875,
      0.010237292386591434,
      0.010604065842926502,
      0.010034212842583656,
      0.009645452722907066,
      0.009027644991874695,
      0.009519963525235653,
      0.00965354684740305,
      0.009851371869444847,
      0.01046121958643198,
      0.009578204713761806,
      0.009334669448435307,
      0.009340226650238037,
      0.010246876627206802,
      0.009327416308224201,
      0.009574271738529205,
      0.008998475037515163,
      0.009524387307465076,
      0.009041854180395603,
      0.010432159528136253,
      0.009082457050681114,
      0.01011077594012022,
      0.009831848554313183,
      0.009692578576505184,
      0.009649751707911491,
      0.008973294869065285,
      0.009115107357501984,
      0.009476758539676666,
      0.010084238834679127,
      0.009075183421373367,
      0.01024315133690834,
      0.009257087484002113,
      0.010176067240536213,
      0.010200134478509426,
      0.009992373175919056,
      0.009633748792111874,
      0.008739940822124481,
      0.009290944784879684,
      0.00972250010818243,
      0.009352493099868298,
      0.01012510247528553,
      0.00874333269894123,
      0.00920927058905363,
      0.009296120144426823,
      0.009060462936758995,
      0.009542259387671947,
      0.010147374123334885,
      0.009103682823479176,
      0.009116238914430141,
      0.008745770901441574,
      0.009835903532803059,
      0.009338856674730778,
      0.008637616410851479,
      0.009273904375731945,
      0.008863444440066814,
      0.008873583748936653,
      0.008693092502653599,
      0.008913950063288212,
      0.008575559593737125,
      0.009764165617525578,
      0.008997859433293343,
      0.008749082684516907,
      0.008864808827638626,
      0.00906392466276884,
      0.009438984096050262,
      0.008518670685589314,
      0.009406390599906445,
      0.009035930037498474,
      0.008358636870980263,
      0.008862881921231747,
      0.008446309715509415,
      0.009455663152039051,
      0.008675983175635338,
      0.008182357996702194,
      0.008946243673563004,
      0.0085401376709342,
      0.008413500152528286,
      0.008604414761066437,
      0.008177063427865505,
      0.00868910737335682,
      0.009108331054449081,
      0.008428790606558323,
      0.010084052570164204,
      0.008744156919419765,
      0.008367885835468769,
      0.00921609252691269,
      0.009681939147412777,
      0.008088523522019386,
      0.008286907337605953,
      0.008455472998321056,
      0.008800849318504333,
      0.009172292426228523,
      0.008662175387144089,
      0.00837969221174717,
      0.008836423978209496,
      0.009491258300840855,
      0.008347051218152046,
      0.00851844809949398,
      0.008284269832074642,
      0.009318593889474869,
      0.008458116091787815,
      0.008327455259859562,
      0.008695275522768497,
