{
   "number_epochs": 500,
   "info_used": "full info",
   "perc_full_data": 0.04,
   "n_epochs_no_selection": 0,
   "Frequency % cutoff": 0.33,
   "hidden_size": 32,
   "random_state": 10,
   "train_errors": [
      0.2946900427341461,
      0.1923852115869522,
      0.11202505975961685,
      0.06058439984917641,
      0.046724263578653336,
      0.061523035168647766,
      0.06949923187494278,
      0.0566500723361969,
      0.04535885900259018,
      0.040977105498313904,
      0.03942273557186127,
      0.040287867188453674,
      0.04214987903833389,
      0.04189784452319145,
      0.040543366223573685,
      0.037990253418684006,
      0.036824047565460205,
      0.03506862372159958,
      0.03391334041953087,
      0.03379862755537033,
      0.03319767862558365,
      0.032985325902700424,
      0.031694620847702026,
      0.03123391792178154,
      0.03001408465206623,
      0.029334651306271553,
      0.02894137240946293,
      0.028900684788823128,
      0.0277249775826931,
      0.027773715555667877,
      0.026368770748376846,
      0.026733076199889183,
      0.02560507133603096,
      0.024904806166887283,
      0.024835648015141487,
      0.024322712793946266,
      0.024386873468756676,
      0.024216292425990105,
      0.023544741794466972,
      0.022720295935869217,
      0.022452864795923233,
      0.02202955074608326,
      0.02116984874010086,
      0.0210298839956522,
      0.020922861993312836,
      0.020857689902186394,
      0.019429681822657585,
      0.019777018576860428,
      0.020075276494026184,
      0.01948995515704155,
      0.01899171620607376,
      0.018631072714924812,
      0.020084073767066002,
      0.018942924216389656,
      0.01921091414988041,
      0.018826929852366447,
      0.018604520708322525,
      0.017293356359004974,
      0.018415454775094986,
      0.018855024129152298,
      0.018371600657701492,
      0.01731468178331852,
      0.01914011314511299,
      0.01810876838862896,
      0.017178047448396683,
      0.016976041719317436,
      0.017414206638932228,
      0.01684480905532837,
      0.017341529950499535,
      0.01677648350596428,
      0.017008401453495026,
      0.017044907435774803,
      0.01649210788309574,
      0.01619814895093441,
      0.016145609319210052,
      0.016794990748167038,
      0.016069849953055382,
      0.016068052500486374,
      0.015608656220138073,
      0.016098683699965477,
      0.016022775322198868,
      0.016056841239333153,
      0.01554927695542574,
      0.015481549315154552,
      0.014763673767447472,
      0.01557242963463068,
      0.01500430516898632,
      0.015445342287421227,
      0.014616315253078938,
      0.014353478327393532,
      0.01434231735765934,
      0.014680350199341774,
      0.01440627034753561,
      0.014188673347234726,
      0.014532775618135929,
      0.01432822272181511,
      0.014127764850854874,
      0.013871831819415092,
      0.013963458128273487,
      0.013770793564617634,
      0.013510389253497124,
      0.013709832914173603,
      0.013835485093295574,
      0.014060228131711483,
      0.013749354518949986,
      0.013789915479719639,
      0.01329217478632927,
      0.013423467986285686,
      0.012882567942142487,
      0.012629009783267975,
      0.013461053371429443,
      0.01355747226625681,
      0.013564035296440125,
      0.013003326021134853,
      0.012750180438160896,
      0.01298968680202961,
      0.013281885534524918,
      0.012829928658902645,
      0.012545612640678883,
      0.013553088530898094,
      0.013609848916530609,
      0.012562526389956474,
      0.013364279642701149,
      0.01271563209593296,
      0.01268392987549305,
      0.013628551736474037,
      0.012619787827134132,
      0.012484856881201267,
      0.01230794657021761,
      0.011804155074059963,
      0.012849860824644566,
      0.012334943749010563,
      0.0121967364102602,
      0.01238830853253603,
      0.013167978264391422,
      0.011889554560184479,
      0.012481976300477982,
      0.012360571883618832,
      0.012414592318236828,
      0.012835431843996048,
      0.012302185408771038,
      0.011708138510584831,
      0.012292347848415375,
      0.012775343842804432,
      0.012652586214244366,
      0.011902717873454094,
      0.012991243042051792,
      0.011740879155695438,
      0.011473804712295532,
      0.011935311369597912,
      0.01179439015686512,
      0.012509754858911037,
      0.012224344536662102,
      0.011462770402431488,
      0.012670209631323814,
      0.011874733492732048,
      0.012481256388127804,
      0.011649434454739094,
      0.011876072734594345,
      0.012000838294625282,
      0.011868770234286785,
      0.011604582890868187,
      0.011366396211087704,
      0.012122553773224354,
      0.011466198600828648,
      0.011443541385233402,
      0.011242623440921307,
      0.011102680116891861,
      0.011780413798987865,
      0.011284338310360909,
      0.011504127644002438,
      0.011567608453333378,
      0.010956437326967716,
      0.01138051226735115,
      0.011557694524526596,
      0.010984256863594055,
      0.011673188768327236,
      0.011099851690232754,
      0.012382585555315018,
      0.011457664892077446,
      0.0116448188200593,
      0.010966057889163494,
      0.011233208701014519,
      0.010302071459591389,
      0.011598297394812107,
      0.011163359507918358,
      0.01097184233367443,
      0.011332504451274872,
      0.010743829421699047,
      0.011056575924158096,
      0.010476424358785152,
      0.01062829326838255,
      0.010871469043195248,
      0.010325833223760128,
      0.010494397953152657,
      0.01058282796293497,
      0.01064243819564581,
      0.010922202840447426,
      0.011262786574661732,
      0.011205645278096199,
      0.011095117777585983,
      0.010980459861457348,
      0.01070957351475954,
      0.01061534695327282,
      0.010500825941562653,
      0.010740953497588634,
      0.010815544985234737,
      0.010530472733080387,
      0.010456566698849201,
      0.011675036512315273,
      0.009933601133525372,
      0.010729766450822353,
      0.010321210138499737,
      0.010714407078921795,
      0.010072034783661366,
      0.010512477718293667,
      0.010200968012213707,
      0.01065763272345066,
      0.010449355468153954,
      0.010492637753486633,
      0.010683142580091953,
      0.010317428037524223,
      0.010525157675147057,
      0.010789326392114162,
      0.010045044124126434,
      0.010546856559813023,
      0.010275815613567829,
      0.010478285141289234,
      0.00991696398705244,
      0.009601435624063015,
      0.010899161919951439,
      0.01018886361271143,
      0.010205334983766079,
      0.010134821757674217,
      0.010393018834292889,
      0.010559742338955402,
      0.010109235532581806,
      0.011321970261633396,
      0.010506484657526016,
      0.010401555337011814,
      0.010477572679519653,
      0.009190867654979229,
      0.00999409519135952,
      0.009315554983913898,
      0.010456095449626446,
      0.010002645663917065,
      0.010484524071216583,
      0.00955330953001976,
      0.01028922013938427,
      0.010030161589384079,
      0.009654255583882332,
      0.010119819082319736,
      0.010020262561738491,
      0.010320686735212803,
      0.010205892845988274,
      0.010555680841207504,
      0.009752433747053146,
      0.009933630004525185,
      0.009333617985248566,
      0.010543154552578926,
      0.009042595513164997,
      0.009150871075689793,
      0.009077509865164757,
      0.010391095653176308,
      0.0095896041020751,
      0.010205203667283058,
      0.00949899386614561,
      0.009130529128015041,
      0.009308385662734509,
      0.009783336892724037,
      0.008856761269271374,
      0.009323274716734886,
      0.009567501954734325,
      0.009649179875850677,
      0.009620089083909988,
      0.009845457039773464,
      0.009979818016290665,
      0.00971829704940319,
      0.009457887150347233,
      0.010189315304160118,
