{
   "number_epochs": 500,
   "info_used": "full info",
   "perc_full_data": 0.04,
   "n_epochs_no_selection": 0,
   "Frequency % cutoff": 0.33,
   "hidden_size": 32,
   "random_state": 6,
   "train_errors": [
      0.2641867697238922,
      0.17511554062366486,
      0.10654740780591965,
      0.06110453978180885,
      0.04541165381669998,
      0.058758098632097244,
      0.06840840727090836,
      0.06275180727243423,
      0.05016477033495903,
      0.04129355400800705,
      0.04014970362186432,
      0.040483176708221436,
      0.042628902941942215,
      0.04314302280545235,
      0.04034873843193054,
      0.03901625797152519,
      0.03620919957756996,
      0.03596942499279976,
      0.034527815878391266,
      0.035301823168992996,
      0.035197578370571136,
      0.035042956471443176,
      0.03321260213851929,
      0.032343316823244095,
      0.031829603016376495,
      0.031353745609521866,
      0.03102087415754795,
      0.0308604184538126,
      0.028649309650063515,
      0.02811978943645954,
      0.027614464983344078,
      0.02726799063384533,
      0.025844518095254898,
      0.025027412921190262,
      0.024666670709848404,
      0.02426760271191597,
      0.024780534207820892,
      0.02376427873969078,
      0.024253273382782936,
      0.022511063143610954,
      0.02213638834655285,
      0.021957390010356903,
      0.02147890254855156,
      0.021656770259141922,
      0.019961241632699966,
      0.020210709422826767,
      0.019876839593052864,
      0.019220711663365364,
      0.01985565759241581,
      0.018146522343158722,
      0.01780332624912262,
      0.01781562715768814,
      0.01780729554593563,
      0.0171341672539711,
      0.016977623105049133,
      0.01760525442659855,
      0.016949517652392387,
      0.016503626480698586,
      0.01582745648920536,
      0.01614568382501602,
      0.015616395510733128,
      0.015591987408697605,
      0.015020822174847126,
      0.015034695155918598,
      0.015168429352343082,
      0.014920881018042564,
      0.015189982950687408,
      0.015189144760370255,
      0.014372089877724648,
      0.014988183043897152,
      0.01414803508669138,
      0.013821407221257687,
      0.014227901585400105,
      0.013605683110654354,
      0.01454248744994402,
      0.01390580553561449,
      0.013907250948250294,
      0.014251600950956345,
      0.013629214838147163,
      0.014188711531460285,
      0.013465574011206627,
      0.013527301140129566,
      0.013999744318425655,
      0.013040095567703247,
      0.012426286935806274,
      0.013178260065615177,
      0.013794043101370335,
      0.013370021246373653,
      0.013549447990953922,
      0.013265717774629593,
      0.012925056740641594,
      0.012439963407814503,
      0.012687369249761105,
      0.012821958400309086,
      0.012905530631542206,
      0.01252139825373888,
      0.011982346884906292,
      0.012290333397686481,
      0.01273521687835455,
      0.012251363135874271,
      0.012452161870896816,
      0.012210989370942116,
      0.0119022810831666,
      0.01245985459536314,
      0.012139025144279003,
      0.012170461006462574,
      0.012391064316034317,
      0.012203329242765903,
      0.012683314271271229,
      0.011949858628213406,
      0.011738655157387257,
      0.01234412845224142,
      0.011922234669327736,
      0.011818498373031616,
      0.011679206974804401,
      0.012031336314976215,
      0.011154886335134506,
      0.01161056850105524,
      0.011490678414702415,
      0.01178034022450447,
      0.011616465635597706,
      0.011872073635458946,
      0.011527777649462223,
      0.01116255298256874,
      0.011806081980466843,
      0.011031069792807102,
      0.01171061210334301,
      0.011527006514370441,
      0.011821202002465725,
      0.010965287685394287,
      0.011251289397478104,
      0.01160547137260437,
      0.011296192184090614,
      0.011645343154668808,
      0.011722208000719547,
      0.011741770431399345,
      0.010887786746025085,
      0.010931871831417084,
      0.010694480501115322,
      0.0111164515838027,
      0.011713485233485699,
      0.01068552490323782,
      0.010837800800800323,
      0.010570907965302467,
      0.010997901670634747,
      0.010899210348725319,
      0.010416884906589985,
      0.01104806736111641,
      0.011277962476015091,
      0.010233358480036259,
      0.010331985540688038,
      0.010714206844568253,
      0.010203484445810318,
      0.011315394192934036,
      0.010930386371910572,
      0.01043293159455061,
      0.010648517869412899,
      0.011139549314975739,
      0.01046790648251772,
      0.010553057305514812,
      0.010927020572125912,
      0.010305346921086311,
      0.009656988084316254,
      0.010256128385663033,
      0.010407029651105404,
      0.01030675508081913,
      0.010707007721066475,
      0.010469658300280571,
      0.010347368195652962,
      0.010699203237891197,
      0.009475740604102612,
      0.01023438572883606,
      0.01051517203450203,
      0.011001158505678177,
      0.010634589940309525,
      0.010033126920461655,
      0.00949415098875761,
      0.009610937908291817,
      0.010090976022183895,
      0.010116801597177982,
      0.009676109999418259,
      0.009839384816586971,
      0.00975338276475668,
      0.010006045922636986,
      0.010336196981370449,
      0.009188092313706875,
      0.009489295072853565,
      0.010734787210822105,
      0.0095294751226902,
      0.010136096738278866,
      0.009350351057946682,
      0.01036250963807106,
      0.00965836551040411,
      0.009665283374488354,
      0.009028850123286247,
      0.009878301061689854,
      0.009496170096099377,
      0.009254873730242252,
      0.010145485401153564,
      0.009105577133595943,
      0.009610806591808796,
      0.00933096557855606,
      0.010196828283369541,
      0.009247781708836555,
      0.00919448584318161,
      0.009972655214369297,
      0.009043464437127113,
      0.009491878561675549,
      0.009744030423462391,
      0.00925400946289301,
      0.00919083971530199,
      0.009791484102606773,
      0.009046767838299274,
      0.009189488366246223,
      0.008943429216742516,
      0.009626936167478561,
      0.00881978590041399,
      0.00868384912610054,
      0.009204696863889694,
      0.0085151307284832,
      0.008625148795545101,
      0.008725265972316265,
      0.0094007458537817,
      0.010011503472924232,
      0.00871652364730835,
      0.008925368078052998,
      0.008741223253309727,
      0.008896725252270699,
      0.009219983592629433,
      0.009451327845454216,
      0.00886582676321268,
      0.008684834465384483,
      0.008880849927663803,
      0.00849434919655323,
      0.009239616803824902,
      0.00920602586120367,
      0.00890094693750143,
      0.008546819910407066,
      0.00917754601687193,
      0.008710820227861404,
      0.009186246432363987,
      0.009377780370414257,
      0.009008528664708138,
      0.008792559616267681,
      0.008192203938961029,
      0.008688089437782764,
      0.00878879427909851,
      0.008604929782450199,
      0.009170993231236935,
      0.008966795168817043,
      0.008712444454431534,
      0.009252813644707203,
      0.008465097285807133,
      0.00868876650929451,
      0.008338334038853645,
      0.009234041906893253,
      0.008368625305593014,
      0.009253772906959057,
      0.008835413493216038,
      0.008702578023076057,
      0.008946452289819717,
      0.008612805977463722,
      0.008652761578559875,
      0.008583706803619862,
      0.009236270561814308,
      0.009181463159620762,
      0.008885378949344158,
      0.00937400572001934,
      0.00901593454182148,
      0.008730866946280003,
      0.008362195454537868,
      0.008604558184742928,
      0.008722997270524502,
      0.008651272393763065,
      0.00901365652680397,
      0.008019519969820976,
      0.008763181045651436,
      0.009043524973094463,
      0.008379033766686916,
      0.008660309948027134,
      0.009060440585017204,
