{
   "number_epochs": 500,
   "info_used": "full info",
   "perc_full_data": 0.04,
   "n_epochs_no_selection": 0,
   "Frequency % cutoff": 0.33,
   "hidden_size": 32,
   "random_state": 1,
   "train_errors": [
      0.28385913372039795,
      0.19422096014022827,
      0.12043359875679016,
      0.06806274503469467,
      0.044460829347372055,
      0.052435703575611115,
      0.0635063424706459,
      0.06167272850871086,
      0.05085793137550354,
      0.0416799820959568,
      0.03764764219522476,
      0.037554848939180374,
      0.03871705010533333,
      0.039653655141592026,
      0.038803521543741226,
      0.03779521584510803,
      0.03547363728284836,
      0.033697836101055145,
      0.031725671142339706,
      0.03191559761762619,
      0.031575191766023636,
      0.03186985105276108,
      0.03096066042780876,
      0.03032657504081726,
      0.030449070036411285,
      0.030947556719183922,
      0.030029039829969406,
      0.030344275757670403,
      0.029559005051851273,
      0.029002534225583076,
      0.028048105537891388,
      0.028504734858870506,
      0.027174826711416245,
      0.02720511518418789,
      0.02587360329926014,
      0.026118159294128418,
      0.02575795166194439,
      0.025026023387908936,
      0.02397814579308033,
      0.024860477074980736,
      0.023893795907497406,
      0.024581026285886765,
      0.023641930893063545,
      0.024046562612056732,
      0.023280154913663864,
      0.02266368269920349,
      0.023256268352270126,
      0.022179245948791504,
      0.02170715481042862,
      0.02227167971432209,
      0.020823925733566284,
      0.02133307047188282,
      0.02113129198551178,
      0.021039079874753952,
      0.01992121897637844,
      0.020638639107346535,
      0.019475581124424934,
      0.02015542984008789,
      0.01844281144440174,
      0.01891566626727581,
      0.01920877955853939,
      0.017993925139307976,
      0.019199280068278313,
      0.017499662935733795,
      0.01792626827955246,
      0.017597751691937447,
      0.01713404804468155,
      0.01674635522067547,
      0.016468992456793785,
      0.017149418592453003,
      0.015920395031571388,
      0.01598559133708477,
      0.016597261652350426,
      0.01616191491484642,
      0.016435466706752777,
      0.016192981973290443,
      0.015515974722802639,
      0.014952450059354305,
      0.014715859666466713,
      0.014970079064369202,
      0.015262448228895664,
      0.015334192663431168,
      0.014072020538151264,
      0.014600099064409733,
      0.014666281640529633,
      0.014788531698286533,
      0.015358952805399895,
      0.014965945854783058,
      0.015046020038425922,
      0.014599588699638844,
      0.013746601529419422,
      0.014445975422859192,
      0.013533244840800762,
      0.014166024513542652,
      0.014194411225616932,
      0.013616909272968769,
      0.013726762495934963,
      0.014370583929121494,
      0.01402182038873434,
      0.014035261236131191,
      0.01396403182297945,
      0.013787902891635895,
      0.01362245436757803,
      0.014029688201844692,
      0.013422218151390553,
      0.01341937854886055,
      0.013284089975059032,
      0.01355834398418665,
      0.013697313144803047,
      0.013009264133870602,
      0.01304020918905735,
      0.013317301869392395,
      0.013399699702858925,
      0.012791218236088753,
      0.012553279288113117,
      0.013552134856581688,
      0.012376682832837105,
      0.01290657464414835,
      0.013093720190227032,
      0.012680948711931705,
      0.012276780791580677,
      0.012117162346839905,
      0.012216740287840366,
      0.012506322003901005,
      0.01277115661650896,
      0.012713749893009663,
      0.011837149038910866,
      0.011829845607280731,
      0.011590374633669853,
      0.011979996226727962,
      0.011867566034197807,
      0.012380301021039486,
      0.011323919519782066,
      0.011582004837691784,
      0.01090514101088047,
      0.011742213740944862,
      0.011326145380735397,
      0.010928818956017494,
      0.010922497138381004,
      0.011061124503612518,
      0.010868949815630913,
      0.011836005374789238,
      0.01168517954647541,
      0.011011283844709396,
      0.011314486153423786,
      0.011070813052356243,
      0.010997316800057888,
      0.011352196335792542,
      0.010844426229596138,
      0.011144056916236877,
      0.01034560613334179,
      0.010800263844430447,
      0.010906058363616467,
      0.010992570780217648,
      0.010296179912984371,
      0.010171822272241116,
      0.010276922956109047,
      0.010213538073003292,
      0.011123733595013618,
      0.009940771386027336,
      0.010413364507257938,
      0.010984537191689014,
      0.010500426404178143,
      0.010046548210084438,
      0.009580322541296482,
      0.010390063747763634,
      0.010812724009156227,
      0.010548057965934277,
      0.010085110552608967,
      0.010181461460888386,
      0.010131913237273693,
      0.009823582135140896,
      0.010633385740220547,
      0.010464232414960861,
      0.010343183763325214,
      0.010866288095712662,
      0.010563751682639122,
      0.010147533379495144,
      0.009799342602491379,
      0.009613720700144768,
      0.01006234623491764,
      0.010054243728518486,
      0.009405084885656834,
      0.009712271392345428,
      0.00940593983978033,
      0.009883997030556202,
      0.009786317124962807,
      0.009494737721979618,
      0.009453185833990574,
      0.009517079219222069,
      0.009666359052062035,
      0.009007138200104237,
      0.009794347919523716,
      0.00937722623348236,
      0.009533355943858624,
      0.009412894025444984,
      0.009389244951307774,
      0.009083394892513752,
      0.009502475149929523,
      0.008864101953804493,
      0.008853170089423656,
      0.009099740535020828,
      0.008933507837355137,
      0.009583198465406895,
      0.008760891854763031,
      0.009260457940399647,
      0.008923958986997604,
      0.00865527056157589,
      0.00978199765086174,
      0.008976966142654419,
      0.008686445653438568,
      0.008945117704570293,
      0.009033634327352047,
      0.009428718127310276,
      0.008775396272540092,
      0.008749142289161682,
      0.008677825331687927,
      0.009766577742993832,
      0.009604169055819511,
      0.00919597689062357,
      0.008703997358679771,
      0.008492603898048401,
      0.008292276412248611,
      0.008343650959432125,
      0.008247350342571735,
      0.008666322566568851,
      0.008584845811128616,
      0.00886834692209959,
      0.008365544490516186,
      0.008810345083475113,
      0.008031157776713371,
      0.008459946140646935,
      0.0087888203561306,
      0.00821741297841072,
      0.00862404890358448,
      0.00853246171027422,
      0.008386796340346336,
      0.008037560619413853,
      0.008309250697493553,
      0.008093624375760555,
      0.008174997754395008,
      0.00784030370414257,
      0.007893864996731281,
      0.00774396350607276,
      0.007548650726675987,
      0.007926752790808678,
      0.007908266969025135,
      0.00783401820808649,
      0.007793578784912825,
      0.007785485591739416,
      0.00807208102196455,
      0.00778929190710187,
      0.008256644941866398,
      0.007914019748568535,
      0.007927537895739079,
      0.008148211054503918,
      0.007766561582684517,
      0.007968178018927574,
      0.00789725873619318,
      0.007520069368183613,
      0.007476336322724819,
      0.007679811678826809,
      0.007476592902094126,
      0.0076514240354299545,
      0.007673467975109816,
      0.00722646014764905,
      0.007227669004350901,
      0.0073949797078967094,
      0.007582718040794134,
      0.007563720922917128,
      0.006945237051695585,
      0.007324058562517166,
      0.007231322582811117,
      0.006788874045014381,
      0.0074415127746760845,
      0.007063066121190786,
      0.0071059479378163815,
      0.007761668413877487,
      0.00724021065980196,
      0.007614491507411003,
