{
   "number_epochs": 500,
   "info_used": "full info",
   "perc_full_data": 0.04,
   "n_epochs_no_selection": 0,
   "Frequency % cutoff": 0.33,
   "hidden_size": 32,
   "random_state": 8,
   "train_errors": [
      0.31256741285324097,
      0.20566627383232117,
      0.12986396253108978,
      0.07624731212854385,
      0.04538929834961891,
      0.04322816804051399,
      0.0568326897919178,
      0.06268949806690216,
      0.05513913184404373,
      0.04496154561638832,
      0.03825769200921059,
      0.03496034815907478,
      0.036261554807424545,
      0.03752986341714859,
      0.037105992436409,
      0.03655536100268364,
      0.03548568859696388,
      0.03430676832795143,
      0.03275979682803154,
      0.03250885382294655,
      0.03139220178127289,
      0.03158259391784668,
      0.03193481266498566,
      0.03129195421934128,
      0.03074195235967636,
      0.029616430401802063,
      0.029818007722496986,
      0.02904677949845791,
      0.02876359410583973,
      0.028051160275936127,
      0.0271907988935709,
      0.027301037684082985,
      0.026485411450266838,
      0.026408100500702858,
      0.025786498561501503,
      0.025450414046645164,
      0.02545943669974804,
      0.024420535191893578,
      0.02471911534667015,
      0.02441277727484703,
      0.024066569283604622,
      0.023348689079284668,
      0.022458035498857498,
      0.022221941500902176,
      0.022366629913449287,
      0.021895084530115128,
      0.022269820794463158,
      0.022031566128134727,
      0.021312765777111053,
      0.02066916413605213,
      0.02102367952466011,
      0.020551709458231926,
      0.020443802699446678,
      0.02027280256152153,
      0.019907303154468536,
      0.019483523443341255,
      0.0193034615367651,
      0.019037604331970215,
      0.019639629870653152,
      0.019214289262890816,
      0.019584668800234795,
      0.018634958192706108,
      0.018567711114883423,
      0.01832517795264721,
      0.018288789317011833,
      0.018419643864035606,
      0.018072718754410744,
      0.01793050765991211,
      0.017854789271950722,
      0.018302449956536293,
      0.0175342857837677,
      0.01835978403687477,
      0.01764601282775402,
      0.01826532371342182,
      0.017077185213565826,
      0.016989901661872864,
      0.017234811559319496,
      0.01706128939986229,
      0.0172912385314703,
      0.016735324636101723,
      0.016010642051696777,
      0.016923630610108376,
      0.016916053369641304,
      0.016741318628191948,
      0.0163417961448431,
      0.0168723426759243,
      0.016608862206339836,
      0.016259219497442245,
      0.016973471269011497,
      0.01668448932468891,
      0.015350830741226673,
      0.015721073374152184,
      0.016203781589865685,
      0.015639733523130417,
      0.016340432688593864,
      0.015541285276412964,
      0.01569865085184574,
      0.0156325064599514,
      0.015537446364760399,
      0.015138860791921616,
      0.014915264211595058,
      0.01576039008796215,
      0.015711113810539246,
      0.014951976016163826,
      0.014763891696929932,
      0.015154948458075523,
      0.015378192998468876,
      0.014713436365127563,
      0.015131310559809208,
      0.014689921401441097,
      0.014859187416732311,
      0.015594621188938618,
      0.01443193107843399,
      0.014785665087401867,
      0.015212407335639,
      0.013944699428975582,
      0.014503191225230694,
      0.01531046349555254,
      0.013797060586512089,
      0.013946019113063812,
      0.014039906673133373,
      0.015051697380840778,
      0.014021750539541245,
      0.014136428944766521,
      0.014860211871564388,
      0.01439477689564228,
      0.013920366764068604,
      0.014268473722040653,
      0.014592206105589867,
      0.014730451628565788,
      0.014584905467927456,
      0.014211481437087059,
      0.014525200240314007,
      0.015160798095166683,
      0.01442385371774435,
      0.013569745235145092,
      0.013609003275632858,
      0.014870180748403072,
      0.014122183434665203,
      0.013521570712327957,
      0.014205086044967175,
      0.0137173505499959,
      0.014437936246395111,
      0.013743163086473942,
      0.0142080532386899,
      0.013645235449075699,
      0.01413694117218256,
      0.013663274236023426,
      0.013161255978047848,
      0.013793637976050377,
      0.013782129622995853,
      0.013878341764211655,
      0.014390134252607822,
      0.013578218407928944,
      0.013795308768749237,
      0.01341254822909832,
      0.01363323349505663,
      0.014461305923759937,
      0.01333019882440567,
      0.013634557835757732,
      0.014040653593838215,
      0.013896748423576355,
      0.013699674047529697,
      0.013698913156986237,
      0.013070333749055862,
      0.013500956818461418,
      0.013223357498645782,
      0.013578523881733418,
      0.013238397426903248,
      0.012911283411085606,
      0.013452854007482529,
      0.014145025983452797,
      0.013330263085663319,
      0.013436822220683098,
      0.013077773153781891,
      0.013706162571907043,
      0.012484565377235413,
      0.012494099326431751,
      0.012771530076861382,
      0.013306166045367718,
      0.013306818902492523,
      0.0125312190502882,
      0.012961875647306442,
      0.013666234910488129,
      0.012812637723982334,
      0.012775521725416183,
      0.012571489438414574,
      0.013594389893114567,
      0.013317594304680824,
      0.013002287596464157,
      0.01306199748069048,
      0.013330564834177494,
      0.013293042778968811,
      0.013488498516380787,
      0.012814927846193314,
      0.012441163882613182,
      0.01271870918571949,
      0.012898106127977371,
      0.012989426031708717,
      0.012417327612638474,
      0.013086112216114998,
      0.01241996418684721,
      0.012731648050248623,
      0.01275766920298338,
      0.01313038356602192,
      0.012367863208055496,
      0.012909475713968277,
      0.01248629204928875,
      0.012373794801533222,
      0.012499027885496616,
      0.012314711697399616,
      0.013257456012070179,
      0.012796896509826183,
      0.012385412119328976,
      0.01241085771471262,
      0.012416883371770382,
      0.012312597595155239,
      0.01211912278085947,
      0.012238064780831337,
      0.011373055167496204,
      0.012041473761200905,
      0.012072713114321232,
      0.011729838326573372,
      0.011596987955272198,
      0.012228920124471188,
      0.011605790816247463,
      0.012225796468555927,
      0.011141187511384487,
      0.012333031743764877,
      0.011874434538185596,
      0.011817117221653461,
      0.01180392224341631,
      0.011190900579094887,
      0.011863837018609047,
      0.011944465339183807,
      0.012535471469163895,
      0.011181097477674484,
      0.01149525586515665,
      0.011828934773802757,
      0.012196622788906097,
      0.011456075124442577,
      0.011182751506567001,
      0.011297613382339478,
      0.011617527343332767,
      0.011872291564941406,
      0.011071798391640186,
      0.011876014992594719,
      0.01130622811615467,
      0.011383798904716969,
      0.011009087786078453,
      0.011211791075766087,
      0.01085488311946392,
      0.0116822998970747,
      0.010962330736219883,
      0.011084476485848427,
      0.011617905460298061,
      0.010894827544689178,
      0.01114172488451004,
      0.011288009583950043,
      0.011528403498232365,
      0.011711504310369492,
      0.01094893366098404,
      0.010897196829319,
      0.011279834434390068,
      0.011210442520678043,
      0.010461835190653801,
      0.010614726692438126,
      0.010580971837043762,
      0.011590384878218174,
      0.011033186689019203,
      0.011393711902201176,
      0.010267728939652443,
      0.010785229504108429,
      0.01065012812614441,
      0.010695137083530426,
      0.011077926494181156,
      0.010772659443318844,
      0.010978829115629196,
      0.010693307965993881,
      0.010641371831297874,
      0.011105558834969997,
