{
   "number_epochs": 500,
   "info_used": "full info",
   "perc_full_data": 0.04,
   "n_epochs_no_selection": 0,
   "Frequency % cutoff": 0.33,
   "hidden_size": 32,
   "random_state": 3,
   "train_errors": [
      0.2591385841369629,
      0.1710539609193802,
      0.10309166461229324,
      0.05994346737861633,
      0.042940594255924225,
      0.049971453845500946,
      0.06535180658102036,
      0.06441590934991837,
      0.05351430922746658,
      0.04435203969478607,
      0.03950619697570801,
      0.038424864411354065,
      0.04058756306767464,
      0.04022617265582085,
      0.040730345994234085,
      0.038878120481967926,
      0.03722777217626572,
      0.034943368285894394,
      0.03451646864414215,
      0.034452442079782486,
      0.03518613055348396,
      0.03465500473976135,
      0.03356008231639862,
      0.033055610954761505,
      0.03196750581264496,
      0.03100416623055935,
      0.03130839020013809,
      0.029733650386333466,
      0.029301073402166367,
      0.030402395874261856,
      0.028512852266430855,
      0.02856675162911415,
      0.027326518669724464,
      0.027196846902370453,
      0.02613728865981102,
      0.026244478300213814,
      0.025398418307304382,
      0.025304317474365234,
      0.024680214002728462,
      0.023961758241057396,
      0.022809503600001335,
      0.02201208472251892,
      0.02285711094737053,
      0.02229045145213604,
      0.021018652245402336,
      0.021566277369856834,
      0.020650947466492653,
      0.02068336494266987,
      0.020901741459965706,
      0.020335646346211433,
      0.01982915960252285,
      0.019733784720301628,
      0.019349541515111923,
      0.019026901572942734,
      0.019107526168227196,
      0.01824893057346344,
      0.019152138382196426,
      0.018812747672200203,
      0.01808481477200985,
      0.017860574647784233,
      0.018260790035128593,
      0.019279811531305313,
      0.017950598150491714,
      0.018119972199201584,
      0.0188437569886446,
      0.018394825980067253,
      0.017508018761873245,
      0.017723361030220985,
      0.017643870785832405,
      0.017816053703427315,
      0.01735135354101658,
      0.017970161512494087,
      0.01708192750811577,
      0.018499022349715233,
      0.01763496734201908,
      0.016888268291950226,
      0.017039040103554726,
      0.016973040997982025,
      0.017256570979952812,
      0.017603125423192978,
      0.01762380637228489,
      0.01673278585076332,
      0.016848573461174965,
      0.017081255093216896,
      0.01627999357879162,
      0.016647448763251305,
      0.01548960991203785,
      0.015785984694957733,
      0.015907134860754013,
      0.01526626292616129,
      0.016182802617549896,
      0.01675105281174183,
      0.01568879373371601,
      0.015123370103538036,
      0.01522796880453825,
      0.01648000255227089,
      0.016254061833024025,
      0.015224053524434566,
      0.014795687980949879,
      0.01563914306461811,
      0.014641535468399525,
      0.014612971805036068,
      0.014635728672146797,
      0.01511304546147585,
      0.014593206346035004,
      0.014206953346729279,
      0.014676998369395733,
      0.014444553293287754,
      0.014260340481996536,
      0.014181315898895264,
      0.013395354151725769,
      0.014848691411316395,
      0.01457156240940094,
      0.013947060331702232,
      0.014974232763051987,
      0.014332110062241554,
      0.014119913801550865,
      0.01365911215543747,
      0.01372881606221199,
      0.013104241341352463,
      0.01345394179224968,
      0.013387744314968586,
      0.012614264152944088,
      0.013901219703257084,
      0.013582101091742516,
      0.01307173166424036,
      0.01389493327587843,
      0.013153284788131714,
      0.012909752316772938,
      0.012792478315532207,
      0.013024644926190376,
      0.012629750184714794,
      0.012692660093307495,
      0.012203061021864414,
      0.012717008590698242,
      0.012579044327139854,
      0.012341944500803947,
      0.012297107838094234,
      0.012523713521659374,
      0.01162335928529501,
      0.012423576787114143,
      0.012160570360720158,
      0.011794948019087315,
      0.012249868363142014,
      0.012468821369111538,
      0.012114785611629486,
      0.012024937197566032,
      0.011991427280008793,
      0.01183831412345171,
      0.011313124559819698,
      0.011439815163612366,
      0.011031659319996834,
      0.0117750009521842,
      0.011425472795963287,
      0.011972399428486824,
      0.011540149338543415,
      0.011712370440363884,
      0.01144054252654314,
      0.01097804494202137,
      0.011493932455778122,
      0.011482540518045425,
      0.0114796943962574,
      0.011658267118036747,
      0.01131254993379116,
      0.011345861479640007,
      0.010999101214110851,
      0.009965620003640652,
      0.010653919540345669,
      0.011074064299464226,
      0.01035562064498663,
      0.01070632878690958,
      0.010892626829445362,
      0.01045679859817028,
      0.010226046666502953,
      0.009779962711036205,
      0.010388124734163284,
      0.01000557653605938,
      0.010307935066521168,
      0.01003736350685358,
      0.010556664317846298,
      0.009655982255935669,
      0.009798100218176842,
      0.010322044603526592,
      0.009768201969563961,
      0.010885337367653847,
      0.009593586437404156,
      0.01013548020273447,
      0.009235253557562828,
      0.010233001783490181,
      0.01025627925992012,
      0.009951257146894932,
      0.010460438206791878,
      0.009118846617639065,
      0.008839777670800686,
      0.00965588167309761,
      0.008961647748947144,
      0.009719428606331348,
      0.010169311426579952,
      0.009255732409656048,
      0.010072433389723301,
      0.009859303012490273,
      0.00996331125497818,
      0.009062274359166622,
      0.009174584411084652,
      0.009230819530785084,
      0.00899334903806448,
      0.009408658370375633,
      0.009518597275018692,
      0.009101887233555317,
      0.009638081304728985,
      0.008870143443346024,
      0.00887448899447918,
      0.00928973127156496,
      0.008582417853176594,
      0.008685775101184845,
      0.008556688204407692,
      0.009275591932237148,
      0.008402872830629349,
      0.009387948550283909,
      0.008544579148292542,
      0.009331826120615005,
      0.00844031386077404,
      0.009448813274502754,
      0.008862800896167755,
      0.008177648298442364,
      0.009025940671563148,
      0.009381379932165146,
      0.008240376599133015,
      0.008543437346816063,
      0.008172955363988876,
      0.008017584681510925,
      0.008157487027347088,
      0.007731596939265728,
      0.007718927226960659,
      0.008195703849196434,
      0.008809680119156837,
      0.007383672054857016,
      0.008313532918691635,
      0.008776852861046791,
      0.008224794641137123,
      0.007626913953572512,
      0.0078310901299119,
      0.007918343879282475,
      0.008465857245028019,
      0.007661610376089811,
      0.007642580196261406,
      0.008207122795283794,
      0.007406622637063265,
      0.007661714684218168,
      0.008023268543183804,
      0.007784200832247734,
      0.007299019023776054,
      0.0071647982113063335,
      0.007992425933480263,
      0.008180850185453892,
      0.007361038122326136,
      0.007962657138705254,
      0.009866666980087757,
      0.008084258064627647,
      0.007707345765084028,
      0.007953423075377941,
      0.007842687889933586,
      0.007342924829572439,
      0.007264650426805019,
      0.008298941887915134,
      0.007200943771749735,
      0.006833123974502087,
      0.008078213781118393,
      0.007464653346687555,
      0.0072387889958918095,
      0.00696558877825737,
      0.007378065958619118,
      0.00749294413253665,
      0.00669168122112751,
      0.007116766180843115,
      0.007134273182600737,
      0.006658300291746855,
      0.007223078515380621,
      0.007485799957066774,
      0.006880961824208498,
