{
   "number_epochs": 500,
   "info_used": "full info",
   "perc_full_data": 0.04,
   "n_epochs_no_selection": 0,
   "Frequency % cutoff": 0.33,
   "hidden_size": 32,
   "random_state": 11,
   "train_errors": [
      0.4566784203052521,
      0.3376631736755371,
      0.23402811586856842,
      0.14949055016040802,
      0.08646811544895172,
      0.05016650632023811,
      0.0504232794046402,
      0.07333523780107498,
      0.0836717039346695,
      0.07828173786401749,
      0.06201605498790741,
      0.04649148881435394,
      0.04008174315094948,
      0.04009557515382767,
      0.040720921009778976,
      0.043296415358781815,
      0.04153991490602493,
      0.040513455867767334,
      0.037726253271102905,
      0.03599570319056511,
      0.035251252353191376,
      0.0360712967813015,
      0.03634820133447647,
      0.03644883632659912,
      0.03617119789123535,
      0.03594616800546646,
      0.0332927443087101,
      0.033142734318971634,
      0.03319163993000984,
      0.03154812753200531,
      0.032035671174526215,
      0.031865376979112625,
      0.031258560717105865,
      0.031040383502840996,
      0.031776122748851776,
      0.030039703473448753,
      0.028762418776750565,
      0.030032411217689514,
      0.029626604169607162,
      0.02859100140631199,
      0.028347456827759743,
      0.02729203924536705,
      0.028713492676615715,
      0.02819409780204296,
      0.027389347553253174,
      0.026953456923365593,
      0.026620863005518913,
      0.025676943361759186,
      0.02689416892826557,
      0.025402022525668144,
      0.02574816532433033,
      0.0245736725628376,
      0.024523789063096046,
      0.024275336414575577,
      0.023967325687408447,
      0.024439912289381027,
      0.024313224479556084,
      0.022815046831965446,
      0.023620225489139557,
      0.022207941859960556,
      0.022646432742476463,
      0.022270509973168373,
      0.020819736644625664,
      0.021417412906885147,
      0.021771013736724854,
      0.0220223069190979,
      0.020636456087231636,
      0.020416133105754852,
      0.02168394811451435,
      0.01985642872750759,
      0.01984393782913685,
      0.019386379048228264,
      0.020337793976068497,
      0.01870698109269142,
      0.01917298510670662,
      0.018636154010891914,
      0.018755845725536346,
      0.01873418316245079,
      0.018146581947803497,
      0.018649280071258545,
      0.01762349344789982,
      0.01884804666042328,
      0.018901560455560684,
      0.019463710486888885,
      0.017526835203170776,
      0.018979841843247414,
      0.01889738254249096,
      0.018347369506955147,
      0.01872837543487549,
      0.018070261925458908,
      0.018857264891266823,
      0.01759043149650097,
      0.018323255702853203,
      0.017934933304786682,
      0.01868491992354393,
      0.017365047708153725,
      0.018705032765865326,
      0.01787519082427025,
      0.017830740660429,
      0.01786765828728676,
      0.017544927075505257,
      0.018582915887236595,
      0.016976352781057358,
      0.017087722197175026,
      0.016699809581041336,
      0.017947198823094368,
      0.016914183273911476,
      0.018084710463881493,
      0.016436850652098656,
      0.017421284690499306,
      0.016730085015296936,
      0.01667306385934353,
      0.017439410090446472,
      0.016727089881896973,
      0.015591016970574856,
      0.017286140471696854,
      0.01696816273033619,
      0.017211025580763817,
      0.0171505194157362,
      0.017003551125526428,
      0.016291026026010513,
      0.01644277200102806,
      0.015927370637655258,
      0.016620563343167305,
      0.017278747633099556,
      0.01700722798705101,
      0.01703186333179474,
      0.016476523131132126,
      0.01632428541779518,
      0.01632341742515564,
      0.015678850933909416,
      0.016088195145130157,
      0.016695937141776085,
      0.016611285507678986,
      0.015222188085317612,
      0.01680709794163704,
      0.016640417277812958,
      0.016393553465604782,
      0.016028618440032005,
      0.01744069717824459,
      0.016297319903969765,
      0.016315681859850883,
      0.016955537721514702,
      0.016004400327801704,
      0.016002148389816284,
      0.01605146750807762,
      0.017290404066443443,
      0.016283009201288223,
      0.01691543497145176,
      0.015581856481730938,
      0.015817565843462944,
      0.016629040241241455,
      0.01661689579486847,
      0.016576962545514107,
      0.01513796579092741,
      0.015820590779185295,
      0.01619226671755314,
      0.01570279151201248,
      0.016295159235596657,
      0.015522046945989132,
      0.01596044935286045,
      0.015940135344862938,
      0.01611550711095333,
      0.015718849375844002,
      0.01603821851313114,
      0.014821521937847137,
      0.01555879507213831,
      0.016359640285372734,
      0.015318618156015873,
      0.015880946069955826,
      0.016001082956790924,
      0.01630135253071785,
      0.015705905854701996,
      0.015546937473118305,
      0.015295151621103287,
      0.01514782290905714,
      0.015194335021078587,
      0.015137968584895134,
      0.016292668879032135,
      0.015538463369011879,
      0.015090173110365868,
      0.014632834121584892,
      0.015928281471133232,
      0.014649671502411366,
      0.014479619450867176,
      0.014494052156805992,
      0.014077626168727875,
      0.015240992419421673,
      0.014973446726799011,
      0.014311189763247967,
      0.016158457845449448,
      0.014508312568068504,
      0.014839795418083668,
      0.015523540787398815,
      0.014670595526695251,
      0.015830665826797485,
      0.01565323956310749,
      0.015718134120106697,
      0.015804169699549675,
      0.01523534208536148,
      0.01488836295902729,
      0.014738563448190689,
      0.014134502038359642,
      0.014959420077502728,
      0.01444581151008606,
      0.014270390383899212,
      0.014419522136449814,
      0.013632582500576973,
      0.013636675663292408,
      0.014004060067236423,
      0.014612889848649502,
      0.013865268789231777,
      0.013703214935958385,
      0.013245596550405025,
      0.01383993960916996,
      0.013605794869363308,
      0.013830170966684818,
      0.013955996371805668,
      0.014265834353864193,
      0.014833856374025345,
      0.013459759764373302,
      0.014068917371332645,
      0.014472459442913532,
      0.014063103124499321,
      0.014171610586345196,
      0.013788416981697083,
      0.013581309467554092,
      0.013061301782727242,
      0.013589241541922092,
      0.013678566552698612,
      0.013064220547676086,
      0.013513893820345402,
      0.013864020816981792,
      0.01378660462796688,
      0.013025878928601742,
      0.013786540366709232,
      0.013409873470664024,
      0.013917511329054832,
      0.014477192424237728,
      0.014003787189722061,
      0.01419516745954752,
      0.013356754556298256,
      0.013288212940096855,
      0.013368968851864338,
      0.012564856559038162,
      0.014148425310850143,
      0.012384609319269657,
      0.012888536788523197,
      0.012948182411491871,
      0.0137648805975914,
      0.014188883826136589,
      0.014374826103448868,
      0.0132978530600667,
      0.012562893331050873,
      0.012635603547096252,
      0.013420422561466694,
      0.013064570724964142,
      0.013107145205140114,
      0.013380734249949455,
      0.013427182100713253,
      0.012444931082427502,
      0.012531963177025318,
      0.014263328164815903,
      0.012861802242696285,
      0.01331051904708147,
      0.013209111988544464,
      0.013086591847240925,
      0.012731516733765602,
      0.01319300476461649,
      0.012771162204444408,
      0.013448563404381275,
      0.01273721270263195,
      0.012896936386823654,
      0.013196724466979504,
      0.013151410035789013,
      0.012105914764106274,
      0.012218162417411804,
      0.012498750351369381,
      0.012913636863231659,
      0.011961991898715496,
      0.013142368756234646,
