{
   "number_epochs": 500,
   "info_used": "full info",
   "perc_full_data": 0.04,
   "n_epochs_no_selection": 0,
   "Frequency % cutoff": 0.33,
   "hidden_size": 32,
   "random_state": 4,
   "train_errors": [
      0.2838321626186371,
      0.20537269115447998,
      0.13756905496120453,
      0.08793158084154129,
      0.06339967250823975,
      0.06413610279560089,
      0.07317611575126648,
      0.07337416708469391,
      0.06348088383674622,
      0.05259767174720764,
      0.04631882905960083,
      0.045375023037195206,
      0.04488160088658333,
      0.04372226819396019,
      0.04181135073304176,
      0.039475079625844955,
      0.03814832493662834,
      0.03613679111003876,
      0.03557680547237396,
      0.03482358530163765,
      0.03445589169859886,
      0.034047964960336685,
      0.03280896320939064,
      0.03167743608355522,
      0.03125729784369469,
      0.03153369948267937,
      0.030452145263552666,
      0.029696149751544,
      0.029943173751235008,
      0.02907530963420868,
      0.02874564565718174,
      0.027430810034275055,
      0.027330975979566574,
      0.027292240411043167,
      0.025856904685497284,
      0.02523023448884487,
      0.024990936741232872,
      0.024359621107578278,
      0.023912569507956505,
      0.023397818207740784,
      0.022689592093229294,
      0.021457865834236145,
      0.021494777873158455,
      0.020941684022545815,
      0.020368456840515137,
      0.01908956840634346,
      0.019595205783843994,
      0.01794062741100788,
      0.018384817987680435,
      0.018729614093899727,
      0.018835684284567833,
      0.017964370548725128,
      0.018426965922117233,
      0.01729915291070938,
      0.01736854575574398,
      0.01791687309741974,
      0.01680627092719078,
      0.01681121625006199,
      0.017655041068792343,
      0.017723146826028824,
      0.01644195057451725,
      0.016628479585051537,
      0.01652175933122635,
      0.016467463225126266,
      0.016154775395989418,
      0.016022399067878723,
      0.01591508276760578,
      0.016019238159060478,
      0.01572776399552822,
      0.015483508817851543,
      0.01563219353556633,
      0.015614461153745651,
      0.015204345807433128,
      0.015136067755520344,
      0.015008453279733658,
      0.01464140135794878,
      0.015063280239701271,
      0.014212051406502724,
      0.014797323383390903,
      0.014011985622346401,
      0.013660011813044548,
      0.013857162557542324,
      0.01292434148490429,
      0.013055880554020405,
      0.013312135823071003,
      0.013122186064720154,
      0.013201208785176277,
      0.012574773281812668,
      0.013157033361494541,
      0.01296001486480236,
      0.01319316029548645,
      0.01362390723079443,
      0.012819173745810986,
      0.012569144368171692,
      0.01282886229455471,
      0.011959714815020561,
      0.012061950750648975,
      0.012150643393397331,
      0.012319708243012428,
      0.012583617120981216,
      0.01271906215697527,
      0.012029956094920635,
      0.012432442046701908,
      0.012105150148272514,
      0.011728860437870026,
      0.01185252983123064,
      0.012247265316545963,
      0.012225443497300148,
      0.011286232620477676,
      0.012191674672067165,
      0.011425657197833061,
      0.01147360447794199,
      0.01220531016588211,
      0.011807016097009182,
      0.011953432112932205,
      0.01117492001503706,
      0.011792512610554695,
      0.011283951811492443,
      0.012393886223435402,
      0.011452960781753063,
      0.011299949139356613,
      0.011757261119782925,
      0.01120005827397108,
      0.01104027684777975,
      0.010851092636585236,
      0.011756699532270432,
      0.011775892227888107,
      0.010977033525705338,
      0.012364410795271397,
      0.011328236199915409,
      0.011661306023597717,
      0.011758754029870033,
      0.010825470089912415,
      0.011690461076796055,
      0.011665936559438705,
      0.01172773540019989,
      0.01069367490708828,
      0.011612881906330585,
      0.010862649418413639,
      0.010744310915470123,
      0.011081334203481674,
      0.010519538074731827,
      0.012085739523172379,
      0.011017972603440285,
      0.010862277820706367,
      0.011244317516684532,
      0.010781974531710148,
      0.011089717969298363,
      0.011118750087916851,
      0.010623069480061531,
      0.01045213919132948,
      0.011154687963426113,
      0.0112469382584095,
      0.010487176477909088,
      0.010279794223606586,
      0.010264664888381958,
      0.010232696309685707,
      0.010628067888319492,
      0.009939238429069519,
      0.010946966707706451,
      0.011092287488281727,
      0.011131981387734413,
      0.01004047691822052,
      0.010748220607638359,
      0.010573180392384529,
      0.010355154052376747,
      0.010295508429408073,
      0.010203282348811626,
      0.01055088173598051,
      0.010247033089399338,
      0.010534096509218216,
      0.009903316386044025,
      0.009590242058038712,
      0.010399867780506611,
      0.010865358635783195,
      0.009948978200554848,
      0.010446120984852314,
      0.01014005858451128,
      0.01028449460864067,
      0.009893530048429966,
      0.010291490703821182,
      0.010120750404894352,
      0.010108917951583862,
      0.010002466849982738,
      0.009823806583881378,
      0.010038426145911217,
      0.01035536639392376,
      0.010014813393354416,
      0.009786373935639858,
      0.00953337550163269,
      0.009950708597898483,
      0.009573719464242458,
      0.009849387221038342,
      0.010008127428591251,
      0.009668107144534588,
      0.009732777252793312,
      0.009497055783867836,
      0.009395522996783257,
      0.010456890799105167,
      0.009530888870358467,
      0.009236888960003853,
      0.010116226971149445,
      0.00958256796002388,
      0.009765301831066608,
      0.009528431110084057,
      0.009438794106245041,
      0.009444157592952251,
      0.01025212462991476,
      0.00926793273538351,
      0.00939659122377634,
      0.009455114603042603,
      0.010273820720613003,
      0.009933640249073505,
      0.009707287885248661,
      0.009853197261691093,
      0.009491820819675922,
      0.009908681735396385,
      0.008721559308469296,
      0.010068381205201149,
      0.0103252362459898,
      0.009689973667263985,
      0.009787706658244133,
      0.009228035807609558,
      0.009091900661587715,
      0.010340013541281223,
      0.00959049817174673,
      0.010400415398180485,
      0.009098649956285954,
      0.00878829788416624,
      0.009291143156588078,
      0.010093173012137413,
      0.00980167742818594,
      0.009511793032288551,
      0.009437117725610733,
      0.009182458743453026,
      0.009359785355627537,
      0.009296229109168053,
      0.010032030753791332,
      0.009535693563520908,
      0.009547879919409752,
      0.00911027379333973,
      0.009050797671079636,
      0.009481903165578842,
      0.009361784905195236,
      0.009570798836648464,
      0.009723318740725517,
      0.009449775330722332,
      0.008914832957088947,
      0.010369193740189075,
      0.00960808340460062,
      0.009193874895572662,
      0.009918414056301117,
      0.00930025801062584,
      0.009544835425913334,
      0.009095421060919762,
      0.009602162055671215,
      0.00999976322054863,
      0.00922734010964632,
      0.009901045821607113,
      0.009214268997311592,
      0.009351718239486217,
      0.008686548098921776,
      0.008647041395306587,
      0.009126645512878895,
      0.009037752635776997,
      0.00937753077596426,
      0.009394689463078976,
      0.009639264084398746,
      0.009158949367702007,
      0.00903478916734457,
      0.008880124427378178,
      0.008975702337920666,
      0.009344247169792652,
      0.00876998994499445,
      0.009202116169035435,
      0.009382529184222221,
      0.009767549112439156,
      0.009224973618984222,
      0.008480369113385677,
      0.009469862096011639,
      0.0084508853033185,
