{
   "number_epochs": 300,
   "info_used": "use imputation",
   "perc_full_data": 0.3,
   "n_epochs_no_selection": 0,
   "Frequency % cutoff": 0.3,
   "hidden_size": 32,
   "random_state": 12,
   "train_errors": [
      0.04787189140915871,
      0.04276024177670479,
      0.040850840508937836,
      0.040362078696489334,
      0.039808232337236404,
      0.03912140056490898,
      0.038462214171886444,
      0.037614110857248306,
      0.03749696537852287,
      0.03729034215211868,
      0.03549927845597267,
      0.03507189080119133,
      0.034090183675289154,
      0.03255615010857582,
      0.03195316344499588,
      0.030295904725790024,
      0.02962222881615162,
      0.02829740196466446,
      0.027873702347278595,
      0.0263624656945467,
      0.024985911324620247,
      0.024484479799866676,
      0.02291245386004448,
      0.02207694947719574,
      0.021755225956439972,
      0.021783966571092606,
      0.019701391458511353,
      0.020215455442667007,
      0.018666094169020653,
      0.017416169866919518,
      0.017932504415512085,
      0.017380930483341217,
      0.016455691307783127,
      0.016610223799943924,
      0.01648882031440735,
      0.014784175902605057,
      0.015349304303526878,
      0.014809196814894676,
      0.014823311939835548,
      0.014067956246435642,
      0.014693386852741241,
      0.013407726772129536,
      0.01416125986725092,
      0.012699496001005173,
      0.013005203567445278,
      0.013139849528670311,
      0.012716671451926231,
      0.013319551944732666,
      0.011881978251039982,
      0.013229424133896828,
      0.011810604482889175,
      0.012242783792316914,
      0.011041378602385521,
      0.010819501243531704,
      0.012288115918636322,
      0.011840952560305595,
      0.011606482788920403,
      0.010949361138045788,
      0.011194128543138504,
      0.010822483338415623,
      0.010737739503383636,
      0.011362559162080288,
      0.010624069720506668,
      0.01045981328934431,
      0.010812525637447834,
      0.010661156848073006,
      0.01047561690211296,
      0.009732934646308422,
      0.010140625759959221,
      0.00999370962381363,
      0.010069373995065689,
      0.010090399533510208,
      0.009419200010597706,
      0.009513058699667454,
      0.009393866173923016,
      0.009722274728119373,
      0.010494396090507507,
      0.009637988172471523,
      0.009567353874444962,
      0.009911641478538513,
      0.009262903593480587,
      0.00899148266762495,
      0.009851486422121525,
      0.009788020513951778,
      0.008869617246091366,
      0.008715569041669369,
      0.008888316340744495,
      0.009912668727338314,
      0.009238967671990395,
      0.009255093522369862,
      0.009495952166616917,
      0.009212612174451351,
      0.0093843350186944,
      0.010225537233054638,
      0.00955401174724102,
      0.009124274365603924,
      0.008574738167226315,
      0.00882437452673912,
      0.008505631238222122,
      0.00911971926689148,
      0.009480240754783154,
      0.008991654962301254,
      0.008553391322493553,
      0.00892954133450985,
      0.008992945775389671,
      0.009709002450108528,
      0.008576312102377415,
      0.009439380839467049,
      0.008360831066966057,
      0.008332798257470131,
      0.009182807058095932,
      0.008305362425744534,
      0.008248395286500454,
      0.009499871172010899,
      0.008629465475678444,
      0.008641128428280354,
      0.008364764042198658,
      0.008903376758098602,
      0.008833582513034344,
      0.009268217720091343,
      0.008674847893416882,
      0.00843384675681591,
      0.009468902833759785,
      0.008394344709813595,
      0.008424803614616394,
      0.0083915488794446,
      0.007856342941522598,
      0.008251983672380447,
      0.007979350164532661,
      0.009130802005529404,
      0.008646109141409397,
      0.008560019545257092,
      0.00911847222596407,
      0.008505241014063358,
      0.00842226855456829,
      0.008224697783589363,
      0.008434352464973927,
      0.008665457367897034,
      0.008647827431559563,
      0.007715179584920406,
      0.008268328383564949,
      0.008314445614814758,
      0.008390313014388084,
      0.007033583242446184,
      0.00793041754513979,
      0.0074082547798752785,
      0.008368267677724361,
      0.007859701290726662,
      0.008469685912132263,
      0.007659461349248886,
      0.008248045109212399,
      0.008264749310910702,
      0.009343743324279785,
      0.008145882748067379,
      0.008894778788089752,
      0.008749947883188725,
      0.009251728653907776,
      0.008118300698697567,
      0.007864486426115036,
      0.007847590371966362,
      0.00850032176822424,
      0.009083302691578865,
      0.007755644153803587,
      0.007491953205317259,
      0.008744924329221249,
      0.0073352353647351265,
      0.008025355637073517,
      0.007835942320525646,
      0.00834981445223093,
      0.008385925553739071,
      0.007907544262707233,
      0.007778957486152649,
      0.008185001090168953,
      0.007716991938650608,
      0.008276849053800106,
      0.008285791613161564,
      0.007780067622661591,
      0.008137831464409828,
      0.008077376522123814,
      0.008494704030454159,
      0.007283780723810196,
      0.007535814773291349,
      0.007906747050583363,
      0.007488275412470102,
      0.008500661700963974,
      0.007804181892424822,
      0.007597972638905048,
      0.008333411067724228,
      0.008553524501621723,
      0.008250132203102112,
      0.008020447567105293,
      0.009242371656000614,
      0.008004535920917988,
      0.007687995210289955,
      0.007300562225282192,
      0.00845288671553135,
      0.007841726765036583,
      0.008790375664830208,
      0.008018836379051208,
      0.009086533449590206,
      0.006695584859699011,
      0.008566560223698616,
      0.007977071218192577,
      0.007792671676725149,
      0.00783710740506649,
      0.00704150227829814,
      0.007623222656548023,
      0.0073776282370090485,
      0.007323014549911022,
      0.008372756652534008,
      0.007699840702116489,
      0.007432323880493641,
      0.008047489449381828,
      0.00801338441669941,
      0.008298618718981743,
      0.007578521501272917,
      0.007547496818006039,
      0.008459266275167465,
      0.007657531648874283,
      0.007634555455297232,
      0.007616952992975712,
      0.008003796450793743,
      0.00788058526813984,
      0.008216246031224728,
      0.007348945364356041,
      0.007357307244092226,
      0.007820270955562592,
      0.008965781889855862,
      0.007913552224636078,
      0.007044421508908272,
      0.0075446185655891895,
      0.007445580791682005,
      0.00808699894696474,
      0.008036985993385315,
      0.007684181910008192,
      0.007882451638579369,
      0.00820835866034031,
      0.008180168457329273,
      0.007568313740193844,
      0.008432182483375072,
      0.007594851776957512,
      0.007598884403705597,
      0.007940086536109447,
      0.008232452906668186,
      0.007837777025997639,
      0.00766544695943594,
      0.00815629307180643,
      0.007778096478432417,
      0.007262533530592918,
      0.006602748762816191,
      0.00740095367655158,
      0.00870349071919918,
      0.0075049870647490025,
      0.00794586818665266,
      0.006412138231098652,
      0.007043455261737108,
      0.0073232995346188545,
      0.00854009110480547,
      0.007562572602182627,
      0.007458730135113001,
      0.007523208856582642,
      0.007793724536895752,
      0.007770965341478586,
      0.008553123101592064,
      0.008102278225123882,
      0.007852480746805668,
      0.007069988176226616,
      0.007730136625468731,
      0.0069334981963038445,
      0.007952233776450157,
      0.007628680672496557,
      0.007079667877405882,
      0.007300845813006163,
      0.007506172172725201,
      0.008913385681807995,
      0.007083417382091284,
      0.007335897535085678,
      0.007747496943920851,
      0.006914159283041954,
