{
   "number_epochs": 300,
   "info_used": "use imputation",
   "perc_full_data": 0.3,
   "n_epochs_no_selection": 0,
   "Frequency % cutoff": 0.3,
   "hidden_size": 32,
   "random_state": 8,
   "train_errors": [
      0.08524040877819061,
      0.07504388689994812,
      0.06875656545162201,
      0.06405547261238098,
      0.06231352686882019,
      0.06072406470775604,
      0.0596858486533165,
      0.057937946170568466,
      0.05831306055188179,
      0.0551786795258522,
      0.05307752639055252,
      0.05157153308391571,
      0.050740595906972885,
      0.048153795301914215,
      0.04665693640708923,
      0.043626632541418076,
      0.04135603830218315,
      0.03923164680600166,
      0.03730694577097893,
      0.03580368310213089,
      0.03409285470843315,
      0.031713392585515976,
      0.030459439381957054,
      0.029824867844581604,
      0.029509078711271286,
      0.02705005742609501,
      0.02778257615864277,
      0.02624775655567646,
      0.026776617392897606,
      0.0265838410705328,
      0.025587212294340134,
      0.025520123541355133,
      0.025819307193160057,
      0.024839378893375397,
      0.02297942340373993,
      0.022848844528198242,
      0.02276221290230751,
      0.02417043037712574,
      0.023525698110461235,
      0.02231939136981964,
      0.022440483793616295,
      0.021992146968841553,
      0.02185092866420746,
      0.01932469755411148,
      0.021065305918455124,
      0.019581930711865425,
      0.020145811140537262,
      0.019307982176542282,
      0.020088443532586098,
      0.019505076110363007,
      0.019801363348960876,
      0.019334929063916206,
      0.019186697900295258,
      0.020175833255052567,
      0.017455918714404106,
      0.017758646979928017,
      0.017353663221001625,
      0.019150860607624054,
      0.01675073429942131,
      0.01704183965921402,
      0.017952604219317436,
      0.017192084342241287,
      0.016373174265027046,
      0.016980191692709923,
      0.01652192883193493,
      0.01605302467942238,
      0.01658562570810318,
      0.01595010980963707,
      0.0160638689994812,
      0.016074450686573982,
      0.015453147701919079,
      0.015278422273695469,
      0.015950605273246765,
      0.015375934541225433,
      0.015675324946641922,
      0.014536273665726185,
      0.014511298388242722,
      0.015329333953559399,
      0.013561775907874107,
      0.014615519903600216,
      0.015470780432224274,
      0.01397023256868124,
      0.01406636368483305,
      0.015046225860714912,
      0.013991683721542358,
      0.014562422409653664,
      0.01407384779304266,
      0.015054966323077679,
      0.014024118892848492,
      0.01417700108140707,
      0.014987063594162464,
      0.014477381482720375,
      0.012887087650597095,
      0.01433916762471199,
      0.014406304806470871,
      0.012636389583349228,
      0.013451457023620605,
      0.013432551175355911,
      0.013865584507584572,
      0.013509132899343967,
      0.012726187705993652,
      0.01416667178273201,
      0.012733403593301773,
      0.013283810578286648,
      0.013550671748816967,
      0.013348663225769997,
      0.012177024967968464,
      0.013106640428304672,
      0.0129871666431427,
      0.013445209711790085,
      0.012220550328493118,
      0.01272262167185545,
      0.012604370713233948,
      0.012158566154539585,
      0.012700815685093403,
      0.012217041105031967,
      0.013570914976298809,
      0.013072372414171696,
      0.012115954421460629,
      0.01297722291201353,
      0.0130753293633461,
      0.012570862658321857,
      0.011813027784228325,
      0.012316356413066387,
      0.012452878057956696,
      0.011798291467130184,
      0.01304990891367197,
      0.01197081245481968,
      0.012176739051938057,
      0.012310013175010681,
      0.01247547660022974,
      0.012887978926301003,
      0.011914505623281002,
      0.012576576322317123,
      0.011823921464383602,
      0.01127934642136097,
      0.012252265587449074,
      0.012202229350805283,
      0.012132625095546246,
      0.012579984031617641,
      0.011826606467366219,
      0.012139221653342247,
      0.011245381087064743,
      0.011353342793881893,
      0.011168154887855053,
      0.011296790093183517,
      0.012328834272921085,
      0.011928539723157883,
      0.012954863719642162,
      0.011075777933001518,
      0.011519414372742176,
      0.012378375977277756,
      0.011699570342898369,
      0.010939600877463818,
      0.011115342378616333,
      0.011583336628973484,
      0.011493554338812828,
      0.01109374687075615,
      0.010521439835429192,
      0.010802599601447582,
      0.011082638055086136,
      0.010872520506381989,
      0.010905453003942966,
      0.010852962732315063,
      0.012517807073891163,
      0.011231734417378902,
      0.011066323146224022,
      0.01052022073417902,
      0.010912548750638962,
      0.01177937351167202,
      0.01220192015171051,
      0.011683628894388676,
      0.011222641915082932,
      0.010880005545914173,
      0.010734776966273785,
      0.010657220147550106,
      0.010672141797840595,
      0.011038738302886486,
      0.011195889674127102,
      0.010523907840251923,
      0.011087092570960522,
      0.009917798452079296,
      0.011474915780127048,
      0.010388759896159172,
      0.01155189611017704,
      0.010534016415476799,
      0.011486934497952461,
      0.012018446810543537,
      0.010816162452101707,
      0.010509757325053215,
      0.011174428276717663,
      0.010744878090918064,
      0.010899043641984463,
      0.01066255196928978,
      0.010951836593449116,
      0.01090326439589262,
      0.010988235473632812,
      0.010655849240720272,
      0.010967136360704899,
      0.011379810981452465,
      0.01194699201732874,
      0.010899920016527176,
      0.010271437466144562,
      0.010152528993785381,
      0.01063666120171547,
      0.010938643477857113,
      0.011198440566658974,
      0.011493842117488384,
      0.010565605945885181,
      0.01107740867882967,
      0.010057727806270123,
      0.010665737092494965,
      0.010792208835482597,
      0.011089485138654709,
      0.010041365399956703,
      0.01137426495552063,
      0.009923984296619892,
      0.010179655626416206,
      0.01048789732158184,
      0.010297383181750774,
      0.010769162327051163,
      0.011000308208167553,
      0.010618331842124462,
      0.010270390659570694,
      0.01086537167429924,
      0.010826552286744118,
      0.010474547743797302,
      0.009307418018579483,
      0.0096443397924304,
      0.011172612197697163,
      0.00989517755806446,
      0.010559264570474625,
      0.00997153576463461,
      0.01075146347284317,
      0.010635417886078358,
      0.01089031994342804,
      0.010521560907363892,
      0.010286891832947731,
      0.010651428252458572,
      0.010869256220757961,
      0.010108248330652714,
      0.01105177029967308,
      0.01040167361497879,
      0.0101409200578928,
      0.010347808711230755,
      0.009177504107356071,
      0.010981900617480278,
      0.010972053743898869,
      0.009754608385264874,
      0.010146740823984146,
      0.010597413405776024,
      0.00982973538339138,
      0.009635761380195618,
      0.010921063832938671,
      0.00994829647243023,
      0.009998544119298458,
      0.009480633772909641,
      0.009937198832631111,
      0.010222945362329483,
      0.009803532622754574,
      0.01044701412320137,
      0.009704435244202614,
      0.009778238832950592,
      0.010653099045157433,
      0.010430356487631798,
      0.010440620593726635,
      0.010200904682278633,
      0.010104243643581867,
      0.010103382170200348,
      0.010033170692622662,
      0.010111424140632153,
      0.01030412781983614,
      0.010091271251440048,
      0.009935068897902966,
      0.009256992489099503,
      0.009845354594290257,
      0.010121317580342293,
      0.009923739358782768,
      0.009635142050683498,
      0.010134963318705559,
      0.010547686368227005,
