{
   "number_epochs": 300,
   "info_used": "use imputation",
   "perc_full_data": 0.3,
   "n_epochs_no_selection": 0,
   "Frequency % cutoff": 0.3,
   "hidden_size": 32,
   "random_state": 7,
   "train_errors": [
      0.06927106529474258,
      0.061226680874824524,
      0.054701611399650574,
      0.05113304406404495,
      0.05017360299825668,
      0.04981445521116257,
      0.04857806861400604,
      0.04769635200500488,
      0.045920029282569885,
      0.04454904422163963,
      0.04282709211111069,
      0.0411001481115818,
      0.039877694100141525,
      0.038483116775751114,
      0.03812483698129654,
      0.03491903096437454,
      0.03407123312354088,
      0.03287317603826523,
      0.030717963352799416,
      0.03004482202231884,
      0.027766047045588493,
      0.02825665846467018,
      0.026311669498682022,
      0.02570182830095291,
      0.023717256262898445,
      0.023852353915572166,
      0.022865064442157745,
      0.022277886047959328,
      0.021852007135748863,
      0.022785227745771408,
      0.02207650989294052,
      0.02192733809351921,
      0.020809881389141083,
      0.021130895242094994,
      0.020238280296325684,
      0.020559100434184074,
      0.020293772220611572,
      0.021429458633065224,
      0.020131830126047134,
      0.02109065093100071,
      0.019669149070978165,
      0.01985941454768181,
      0.01953052543103695,
      0.01891424134373665,
      0.018994726240634918,
      0.019133256748318672,
      0.01835992932319641,
      0.01724962331354618,
      0.017923586070537567,
      0.018283594399690628,
      0.017172304913401604,
      0.017016073688864708,
      0.015487664379179478,
      0.0165842417627573,
      0.01611723192036152,
      0.015403641387820244,
      0.015990331768989563,
      0.015317362733185291,
      0.015747739002108574,
      0.016354043036699295,
      0.01692006178200245,
      0.015693537890911102,
      0.01539725624024868,
      0.0152441943064332,
      0.014216845855116844,
      0.014202490448951721,
      0.01356671005487442,
      0.014650208875536919,
      0.014285432174801826,
      0.013462677597999573,
      0.013943996280431747,
      0.013588378205895424,
      0.012537933886051178,
      0.013396813534200191,
      0.012903866358101368,
      0.012090088799595833,
      0.01200059149414301,
      0.013140624389052391,
      0.012678824365139008,
      0.012964961118996143,
      0.011163589544594288,
      0.01269201934337616,
      0.012621576897799969,
      0.013022643513977528,
      0.013592860661447048,
      0.01229012943804264,
      0.010487278923392296,
      0.012036498636007309,
      0.012716070748865604,
      0.012836303561925888,
      0.011568012647330761,
      0.011595130898058414,
      0.010791733860969543,
      0.011217727325856686,
      0.011090579442679882,
      0.011670668609440327,
      0.011567164212465286,
      0.011773545295000076,
      0.010770884342491627,
      0.011686144396662712,
      0.010857139714062214,
      0.01007218286395073,
      0.010699629783630371,
      0.011747300624847412,
      0.010697872377932072,
      0.010847519151866436,
      0.011978956870734692,
      0.011004668660461903,
      0.01128015574067831,
      0.011741844937205315,
      0.009772812947630882,
      0.010913074016571045,
      0.010995620861649513,
      0.011568492278456688,
      0.010968162678182125,
      0.010713893920183182,
      0.010924860835075378,
      0.011888590641319752,
      0.012149406597018242,
      0.01019429974257946,
      0.010062646120786667,
      0.011798251420259476,
      0.01093490980565548,
      0.01085808128118515,
      0.009932919405400753,
      0.010200929827988148,
      0.009673850610852242,
      0.010769459418952465,
      0.010275249369442463,
      0.009632094763219357,
      0.010451792739331722,
      0.009866357780992985,
      0.00972964521497488,
      0.010090346448123455,
      0.009614689275622368,
      0.011452724225819111,
      0.009918740019202232,
      0.01006427500396967,
      0.009157196618616581,
      0.010099828243255615,
      0.010137800127267838,
      0.009096226654946804,
      0.00970075186342001,
      0.010805636644363403,
      0.011827275156974792,
      0.010411372408270836,
      0.009890740737318993,
      0.009137631393969059,
      0.00900535099208355,
      0.009888669475913048,
      0.010875290259718895,
      0.009929624386131763,
      0.011888271197676659,
      0.00976403709501028,
      0.009834830649197102,
      0.01018170453608036,
      0.009760945104062557,
      0.010012282058596611,
      0.009628447704017162,
      0.009239770472049713,
      0.009012030437588692,
      0.00970697496086359,
      0.009196271188557148,
      0.011175819672644138,
      0.010198025032877922,
      0.009524744935333729,
      0.010930418968200684,
      0.009270578622817993,
      0.010122683830559254,
      0.009529534727334976,
      0.010625088587403297,
      0.009390793740749359,
      0.009987800382077694,
      0.009950547479093075,
      0.009585879743099213,
      0.011075949296355247,
      0.010253657586872578,
      0.010159958153963089,
      0.009283758699893951,
      0.009166731499135494,
      0.009171226993203163,
      0.008684984408318996,
      0.01084079872816801,
      0.00901765190064907,
      0.00907010119408369,
      0.008508986793458462,
      0.008531292900443077,
      0.010300866328179836,
      0.009270182810723782,
      0.008135360665619373,
      0.009562153369188309,
      0.009159871377050877,
      0.010138693265616894,
      0.008924040012061596,
      0.009443618357181549,
      0.009274383075535297,
      0.009921040385961533,
      0.009849188849329948,
      0.008354555815458298,
      0.009430921636521816,
      0.010660359635949135,
      0.008949522860348225,
      0.008816852234303951,
      0.007985555566847324,
      0.009873678907752037,
      0.009441429749131203,
      0.009568099863827229,
      0.01038898341357708,
      0.008673688396811485,
      0.008250931277871132,
      0.00893441028892994,
      0.00850934162735939,
      0.009318104945123196,
      0.009476760402321815,
      0.009481591172516346,
      0.008045096881687641,
      0.008449076674878597,
      0.00910381693392992,
      0.008497959934175014,
      0.008643238805234432,
      0.00895081926137209,
      0.008627059869468212,
      0.009629830718040466,
      0.008266346529126167,
      0.007895128801465034,
      0.008725869469344616,
      0.010395955294370651,
      0.009199569933116436,
      0.008436055853962898,
      0.009025201201438904,
      0.008742252364754677,
      0.008680512197315693,
      0.008671698160469532,
      0.007781011052429676,
      0.007765485905110836,
      0.008389309048652649,
      0.009210558608174324,
      0.008894726634025574,
      0.010355079546570778,
      0.009587119333446026,
      0.008763712830841541,
      0.008073107339441776,
      0.008610180579125881,
      0.007475650869309902,
      0.008421356789767742,
      0.009411713108420372,
      0.008040743879973888,
      0.00861092284321785,
      0.009473025798797607,
      0.008800901472568512,
      0.008808686397969723,
      0.008949915878474712,
      0.009277360513806343,
      0.007849154993891716,
      0.009091915562748909,
      0.008525392040610313,
      0.008568825200200081,
      0.009093884378671646,
      0.007951287552714348,
      0.007898340933024883,
      0.008775782771408558,
      0.008654526434838772,
      0.00859092641621828,
      0.008442150428891182,
      0.007922890596091747,
      0.009029755368828773,
      0.0085256677120924,
      0.008893578313291073,
      0.008277327753603458,
      0.007901388220489025,
      0.008914166130125523,
      0.008197717368602753,
      0.008453588001430035,
      0.00929215643554926,
      0.008582116104662418,
      0.0076533048413693905,
      0.007911913096904755,
      0.008298555389046669,
      0.008093503303825855,
      0.008334456011652946,
