{
   "number_epochs": 300,
   "info_used": "use imputation",
   "perc_full_data": 0.3,
   "n_epochs_no_selection": 0,
   "Frequency % cutoff": 0.3,
   "hidden_size": 32,
   "random_state": 13,
   "train_errors": [
      0.05966894328594208,
      0.0570559985935688,
      0.055743515491485596,
      0.0545358769595623,
      0.054711055010557175,
      0.0525086373090744,
      0.05097818374633789,
      0.05003919452428818,
      0.047650281339883804,
      0.04667385667562485,
      0.044405851513147354,
      0.0430537685751915,
      0.040267087519168854,
      0.037824634462594986,
      0.03507770970463753,
      0.033859673887491226,
      0.0317453071475029,
      0.030437780544161797,
      0.02962091565132141,
      0.027938324958086014,
      0.025623833760619164,
      0.02566719986498356,
      0.024541467428207397,
      0.025546707212924957,
      0.024514319375157356,
      0.024693217128515244,
      0.024173855781555176,
      0.021275406703352928,
      0.02140100672841072,
      0.021487398073077202,
      0.02081567607820034,
      0.021291380748152733,
      0.02041657082736492,
      0.020161697641015053,
      0.019292959943413734,
      0.018407486379146576,
      0.018399061635136604,
      0.01860414817929268,
      0.018386110663414,
      0.01959039829671383,
      0.018171200528740883,
      0.017588315531611443,
      0.01685803197324276,
      0.017474999651312828,
      0.01670398749411106,
      0.017057260498404503,
      0.015974655747413635,
      0.01636245660483837,
      0.015445568598806858,
      0.01577804423868656,
      0.016689345240592957,
      0.0163232684135437,
      0.015368041582405567,
      0.01497506070882082,
      0.014853332191705704,
      0.015892041847109795,
      0.014060435816645622,
      0.014125502668321133,
      0.014395156875252724,
      0.01354803517460823,
      0.01352319773286581,
      0.013158584013581276,
      0.013988354243338108,
      0.013964427635073662,
      0.013507798314094543,
      0.014561823569238186,
      0.013051743619143963,
      0.014330561272799969,
      0.014478622004389763,
      0.013254614546895027,
      0.012495323084294796,
      0.012715197168290615,
      0.012701534666121006,
      0.01264014933258295,
      0.012521027587354183,
      0.014240073971450329,
      0.012971198186278343,
      0.012313995510339737,
      0.012212998233735561,
      0.01144243311136961,
      0.012452227994799614,
      0.012906169518828392,
      0.014535480178892612,
      0.012835189700126648,
      0.011636048555374146,
      0.010272549465298653,
      0.01297681126743555,
      0.01286508422344923,
      0.011812618933618069,
      0.0119874756783247,
      0.012069584801793098,
      0.012017723172903061,
      0.011400440707802773,
      0.01178478542715311,
      0.012080495245754719,
      0.011846241541206837,
      0.012201632373034954,
      0.011740037240087986,
      0.01182776503264904,
      0.010809655301272869,
      0.012881920672953129,
      0.011643188074231148,
      0.012402371503412724,
      0.012350066564977169,
      0.012269058264791965,
      0.011680945754051208,
      0.012051139958202839,
      0.011367430910468102,
      0.01145993173122406,
      0.01153797097504139,
      0.011593417264521122,
      0.01123255118727684,
      0.012370102107524872,
      0.011483999900519848,
      0.01069348119199276,
      0.011622562073171139,
      0.011108474805951118,
      0.011496097780764103,
      0.012713693082332611,
      0.011276137083768845,
      0.011532755568623543,
      0.010766709223389626,
      0.010629318654537201,
      0.011762194335460663,
      0.010747168213129044,
      0.010923770256340504,
      0.010544417425990105,
      0.010917183011770248,
      0.011275704018771648,
      0.012116077356040478,
      0.011192112229764462,
      0.011767166666686535,
      0.011355486698448658,
      0.01141232717782259,
      0.011151791550219059,
      0.011057266965508461,
      0.011265713721513748,
      0.010722733102738857,
      0.010771671310067177,
      0.011491476558148861,
      0.010375937446951866,
      0.010252278298139572,
      0.00947567354887724,
      0.010601148009300232,
      0.011376798152923584,
      0.011598572134971619,
      0.011236247606575489,
      0.011132494546473026,
      0.00940482784062624,
      0.010689151473343372,
      0.011283847503364086,
      0.010613535530865192,
      0.010520340874791145,
      0.011020766571164131,
      0.010686696507036686,
      0.011430608108639717,
      0.010869178920984268,
      0.010251656174659729,
      0.010856117121875286,
      0.009870762005448341,
      0.011188145726919174,
      0.010197240859270096,
      0.010007205419242382,
      0.009847522713243961,
      0.011668899096548557,
      0.01061283890157938,
      0.010738668963313103,
      0.010399699211120605,
      0.010715431533753872,
      0.011294418014585972,
      0.01102522574365139,
      0.01056809350848198,
      0.010823605582118034,
      0.010435073636472225,
      0.01126068364828825,
      0.011976933106780052,
      0.010296638123691082,
      0.009879681281745434,
      0.010185626335442066,
      0.010755669325590134,
      0.010744727216660976,
      0.011870606802403927,
      0.01095382310450077,
      0.011240868829190731,
      0.010621514171361923,
      0.01158361416310072,
      0.011192171834409237,
      0.01042073406279087,
      0.009655943140387535,
      0.010976874269545078,
      0.010531864129006863,
      0.009486714377999306,
      0.009725323878228664,
      0.010364972054958344,
      0.010556788183748722,
      0.010177873075008392,
      0.011561214923858643,
      0.011438507586717606,
      0.010694275610148907,
      0.009941225871443748,
      0.010342644527554512,
      0.01029177475720644,
      0.009980889037251472,
      0.010707901790738106,
      0.010633865371346474,
      0.010254421271383762,
      0.010187570936977863,
      0.009970229119062424,
      0.01078805048018694,
      0.011189804412424564,
      0.010783619247376919,
      0.010328388772904873,
      0.009646148420870304,
      0.010246869176626205,
      0.009604356251657009,
      0.010218910872936249,
      0.011575412936508656,
      0.010172637179493904,
      0.010599339380860329,
      0.011063015088438988,
      0.01077196840196848,
      0.010995011776685715,
      0.010815233923494816,
      0.010265633463859558,
      0.010022025555372238,
      0.010954827070236206,
      0.010546187870204449,
      0.010096544399857521,
      0.010439633391797543,
      0.010139575228095055,
      0.009908629581332207,
      0.010986105538904667,
      0.0107395239174366,
      0.009984508156776428,
      0.010138094425201416,
      0.010723738931119442,
      0.010454749688506126,
      0.010581538081169128,
      0.010260403156280518,
      0.011034349910914898,
      0.01005089282989502,
      0.010904262773692608,
      0.01039455458521843,
      0.00944429263472557,
      0.010057092644274235,
      0.01025821827352047,
      0.010359100997447968,
      0.00988486222922802,
      0.009996895678341389,
      0.010434235446155071,
      0.009992950595915318,
      0.010102931410074234,
      0.010136744938790798,
      0.011140507645905018,
      0.011169602163136005,
      0.010002166032791138,
      0.01100097130984068,
      0.010036192834377289,
      0.010291765443980694,
      0.00989795383065939,
      0.009717829525470734,
      0.010668621398508549,
      0.011123722419142723,
      0.009945187717676163,
      0.010210514068603516,
      0.010713890194892883,
      0.010110688395798206,
      0.010231204330921173,
      0.010627178475260735,
      0.009386599995195866,
      0.010465988889336586,
      0.009769677184522152,
      0.01041572168469429,
      0.008814467117190361,
      0.009317141026258469,
      0.009138758294284344,
      0.009521501138806343,
      0.009757381863892078,
      0.009523928165435791,
      0.009796437807381153,
