{
   "number_epochs": 300,
   "info_used": "use imputation",
   "perc_full_data": 0.3,
   "n_epochs_no_selection": 0,
   "Frequency % cutoff": 0.3,
   "hidden_size": 32,
   "random_state": 0,
   "train_errors": [
      0.05715136229991913,
      0.053856220096349716,
      0.05165235325694084,
      0.05173784866929054,
      0.050290100276470184,
      0.04917193204164505,
      0.04832383617758751,
      0.04634029045701027,
      0.045208174735307693,
      0.04428732395172119,
      0.0428016372025013,
      0.0407804436981678,
      0.039886247366666794,
      0.037580106407403946,
      0.03559949994087219,
      0.03353556618094444,
      0.03159811720252037,
      0.030272038653492928,
      0.02806888334453106,
      0.026661740615963936,
      0.025671089068055153,
      0.02335933782160282,
      0.022538894787430763,
      0.02182549051940441,
      0.02007739245891571,
      0.01991790346801281,
      0.02044779062271118,
      0.018445748835802078,
      0.01932879351079464,
      0.018437398597598076,
      0.01931655965745449,
      0.018008669838309288,
      0.017609160393476486,
      0.017623841762542725,
      0.01661955937743187,
      0.016071638092398643,
      0.01662036031484604,
      0.015400447882711887,
      0.015261375345289707,
      0.01464521698653698,
      0.015020472928881645,
      0.014820479787886143,
      0.014130686409771442,
      0.013743258081376553,
      0.013872691430151463,
      0.014321629889309406,
      0.012912729755043983,
      0.013477606698870659,
      0.013376482762396336,
      0.012286398559808731,
      0.01300309132784605,
      0.012141693383455276,
      0.01243385300040245,
      0.011888030916452408,
      0.012209452688694,
      0.011803713627159595,
      0.011661160737276077,
      0.011862918734550476,
      0.012533429078757763,
      0.012246277183294296,
      0.01192071009427309,
      0.010497642681002617,
      0.011944922618567944,
      0.010548240505158901,
      0.010610733181238174,
      0.011448880657553673,
      0.010344517417252064,
      0.011557930149137974,
      0.01120320986956358,
      0.010622168891131878,
      0.009963383898139,
      0.010747825726866722,
      0.01112058199942112,
      0.01092591229826212,
      0.010872802697122097,
      0.009861309081315994,
      0.010737369768321514,
      0.010271787643432617,
      0.0105428546667099,
      0.009892524220049381,
      0.009110131300985813,
      0.009559117257595062,
      0.009089682251214981,
      0.010076005943119526,
      0.009637663140892982,
      0.010095766745507717,
      0.010356343351304531,
      0.009442335925996304,
      0.009488767012953758,
      0.009581674821674824,
      0.009862660430371761,
      0.009256443940103054,
      0.010102638974785805,
      0.009923423640429974,
      0.009753470309078693,
      0.008888727985322475,
      0.009468724019825459,
      0.009589309804141521,
      0.009744608774781227,
      0.009385413490235806,
      0.009899775497615337,
      0.008970288559794426,
      0.009513351134955883,
      0.010348930023610592,
      0.009465713053941727,
      0.00875083263963461,
      0.009387962520122528,
      0.010213264264166355,
      0.00879362877458334,
      0.01037588156759739,
      0.008739287964999676,
      0.009920994751155376,
      0.008140047080814838,
      0.009447284042835236,
      0.00866344477981329,
      0.008810200728476048,
      0.0100539056584239,
      0.009806269779801369,
      0.008677045814692974,
      0.008813604712486267,
      0.00856246892362833,
      0.009107769466936588,
      0.009043492376804352,
      0.009247882291674614,
      0.008746333420276642,
      0.009166369214653969,
      0.009347645565867424,
      0.00873445812612772,
      0.008210297673940659,
      0.009370312094688416,
      0.008425375446677208,
      0.009230740368366241,
      0.008599957451224327,
      0.007956542074680328,
      0.008204369805753231,
      0.008137310855090618,
      0.0079059898853302,
      0.008519924245774746,
      0.009172831661999226,
      0.009423254057765007,
      0.009094003587961197,
      0.01009286753833294,
      0.008668958209455013,
      0.008859061636030674,
      0.008888356387615204,
      0.008928432129323483,
      0.008966377936303616,
      0.007742647547274828,
      0.008750338107347488,
      0.008561473339796066,
      0.008925422094762325,
      0.008667620830237865,
      0.008022082969546318,
      0.008916886523365974,
      0.009623642079532146,
      0.008981993421912193,
      0.008761007338762283,
      0.008603217080235481,
      0.00896571483463049,
      0.00810298416763544,
      0.008729527704417706,
      0.008319607004523277,
      0.008353148587048054,
      0.008227973245084286,
      0.00859596487134695,
      0.008432978764176369,
      0.008481488563120365,
      0.008647749200463295,
      0.008742807433009148,
      0.00890505500137806,
      0.007562479004263878,
      0.008090748451650143,
      0.008026637136936188,
      0.008375314064323902,
      0.00839323177933693,
      0.008165685459971428,
      0.008278877474367619,
      0.008407988585531712,
      0.008701926097273827,
      0.008498329669237137,
      0.008368484675884247,
      0.008817074820399284,
      0.009410727769136429,
      0.008156528696417809,
      0.008351175114512444,
      0.007700270973145962,
      0.007881488651037216,
      0.007735103834420443,
      0.008755050599575043,
      0.008454157039523125,
      0.008937581442296505,
      0.008537311106920242,
      0.009400662034749985,
      0.008150487206876278,
      0.008337529376149178,
      0.007846041582524776,
      0.007988502271473408,
      0.008385371416807175,
      0.007666582707315683,
      0.0075554451905190945,
      0.008112098090350628,
      0.008298130705952644,
      0.00892616342753172,
      0.00938974879682064,
      0.008792363107204437,
      0.008375798352062702,
      0.008114119991660118,
      0.00748941395431757,
      0.00719507085159421,
      0.009009236469864845,
      0.008567714132368565,
      0.008234643377363682,
      0.0079158004373312,
      0.007268291898071766,
      0.00846108142286539,
      0.007818909361958504,
      0.0077131944708526134,
      0.008210629224777222,
      0.007784236688166857,
      0.007994502782821655,
      0.007664510048925877,
      0.007593122776597738,
      0.007427064701914787,
      0.00771128898486495,
      0.007601629011332989,
      0.007923523895442486,
      0.008068467490375042,
      0.008146312087774277,
      0.008034558035433292,
      0.007280646823346615,
      0.007037770003080368,
      0.008527175523340702,
      0.007177229505032301,
      0.0071693845093250275,
      0.007134259678423405,
      0.007764398120343685,
      0.008181911893188953,
      0.008541136048734188,
      0.008280591107904911,
      0.007381722796708345,
      0.007270137779414654,
      0.007562031503766775,
      0.007472973316907883,
      0.007895607501268387,
      0.008011076599359512,
      0.008155274204909801,
      0.007321150507777929,
      0.0076711117289960384,
      0.007934384979307652,
      0.007664003875106573,
      0.00767845194786787,
      0.008181306533515453,
      0.007905228063464165,
      0.00741861667484045,
      0.008279798552393913,
      0.00832035019993782,
      0.007427005097270012,
      0.007727098651230335,
      0.007179726846516132,
      0.00755829643458128,
      0.0075135501101613045,
      0.007439484354108572,
      0.007785819470882416,
      0.007589538581669331,
      0.007645792327821255,
      0.00772623298689723,
      0.007934225723147392,
      0.00749211898073554,
      0.008250809274613857,
      0.00840573851019144,
      0.008752316236495972,
      0.00772349676117301,
      0.007553158327937126,
      0.007640799041837454,
      0.006810084916651249,
      0.006946936249732971,
      0.006852621678262949,
      0.00820363499224186,
      0.007607774343341589,
      0.0070351469330489635,
