{
   "number_epochs": 300,
   "info_used": "use imputation",
   "perc_full_data": 0.3,
   "n_epochs_no_selection": 0,
   "Frequency % cutoff": 0.3,
   "hidden_size": 32,
   "random_state": 5,
   "train_errors": [
      0.06357385218143463,
      0.05791439488530159,
      0.05390811339020729,
      0.051140401512384415,
      0.04979792609810829,
      0.049069203436374664,
      0.04859968647360802,
      0.04787154123187065,
      0.04747118055820465,
      0.04649505391716957,
      0.04566463828086853,
      0.04479856416583061,
      0.043861325830221176,
      0.04273099824786186,
      0.04191991686820984,
      0.04074425250291824,
      0.03909958153963089,
      0.037578269839286804,
      0.035333745181560516,
      0.03372285142540932,
      0.031878504902124405,
      0.030082613229751587,
      0.027960501611232758,
      0.02698381058871746,
      0.02509218454360962,
      0.023717086762189865,
      0.021406373009085655,
      0.020735975354909897,
      0.01992807164788246,
      0.019187074154615402,
      0.01886902004480362,
      0.018422728404402733,
      0.017649201676249504,
      0.01716306060552597,
      0.01733926124870777,
      0.01632603444159031,
      0.015906857326626778,
      0.015873335301876068,
      0.014838838018476963,
      0.015163227915763855,
      0.01477943453937769,
      0.014757274650037289,
      0.014570225961506367,
      0.015048548579216003,
      0.014411473646759987,
      0.013696526177227497,
      0.014522040262818336,
      0.013563977554440498,
      0.013690036721527576,
      0.014089909382164478,
      0.01351718045771122,
      0.013471027836203575,
      0.013508109375834465,
      0.013093043118715286,
      0.014022987335920334,
      0.013170973397791386,
      0.013113630935549736,
      0.01271606795489788,
      0.01247944962233305,
      0.012674884870648384,
      0.011443291790783405,
      0.012988388538360596,
      0.012667194940149784,
      0.011907707899808884,
      0.011290323920547962,
      0.01180401723831892,
      0.011792616918683052,
      0.011561688035726547,
      0.011228847317397594,
      0.011049773544073105,
      0.011250888928771019,
      0.011832751333713531,
      0.01123858243227005,
      0.011239674873650074,
      0.01111894566565752,
      0.011524037458002567,
      0.010873362421989441,
      0.01089281216263771,
      0.010570094920694828,
      0.01074947603046894,
      0.010903243906795979,
      0.010460534133017063,
      0.01060263067483902,
      0.010895435698330402,
      0.00960461888462305,
      0.011246166191995144,
      0.010185188613831997,
      0.010863925330340862,
      0.010026753880083561,
      0.010234654881060123,
      0.009797659702599049,
      0.009431568905711174,
      0.010364482179284096,
      0.010190991684794426,
      0.010372749529778957,
      0.00986147578805685,
      0.010300295427441597,
      0.009596097283065319,
      0.009881092235445976,
      0.009661448188126087,
      0.009416927583515644,
      0.009908579289913177,
      0.01013021171092987,
      0.009202339686453342,
      0.00994176510721445,
      0.00988423079252243,
      0.010044270195066929,
      0.008970403112471104,
      0.009884499944746494,
      0.0101844547316432,
      0.009480295702815056,
      0.00898676086217165,
      0.010155376978218555,
      0.009389445185661316,
      0.008901799097657204,
      0.009806358255445957,
      0.009328674525022507,
      0.00895634200423956,
      0.009399611502885818,
      0.009121494367718697,
      0.009324322454631329,
      0.009007356129586697,
      0.008883899077773094,
      0.008644352667033672,
      0.008948604576289654,
      0.008960376493632793,
      0.008872408419847488,
      0.009381688199937344,
      0.008755450136959553,
      0.00860816240310669,
      0.009067068807780743,
      0.009630388580262661,
      0.009067553095519543,
      0.009385669603943825,
      0.008623084053397179,
      0.009050030261278152,
      0.008385059423744678,
      0.009343257173895836,
      0.008599980734288692,
      0.009130162186920643,
      0.008707589469850063,
      0.009244471788406372,
      0.008927062153816223,
      0.008250049315392971,
      0.008992263115942478,
      0.008900854736566544,
      0.007827261462807655,
      0.009329162538051605,
      0.008772879838943481,
      0.009340149350464344,
      0.008510026149451733,
      0.00907999835908413,
      0.00804627314209938,
      0.008702054619789124,
      0.008369426243007183,
      0.008291192352771759,
      0.00935258436948061,
      0.007764135021716356,
      0.008208518847823143,
      0.008743147365748882,
      0.00806359387934208,
      0.008318952284753323,
      0.008550030179321766,
      0.009022187441587448,
      0.00792799424380064,
      0.00823551882058382,
      0.009048113599419594,
      0.008439852856099606,
      0.008126615546643734,
      0.008022971451282501,
      0.008269053883850574,
      0.008590768091380596,
      0.00894453376531601,
      0.008687181398272514,
      0.00828578695654869,
      0.00840443279594183,
      0.008580745197832584,
      0.008493657223880291,
      0.007870427332818508,
      0.009162336587905884,
      0.008291015401482582,
      0.008031652309000492,
      0.008470957167446613,
      0.008446242660284042,
      0.00845600850880146,
      0.008830584585666656,
      0.008727564476430416,
      0.008107953704893589,
      0.008651825599372387,
      0.007687747944146395,
      0.007876106537878513,
      0.00814810860902071,
      0.007404024712741375,
      0.007794281467795372,
      0.008559256792068481,
      0.0074668764136731625,
      0.008210220374166965,
      0.008202250115573406,
      0.008176665753126144,
      0.008652038872241974,
      0.008517076261341572,
      0.00825713761150837,
      0.008187633007764816,
      0.00832653883844614,
      0.008100518025457859,
      0.00815459806472063,
      0.007995694875717163,
      0.008468232117593288,
      0.008584263734519482,
      0.008315288461744785,
      0.007835742086172104,
      0.007924502715468407,
      0.008540923707187176,
      0.008498824201524258,
      0.00805487111210823,
      0.007708871271461248,
      0.007466171868145466,
      0.008501790463924408,
      0.007474387530237436,
      0.008088156580924988,
      0.007952130399644375,
      0.008228117600083351,
      0.008526130579411983,
      0.00813724473118782,
      0.007563602179288864,
      0.007257377728819847,
      0.007968406192958355,
      0.0077567254193127155,
      0.007132299244403839,
      0.008262904360890388,
      0.007568659260869026,
      0.00887314323335886,
      0.008119937963783741,
      0.008279257453978062,
      0.007658026181161404,
      0.007692402228713036,
      0.008055352605879307,
      0.008034445345401764,
      0.008293078280985355,
      0.008351750671863556,
      0.007338325958698988,
      0.009102349169552326,
      0.007117463741451502,
      0.007578426040709019,
      0.007748664356768131,
      0.007888336665928364,
      0.007842671126127243,
      0.007590634748339653,
      0.00782277062535286,
      0.007621835917234421,
      0.007525703404098749,
      0.007396566681563854,
      0.007624597754329443,
      0.0075018820352852345,
      0.007547549903392792,
      0.007905152626335621,
      0.008289077319204807,
      0.008264267817139626,
      0.008706257678568363,
      0.0075333015993237495,
      0.0076994700357317924,
      0.0082498574629426,
      0.007785937748849392,
      0.008165729232132435,
      0.008191916160285473,
      0.006962078157812357,
      0.007162530906498432,
      0.00825638510286808,
      0.007721733767539263,
      0.008239204995334148,
      0.007985720410943031,
      0.007676613517105579,
      0.007512553595006466,
      0.0071630701422691345,
      0.007804351858794689,
      0.0076044718734920025,
      0.006976136472076178,
      0.007266990374773741,
      0.00768185593187809,
      0.007970692589879036,
