{
   "number_epochs": 300,
   "info_used": "use imputation",
   "perc_full_data": 0.3,
   "n_epochs_no_selection": 0,
   "Frequency % cutoff": 0.3,
   "hidden_size": 32,
   "random_state": 3,
   "train_errors": [
      0.05272001400589943,
      0.049219731241464615,
      0.04894961789250374,
      0.04845002666115761,
      0.04702067747712135,
      0.04595809802412987,
      0.045298974961042404,
      0.04480290412902832,
      0.04393184930086136,
      0.04268910735845566,
      0.041651349514722824,
      0.039934735745191574,
      0.038544632494449615,
      0.037070393562316895,
      0.035669028759002686,
      0.03424572944641113,
      0.03159791976213455,
      0.029490603134036064,
      0.028389398008584976,
      0.02823638916015625,
      0.02706127241253853,
      0.026147497817873955,
      0.02653348259627819,
      0.024346189573407173,
      0.023380782455205917,
      0.02240009792149067,
      0.022565722465515137,
      0.02278403379023075,
      0.022613195702433586,
      0.02239155024290085,
      0.021075135096907616,
      0.020607925951480865,
      0.020531287416815758,
      0.01909862644970417,
      0.019059645012021065,
      0.019348131492733955,
      0.018240071833133698,
      0.01747145876288414,
      0.016536608338356018,
      0.015804842114448547,
      0.016828449442982674,
      0.01560173835605383,
      0.016337335109710693,
      0.016239969059824944,
      0.015304584987461567,
      0.014088911935687065,
      0.01398253533989191,
      0.014375370927155018,
      0.013918242417275906,
      0.013333367183804512,
      0.014402561821043491,
      0.013318204320967197,
      0.013122902251780033,
      0.013584793545305729,
      0.01344357430934906,
      0.012531425803899765,
      0.0137566477060318,
      0.0131108732894063,
      0.011637108400464058,
      0.012280902825295925,
      0.011896396987140179,
      0.011782914400100708,
      0.012035786174237728,
      0.01166414562612772,
      0.01312392856925726,
      0.010901447385549545,
      0.012587470933794975,
      0.011667793616652489,
      0.010940722189843655,
      0.010849304497241974,
      0.011764414608478546,
      0.011839775368571281,
      0.010973134078085423,
      0.011022189632058144,
      0.010519668459892273,
      0.011060742661356926,
      0.011386116966605186,
      0.010600014589726925,
      0.01100149191915989,
      0.010522786527872086,
      0.01159756164997816,
      0.011121541261672974,
      0.011917266063392162,
      0.011307960376143456,
      0.010694651864469051,
      0.010776912793517113,
      0.011440742760896683,
      0.010792224667966366,
      0.010141841135919094,
      0.010262882336974144,
      0.01005247887223959,
      0.011321197263896465,
      0.011448398232460022,
      0.011205388233065605,
      0.01039845310151577,
      0.010901599191129208,
      0.010337349958717823,
      0.009758942760527134,
      0.01062744576483965,
      0.010403167456388474,
      0.0105285020545125,
      0.009681547991931438,
      0.011183224618434906,
      0.010187051258981228,
      0.010012904182076454,
      0.009539948776364326,
      0.01017166767269373,
      0.010186994448304176,
      0.009875522926449776,
      0.011008666828274727,
      0.0095115527510643,
      0.009955172426998615,
      0.010096722282469273,
      0.00882376916706562,
      0.009150362573564053,
      0.008679931983351707,
      0.009816916659474373,
      0.010782897472381592,
      0.010155724361538887,
      0.010447213426232338,
      0.01039358414709568,
      0.009405580349266529,
      0.009567061439156532,
      0.010033238679170609,
      0.009586017578840256,
      0.0095780398696661,
      0.008827373385429382,
      0.008790797553956509,
      0.008866253308951855,
      0.009130103513598442,
      0.009272946044802666,
      0.008932911790907383,
      0.009106333367526531,
      0.009352734312415123,
      0.008499550633132458,
      0.01043968927115202,
      0.00877092033624649,
      0.008814884349703789,
      0.008400465361773968,
      0.008512387052178383,
      0.009150042198598385,
      0.009084831923246384,
      0.010479824617505074,
      0.009308821521699429,
      0.009390593506395817,
      0.009464085102081299,
      0.009270770475268364,
      0.009082104079425335,
      0.009420959278941154,
      0.008601000532507896,
      0.008942058309912682,
      0.008642401546239853,
      0.009004444815218449,
      0.009708011522889137,
      0.008773415349423885,
      0.008601265959441662,
      0.009383248165249825,
      0.008836592547595501,
      0.008554372936487198,
      0.008939502760767937,
      0.009113860316574574,
      0.008623229339718819,
      0.008739610202610493,
      0.009321910329163074,
      0.008591942489147186,
      0.008566956035792828,
      0.008465336635708809,
      0.008555138483643532,
      0.008246582001447678,
      0.008894756436347961,
      0.008351006545126438,
      0.008874930441379547,
      0.009154942817986012,
      0.008146914653480053,
      0.008615800179541111,
      0.007848734967410564,
      0.008208416402339935,
      0.008389106951653957,
      0.009650735184550285,
      0.008208347484469414,
      0.008182849735021591,
      0.008793666027486324,
      0.009358554147183895,
      0.008509399369359016,
      0.008331780321896076,
      0.008476203307509422,
      0.009139944799244404,
      0.008531631901860237,
      0.007047105114907026,
      0.008098817430436611,
      0.009368938393890858,
      0.008071254938840866,
      0.007798013277351856,
      0.007619510870426893,
      0.007710741367191076,
      0.008949266746640205,
      0.009007815271615982,
      0.007706174161285162,
      0.008299051783978939,
      0.008845948614180088,
      0.00955376960337162,
      0.00838835071772337,
      0.008445813320577145,
      0.008286490105092525,
      0.008561508730053902,
      0.007848860695958138,
      0.008321786299347878,
      0.008138149045407772,
      0.007941989228129387,
      0.00759404432028532,
      0.008011924102902412,
      0.007489374373108149,
      0.007598645519465208,
      0.007863298989832401,
      0.009440804831683636,
      0.008849448524415493,
      0.007965128868818283,
      0.008209732361137867,
      0.007890105247497559,
      0.008301923051476479,
      0.00809665210545063,
      0.007958617061376572,
      0.008583642542362213,
      0.008888505399227142,
      0.008550350554287434,
      0.008248474448919296,
      0.008015387691557407,
      0.00827298779040575,
      0.008568198420107365,
      0.00829195138067007,
      0.008122308179736137,
      0.008002949878573418,
      0.008181842975318432,
      0.009341486729681492,
      0.007771526928991079,
      0.008991685695946217,
      0.007883894257247448,
      0.00757460156455636,
      0.007976116612553596,
      0.0076563796028494835,
      0.008448525331914425,
      0.008853022009134293,
      0.00797878298908472,
      0.008786981925368309,
      0.007483579218387604,
      0.008100737817585468,
      0.008388032205402851,
      0.007740098517388105,
      0.008242684416472912,
      0.008164157159626484,
      0.007933719083666801,
      0.007744899485260248,
      0.008300109766423702,
      0.008151442743837833,
      0.009650642983615398,
      0.00782312173396349,
      0.007977772504091263,
      0.008622687309980392,
      0.007929724641144276,
      0.008152350783348083,
      0.008054492995142937,
      0.0073385657742619514,
      0.007496933452785015,
      0.007636755704879761,
      0.007757369428873062,
      0.008275260217487812,
      0.007238839752972126,
      0.007939191535115242,
      0.008174971677362919,
      0.008463813923299313,
      0.007363372482359409,
      0.00786768551915884,
      0.0078008733689785,
      0.007657051086425781,
      0.007274189032614231,
      0.008735708892345428,
      0.00902625359594822,
      0.0067994422279298306,
      0.008091513998806477,
      0.007094406522810459,
