{
   "number_epochs": 300,
   "info_used": "use imputation",
   "perc_full_data": 0.3,
   "n_epochs_no_selection": 0,
   "Frequency % cutoff": 0.3,
   "hidden_size": 32,
   "random_state": 11,
   "train_errors": [
      0.059826985001564026,
      0.05840429291129112,
      0.057447560131549835,
      0.05613318085670471,
      0.05537673830986023,
      0.054070908576250076,
      0.05278875306248665,
      0.05154550075531006,
      0.04948694258928299,
      0.04799305647611618,
      0.04601098969578743,
      0.043876830488443375,
      0.0419827401638031,
      0.03953417018055916,
      0.037973903119564056,
      0.03425169363617897,
      0.031911905854940414,
      0.02994603104889393,
      0.02893146313726902,
      0.026892950758337975,
      0.026948656886816025,
      0.02468903921544552,
      0.023642530664801598,
      0.023355836048722267,
      0.022774048149585724,
      0.023081891238689423,
      0.02080501616001129,
      0.02273806743323803,
      0.02065974846482277,
      0.019107870757579803,
      0.01987537555396557,
      0.018444830551743507,
      0.01760234870016575,
      0.017581254243850708,
      0.017691848799586296,
      0.01861393079161644,
      0.01633596606552601,
      0.0170124564319849,
      0.01681416854262352,
      0.015524348244071007,
      0.01572471857070923,
      0.0155351422727108,
      0.016656411811709404,
      0.015507769770920277,
      0.015098831616342068,
      0.015163577161729336,
      0.014107925817370415,
      0.014317808672785759,
      0.014535433612763882,
      0.01357558835297823,
      0.014569045044481754,
      0.013657614588737488,
      0.01330951601266861,
      0.013560325838625431,
      0.01445617713034153,
      0.013163098134100437,
      0.012609017081558704,
      0.013046780601143837,
      0.01320216991007328,
      0.012145298533141613,
      0.012855392880737782,
      0.01205920148640871,
      0.013092385604977608,
      0.011371484026312828,
      0.011991918087005615,
      0.010989147238433361,
      0.011695384979248047,
      0.011834267526865005,
      0.011531512252986431,
      0.01121758297085762,
      0.01170719601213932,
      0.012486176565289497,
      0.01070517860352993,
      0.011479189619421959,
      0.011019030585885048,
      0.011874334886670113,
      0.010912220925092697,
      0.011094191111624241,
      0.011428477242588997,
      0.011673693545162678,
      0.010914939455688,
      0.010276627726852894,
      0.010843727737665176,
      0.010306866839528084,
      0.01062601525336504,
      0.010373271070420742,
      0.009158273227512836,
      0.010055474936962128,
      0.010251326486468315,
      0.00996338576078415,
      0.0108597157523036,
      0.009445831179618835,
      0.010915655642747879,
      0.009817101061344147,
      0.010178608819842339,
      0.010301499627530575,
      0.009852273389697075,
      0.010128235444426537,
      0.009921219199895859,
      0.00955431442707777,
      0.009601415134966373,
      0.009070494212210178,
      0.01060265488922596,
      0.010176732204854488,
      0.010089593008160591,
      0.009298336692154408,
      0.01002294197678566,
      0.00869863573461771,
      0.009741016663610935,
      0.009554741904139519,
      0.008866281248629093,
      0.009253082796931267,
      0.010011029429733753,
      0.010214018635451794,
      0.009801643900573254,
      0.009779205545783043,
      0.010218019597232342,
      0.01006261259317398,
      0.009679589420557022,
      0.00927920825779438,
      0.00978562980890274,
      0.009059717878699303,
      0.009117797017097473,
      0.00871739350259304,
      0.00811439286917448,
      0.009238648228347301,
      0.009145409800112247,
      0.009269504807889462,
      0.00812170933932066,
      0.009096179157495499,
      0.00892916414886713,
      0.009310287423431873,
      0.009489724412560463,
      0.008830782026052475,
      0.0094247842207551,
      0.008789915591478348,
      0.008418584242463112,
      0.00869464036077261,
      0.010251643136143684,
      0.007700515445321798,
      0.00861271657049656,
      0.00887269712984562,
      0.0087990527972579,
      0.008425688371062279,
      0.008397995494306087,
      0.009075026959180832,
      0.00847103912383318,
      0.008318996988236904,
      0.007833775132894516,
      0.008337647654116154,
      0.008313112892210484,
      0.008390898816287518,
      0.008263640105724335,
      0.00799646694213152,
      0.008229546248912811,
      0.008816116489470005,
      0.009360230527818203,
      0.008251611143350601,
      0.00829960498958826,
      0.007709740195423365,
      0.008599746972322464,
      0.00837875995784998,
      0.008024882525205612,
      0.008229995146393776,
      0.008798216469585896,
      0.007774722762405872,
      0.00854218378663063,
      0.008045828901231289,
      0.007952355779707432,
      0.0075796255841851234,
      0.007662325166165829,
      0.008200477808713913,
      0.00751688564196229,
      0.008572444319725037,
      0.008891662582755089,
      0.008338169194757938,
      0.008476401679217815,
      0.008851059712469578,
      0.009111277759075165,
      0.008667212910950184,
      0.008278032764792442,
      0.008334675803780556,
      0.00784622598439455,
      0.00851784273982048,
      0.007964489981532097,
      0.00867491401731968,
      0.008316170424222946,
      0.008845116943120956,
      0.007482463959604502,
      0.007636592723429203,
      0.007551929447799921,
      0.008080242201685905,
      0.00875404104590416,
      0.008486569859087467,
      0.008295916952192783,
      0.007998811081051826,
      0.007900126278400421,
      0.007407579571008682,
      0.008021297864615917,
      0.0074623809196054935,
      0.007125732954591513,
      0.008362986147403717,
      0.007915494032204151,
      0.00904590729624033,
      0.00829977449029684,
      0.007868007756769657,
      0.0075264074839651585,
      0.007647065445780754,
      0.008228947408497334,
      0.007158467546105385,
      0.007976976223289967,
      0.008436644449830055,
      0.00777372345328331,
      0.007926201447844505,
      0.00752651272341609,
      0.0077609410509467125,
      0.0076908208429813385,
      0.007807671092450619,
      0.0075443279929459095,
      0.008520308881998062,
      0.007945266552269459,
      0.0077482243068516254,
      0.00878890696913004,
      0.007738107815384865,
      0.008331835269927979,
      0.008130980655550957,
      0.007313297130167484,
      0.008119521662592888,
      0.007715621497482061,
      0.0071273990906775,
      0.007106104400008917,
      0.008006911724805832,
      0.00794267375022173,
      0.007733690552413464,
      0.006877325475215912,
      0.00802516471594572,
      0.007638557814061642,
      0.007827785797417164,
      0.007458917796611786,
      0.007281069178134203,
      0.007690730504691601,
      0.008185128681361675,
      0.007801442872732878,
      0.007018959149718285,
      0.008351185359060764,
      0.00806448608636856,
      0.007628671359270811,
      0.007715987507253885,
      0.006986486259847879,
      0.008420606143772602,
      0.007750250399112701,
      0.00842886883765459,
      0.00706725288182497,
      0.0065144142135977745,
      0.008512010797858238,
      0.00819123163819313,
      0.007542084436863661,
      0.007920281030237675,
      0.007863114587962627,
      0.007573865819722414,
      0.007358600851148367,
      0.008021893911063671,
      0.007459035608917475,
      0.007853377610445023,
      0.007387468591332436,
      0.007027077954262495,
      0.007449917495250702,
      0.007477401755750179,
      0.008578677661716938,
      0.007971012964844704,
      0.008007560856640339,
      0.007085269317030907,
      0.007675364147871733,
      0.007107886951416731,
      0.008281495422124863,
      0.006873632315546274,
      0.007015721872448921,
      0.007326330058276653,
      0.007349397521466017,
      0.008073687553405762,
