{
   "number_epochs": 300,
   "info_used": "use imputation",
   "perc_full_data": 0.3,
   "n_epochs_no_selection": 0,
   "Frequency % cutoff": 0.3,
   "hidden_size": 32,
   "random_state": 4,
   "train_errors": [
      0.054527852684259415,
      0.050117265433073044,
      0.048019688576459885,
      0.04813365265727043,
      0.04789939522743225,
      0.047523804008960724,
      0.046344660222530365,
      0.04546600580215454,
      0.044251829385757446,
      0.043062467128038406,
      0.04274517297744751,
      0.04053695127367973,
      0.039041560143232346,
      0.037988100200891495,
      0.03681240975856781,
      0.03526324778795242,
      0.03388326242566109,
      0.03194558247923851,
      0.030641816556453705,
      0.029688119888305664,
      0.029258010908961296,
      0.02719530276954174,
      0.026031028479337692,
      0.02445548214018345,
      0.024808503687381744,
      0.02292698621749878,
      0.022490473464131355,
      0.02184980735182762,
      0.020039016380906105,
      0.020266301929950714,
      0.019726034253835678,
      0.01945452392101288,
      0.01861717738211155,
      0.018083609640598297,
      0.018493788316845894,
      0.01727890595793724,
      0.01766585372388363,
      0.016405832022428513,
      0.016216928139328957,
      0.016644254326820374,
      0.015733007341623306,
      0.015526488423347473,
      0.015308799222111702,
      0.014561626128852367,
      0.01584278978407383,
      0.013951451517641544,
      0.014236384071409702,
      0.014143147505819798,
      0.01451205089688301,
      0.013833878561854362,
      0.013005765154957771,
      0.012543811462819576,
      0.013344055972993374,
      0.013371066190302372,
      0.013219950720667839,
      0.012602007947862148,
      0.013210635632276535,
      0.01218416541814804,
      0.013078120537102222,
      0.011805981397628784,
      0.012380313128232956,
      0.012012505903840065,
      0.011668093502521515,
      0.012582373805344105,
      0.012153571471571922,
      0.011686012148857117,
      0.011573870666325092,
      0.012144368141889572,
      0.010987858287990093,
      0.010614444501698017,
      0.011374973691999912,
      0.011895602568984032,
      0.01065766904503107,
      0.011015781201422215,
      0.011264384724199772,
      0.010779449716210365,
      0.010403292253613472,
      0.010828421451151371,
      0.010837173089385033,
      0.010440920479595661,
      0.01085576694458723,
      0.011360310018062592,
      0.010960947722196579,
      0.010375455021858215,
      0.010682635940611362,
      0.010800804011523724,
      0.010261205956339836,
      0.010154014453291893,
      0.010247169993817806,
      0.010836062952876091,
      0.010122883133590221,
      0.010786090977489948,
      0.009651875123381615,
      0.01035579014569521,
      0.009823426604270935,
      0.011011585593223572,
      0.00980350375175476,
      0.010080368258059025,
      0.010428553447127342,
      0.009709085337817669,
      0.010612523183226585,
      0.009652380831539631,
      0.010366787202656269,
      0.009609892964363098,
      0.010285680182278156,
      0.009352076798677444,
      0.009496692568063736,
      0.009709439240396023,
      0.010693230666220188,
      0.009943373501300812,
      0.009939728304743767,
      0.00972405169159174,
      0.009603972546756268,
      0.009655308909714222,
      0.008417153730988503,
      0.0097678666934371,
      0.009606647305190563,
      0.008989840745925903,
      0.009792768396437168,
      0.009551705792546272,
      0.008851330727338791,
      0.009643349796533585,
      0.010137624107301235,
      0.010417862795293331,
      0.009556031785905361,
      0.00952811911702156,
      0.009182175621390343,
      0.009329323656857014,
      0.009275734424591064,
      0.009389483369886875,
      0.009169100783765316,
      0.009961540810763836,
      0.009007151238620281,
      0.009525937959551811,
      0.009294217452406883,
      0.008300559595227242,
      0.009070792235434055,
      0.009130025282502174,
      0.009177722968161106,
      0.00962041225284338,
      0.009330849163234234,
      0.0090181864798069,
      0.008849995210766792,
      0.008908017538487911,
      0.0083814961835742,
      0.009208166971802711,
      0.00819421000778675,
      0.010095478966832161,
      0.008868468925356865,
      0.009099449031054974,
      0.008192185312509537,
      0.008850149810314178,
      0.009130023419857025,
      0.00879097729921341,
      0.008752470836043358,
      0.008700080215930939,
      0.008124756626784801,
      0.009448247961699963,
      0.009380410425364971,
      0.008703134022653103,
      0.009068184532225132,
      0.008640594780445099,
      0.009176013059914112,
      0.009229209274053574,
      0.008466298691928387,
      0.008843334391713142,
      0.008265950717031956,
      0.008044777438044548,
      0.008797156624495983,
      0.00901247002184391,
      0.009235624223947525,
      0.00859495997428894,
      0.007989767007529736,
      0.008798892609775066,
      0.008928329683840275,
      0.008443841710686684,
      0.008855048567056656,
      0.008055816404521465,
      0.00905541516840458,
      0.009101223200559616,
      0.009627388790249825,
      0.008236507885158062,
      0.009408379904925823,
      0.008071293123066425,
      0.0088731087744236,
      0.008193552494049072,
      0.009107939898967743,
      0.009558876976370811,
      0.008067953400313854,
      0.00915973074734211,
      0.008245524950325489,
      0.008530376479029655,
      0.008079198189079762,
      0.008050198666751385,
      0.0081487987190485,
      0.008750137872993946,
      0.007972029969096184,
      0.008577844128012657,
      0.008113688789308071,
      0.008400985039770603,
      0.008592315018177032,
      0.007797309197485447,
      0.00817424152046442,
      0.00814510602504015,
      0.008503301069140434,
      0.008900286629796028,
      0.0077926041558384895,
      0.00827814918011427,
      0.008004404604434967,
      0.00834946520626545,
      0.009113052859902382,
      0.00805984903126955,
      0.007995675317943096,
      0.008395939134061337,
      0.008100591599941254,
      0.008488725870847702,
      0.008048594929277897,
      0.00905879307538271,
      0.007417943794280291,
      0.00846564769744873,
      0.007466612383723259,
      0.008329970762133598,
      0.00800608191639185,
      0.0076471664942801,
      0.008463296107947826,
      0.007976044900715351,
      0.0076762535609304905,
      0.008184895850718021,
      0.008150533773005009,
      0.008679913356900215,
      0.007634483743458986,
      0.007416259963065386,
      0.00763783510774374,
      0.008782446384429932,
      0.00846362579613924,
      0.008281923830509186,
      0.008828753605484962,
      0.008198929950594902,
      0.00748864421620965,
      0.008187477476894855,
      0.0074673863127827644,
      0.007946407422423363,
      0.008125166408717632,
      0.00811887625604868,
      0.007951904088258743,
      0.008120793849229813,
      0.007594937924295664,
      0.007538510952144861,
      0.007531953509896994,
      0.007651780731976032,
      0.008195687085390091,
      0.007571718655526638,
      0.007607299368828535,
      0.007167109753936529,
      0.008883613161742687,
      0.008049574680626392,
      0.007470692042261362,
      0.008147800341248512,
      0.00824996829032898,
      0.007976401597261429,
      0.0077802445739507675,
      0.008114025928080082,
      0.007541969418525696,
      0.008280028589069843,
      0.008732327260077,
      0.00795414112508297,
      0.007440065499395132,
      0.008978026919066906,
      0.007940131239593029,
      0.008567378856241703,
      0.009440998546779156,
      0.00795475672930479,
      0.0075323390774428844,
      0.007558644749224186,
      0.007822918705642223,
      0.0077475933358073235,
      0.0075593069195747375,
      0.007710441015660763,
      0.007904592901468277,
      0.00720294751226902,
