{
   "number_epochs": 300,
   "info_used": "use imputation",
   "perc_full_data": 0.3,
   "n_epochs_no_selection": 0,
   "Frequency % cutoff": 0.3,
   "hidden_size": 32,
   "random_state": 6,
   "train_errors": [
      0.07754935324192047,
      0.06576767563819885,
      0.05824444442987442,
      0.056073181331157684,
      0.05540522560477257,
      0.05484207347035408,
      0.05310044810175896,
      0.05099695175886154,
      0.04985875263810158,
      0.0464080348610878,
      0.04620124772191048,
      0.04385044798254967,
      0.043496157974004745,
      0.04059543088078499,
      0.040679194033145905,
      0.038563646376132965,
      0.037629153579473495,
      0.03562753275036812,
      0.034072477370500565,
      0.032575033605098724,
      0.031956370919942856,
      0.03076912648975849,
      0.029813261702656746,
      0.02698960155248642,
      0.025769228115677834,
      0.02476728893816471,
      0.024691205471754074,
      0.023606425151228905,
      0.022861521691083908,
      0.02170240879058838,
      0.02179352380335331,
      0.020663974806666374,
      0.01989034377038479,
      0.02124408446252346,
      0.02042682096362114,
      0.019545208662748337,
      0.019248850643634796,
      0.019544653594493866,
      0.018531400710344315,
      0.01698632352054119,
      0.017563525587320328,
      0.016525445505976677,
      0.01687239669263363,
      0.016628708690404892,
      0.016572440043091774,
      0.017082175239920616,
      0.01641840860247612,
      0.016692372038960457,
      0.016585683450102806,
      0.017514817416667938,
      0.0165462214499712,
      0.015742484480142593,
      0.015208937227725983,
      0.015608950518071651,
      0.01579136587679386,
      0.014871909283101559,
      0.014654713682830334,
      0.014488883316516876,
      0.013639867305755615,
      0.013736418448388577,
      0.014518237672746181,
      0.014863968826830387,
      0.012965654954314232,
      0.013133850879967213,
      0.014702271670103073,
      0.01329772174358368,
      0.013068415224552155,
      0.01397011149674654,
      0.01265349704772234,
      0.013644319027662277,
      0.013383460231125355,
      0.014293165877461433,
      0.013374675065279007,
      0.013553684577345848,
      0.01318537537008524,
      0.012964275665581226,
      0.012090056203305721,
      0.012999767437577248,
      0.012904518283903599,
      0.013246647082269192,
      0.013123509474098682,
      0.011436444707214832,
      0.013620628975331783,
      0.012342186644673347,
      0.011755715124309063,
      0.01322140172123909,
      0.01229729875922203,
      0.011012604460120201,
      0.011581423692405224,
      0.012176868505775928,
      0.012733317911624908,
      0.012401127256453037,
      0.011337345466017723,
      0.013071693480014801,
      0.01189776137471199,
      0.010968782939016819,
      0.011497016996145248,
      0.013051013462245464,
      0.011106896214187145,
      0.011668402701616287,
      0.011587695218622684,
      0.010794663801789284,
      0.011089791543781757,
      0.01039636880159378,
      0.010954540222883224,
      0.011675749905407429,
      0.010784268379211426,
      0.010409016162157059,
      0.012400158680975437,
      0.011094928719103336,
      0.010892960242927074,
      0.011658240109682083,
      0.011915049515664577,
      0.011358835734426975,
      0.011651662178337574,
      0.01145531889051199,
      0.011762257665395737,
      0.010465073399245739,
      0.01158958114683628,
      0.010994575917720795,
      0.011591937392950058,
      0.012196231633424759,
      0.011201792396605015,
      0.010965975932776928,
      0.011924891732633114,
      0.011899599805474281,
      0.011200184002518654,
      0.012230521067976952,
      0.012725799344480038,
      0.010551433078944683,
      0.011028101667761803,
      0.011674095876514912,
      0.010675902478396893,
      0.010031411424279213,
      0.011374080553650856,
      0.010036110877990723,
      0.010394645854830742,
      0.011034328490495682,
      0.009950963780283928,
      0.010644961148500443,
      0.010659832507371902,
      0.010499909520149231,
      0.011898230761289597,
      0.010645394213497639,
      0.010475658811628819,
      0.010982990264892578,
      0.011239093728363514,
      0.01102800015360117,
      0.010398175567388535,
      0.011171418242156506,
      0.011680953204631805,
      0.010456706397235394,
      0.010384544730186462,
      0.009957985952496529,
      0.011060363613069057,
      0.010104997083544731,
      0.009866471402347088,
      0.010888762772083282,
      0.010927983559668064,
      0.01099424622952938,
      0.010225888341665268,
      0.011100376024842262,
      0.00997282937169075,
      0.011161805130541325,
      0.010380687192082405,
      0.011556771583855152,
      0.01064277347177267,
      0.01076413318514824,
      0.010676806792616844,
      0.009985115379095078,
      0.010595102794468403,
      0.010276473127305508,
      0.011725449934601784,
      0.009911165572702885,
      0.010801883414387703,
      0.01014250610023737,
      0.010651961900293827,
      0.011474678292870522,
      0.01099278312176466,
      0.01011094730347395,
      0.00992907676845789,
      0.010450863279402256,
      0.009439760819077492,
      0.009741448797285557,
      0.010602511465549469,
      0.010904693976044655,
      0.010019860230386257,
      0.010237889364361763,
      0.010694271884858608,
      0.010118228383362293,
      0.010524403303861618,
      0.011049939319491386,
      0.01053670048713684,
      0.00992864090949297,
      0.00958488043397665,
      0.009089875966310501,
      0.010271777398884296,
      0.011066353879868984,
      0.01008601114153862,
      0.010342830792069435,
      0.00932634249329567,
      0.010472001507878304,
      0.010456787422299385,
      0.010560344904661179,
      0.01054583489894867,
      0.010506846942007542,
      0.00903918594121933,
      0.010757213458418846,
      0.010147131979465485,
      0.010246037505567074,
      0.009272217750549316,
      0.010868591256439686,
      0.010478810407221317,
      0.00920387264341116,
      0.010016635060310364,
      0.00992374774068594,
      0.00968052726238966,
      0.009559609927237034,
      0.009720541536808014,
      0.010044114664196968,
      0.010104348883032799,
      0.00982704572379589,
      0.009618447162210941,
      0.009897027164697647,
      0.010330555960536003,
      0.009711197577416897,
      0.009263569489121437,
      0.00895198155194521,
      0.009630429558455944,
      0.01108289323747158,
      0.010179887525737286,
      0.008911937475204468,
      0.009537632577121258,
      0.010598084889352322,
      0.010104834102094173,
      0.009476300328969955,
      0.010641166009008884,
      0.01028614491224289,
      0.00991905853152275,
      0.009567034430801868,
      0.009716485626995564,
      0.008958736434578896,
      0.01111291628330946,
      0.009182427078485489,
      0.009331722743809223,
      0.010328097268939018,
      0.009587327018380165,
      0.010470314882695675,
      0.009249994531273842,
      0.011460499837994576,
      0.009102940559387207,
      0.008965534158051014,
      0.009486086666584015,
      0.010064140893518925,
      0.009277180768549442,
      0.00949527695775032,
      0.009387885220348835,
      0.009543625637888908,
      0.009237293154001236,
      0.010181238874793053,
      0.009886234998703003,
      0.009288312867283821,
      0.009708982892334461,
      0.009883739985525608,
      0.009891100227832794,
      0.009246530011296272,
      0.01035672053694725,
      0.010012606158852577,
      0.009571296162903309,
      0.00972090195864439,
      0.009929737076163292,
      0.009238218888640404,
      0.01011063251644373,
      0.010786266066133976,
      0.009064819663763046,
      0.009989595972001553,
      0.008306738920509815,
      0.009579651057720184,
      0.008607452735304832,
      0.00926246214658022,
