{
   "number_epochs": 300,
   "info_used": "use imputation",
   "perc_full_data": 0.3,
   "n_epochs_no_selection": 0,
   "Frequency % cutoff": 0.3,
   "hidden_size": 32,
   "random_state": 10,
   "train_errors": [
      0.042948439717292786,
      0.04169429466128349,
      0.04123464599251747,
      0.04022017866373062,
      0.03921593725681305,
      0.03862717002630234,
      0.03815706819295883,
      0.037204694002866745,
      0.03607826679944992,
      0.03460667282342911,
      0.03299328312277794,
      0.032721564173698425,
      0.03151734545826912,
      0.030608084052801132,
      0.02868005447089672,
      0.02729804813861847,
      0.026875808835029602,
      0.025630617514252663,
      0.025773368775844574,
      0.023598546162247658,
      0.023477021604776382,
      0.023591255769133568,
      0.02259390987455845,
      0.02224806882441044,
      0.021794062107801437,
      0.021420137956738472,
      0.020526936277747154,
      0.019610708579421043,
      0.020182762295007706,
      0.02006145939230919,
      0.018576502799987793,
      0.019037781283259392,
      0.018214048817753792,
      0.018933184444904327,
      0.0187939815223217,
      0.018653715029358864,
      0.017739061266183853,
      0.017868919298052788,
      0.017250124365091324,
      0.0177750363945961,
      0.016503935679793358,
      0.015707088634371758,
      0.015385010279715061,
      0.015297990292310715,
      0.01530855055898428,
      0.015620150603353977,
      0.015351692214608192,
      0.015186145901679993,
      0.014354538172483444,
      0.013759792782366276,
      0.01497732289135456,
      0.013638506643474102,
      0.014338169246912003,
      0.014386079274117947,
      0.013817338272929192,
      0.013664938509464264,
      0.013250741176307201,
      0.013913756236433983,
      0.013121246360242367,
      0.012347148731350899,
      0.013268915936350822,
      0.013414355926215649,
      0.013081153854727745,
      0.011961202137172222,
      0.012218933552503586,
      0.011938118375837803,
      0.01277916319668293,
      0.011562100611627102,
      0.012711218558251858,
      0.012183415703475475,
      0.012595833279192448,
      0.012644131667912006,
      0.0119251050055027,
      0.012627102434635162,
      0.012501835823059082,
      0.012144217267632484,
      0.012197928503155708,
      0.011642585508525372,
      0.012432255782186985,
      0.011612124741077423,
      0.012260861694812775,
      0.012722152285277843,
      0.01191651914268732,
      0.012179558165371418,
      0.012373890727758408,
      0.011824563145637512,
      0.012399899773299694,
      0.011096442118287086,
      0.011665775440633297,
      0.012038669548928738,
      0.011330360546708107,
      0.01128343679010868,
      0.012497955933213234,
      0.011866492219269276,
      0.011688646860420704,
      0.01116941962391138,
      0.011907799169421196,
      0.011801865883171558,
      0.011499496176838875,
      0.011798623017966747,
      0.011869559995830059,
      0.01115262508392334,
      0.012003516778349876,
      0.01171589270234108,
      0.011189868673682213,
      0.011934738606214523,
      0.011016505770385265,
      0.011207381263375282,
      0.010512241162359715,
      0.011453650891780853,
      0.011167261749505997,
      0.011658382602036,
      0.01153429877012968,
      0.011621215380728245,
      0.011790973134338856,
      0.0110643794760108,
      0.010848145000636578,
      0.011992276646196842,
      0.012002572417259216,
      0.011243286542594433,
      0.011592931114137173,
      0.01182254496961832,
      0.011047160252928734,
      0.01068355143070221,
      0.01173621416091919,
      0.011094924062490463,
      0.012076454237103462,
      0.010195927694439888,
      0.010777321644127369,
      0.010554870590567589,
      0.01150123868137598,
      0.01070452481508255,
      0.010825811885297298,
      0.011766104958951473,
      0.011110682971775532,
      0.010747963562607765,
      0.010567720979452133,
      0.010824717581272125,
      0.010492389090359211,
      0.01075682695955038,
      0.011295577511191368,
      0.01059993077069521,
      0.011117203161120415,
      0.010604812763631344,
      0.01132657378911972,
      0.010774517431855202,
      0.011051557026803493,
      0.010344570502638817,
      0.01114463061094284,
      0.010186459869146347,
      0.0117522357031703,
      0.010833385400474072,
      0.010526467114686966,
      0.01137496531009674,
      0.010932986624538898,
      0.011396359652280807,
      0.011016094125807285,
      0.010795033536851406,
      0.010907791554927826,
      0.010866131633520126,
      0.010927035473287106,
      0.010351086035370827,
      0.01080590020865202,
      0.011374627240002155,
      0.00968248676508665,
      0.01065707765519619,
      0.010506667196750641,
      0.010681175626814365,
      0.010951557196676731,
      0.010026924312114716,
      0.010425220243632793,
      0.01044518779963255,
      0.01021417137235403,
      0.011565368622541428,
      0.010374130681157112,
      0.010872624814510345,
      0.011431751772761345,
      0.011304420419037342,
      0.011305365711450577,
      0.010243195109069347,
      0.010607350617647171,
      0.010659142397344112,
      0.010889202356338501,
      0.010613043792545795,
      0.010827927850186825,
      0.011279860511422157,
      0.010078501887619495,
      0.011298365890979767,
      0.009870246052742004,
      0.01120735239237547,
      0.011057850904762745,
      0.010743343271315098,
      0.011210796423256397,
      0.010707514360547066,
      0.010189392603933811,
      0.011106211692094803,
      0.009448632597923279,
      0.010580230504274368,
      0.011388447135686874,
      0.010827645659446716,
      0.01033210288733244,
      0.010456821881234646,
      0.01058990228921175,
      0.01055220328271389,
      0.010613945312798023,
      0.010370830073952675,
      0.011002513580024242,
      0.010724036023020744,
      0.009964649565517902,
      0.010039804503321648,
      0.010371830314397812,
      0.009193903766572475,
      0.009778655134141445,
      0.010734652169048786,
      0.0102655915543437,
      0.010592833161354065,
      0.010368709452450275,
      0.010082749649882317,
      0.010203540325164795,
      0.010171028785407543,
      0.010061546228826046,
      0.009704308584332466,
      0.010712784714996815,
      0.009937173686921597,
      0.00977996550500393,
      0.010227967984974384,
      0.010104121640324593,
      0.011332787573337555,
      0.010194004513323307,
      0.01016913540661335,
      0.010256092064082623,
      0.010046526789665222,
      0.01076035387814045,
      0.010211018845438957,
      0.009967091493308544,
      0.010755270719528198,
      0.009797351434826851,
      0.01011310052126646,
      0.010039571672677994,
      0.010334243066608906,
      0.010193990543484688,
      0.009433041326701641,
      0.010048922151327133,
      0.010164211504161358,
      0.010651814751327038,
      0.010167544707655907,
      0.010751582682132721,
      0.009967652149498463,
      0.010263839736580849,
      0.00981180090457201,
      0.009375138208270073,
      0.010358750820159912,
      0.010295079089701176,
      0.010681073181331158,
      0.01126802060753107,
      0.00996894109994173,
      0.010395976714789867,
      0.01042382325977087,
      0.010767336934804916,
      0.009975193999707699,
      0.009861432947218418,
      0.010014653205871582,
      0.010177469812333584,
      0.009591682814061642,
      0.009600403718650341,
      0.010272324085235596,
      0.009989527054131031,
      0.009975736029446125,
      0.01021553110331297,
      0.01012876071035862,
      0.01008468959480524,
      0.010853379033505917,
      0.009790724143385887,
      0.010045750997960567,
      0.009235786274075508,
      0.009560668841004372,
      0.009640282951295376,
      0.009437430649995804,
      0.00927953515201807,
      0.010023856535553932,
