{
   "number_epochs": 300,
   "info_used": "use imputation",
   "perc_full_data": 0.3,
   "n_epochs_no_selection": 0,
   "Frequency % cutoff": 0.3,
   "hidden_size": 32,
   "random_state": 10,
   "train_errors": [
      0.04261969402432442,
      0.041295506060123444,
      0.04103904590010643,
      0.04006041958928108,
      0.03917326405644417,
      0.03836582601070404,
      0.03773193061351776,
      0.0367291122674942,
      0.03568381443619728,
      0.034128278493881226,
      0.03237156942486763,
      0.03218011185526848,
      0.030724184587597847,
      0.03020622953772545,
      0.028060486540198326,
      0.02698674611747265,
      0.026697320863604546,
      0.025356490164995193,
      0.02520330809056759,
      0.023406267166137695,
      0.023012064397335052,
      0.02333451621234417,
      0.022467482835054398,
      0.021315697580575943,
      0.021194109693169594,
      0.020539456978440285,
      0.019801374524831772,
      0.019139757379889488,
      0.018976449966430664,
      0.01890328899025917,
      0.017618302255868912,
      0.018187837675213814,
      0.01746385358273983,
      0.01809648610651493,
      0.01761433109641075,
      0.01811961643397808,
      0.01732066459953785,
      0.01731312833726406,
      0.016578309237957,
      0.017341751605272293,
      0.015990357846021652,
      0.015518676489591599,
      0.015134185552597046,
      0.015150382183492184,
      0.015393473207950592,
      0.015769587829709053,
      0.01524628046900034,
      0.015125668607652187,
      0.01446893997490406,
      0.01393180526793003,
      0.015057524666190147,
      0.013963456265628338,
      0.014422320760786533,
      0.014532906003296375,
      0.013984457589685917,
      0.014021152630448341,
      0.013107250444591045,
      0.013645699247717857,
      0.013450435362756252,
      0.012296034954488277,
      0.012994031421840191,
      0.01338312216103077,
      0.013058285228908062,
      0.01235252246260643,
      0.011921770870685577,
      0.012177940458059311,
      0.012515482492744923,
      0.011394068598747253,
      0.012248878367245197,
      0.011864704079926014,
      0.013206089846789837,
      0.012863395735621452,
      0.011680846102535725,
      0.012495911680161953,
      0.012197059579193592,
      0.012076232582330704,
      0.012307834811508656,
      0.011712092906236649,
      0.01246944535523653,
      0.010977531783282757,
      0.011753792874515057,
      0.012897415086627007,
      0.01160488836467266,
      0.011791958473622799,
      0.012079562060534954,
      0.01247798465192318,
      0.012484721839427948,
      0.010973397642374039,
      0.011235855519771576,
      0.012553799897432327,
      0.011209525167942047,
      0.01154167577624321,
      0.012741096317768097,
      0.011613546870648861,
      0.011135478504002094,
      0.011039859615266323,
      0.011044926941394806,
      0.01171775534749031,
      0.011484150774776936,
      0.011631060391664505,
      0.011970455758273602,
      0.011421989649534225,
      0.012053375132381916,
      0.0121446643024683,
      0.01149208378046751,
      0.01216228399425745,
      0.010717509314417839,
      0.011448528617620468,
      0.01040424220263958,
      0.011017105542123318,
      0.011045074090361595,
      0.01162902731448412,
      0.011445155367255211,
      0.011788726784288883,
      0.011407757177948952,
      0.010576901026070118,
      0.011021962389349937,
      0.012002479285001755,
      0.011160138063132763,
      0.011072604916989803,
      0.011472937650978565,
      0.01172054372727871,
      0.011151393875479698,
      0.010600028559565544,
      0.011311575770378113,
      0.011395805515348911,
      0.011636300012469292,
      0.010888813994824886,
      0.010713747702538967,
      0.010802661068737507,
      0.010691121220588684,
      0.01045169122517109,
      0.010606459341943264,
      0.011369374580681324,
      0.010957476682960987,
      0.010939285159111023,
      0.01051359809935093,
      0.010732145980000496,
      0.010816678404808044,
      0.010623005218803883,
      0.010838196612894535,
      0.010889613069593906,
      0.011577485129237175,
      0.010274043306708336,
      0.0105332862585783,
      0.010904036462306976,
      0.011230857111513615,
      0.010062380693852901,
      0.010629169642925262,
      0.010197436437010765,
      0.011165976524353027,
      0.010505123063921928,
      0.010726241394877434,
      0.01170047465711832,
      0.010512374341487885,
      0.010994444601237774,
      0.011136547662317753,
      0.01018652692437172,
      0.010817031376063824,
      0.010482044890522957,
      0.010946899652481079,
      0.010261096991598606,
      0.010370909236371517,
      0.011100891046226025,
      0.009031416848301888,
      0.010970295406877995,
      0.010334791615605354,
      0.010267489589750767,
      0.010290046222507954,
      0.01020949985831976,
      0.010405650362372398,
      0.009689667262136936,
      0.009953107684850693,
      0.010502243414521217,
      0.010098224505782127,
      0.01055826060473919,
      0.010410027578473091,
      0.010166844353079796,
      0.010475973598659039,
      0.00960542168468237,
      0.009721069596707821,
      0.010589465498924255,
      0.009820147417485714,
      0.00983390398323536,
      0.009927907958626747,
      0.01067423727363348,
      0.009196500293910503,
      0.010003735311329365,
      0.009123926982283592,
      0.010119781829416752,
      0.010596529580652714,
      0.009562714956700802,
      0.01033364050090313,
      0.009738791733980179,
      0.009918921627104282,
      0.009817703627049923,
      0.008211499080061913,
      0.00971532054245472,
      0.009919529780745506,
      0.009275722317397594,
      0.009458844549953938,
      0.00910458154976368,
      0.009259660728275776,
      0.01011938601732254,
      0.009625623002648354,
      0.00953524187207222,
      0.010221042670309544,
      0.010083645582199097,
      0.009777379222214222,
      0.00877295434474945,
      0.009589551016688347,
      0.00857639778405428,
      0.009061398915946484,
      0.010085008107125759,
      0.008950560353696346,
      0.009669319726526737,
      0.00986695196479559,
      0.009693922474980354,
      0.00972224771976471,
      0.00921803992241621,
      0.01004326343536377,
      0.008650925010442734,
      0.009636778384447098,
      0.008905666880309582,
      0.008771384134888649,
      0.009177625179290771,
      0.008714139461517334,
      0.009896264411509037,
      0.009502928704023361,
      0.008649807423353195,
      0.009272782132029533,
      0.009353972040116787,
      0.009738480672240257,
      0.008547907695174217,
      0.00879185926169157,
      0.009644389152526855,
      0.008580101653933525,
      0.009659573435783386,
      0.008740226738154888,
      0.009354925714433193,
      0.009391752071678638,
      0.00857772771269083,
      0.008859205059707165,
      0.008867806755006313,
      0.009923964738845825,
      0.008561589755117893,
      0.00978718139231205,
      0.008611663244664669,
      0.008801167830824852,
      0.00898138340562582,
      0.009207376278936863,
      0.009645417332649231,
      0.00921572744846344,
      0.009751307778060436,
      0.009651486761868,
      0.008551090955734253,
      0.010142398066818714,
      0.008404229767620564,
      0.009239579550921917,
      0.008996054530143738,
      0.008548014797270298,
      0.00825405027717352,
      0.008376961573958397,
      0.008767645806074142,
      0.009284582920372486,
      0.009132305160164833,
      0.009065588936209679,
      0.008196531794965267,
      0.009193130768835545,
      0.008683294989168644,
      0.009057844989001751,
      0.009887204505503178,
      0.008526706136763096,
      0.009235718287527561,
      0.007611894980072975,
      0.008132162503898144,
      0.008669531904160976,
      0.00825313851237297,
      0.00838792696595192,
      0.008598433807492256,
