{
   "number_epochs": 300,
   "info_used": "use imputation",
   "perc_full_data": 0.3,
   "n_epochs_no_selection": 0,
   "Frequency % cutoff": 0.3,
   "hidden_size": 32,
   "random_state": 13,
   "train_errors": [
      0.05979929119348526,
      0.05741675943136215,
      0.056256458163261414,
      0.055146653205156326,
      0.0551016591489315,
      0.053170688450336456,
      0.05135243758559227,
      0.05015719309449196,
      0.04800161346793175,
      0.04691348224878311,
      0.04461211711168289,
      0.04306233674287796,
      0.040339019149541855,
      0.03830142319202423,
      0.03506488353013992,
      0.034006573259830475,
      0.03152025118470192,
      0.03047937899827957,
      0.029822563752532005,
      0.028015553951263428,
      0.02581188455224037,
      0.02586016245186329,
      0.02481374517083168,
      0.025700805708765984,
      0.024758843705058098,
      0.024650679901242256,
      0.024130700156092644,
      0.021579712629318237,
      0.021714864298701286,
      0.021988408640027046,
      0.021011240780353546,
      0.021461911499500275,
      0.020227156579494476,
      0.020228523761034012,
      0.019522203132510185,
      0.01888984628021717,
      0.01827206276357174,
      0.01904270052909851,
      0.018034005537629128,
      0.0193085465580225,
      0.018937306478619576,
      0.018394822254776955,
      0.01784837245941162,
      0.01846776343882084,
      0.017322935163974762,
      0.018110936507582664,
      0.017438938841223717,
      0.01777493953704834,
      0.01659340225160122,
      0.016821259632706642,
      0.01763203926384449,
      0.017143798992037773,
      0.015943745151162148,
      0.016182521358132362,
      0.01634223945438862,
      0.01673186384141445,
      0.015121741220355034,
      0.01469904650002718,
      0.015130607411265373,
      0.01497565396130085,
      0.01435849815607071,
      0.01440597977489233,
      0.01520705409348011,
      0.014230507425963879,
      0.014189685694873333,
      0.015398520044982433,
      0.015155211091041565,
      0.014668043702840805,
      0.014991984702646732,
      0.01431589387357235,
      0.013083036988973618,
      0.013418820686638355,
      0.013878601603209972,
      0.013407313264906406,
      0.012742949649691582,
      0.015119087882339954,
      0.013513962738215923,
      0.012927448377013206,
      0.013711949810385704,
      0.012871635146439075,
      0.013086678460240364,
      0.013458549976348877,
      0.015063168480992317,
      0.013572491705417633,
      0.012232787907123566,
      0.010660630650818348,
      0.013143084943294525,
      0.013458472676575184,
      0.01248490996658802,
      0.012773566879332066,
      0.012506403960287571,
      0.012523307465016842,
      0.011783442460000515,
      0.012389552779495716,
      0.01236328762024641,
      0.012188389897346497,
      0.013237369246780872,
      0.01177958957850933,
      0.012410113587975502,
      0.011425810866057873,
      0.012950916774570942,
      0.011973971500992775,
      0.013143470510840416,
      0.012819918803870678,
      0.013124585151672363,
      0.012441764585673809,
      0.011918963864445686,
      0.011494023725390434,
      0.011939960531890392,
      0.011755470186471939,
      0.01197350025177002,
      0.011844893917441368,
      0.012494605034589767,
      0.01192058902233839,
      0.011261757463216782,
      0.012813030742108822,
      0.011655451729893684,
      0.012107651680707932,
      0.01265845075249672,
      0.010805115103721619,
      0.011282703839242458,
      0.011170739307999611,
      0.010501234792172909,
      0.011529950425028801,
      0.011193683370947838,
      0.011567573063075542,
      0.011446329765021801,
      0.011798162944614887,
      0.01125016063451767,
      0.011482865549623966,
      0.011577186174690723,
      0.011972771026194096,
      0.011233935132622719,
      0.011763402260839939,
      0.011130503378808498,
      0.010973199270665646,
      0.011607691645622253,
      0.010665401816368103,
      0.011004805564880371,
      0.01204991526901722,
      0.01049755048006773,
      0.010054110549390316,
      0.009460772387683392,
      0.010489151813089848,
      0.011995305307209492,
      0.011318589560687542,
      0.011454161256551743,
      0.010984813794493675,
      0.009394730441272259,
      0.010505644604563713,
      0.01065768115222454,
      0.010508805513381958,
      0.01146303117275238,
      0.010175659321248531,
      0.010483338497579098,
      0.011257023550570011,
      0.010655676946043968,
      0.010283011943101883,
      0.010176442563533783,
      0.00998539850115776,
      0.0114194480702281,
      0.01019874308258295,
      0.009692137129604816,
      0.009796369820833206,
      0.011463111266493797,
      0.010071560740470886,
      0.009769158437848091,
      0.009937207214534283,
      0.01025019958615303,
      0.010392636060714722,
      0.011166556738317013,
      0.010783112607896328,
      0.01065939012914896,
      0.01075075101107359,
      0.010801507160067558,
      0.011963151395320892,
      0.01042211428284645,
      0.00940447673201561,
      0.01101143378764391,
      0.011268515139818192,
      0.010641738772392273,
      0.011123408563435078,
      0.010270440019667149,
      0.010752993635833263,
      0.010636359453201294,
      0.01070642564445734,
      0.011371170170605183,
      0.009614027105271816,
      0.00993548333644867,
      0.010290293022990227,
      0.01040815282613039,
      0.00878838449716568,
      0.00942151714116335,
      0.010497360490262508,
      0.009982263669371605,
      0.010236968286335468,
      0.01045998651534319,
      0.010987850837409496,
      0.010832141153514385,
      0.009549152106046677,
      0.009952276945114136,
      0.009473586454987526,
      0.009890840388834476,
      0.010145027190446854,
      0.009497095830738544,
      0.010344077832996845,
      0.009130924940109253,
      0.010266399942338467,
      0.011250891722738743,
      0.009735635481774807,
      0.011163527145981789,
      0.010243003256618977,
      0.00975804217159748,
      0.010362503118813038,
      0.009428481571376324,
      0.010987190529704094,
      0.010431145317852497,
      0.00930718332529068,
      0.01047058217227459,
      0.009976556524634361,
      0.010065900161862373,
      0.01048881933093071,
      0.01103134173899889,
      0.010452891699969769,
      0.00931983720511198,
      0.00973667111247778,
      0.009528808295726776,
      0.010099035687744617,
      0.009986485354602337,
      0.009725173935294151,
      0.009516521356999874,
      0.010651039890944958,
      0.009487620554864407,
      0.009539746679365635,
      0.009503951296210289,
      0.009598796255886555,
      0.00977360550314188,
      0.009799071587622166,
      0.009859027341008186,
      0.009727681055665016,
      0.00994127057492733,
      0.01056737918406725,
      0.00967019610106945,
      0.008693831041455269,
      0.008756449446082115,
      0.009890724904835224,
      0.00942606758326292,
      0.009375765919685364,
      0.008858850225806236,
      0.00975900050252676,
      0.00983718317002058,
      0.009413091465830803,
      0.009603481739759445,
      0.010607953183352947,
      0.010535957291722298,
      0.00912815984338522,
      0.009511771611869335,
      0.00987025536596775,
      0.008918176405131817,
      0.009489945136010647,
      0.008909899741411209,
      0.009160560555756092,
      0.010278565809130669,
      0.009465881623327732,
      0.009184391237795353,
      0.009411142207682133,
      0.010361732915043831,
      0.009154687635600567,
      0.00977734848856926,
      0.009046023711562157,
      0.009974938817322254,
      0.00841697957366705,
      0.009594975039362907,
      0.00788965541869402,
      0.00855221226811409,
      0.00873357243835926,
      0.00861090887337923,
      0.009011019952595234,
      0.008832661435008049,
      0.008910207077860832,
      0.008623355068266392,
