{
   "number_epochs": 300,
   "info_used": "use imputation",
   "perc_full_data": 0.3,
   "n_epochs_no_selection": 0,
   "Frequency % cutoff": 0.3,
   "hidden_size": 32,
   "random_state": 3,
   "train_errors": [
      0.05292101576924324,
      0.048929158598184586,
      0.04854045435786247,
      0.04817662015557289,
      0.0467594750225544,
      0.04553372040390968,
      0.044978197664022446,
      0.044521838426589966,
      0.04350490868091583,
      0.042122263461351395,
      0.04096350073814392,
      0.03904905170202255,
      0.03768663480877876,
      0.03642681986093521,
      0.03486883267760277,
      0.03395950049161911,
      0.0311720110476017,
      0.028847962617874146,
      0.027847589924931526,
      0.027621231973171234,
      0.0260382778942585,
      0.025278368964791298,
      0.02504686452448368,
      0.02280656434595585,
      0.022165320813655853,
      0.020695408806204796,
      0.021533256396651268,
      0.0202843826264143,
      0.021510062739253044,
      0.020360814407467842,
      0.01998203992843628,
      0.019640013575553894,
      0.019417237490415573,
      0.0180976465344429,
      0.01849919557571411,
      0.01922265812754631,
      0.018308287486433983,
      0.016908084973692894,
      0.016264894977211952,
      0.015912165865302086,
      0.01698581874370575,
      0.015609881840646267,
      0.016578394919633865,
      0.015928372740745544,
      0.015093808062374592,
      0.01447687391191721,
      0.014011629857122898,
      0.013936995528638363,
      0.014621163718402386,
      0.014178681187331676,
      0.01501257810741663,
      0.013648074120283127,
      0.013431246392428875,
      0.014154009521007538,
      0.013443759642541409,
      0.01370670460164547,
      0.013890628702938557,
      0.013399945572018623,
      0.012860957533121109,
      0.01233984436839819,
      0.011538669466972351,
      0.012763668783009052,
      0.012046908028423786,
      0.012490970082581043,
      0.014240974560379982,
      0.01168849691748619,
      0.011923164129257202,
      0.013229737058281898,
      0.011791814118623734,
      0.011628986336290836,
      0.012077374383807182,
      0.011700065806508064,
      0.012127582915127277,
      0.011549555696547031,
      0.010924980975687504,
      0.011064768768846989,
      0.011924496851861477,
      0.010696911253035069,
      0.011471083387732506,
      0.011119242757558823,
      0.012053711339831352,
      0.010964847169816494,
      0.012363402172923088,
      0.01180046796798706,
      0.010561469942331314,
      0.011305325664579868,
      0.010680068284273148,
      0.011412132531404495,
      0.011330909095704556,
      0.011105603538453579,
      0.010429219342768192,
      0.011369018815457821,
      0.011015824042260647,
      0.011309108696877956,
      0.009581048041582108,
      0.010619007982313633,
      0.010467472486197948,
      0.00961809977889061,
      0.010521057061851025,
      0.011002548038959503,
      0.01023172214627266,
      0.009794864803552628,
      0.011669058352708817,
      0.010197397321462631,
      0.010071583092212677,
      0.010368666611611843,
      0.010478542186319828,
      0.010220705531537533,
      0.010354680009186268,
      0.010119660757482052,
      0.009986069984734058,
      0.010132302530109882,
      0.010828838683664799,
      0.008992166258394718,
      0.009909803979098797,
      0.008906189352273941,
      0.009755685925483704,
      0.010791861452162266,
      0.010257313027977943,
      0.010151552967727184,
      0.010265343822538853,
      0.00968641322106123,
      0.008992217481136322,
      0.00990646705031395,
      0.00999311450868845,
      0.010309153236448765,
      0.009440924972295761,
      0.009230537340044975,
      0.008891837671399117,
      0.010155034251511097,
      0.009252030402421951,
      0.009126235730946064,
      0.00929439440369606,
      0.00975465402007103,
      0.009299659170210361,
      0.00914892926812172,
      0.009089519269764423,
      0.00842816662043333,
      0.009186339564621449,
      0.009090528823435307,
      0.00884214323014021,
      0.008701476268470287,
      0.009784067049622536,
      0.008137921802699566,
      0.009417044930160046,
      0.009376761503517628,
      0.009235103614628315,
      0.008893366903066635,
      0.009696154855191708,
      0.008713771589100361,
      0.0090451305732131,
      0.008827345445752144,
      0.00947672501206398,
      0.009370868094265461,
      0.008816591463983059,
      0.008159470744431019,
      0.009151331149041653,
      0.00840777438133955,
      0.008767443709075451,
      0.008895170874893665,
      0.008810359053313732,
      0.009497066028416157,
      0.008442919701337814,
      0.009390446357429028,
      0.00818309374153614,
      0.009237153455615044,
      0.008863899856805801,
      0.008547961711883545,
      0.00866126362234354,
      0.00925659853965044,
      0.008609632961452007,
      0.008848263882100582,
      0.009574322029948235,
      0.008264048956334591,
      0.00832674652338028,
      0.008015296421945095,
      0.008110194467008114,
      0.009810078889131546,
      0.008974589407444,
      0.008320395834743977,
      0.007506534457206726,
      0.008621345274150372,
      0.008107929490506649,
      0.00828460045158863,
      0.008787055499851704,
      0.0086421063169837,
      0.007780520711094141,
      0.008775899186730385,
      0.0073569659143686295,
      0.008406260050833225,
      0.00857034232467413,
      0.008027523756027222,
      0.008426772430539131,
      0.007534697186201811,
      0.007554969284683466,
      0.009058724157512188,
      0.00916843768209219,
      0.007935714907944202,
      0.007479537278413773,
      0.008377496153116226,
      0.008476220071315765,
      0.00833877269178629,
      0.007433684077113867,
      0.007595991715788841,
      0.008455583825707436,
      0.007754497230052948,
      0.007881434634327888,
      0.007827280089259148,
      0.007977661676704884,
      0.007102884352207184,
      0.00819673016667366,
      0.0078382333740592,
      0.007444971706718206,
      0.007950939238071442,
      0.009137391112744808,
      0.008206509985029697,
      0.008095153607428074,
      0.008013893850147724,
      0.008389872498810291,
      0.007558424025774002,
      0.0074252113699913025,
      0.009408540092408657,
      0.008606262505054474,
      0.008477938361465931,
      0.00768537912517786,
      0.007951316423714161,
      0.007588954642415047,
      0.00814133882522583,
      0.007597475312650204,
      0.007517295889556408,
      0.008392171002924442,
      0.007857023738324642,
      0.008036508224904537,
      0.008726613596081734,
      0.007569256238639355,
      0.00789282750338316,
      0.00834528636187315,
      0.007366581354290247,
      0.00804218091070652,
      0.007408161647617817,
      0.008080619387328625,
      0.007905509322881699,
      0.00752770621329546,
      0.00836966186761856,
      0.00721204187721014,
      0.008355976082384586,
      0.00810392014682293,
      0.007728945463895798,
      0.007751950528472662,
      0.007715234998613596,
      0.008037797175347805,
      0.007848221808671951,
      0.007646480575203896,
      0.00796608254313469,
      0.008426344022154808,
      0.007517114281654358,
      0.008482420817017555,
      0.00854650791734457,
      0.0075074671767652035,
      0.007799999788403511,
      0.007228353526443243,
      0.007708801422268152,
      0.00742755364626646,
      0.007858822122216225,
      0.008050961419939995,
      0.008790381252765656,
      0.007735301274806261,
      0.007953494787216187,
      0.007855309173464775,
      0.007969295606017113,
      0.007424664217978716,
      0.007844246923923492,
      0.006780853495001793,
      0.007374909706413746,
      0.007211226969957352,
      0.008526262827217579,
      0.007671169005334377,
      0.006915137637406588,
      0.007270426023751497,
      0.007763681933283806,
