{
   "number_epochs": 300,
   "info_used": "use imputation",
   "perc_full_data": 0.3,
   "n_epochs_no_selection": 0,
   "Frequency % cutoff": 0.3,
   "hidden_size": 32,
   "random_state": 9,
   "train_errors": [
      0.07103395462036133,
      0.06607644259929657,
      0.0629630759358406,
      0.060104094445705414,
      0.05865441635251045,
      0.05772056803107262,
      0.05635941028594971,
      0.0560227669775486,
      0.054794568568468094,
      0.053688641637563705,
      0.05283479392528534,
      0.05174697935581207,
      0.051011823117733,
      0.049427397549152374,
      0.048150837421417236,
      0.046154577285051346,
      0.044565439224243164,
      0.042314331978559494,
      0.041440486907958984,
      0.03848252445459366,
      0.036297086626291275,
      0.03389216214418411,
      0.03327209874987602,
      0.03150182589888573,
      0.03086834028363228,
      0.028115885332226753,
      0.026572059839963913,
      0.02528705820441246,
      0.02509441412985325,
      0.025030236691236496,
      0.024296095594763756,
      0.02430289424955845,
      0.022348424419760704,
      0.021442033350467682,
      0.021755332127213478,
      0.021050000563263893,
      0.020539281889796257,
      0.019526399672031403,
      0.019808560609817505,
      0.01869475096464157,
      0.018209882080554962,
      0.01749473065137863,
      0.01816493645310402,
      0.01950300671160221,
      0.018143702298402786,
      0.018570154905319214,
      0.016956981271505356,
      0.017160888761281967,
      0.017010964453220367,
      0.016836190596222878,
      0.016980787739157677,
      0.01682247780263424,
      0.016763487830758095,
      0.015151438303291798,
      0.015148352831602097,
      0.01600668393075466,
      0.015516174957156181,
      0.016927404329180717,
      0.014663874171674252,
      0.01565517857670784,
      0.01472836546599865,
      0.015720905736088753,
      0.014955243095755577,
      0.014089415781199932,
      0.01395686436444521,
      0.014477275311946869,
      0.01560130063444376,
      0.014976496808230877,
      0.013199493288993835,
      0.014192088507115841,
      0.014086734503507614,
      0.013351727277040482,
      0.012939227744936943,
      0.014231476932764053,
      0.013294948264956474,
      0.012820389121770859,
      0.013345661573112011,
      0.013782813213765621,
      0.012860395945608616,
      0.0134664885699749,
      0.013592385686933994,
      0.012317704036831856,
      0.013767821714282036,
      0.013309239409863949,
      0.012668914161622524,
      0.01273846160620451,
      0.013279017060995102,
      0.013495654799044132,
      0.012159598991274834,
      0.013007033616304398,
      0.011997220106422901,
      0.012209239415824413,
      0.012387101538479328,
      0.012566876597702503,
      0.013744757510721684,
      0.012467490509152412,
      0.012237784452736378,
      0.012432603165507317,
      0.011848763562738895,
      0.012054248712956905,
      0.01193523034453392,
      0.011775841936469078,
      0.012294785119593143,
      0.011471171863377094,
      0.011976388283073902,
      0.011592941358685493,
      0.011505656875669956,
      0.0117881391197443,
      0.012688654474914074,
      0.011521423235535622,
      0.010826710611581802,
      0.011435993015766144,
      0.011254161596298218,
      0.011450004763901234,
      0.011935173533856869,
      0.012743206694722176,
      0.012335969135165215,
      0.011593254283070564,
      0.01148280780762434,
      0.011589722707867622,
      0.010690204799175262,
      0.010950550436973572,
      0.011261798441410065,
      0.012048625387251377,
      0.012516212649643421,
      0.011836875230073929,
      0.011797885410487652,
      0.011174403131008148,
      0.012691035866737366,
      0.011453491635620594,
      0.011470463126897812,
      0.012259654700756073,
      0.012056725099682808,
      0.010116791352629662,
      0.011484951712191105,
      0.011516434140503407,
      0.010906013660132885,
      0.011034439317882061,
      0.010743710212409496,
      0.012404236011207104,
      0.011486111208796501,
      0.011544703505933285,
      0.011088705621659756,
      0.010630321688950062,
      0.01029618177562952,
      0.010892852209508419,
      0.010639217682182789,
      0.010483982041478157,
      0.01122815441340208,
      0.01130632497370243,
      0.011035766452550888,
      0.009941237047314644,
      0.011244609951972961,
      0.010149667970836163,
      0.010782817378640175,
      0.011835879646241665,
      0.011463246308267117,
      0.01099507138133049,
      0.01071205548942089,
      0.010580788366496563,
      0.010206856764853,
      0.011630340479314327,
      0.0111894141882658,
      0.01011858694255352,
      0.009994585998356342,
      0.00960689876228571,
      0.0099569046869874,
      0.009734631516039371,
      0.010956691578030586,
      0.010552487336099148,
      0.009984930977225304,
      0.01055967342108488,
      0.010499119758605957,
      0.009902382269501686,
      0.011940695345401764,
      0.010929969139397144,
      0.010345940478146076,
      0.011498966254293919,
      0.010429345071315765,
      0.01041405089199543,
      0.010102640837430954,
      0.009984792210161686,
      0.011021407321095467,
      0.010434255003929138,
      0.010663166642189026,
      0.010568663477897644,
      0.010428410954773426,
      0.009884613566100597,
      0.009770354256033897,
      0.010319370776414871,
      0.011772144585847855,
      0.010512200184166431,
      0.009819778613746166,
      0.01055520586669445,
      0.010188541375100613,
      0.010684818960726261,
      0.01014750823378563,
      0.009737789630889893,
      0.010536381043493748,
      0.009596024639904499,
      0.010056189261376858,
      0.009702570736408234,
      0.010610995814204216,
      0.010064356960356236,
      0.010555018670856953,
      0.009853191673755646,
      0.010055730119347572,
      0.01004125364124775,
      0.009950944222509861,
      0.009494490921497345,
      0.010133720934391022,
      0.01016071904450655,
      0.010437201708555222,
      0.010076417587697506,
      0.00970983412116766,
      0.010989421978592873,
      0.010133123956620693,
      0.00985672790557146,
      0.010404975153505802,
      0.010200104676187038,
      0.010748626664280891,
      0.01073464285582304,
      0.010023059323430061,
      0.010194213129580021,
      0.009614008478820324,
      0.00962543860077858,
      0.01012171246111393,
      0.01019431371241808,
      0.009933944791555405,
      0.009925036691129208,
      0.01025761105120182,
      0.00966667290776968,
      0.010164376348257065,
      0.0100996820256114,
      0.01062680408358574,
      0.009478257969021797,
      0.010024282149970531,
      0.010073923505842686,
      0.009898814372718334,
      0.010232172906398773,
      0.009408215060830116,
      0.009570031426846981,
      0.010135584510862827,
      0.010441776365041733,
      0.009653807617723942,
      0.010700142942368984,
      0.008996487595140934,
      0.010395709425210953,
      0.009988293051719666,
      0.009018671698868275,
      0.009519190527498722,
      0.010713889263570309,
      0.009749943390488625,
      0.009521796368062496,
      0.010277445428073406,
      0.010118771344423294,
      0.010573714971542358,
      0.009698651731014252,
      0.009512364864349365,
      0.010154498741030693,
      0.009194976650178432,
      0.009621545672416687,
      0.010392202995717525,
      0.010132052935659885,
      0.010501181706786156,
      0.00976522546261549,
      0.009974404238164425,
      0.009864584542810917,
      0.009936965070664883,
      0.009192803874611855,
      0.009764966554939747,
      0.009318284690380096,
      0.01001778431236744,
      0.00985779520124197,
      0.009896885603666306,
      0.009809030219912529,
      0.009331540204584599,
      0.010278319008648396,
      0.009085696190595627,
      0.010163373313844204,
