{
   "number_epochs": 300,
   "info_used": "use imputation",
   "perc_full_data": 0.3,
   "n_epochs_no_selection": 0,
   "Frequency % cutoff": 0.3,
   "hidden_size": 32,
   "random_state": 12,
   "train_errors": [
      0.04829386994242668,
      0.042918868362903595,
      0.04090001434087753,
      0.040303025394678116,
      0.03996187075972557,
      0.03916167840361595,
      0.038530416786670685,
      0.037634868174791336,
      0.037518374621868134,
      0.03730643913149834,
      0.035487040877342224,
      0.03521573171019554,
      0.0341954305768013,
      0.03274102136492729,
      0.03212985768914223,
      0.030522337183356285,
      0.030353426933288574,
      0.028866663575172424,
      0.028286099433898926,
      0.02718220464885235,
      0.025596514344215393,
      0.02565082348883152,
      0.023826660588383675,
      0.02283385396003723,
      0.022763753309845924,
      0.02256820723414421,
      0.020513387396931648,
      0.02120017446577549,
      0.019639400765299797,
      0.018430719152092934,
      0.019017374143004417,
      0.018211729824543,
      0.017187830060720444,
      0.01773364655673504,
      0.017042510211467743,
      0.015486798249185085,
      0.016259346157312393,
      0.015301736071705818,
      0.015238177962601185,
      0.014905201271176338,
      0.015023879706859589,
      0.01416165940463543,
      0.014942615292966366,
      0.013742358423769474,
      0.013647748157382011,
      0.01390125323086977,
      0.013414742425084114,
      0.013643104583024979,
      0.012412507086992264,
      0.01370889414101839,
      0.01271043810993433,
      0.012974177487194538,
      0.011958996765315533,
      0.01204850897192955,
      0.012966862879693508,
      0.012501618824899197,
      0.012321555987000465,
      0.011734076775610447,
      0.012048176489770412,
      0.011801597662270069,
      0.011809506453573704,
      0.012194783426821232,
      0.011363739147782326,
      0.01145978458225727,
      0.011358458548784256,
      0.011689785867929459,
      0.011044337414205074,
      0.01079605147242546,
      0.010620632208883762,
      0.010413306765258312,
      0.010721249505877495,
      0.010561076924204826,
      0.0099065862596035,
      0.009876969270408154,
      0.009503094479441643,
      0.010308006778359413,
      0.010741348378360271,
      0.010196608491241932,
      0.009854236617684364,
      0.010241298004984856,
      0.009573323652148247,
      0.00941809918731451,
      0.010462216101586819,
      0.009828399866819382,
      0.00899775791913271,
      0.009074321016669273,
      0.00910035241395235,
      0.01012084074318409,
      0.009487024508416653,
      0.009477882646024227,
      0.009820460341870785,
      0.009436774998903275,
      0.008816806599497795,
      0.010558170266449451,
      0.00971112959086895,
      0.009463715367019176,
      0.008751886896789074,
      0.008894744329154491,
      0.00864813569933176,
      0.009437605738639832,
      0.009097019210457802,
      0.009514815174043179,
      0.008177569136023521,
      0.008725669234991074,
      0.0090229706838727,
      0.00964541919529438,
      0.008865738287568092,
      0.009382618591189384,
      0.00813817698508501,
      0.00814441405236721,
      0.009258934296667576,
      0.008603842929005623,
      0.008063302375376225,
      0.01028292067348957,
      0.008479809388518333,
      0.009205724112689495,
      0.008370473049581051,
      0.00890292041003704,
      0.009078243747353554,
      0.009335240349173546,
      0.008825629018247128,
      0.008449112065136433,
      0.009439769200980663,
      0.008945390582084656,
      0.008398414589464664,
      0.008199797943234444,
      0.008212787099182606,
      0.008396519348025322,
      0.008202160708606243,
      0.009687882848083973,
      0.008332692086696625,
      0.009187648072838783,
      0.008954606018960476,
      0.008238128386437893,
      0.00814250111579895,
      0.008636018261313438,
      0.008530271239578724,
      0.008509509265422821,
      0.008493292145431042,
      0.007671880070120096,
      0.008322997018694878,
      0.007963866926729679,
      0.00822615809738636,
      0.007661302573978901,
      0.007451449055224657,
      0.0072299884632229805,
      0.007963422685861588,
      0.007522056810557842,
      0.00881165824830532,
      0.008135070092976093,
      0.008324138820171356,
      0.00758284330368042,
      0.008992493152618408,
      0.008328026160597801,
      0.008721070364117622,
      0.008140946738421917,
      0.008738960139453411,
      0.00825644563883543,
      0.007879327051341534,
      0.008001744747161865,
      0.007721954956650734,
      0.008705471642315388,
      0.007728262338787317,
      0.007005870342254639,
      0.008893639780580997,
      0.0068428004160523415,
      0.008183476515114307,
      0.007559596560895443,
      0.007996809668838978,
      0.0086724404245615,
      0.006920450367033482,
      0.00812665093690157,
      0.007676262408494949,
      0.007225148845463991,
      0.008775305934250355,
      0.008176806382834911,
      0.007077474612742662,
      0.007437703665345907,
      0.007580357138067484,
      0.007801635190844536,
      0.00705089932307601,
      0.007956762798130512,
      0.00697430782020092,
      0.007008559536188841,
      0.00803795550018549,
      0.00752048846334219,
      0.007390591315925121,
      0.008117259480059147,
      0.00836420152336359,
      0.00819606427103281,
      0.007717147469520569,
      0.008041649125516415,
      0.007948004640638828,
      0.007864334620535374,
      0.006928095128387213,
      0.008088300004601479,
      0.006897440180182457,
      0.008058987557888031,
      0.0071707796305418015,
      0.008386662229895592,
      0.006168562453240156,
      0.007402386050671339,
      0.007755580358207226,
      0.006870962679386139,
      0.00801345519721508,
      0.0072215828113257885,
      0.006753476802259684,
      0.0069665368646383286,
      0.006466264836490154,
      0.007509915623813868,
      0.0073767718859016895,
      0.006783020682632923,
      0.008388660848140717,
      0.007066045887768269,
      0.007673884741961956,
      0.006720708683133125,
      0.007512841839343309,
      0.007449480704963207,
      0.0071732294745743275,
      0.00681028189137578,
      0.007658255286514759,
      0.0075875017791986465,
      0.00747018214315176,
      0.007948544807732105,
      0.0071428027004003525,
      0.007039853371679783,
      0.007298740092664957,
      0.008212922140955925,
      0.007017137948423624,
      0.0065283761359751225,
      0.007459444459527731,
      0.006975140888243914,
      0.007542432751506567,
      0.008019429631531239,
      0.0076668476685881615,
      0.006890336982905865,
      0.007506714202463627,
      0.007595558650791645,
      0.007164789829403162,
      0.00779909361153841,
      0.0076270271092653275,
      0.006548126228153706,
      0.00769092608243227,
      0.007738105952739716,
      0.007309645414352417,
      0.006315998267382383,
      0.00837728101760149,
      0.0075762830674648285,
      0.007530622649937868,
      0.00649187620729208,
      0.006896495819091797,
      0.0074675180949270725,
      0.006744497921317816,
      0.0073676020838320255,
      0.006222946103662252,
      0.006874235346913338,
      0.006998786237090826,
      0.008275073952972889,
      0.007151509635150433,
      0.00753117585554719,
      0.006758230272680521,
      0.007078300695866346,
      0.007954918779432774,
      0.007298053242266178,
      0.007295875810086727,
      0.00762245012447238,
      0.0062812454998493195,
      0.0072011202573776245,
      0.006603086832910776,
      0.006494686007499695,
      0.008403276093304157,
      0.006708374246954918,
      0.007357017137110233,
      0.007380369585007429,
      0.008435193449258804,
      0.0064565143547952175,
      0.007389114238321781,
      0.008069680072367191,
      0.007437870372086763,
