{
   "number_epochs": 300,
   "info_used": "use imputation",
   "perc_full_data": 0.3,
   "n_epochs_no_selection": 0,
   "Frequency % cutoff": 0.3,
   "hidden_size": 32,
   "random_state": 11,
   "train_errors": [
      0.06024743616580963,
      0.05879751592874527,
      0.05766526237130165,
      0.05627034232020378,
      0.05586996674537659,
      0.05462605506181717,
      0.05370504409074783,
      0.052449025213718414,
      0.05036209151148796,
      0.04928642511367798,
      0.046865712851285934,
      0.0453648567199707,
      0.04324951022863388,
      0.04089799150824547,
      0.038690581917762756,
      0.03583137318491936,
      0.032995983958244324,
      0.030708855018019676,
      0.02930518239736557,
      0.027010785415768623,
      0.026304883882403374,
      0.024576758965849876,
      0.02321677654981613,
      0.02313211001455784,
      0.02154490537941456,
      0.022346938028931618,
      0.020724637433886528,
      0.02239849790930748,
      0.020139940083026886,
      0.018462996929883957,
      0.01917314901947975,
      0.017943723127245903,
      0.01695173792541027,
      0.017175745218992233,
      0.017172737047076225,
      0.017808562144637108,
      0.016316961497068405,
      0.016247285529971123,
      0.01590978167951107,
      0.01479173544794321,
      0.014653872698545456,
      0.01482828427106142,
      0.015762021765112877,
      0.014383815228939056,
      0.01429840736091137,
      0.014920421876013279,
      0.013118735514581203,
      0.013578037731349468,
      0.01341730635613203,
      0.012991795316338539,
      0.013232648372650146,
      0.012373172678053379,
      0.012548103928565979,
      0.011933631263673306,
      0.012755327858030796,
      0.011694691143929958,
      0.011561714112758636,
      0.011973350308835506,
      0.01157037727534771,
      0.01127022597938776,
      0.011744307354092598,
      0.011109618470072746,
      0.011890755966305733,
      0.009609263390302658,
      0.01069556549191475,
      0.009838280268013477,
      0.010784667916595936,
      0.010396103374660015,
      0.01066652312874794,
      0.009834418073296547,
      0.010447879321873188,
      0.011411813087761402,
      0.009906714782118797,
      0.010125539265573025,
      0.009913934394717216,
      0.010381997562944889,
      0.009687885642051697,
      0.010164187289774418,
      0.01008637621998787,
      0.01060574036091566,
      0.00983436219394207,
      0.009412724524736404,
      0.009921886958181858,
      0.009228790178894997,
      0.00974269025027752,
      0.009177335537970066,
      0.008092868141829967,
      0.009438812732696533,
      0.009182201698422432,
      0.009250184521079063,
      0.009379277005791664,
      0.00847696978598833,
      0.009465876966714859,
      0.008423957042396069,
      0.0091565465554595,
      0.009635232388973236,
      0.008788138628005981,
      0.009092726744711399,
      0.009201714769005775,
      0.00869418028742075,
      0.007952778600156307,
      0.008110664784908295,
      0.00911044329404831,
      0.009197672829031944,
      0.008745263330638409,
      0.00876230001449585,
      0.009146197699010372,
      0.0073868464678525925,
      0.00886207539588213,
      0.008722404949367046,
      0.007986603304743767,
      0.008346504531800747,
      0.009262110106647015,
      0.008840039372444153,
      0.00860730092972517,
      0.008063009940087795,
      0.008917788043618202,
      0.00920368917286396,
      0.008524480275809765,
      0.008174620568752289,
      0.008160083554685116,
      0.007889222353696823,
      0.00806722603738308,
      0.008022804744541645,
      0.007664780132472515,
      0.008449514396488667,
      0.008318905718624592,
      0.008747978135943413,
      0.007882344536483288,
      0.008280645124614239,
      0.0077972509898245335,
      0.008589936420321465,
      0.008019162341952324,
      0.007702827453613281,
      0.008453542366623878,
      0.00818820483982563,
      0.007734302431344986,
      0.007705530151724815,
      0.009375015273690224,
      0.007681914605200291,
      0.007628348655998707,
      0.007403009105473757,
      0.007951748557388783,
      0.007579747587442398,
      0.008157193660736084,
      0.008258767426013947,
      0.008079009130597115,
      0.007766101509332657,
      0.006895814556628466,
      0.007472929544746876,
      0.00754700880497694,
      0.007501810323446989,
      0.007450368721038103,
      0.007490103133022785,
      0.00721853319555521,
      0.0077341762371361256,
      0.007854712195694447,
      0.007112199440598488,
      0.007479046005755663,
      0.006913929246366024,
      0.007443769369274378,
      0.007374066859483719,
      0.007132450584322214,
      0.007305013947188854,
      0.007781547494232655,
      0.0067064459435641766,
      0.0076984199695289135,
      0.007590442430227995,
      0.007189641706645489,
      0.006795797497034073,
      0.00689013721421361,
      0.007610630244016647,
      0.0069688111543655396,
      0.008029949851334095,
      0.008014644496142864,
      0.007345383986830711,
      0.007697748485952616,
      0.007660949602723122,
      0.007952175103127956,
      0.0075159212574362755,
      0.007520091719925404,
      0.007621982600539923,
      0.007226916030049324,
      0.007627125363796949,
      0.007421491201967001,
      0.00809758435934782,
      0.007631861139088869,
      0.007281534839421511,
      0.006445526611059904,
      0.006602722220122814,
      0.006536634638905525,
      0.007255365140736103,
      0.008012348785996437,
      0.007316748145967722,
      0.007581803016364574,
      0.008015863597393036,
      0.0076971109956502914,
      0.00621020095422864,
      0.007633544504642487,
      0.006542755290865898,
      0.006040783599019051,
      0.006433540023863316,
      0.0067258249036967754,
      0.008251392282545567,
      0.007622784003615379,
      0.007130988873541355,
      0.006947698071599007,
      0.007344388868659735,
      0.007430682890117168,
      0.006622427608817816,
      0.007421010639518499,
      0.007493316195905209,
      0.00688055669888854,
      0.007096956949681044,
      0.00656244857236743,
      0.006753665395081043,
      0.006570292171090841,
      0.0068408953957259655,
      0.0069283670745790005,
      0.007248632609844208,
      0.007224514614790678,
      0.007353679277002811,
      0.008025934919714928,
      0.006361435167491436,
      0.00652852701023221,
      0.007019956596195698,
      0.006710412912070751,
      0.007227457128465176,
      0.006870277225971222,
      0.006768518593162298,
      0.006246601231396198,
      0.0075613162480294704,
      0.007337227463722229,
      0.0071193077601492405,
      0.006756271701306105,
      0.007285177707672119,
      0.006901174783706665,
      0.006746392697095871,
      0.007219198625534773,
      0.006611499469727278,
      0.006792428437620401,
      0.007399469614028931,
      0.0071768248453736305,
      0.005955853965133429,
      0.006539236754179001,
      0.007147548254579306,
      0.006760677322745323,
      0.0066019040532410145,
      0.006361795123666525,
      0.007585582323372364,
      0.006839103996753693,
      0.0075325448997318745,
      0.006409913767129183,
      0.006239286158233881,
      0.006939298938959837,
      0.007112588733434677,
      0.006835054140537977,
      0.006843641400337219,
      0.006948395166546106,
      0.006384405307471752,
      0.006214712280780077,
      0.006666409783065319,
      0.006630178075283766,
      0.007757233921438456,
      0.00642729178071022,
      0.006412855815142393,
      0.0067493608221411705,
      0.006575542967766523,
      0.007362947799265385,
      0.007136207073926926,
      0.00683546019718051,
      0.005921800620853901,
      0.006702812854200602,
      0.0065278904512524605,
      0.0070976815186440945,
      0.006141390185803175,
      0.006707160733640194,
      0.00649698032066226,
      0.006541284266859293,
