{
   "number_epochs": 300,
   "info_used": "use imputation",
   "perc_full_data": 0.3,
   "n_epochs_no_selection": 0,
   "Frequency % cutoff": 0.3,
   "hidden_size": 32,
   "random_state": 2,
   "train_errors": [
      0.11093485355377197,
      0.09635156393051147,
      0.08394347876310349,
      0.07319436222314835,
      0.06469731032848358,
      0.05865998938679695,
      0.05506451427936554,
      0.05336746200919151,
      0.05301019549369812,
      0.05236930772662163,
      0.051377978175878525,
      0.04841036722064018,
      0.04664529114961624,
      0.04509403929114342,
      0.04314021021127701,
      0.04221628978848457,
      0.04054804891347885,
      0.03922731429338455,
      0.03853192552924156,
      0.036419887095689774,
      0.03538132086396217,
      0.03364649415016174,
      0.03214319050312042,
      0.03032987378537655,
      0.029436025768518448,
      0.02808302827179432,
      0.02672494389116764,
      0.025226911529898643,
      0.025587311014533043,
      0.023363716900348663,
      0.02438894845545292,
      0.023027563467621803,
      0.023301126435399055,
      0.02141866460442543,
      0.02214483730494976,
      0.02293853834271431,
      0.022010765969753265,
      0.02085709571838379,
      0.021929701790213585,
      0.021810205653309822,
      0.021139366552233696,
      0.019988669082522392,
      0.020718233659863472,
      0.01939414255321026,
      0.020223747938871384,
      0.020086638629436493,
      0.020766280591487885,
      0.019904254004359245,
      0.019647585228085518,
      0.019129235297441483,
      0.019426362589001656,
      0.01869962364435196,
      0.018763355910778046,
      0.01845051348209381,
      0.01856456883251667,
      0.018096383661031723,
      0.018157023936510086,
      0.017134923487901688,
      0.018655449151992798,
      0.018598267808556557,
      0.017777888104319572,
      0.016962043941020966,
      0.016885658726096153,
      0.017861049622297287,
      0.01813802495598793,
      0.016649197787046432,
      0.016981640830636024,
      0.016979878768324852,
      0.016748812049627304,
      0.01652117259800434,
      0.016043150797486305,
      0.01706421561539173,
      0.01583007536828518,
      0.016332508996129036,
      0.015797194093465805,
      0.016042327508330345,
      0.016379209235310555,
      0.015265976078808308,
      0.015633611008524895,
      0.01607385091483593,
      0.015339388512074947,
      0.014940575696527958,
      0.01623944751918316,
      0.014364661648869514,
      0.014631817117333412,
      0.016189297661185265,
      0.015474673360586166,
      0.014619032852351665,
      0.014988789334893227,
      0.015109710395336151,
      0.013988865539431572,
      0.013655071146786213,
      0.01408108789473772,
      0.01576848514378071,
      0.013924389146268368,
      0.014667096547782421,
      0.013916151598095894,
      0.014936988241970539,
      0.01369182113558054,
      0.013738367706537247,
      0.013088054955005646,
      0.014728037640452385,
      0.012482188642024994,
      0.013739008456468582,
      0.015036609023809433,
      0.014364425092935562,
      0.013858294114470482,
      0.012855201959609985,
      0.014410063624382019,
      0.013598666526377201,
      0.01479348260909319,
      0.012388557195663452,
      0.013758426532149315,
      0.014275799505412579,
      0.013159709051251411,
      0.0129404840990901,
      0.013147578574717045,
      0.013906792737543583,
      0.015135052613914013,
      0.01254773698747158,
      0.012491588480770588,
      0.014057694002985954,
      0.013017678633332253,
      0.012069815769791603,
      0.01207201648503542,
      0.014102684333920479,
      0.0140176210552454,
      0.013909480534493923,
      0.013004136271774769,
      0.014017293229699135,
      0.012689502909779549,
      0.01283171121031046,
      0.012918143533170223,
      0.011919279582798481,
      0.013108470477163792,
      0.013050690293312073,
      0.012446258217096329,
      0.012042767368257046,
      0.011754336766898632,
      0.011481720954179764,
      0.013264823704957962,
      0.012567616067826748,
      0.012505211867392063,
      0.013312401250004768,
      0.011348598636686802,
      0.012115348130464554,
      0.012592221610248089,
      0.01224125362932682,
      0.012382220476865768,
      0.011595524847507477,
      0.012662220746278763,
      0.012843952514231205,
      0.013371997512876987,
      0.012537243776023388,
      0.012611495330929756,
      0.01128864660859108,
      0.012834513559937477,
      0.011265872977674007,
      0.011141948401927948,
      0.011474482715129852,
      0.011165783740580082,
      0.0122124208137393,
      0.012471366673707962,
      0.0127420574426651,
      0.012276371009647846,
      0.011815443634986877,
      0.011244365945458412,
      0.011870053596794605,
      0.011809234507381916,
      0.012178231030702591,
      0.011066270060837269,
      0.012154867872595787,
      0.011633583344519138,
      0.011465353891253471,
      0.011651118285953999,
      0.010945247486233711,
      0.0112040676176548,
      0.011381679214537144,
      0.011525711044669151,
      0.01118509192019701,
      0.011336837895214558,
      0.010636321268975735,
      0.012178285047411919,
      0.011462798342108727,
      0.011992444284260273,
      0.011320504359900951,
      0.010930229909718037,
      0.011129487305879593,
      0.010999842546880245,
      0.01147236954420805,
      0.012192439287900925,
      0.01064222026616335,
      0.012208512052893639,
      0.010613209567964077,
      0.011266368441283703,
      0.011071682907640934,
      0.01110768597573042,
      0.011319909244775772,
      0.01046586874872446,
      0.012949725612998009,
      0.011095669120550156,
      0.01165221817791462,
      0.011159618385136127,
      0.010070071555674076,
      0.011728493496775627,
      0.010581170208752155,
      0.009888705797493458,
      0.011893494054675102,
      0.011199859902262688,
      0.011242321692407131,
      0.011323993094265461,
      0.010062798857688904,
      0.011044058948755264,
      0.011993801221251488,
      0.01158791221678257,
      0.010356888175010681,
      0.011466125957667828,
      0.01072491891682148,
      0.011311543174088001,
      0.011932606808841228,
      0.011059574782848358,
      0.010549838654696941,
      0.010758715681731701,
      0.011988156475126743,
      0.010321805253624916,
      0.010559288784861565,
      0.009914831258356571,
      0.011320903897285461,
      0.011039302684366703,
      0.00928229559212923,
      0.011250334791839123,
      0.010257085785269737,
      0.011024531908333302,
      0.010601690970361233,
      0.010788150131702423,
      0.009908197447657585,
      0.011308249086141586,
      0.01022285409271717,
      0.01063376571983099,
      0.010026630945503712,
      0.010702426545321941,
      0.010785461403429508,
      0.010044424794614315,
      0.009780509397387505,
      0.00916368793696165,
      0.009859558194875717,
      0.00951614510267973,
      0.0115550197660923,
      0.009763723239302635,
      0.01006198301911354,
      0.010541419498622417,
      0.010493690147995949,
      0.009872669354081154,
      0.009974757209420204,
      0.010980883613228798,
      0.011151351034641266,
      0.010011015459895134,
      0.010871786624193192,
      0.010267973877489567,
      0.01132339145988226,
      0.010388210415840149,
      0.011590066365897655,
      0.010450066067278385,
      0.010483740828931332,
      0.009950459934771061,
      0.01028123777359724,
      0.010379158891737461,
      0.010384433902800083,
      0.011098792776465416,
      0.01026977226138115,
      0.010228671133518219,
      0.011773659847676754,
      0.011334613896906376,
      0.01185840368270874,
      0.011822368018329144,
      0.010598720982670784,
      0.010703357867896557,
      0.010982837527990341,
      0.010564998723566532,
      0.010951205156743526,
