{
   "number_epochs": 300,
   "info_used": "use imputation",
   "perc_full_data": 0.3,
   "n_epochs_no_selection": 0,
   "Frequency % cutoff": 0.3,
   "hidden_size": 32,
   "random_state": 7,
   "train_errors": [
      0.06928893178701401,
      0.06206713989377022,
      0.05651423707604408,
      0.054438091814517975,
      0.05372070148587227,
      0.05263102799654007,
      0.050126973539590836,
      0.04857926815748215,
      0.04652870073914528,
      0.045106519013643265,
      0.04330020397901535,
      0.04154255986213684,
      0.040289539843797684,
      0.03885294869542122,
      0.038360532373189926,
      0.0355895534157753,
      0.03394141048192978,
      0.03308096528053284,
      0.03137708082795143,
      0.030087066814303398,
      0.028069952502846718,
      0.02894728258252144,
      0.02674628235399723,
      0.026331475004553795,
      0.02385503612458706,
      0.024484993889927864,
      0.023847045376896858,
      0.023083511739969254,
      0.02264346554875374,
      0.02317141555249691,
      0.022309990599751472,
      0.021971937268972397,
      0.020963111892342567,
      0.02123350463807583,
      0.020493555814027786,
      0.020746896043419838,
      0.02055048570036888,
      0.021073896437883377,
      0.020638853311538696,
      0.021047821268439293,
      0.019482867792248726,
      0.019438115879893303,
      0.019562209025025368,
      0.018883610144257545,
      0.01913243904709816,
      0.018839159980416298,
      0.018486250191926956,
      0.01737823337316513,
      0.01825893670320511,
      0.018143266439437866,
      0.01692628487944603,
      0.016696395352482796,
      0.01583760976791382,
      0.0168754905462265,
      0.016196444630622864,
      0.015312560833990574,
      0.016299325972795486,
      0.01541171781718731,
      0.01560126431286335,
      0.01657974161207676,
      0.016826558858156204,
      0.016292890533804893,
      0.015859270468354225,
      0.015012676827609539,
      0.013726763427257538,
      0.0141528295353055,
      0.013630286790430546,
      0.01413391437381506,
      0.013729041442275047,
      0.013455165550112724,
      0.013823453336954117,
      0.012915699742734432,
      0.012416203506290913,
      0.012328261509537697,
      0.012652814388275146,
      0.011498086154460907,
      0.011091998778283596,
      0.012519226409494877,
      0.012104921974241734,
      0.011908096261322498,
      0.010902445763349533,
      0.011710511520504951,
      0.011771755293011665,
      0.011741699650883675,
      0.012195959687232971,
      0.01133132167160511,
      0.009843586944043636,
      0.011565787717700005,
      0.011842083185911179,
      0.012128565460443497,
      0.010449284687638283,
      0.011089889332652092,
      0.010091549716889858,
      0.010051555931568146,
      0.010399737395346165,
      0.0108546894043684,
      0.010077746585011482,
      0.009686783887445927,
      0.009866669774055481,
      0.010193394497036934,
      0.009938725270330906,
      0.00939062237739563,
      0.009867539629340172,
      0.010581925511360168,
      0.00959046371281147,
      0.010154769755899906,
      0.01068200170993805,
      0.010067889466881752,
      0.010067115537822247,
      0.010701285675168037,
      0.008852717466652393,
      0.009779787622392178,
      0.01000900287181139,
      0.009956669993698597,
      0.009190970100462437,
      0.009384564124047756,
      0.010362977162003517,
      0.010877849534153938,
      0.01003030315041542,
      0.008772477507591248,
      0.008928860537707806,
      0.009768999181687832,
      0.00960528664290905,
      0.008931659162044525,
      0.00886495877057314,
      0.00882825069129467,
      0.008313152939081192,
      0.0097911786288023,
      0.008828177116811275,
      0.008383400738239288,
      0.009208674542605877,
      0.00827754195779562,
      0.008906863629817963,
      0.009206810966134071,
      0.008720539510250092,
      0.010108647868037224,
      0.008956757374107838,
      0.00921638309955597,
      0.009052693843841553,
      0.00974777340888977,
      0.008869797922670841,
      0.008581231348216534,
      0.008750027976930141,
      0.00917460210621357,
      0.00982049573212862,
      0.00950248260051012,
      0.00857716053724289,
      0.008207143284380436,
      0.0081220967695117,
      0.009317697025835514,
      0.009450428187847137,
      0.008897928521037102,
      0.009379313327372074,
      0.008551367558538914,
      0.008499247953295708,
      0.00849891360849142,
      0.008891803212463856,
      0.00878060795366764,
      0.008362414315342903,
      0.0086784353479743,
      0.007912416942417622,
      0.008426932618021965,
      0.008465336635708809,
      0.009411019273102283,
      0.009371291846036911,
      0.008329548873007298,
      0.00926963146775961,
      0.007825085893273354,
      0.009398501366376877,
      0.008797717280685902,
      0.00914605800062418,
      0.008105208165943623,
      0.008440750651061535,
      0.008836342953145504,
      0.008978959172964096,
      0.0074785733595490456,
      0.009276272729039192,
      0.008453801274299622,
      0.007828420959413052,
      0.007758430205285549,
      0.0075204093009233475,
      0.007941153831779957,
      0.009605216793715954,
      0.008131123147904873,
      0.00839789118617773,
      0.007402726914733648,
      0.007853859104216099,
      0.008536226116120815,
      0.008635920472443104,
      0.007194225210696459,
      0.00807330571115017,
      0.00783055741339922,
      0.008973673917353153,
      0.007414580788463354,
      0.008213221095502377,
      0.007984726689755917,
      0.008450387977063656,
      0.008061142638325691,
      0.007227119989693165,
      0.008470230735838413,
      0.008655812591314316,
      0.007998859509825706,
      0.007736890111118555,
      0.006542959716171026,
      0.007623540703207254,
      0.007966011762619019,
      0.008449123241007328,
      0.008943760767579079,
      0.006954711861908436,
      0.007151521276682615,
      0.008088067173957825,
      0.006924208253622055,
      0.007450408302247524,
      0.008372675627470016,
      0.008742285892367363,
      0.0067188008688390255,
      0.007243608124554157,
      0.007253284566104412,
      0.007642604410648346,
      0.007395031396299601,
      0.007248628884553909,
      0.0076895821839571,
      0.0089083481580019,
      0.007240873295813799,
      0.007007892709225416,
      0.007675941567867994,
      0.008271684870123863,
      0.007854283787310123,
      0.008100735023617744,
      0.0072896541096270084,
      0.007979687303304672,
      0.0073519241996109486,
      0.006669295020401478,
      0.0067224944941699505,
      0.006927439942955971,
      0.006836652290076017,
      0.007681410294026136,
      0.007805550005286932,
      0.008143307641148567,
      0.008139546029269695,
      0.007490822114050388,
      0.007086710538715124,
      0.007545460015535355,
      0.0070473505184054375,
      0.0068633463233709335,
      0.008190822787582874,
      0.006996073294430971,
      0.007540760561823845,
      0.007611921988427639,
      0.006636668462306261,
      0.008615759201347828,
      0.007604858372360468,
      0.008407389745116234,
      0.007282600272446871,
      0.0076286825351417065,
      0.007098692003637552,
      0.008052093908190727,
      0.007458043750375509,
      0.006931531708687544,
      0.007292726542800665,
      0.007265028078109026,
      0.007795074954628944,
      0.007352275773882866,
      0.007062650751322508,
      0.006398988887667656,
      0.007639686577022076,
      0.0079588508233428,
      0.007001228630542755,
      0.006743272766470909,
      0.0072692628018558025,
      0.007164349313825369,
      0.007183469831943512,
      0.007493472658097744,
      0.007089903112500906,
      0.0070775169879198074,
      0.006732564885169268,
      0.0069272820837795734,
      0.007982741110026836,
      0.007120455149561167,
      0.007494392804801464,
