{
   "number_epochs": 300,
   "info_used": "use imputation",
   "perc_full_data": 0.3,
   "n_epochs_no_selection": 0,
   "Frequency % cutoff": 0.3,
   "hidden_size": 32,
   "random_state": 8,
   "train_errors": [
      0.085629902780056,
      0.0763498917222023,
      0.07069841772317886,
      0.06665800511837006,
      0.06493142247200012,
      0.0624990351498127,
      0.06091170758008957,
      0.05819358304142952,
      0.057928722351789474,
      0.054283007979393005,
      0.05185731500387192,
      0.04991212487220764,
      0.048373494297266006,
      0.04569719359278679,
      0.04434296861290932,
      0.04164614528417587,
      0.03952600806951523,
      0.03742949292063713,
      0.035791464149951935,
      0.034575626254081726,
      0.033007893711328506,
      0.030177025124430656,
      0.02928917482495308,
      0.028482710942626,
      0.027978410944342613,
      0.025665845721960068,
      0.026601098477840424,
      0.024898706004023552,
      0.025050781667232513,
      0.024586113169789314,
      0.02372070588171482,
      0.024053098633885384,
      0.024011876434087753,
      0.02291255258023739,
      0.021380193531513214,
      0.021207109093666077,
      0.020877642557024956,
      0.02250370942056179,
      0.021666275337338448,
      0.020519830286502838,
      0.020730208605527878,
      0.02067151851952076,
      0.020606013014912605,
      0.017482958734035492,
      0.019117997959256172,
      0.01770300790667534,
      0.0185761246830225,
      0.017877979204058647,
      0.018463099375367165,
      0.018601134419441223,
      0.0181085467338562,
      0.017653029412031174,
      0.017166830599308014,
      0.019100278615951538,
      0.016088498756289482,
      0.01615787297487259,
      0.01598706841468811,
      0.017970219254493713,
      0.01576494425535202,
      0.01575513929128647,
      0.016839051619172096,
      0.016238654032349586,
      0.015418830327689648,
      0.016012804582715034,
      0.015607235953211784,
      0.015268923714756966,
      0.015365791507065296,
      0.014696251600980759,
      0.014809963293373585,
      0.01517636887729168,
      0.014705384150147438,
      0.014276600442826748,
      0.015225730836391449,
      0.013920512981712818,
      0.014627770520746708,
      0.014174429699778557,
      0.01392418798059225,
      0.014336836524307728,
      0.012575492262840271,
      0.013892670162022114,
      0.014460625126957893,
      0.013238578103482723,
      0.013159218244254589,
      0.014528983272612095,
      0.013205056078732014,
      0.01391120906919241,
      0.012909816578030586,
      0.01378576923161745,
      0.013042819686233997,
      0.013332812115550041,
      0.0139015456661582,
      0.01352151483297348,
      0.012421127408742905,
      0.01348481047898531,
      0.01338109653443098,
      0.011920547112822533,
      0.012467877008020878,
      0.01286565512418747,
      0.012903312221169472,
      0.012842020951211452,
      0.012313783168792725,
      0.012875552289187908,
      0.011521744541823864,
      0.012263553217053413,
      0.012053410522639751,
      0.012214266695082188,
      0.011206376366317272,
      0.012725169770419598,
      0.012076952494680882,
      0.012441807426512241,
      0.011465667746961117,
      0.011743416078388691,
      0.012332514859735966,
      0.011381344869732857,
      0.012289240956306458,
      0.011893276125192642,
      0.012736222706735134,
      0.01237450074404478,
      0.011475578881800175,
      0.012349765747785568,
      0.012198093347251415,
      0.011578423902392387,
      0.011015072464942932,
      0.011181887239217758,
      0.011655074544250965,
      0.011214219033718109,
      0.012260721996426582,
      0.011411854065954685,
      0.011565474793314934,
      0.011348837986588478,
      0.011899655684828758,
      0.01190811675041914,
      0.010947232134640217,
      0.011713093146681786,
      0.011396716348826885,
      0.011112801730632782,
      0.011850787326693535,
      0.011548184789717197,
      0.011399693787097931,
      0.01183455903083086,
      0.01103855948895216,
      0.011258604936301708,
      0.01070768479257822,
      0.010888328775763512,
      0.010779490694403648,
      0.011230036616325378,
      0.011377937160432339,
      0.011428690515458584,
      0.012492564506828785,
      0.010599208064377308,
      0.010730418376624584,
      0.012120609171688557,
      0.010799283161759377,
      0.010483985766768456,
      0.01014359388500452,
      0.010644123889505863,
      0.011132258921861649,
      0.010225885547697544,
      0.010320859961211681,
      0.010868042707443237,
      0.011001063510775566,
      0.010475341230630875,
      0.010342707857489586,
      0.010552528314292431,
      0.011586615815758705,
      0.010874031111598015,
      0.010502506047487259,
      0.009775515645742416,
      0.010710999369621277,
      0.011529307812452316,
      0.011897144839167595,
      0.010399818420410156,
      0.010137154720723629,
      0.010427357628941536,
      0.01011276338249445,
      0.009872215799987316,
      0.010491626337170601,
      0.010716533288359642,
      0.01084801834076643,
      0.009599355049431324,
      0.010547373443841934,
      0.009136347100138664,
      0.011228686198592186,
      0.009631560184061527,
      0.011198041029274464,
      0.01016941200941801,
      0.010943757370114326,
      0.011392025277018547,
      0.01038851123303175,
      0.009962338022887707,
      0.010460974648594856,
      0.009741061367094517,
      0.010301802307367325,
      0.009757552295923233,
      0.010325866751372814,
      0.010327412746846676,
      0.009980902075767517,
      0.009712344966828823,
      0.010136395692825317,
      0.010180396027863026,
      0.011877361685037613,
      0.010337399318814278,
      0.0095744663849473,
      0.009358206763863564,
      0.01032164879143238,
      0.010953524149954319,
      0.01039871945977211,
      0.01050945557653904,
      0.00978503655642271,
      0.009887699969112873,
      0.009110203944146633,
      0.0093566058203578,
      0.010217621922492981,
      0.010209403000772,
      0.009391386061906815,
      0.010662216693162918,
      0.009758235886693,
      0.00934470072388649,
      0.009910576976835728,
      0.01034726295620203,
      0.00985868088901043,
      0.009888628497719765,
      0.00970029179006815,
      0.009352579712867737,
      0.009748967364430428,
      0.01059993077069521,
      0.0093532744795084,
      0.009362494572997093,
      0.0089767687022686,
      0.009989559650421143,
      0.009008705615997314,
      0.009432640857994556,
      0.009756277315318584,
      0.010204100981354713,
      0.010266154073178768,
      0.009992405772209167,
      0.009735308587551117,
      0.00975734181702137,
      0.009287242777645588,
      0.010228322818875313,
      0.00910781417042017,
      0.0095705920830369,
      0.009214851073920727,
      0.009339573793113232,
      0.009858186356723309,
      0.008319497108459473,
      0.009631698951125145,
      0.0097573921084404,
      0.009539266116917133,
      0.009403252974152565,
      0.009624363854527473,
      0.009314960800111294,
      0.00876868050545454,
      0.009490487165749073,
      0.009332546964287758,
      0.009428055956959724,
      0.00917815137654543,
      0.008609730750322342,
      0.009502749890089035,
      0.008955217897891998,
      0.009737313725054264,
      0.00851992517709732,
      0.008331055752933025,
      0.010161479003727436,
      0.009026091545820236,
      0.009141367860138416,
      0.008560394868254662,
      0.00906858965754509,
      0.009264243766665459,
      0.009304017759859562,
      0.00851336307823658,
      0.009097659960389137,
      0.008735370822250843,
      0.0089182173833251,
      0.008238461799919605,
      0.009109820239245892,
      0.00941906776279211,
      0.008176975883543491,
      0.008901488967239857,
      0.00954863615334034,
      0.009672440588474274,
