{
   "number_epochs": 300,
   "info_used": "use imputation",
   "perc_full_data": 0.3,
   "n_epochs_no_selection": 0,
   "Frequency % cutoff": 0.3,
   "hidden_size": 32,
   "random_state": 4,
   "train_errors": [
      0.05391734093427658,
      0.04979140684008598,
      0.047954145818948746,
      0.047993436455726624,
      0.04775693267583847,
      0.047362856566905975,
      0.04617580026388168,
      0.04546159878373146,
      0.04442112520337105,
      0.04330575466156006,
      0.04307088255882263,
      0.04102221131324768,
      0.03918934240937233,
      0.038409359753131866,
      0.03731507435441017,
      0.03548792004585266,
      0.034013133496046066,
      0.031955163925886154,
      0.030749360099434853,
      0.02965649962425232,
      0.02865852415561676,
      0.026379838585853577,
      0.025611944496631622,
      0.023997239768505096,
      0.023999491706490517,
      0.021817639470100403,
      0.02163064479827881,
      0.020898783579468727,
      0.019174324348568916,
      0.0197608545422554,
      0.018428567796945572,
      0.018939681351184845,
      0.017789456993341446,
      0.01783336140215397,
      0.017702817916870117,
      0.016566375270485878,
      0.016743388026952744,
      0.01591561548411846,
      0.016102740541100502,
      0.01582227647304535,
      0.015393562614917755,
      0.015146098099648952,
      0.014614437706768513,
      0.01400124654173851,
      0.015113015659153461,
      0.013658165000379086,
      0.013665829785168171,
      0.013654972426593304,
      0.013950335793197155,
      0.013727793470025063,
      0.012840316630899906,
      0.012637914158403873,
      0.013061649166047573,
      0.01302080973982811,
      0.012998866848647594,
      0.012261024676263332,
      0.01303852815181017,
      0.011766095645725727,
      0.012683944776654243,
      0.011687750928103924,
      0.012172938324511051,
      0.012126421555876732,
      0.011346038430929184,
      0.012091037817299366,
      0.01199725829064846,
      0.011572323739528656,
      0.011705677956342697,
      0.012160737067461014,
      0.010910237208008766,
      0.010222679004073143,
      0.011041183024644852,
      0.01217765174806118,
      0.01092616282403469,
      0.010834244079887867,
      0.010977296158671379,
      0.011057469062507153,
      0.010669955983757973,
      0.010647749528288841,
      0.01053962204605341,
      0.010267958976328373,
      0.011116011999547482,
      0.010336022824048996,
      0.010691572912037373,
      0.009987103752791882,
      0.01025985088199377,
      0.010851329192519188,
      0.01059818733483553,
      0.010365758091211319,
      0.009947247803211212,
      0.010096095502376556,
      0.010084385983645916,
      0.010301876813173294,
      0.009654986672103405,
      0.010191652923822403,
      0.009303388185799122,
      0.011053155176341534,
      0.009745189920067787,
      0.009947762824594975,
      0.010349440388381481,
      0.009427148848772049,
      0.009923710487782955,
      0.009199157357215881,
      0.010956906713545322,
      0.009116823785007,
      0.009833005256950855,
      0.008860220201313496,
      0.009496409446001053,
      0.008985230699181557,
      0.010328377597033978,
      0.009151274338364601,
      0.009528975002467632,
      0.00953020341694355,
      0.009537512436509132,
      0.00909317098557949,
      0.008446364663541317,
      0.0091756796464324,
      0.009545773267745972,
      0.00893851462751627,
      0.009574435651302338,
      0.009530940093100071,
      0.008094117045402527,
      0.009189095348119736,
      0.009365514852106571,
      0.010058468207716942,
      0.00912383571267128,
      0.008796719834208488,
      0.008270512335002422,
      0.00857450533658266,
      0.008317222818732262,
      0.008381197229027748,
      0.008602957241237164,
      0.009687558747828007,
      0.008291292935609818,
      0.008880361914634705,
      0.008783150464296341,
      0.008074025623500347,
      0.008825450204312801,
      0.008249187842011452,
      0.008295933715999126,
      0.00946483388543129,
      0.008377622812986374,
      0.008112683892250061,
      0.008813372813165188,
      0.008254456333816051,
      0.007843919098377228,
      0.00859855953603983,
      0.007660549134016037,
      0.009081106632947922,
      0.007776667829602957,
      0.008496677502989769,
      0.00803679320961237,
      0.007664802484214306,
      0.008008175529539585,
      0.007944541051983833,
      0.008021180517971516,
      0.007931917905807495,
      0.007976009510457516,
      0.008338667452335358,
      0.008498776704072952,
      0.007987681776285172,
      0.00866706669330597,
      0.008128328248858452,
      0.008480947464704514,
      0.007936487905681133,
      0.007710529491305351,
      0.00882523600012064,
      0.00769202783703804,
      0.007752935867756605,
      0.008023882284760475,
      0.007829275913536549,
      0.008945330046117306,
      0.008409182541072369,
      0.00696906540542841,
      0.0080461036413908,
      0.008059796877205372,
      0.00762855913490057,
      0.008320384658873081,
      0.00679570809006691,
      0.007882040925323963,
      0.008527949452400208,
      0.008472228422760963,
      0.0076646097004413605,
      0.008908421732485294,
      0.007157070562243462,
      0.007872574962675571,
      0.007663057651370764,
      0.007750862743705511,
      0.008364181034266949,
      0.007729381322860718,
      0.008539678528904915,
      0.007567680440843105,
      0.007585500366985798,
      0.008187912404537201,
      0.007065969984978437,
      0.007484966889023781,
      0.007754278834909201,
      0.00735167320817709,
      0.008347775787115097,
      0.007388213649392128,
      0.00732616288587451,
      0.007940851151943207,
      0.007609429769217968,
      0.006975753698498011,
      0.007176761049777269,
      0.007806356996297836,
      0.00793980062007904,
      0.006842650007456541,
      0.007758458610624075,
      0.007161819841712713,
      0.007365805096924305,
      0.007998883724212646,
      0.0075785634107887745,
      0.007400618866086006,
      0.007499837316572666,
      0.0070412312634289265,
      0.007539762184023857,
      0.007255548145622015,
      0.008614392019808292,
      0.006669581867754459,
      0.008143763057887554,
      0.006651875097304583,
      0.007700935937464237,
      0.006544467527419329,
      0.006546434946358204,
      0.007626024540513754,
      0.00779668428003788,
      0.006689365953207016,
      0.0072283633053302765,
      0.0073053669184446335,
      0.007853168062865734,
      0.007387835066765547,
      0.0070211929269135,
      0.007167621981352568,
      0.00796049926429987,
      0.007425918709486723,
      0.007219262886792421,
      0.007597822230309248,
      0.007017757743597031,
      0.006798791699111462,
      0.007790634408593178,
      0.006666574627161026,
      0.006820484064519405,
      0.007147167343646288,
      0.0076414658688008785,
      0.007204788271337748,
      0.0070903105661273,
      0.007159312721341848,
      0.006916063837707043,
      0.006873783655464649,
      0.0073166051879525185,
      0.0073205758817493916,
      0.00702704768627882,
      0.006760342046618462,
      0.006570843979716301,
      0.007843269035220146,
      0.00701471883803606,
      0.006899496540427208,
      0.00801828783005476,
      0.007210751064121723,
      0.007001769728958607,
      0.007455654442310333,
      0.007357901893556118,
      0.00687779113650322,
      0.007647665683180094,
      0.008056962862610817,
      0.007566316984593868,
      0.00681530125439167,
      0.0076660653576254845,
      0.006906904745846987,
      0.008393816649913788,
      0.00840873084962368,
      0.0068237148225307465,
      0.007259979844093323,
      0.006729334592819214,
      0.007662721443921328,
      0.007126155309379101,
      0.006615916732698679,
      0.006679975893348455,
      0.006745401304215193,
      0.006801328156143427,
