{
   "number_epochs": 300,
   "info_used": "use imputation",
   "perc_full_data": 0.3,
   "n_epochs_no_selection": 0,
   "Frequency % cutoff": 0.3,
   "hidden_size": 32,
   "random_state": 0,
   "train_errors": [
      0.057685624808073044,
      0.054284267127513885,
      0.0520356185734272,
      0.05200552940368652,
      0.05036910995841026,
      0.049228817224502563,
      0.048386745154857635,
      0.04654126241803169,
      0.04553534463047981,
      0.04444509372115135,
      0.043081481009721756,
      0.041382573544979095,
      0.040627289563417435,
      0.03848237916827202,
      0.03646637499332428,
      0.03436536341905594,
      0.03280002996325493,
      0.031617965549230576,
      0.029437245801091194,
      0.027902254834771156,
      0.026608595624566078,
      0.024289293214678764,
      0.02338319458067417,
      0.022654276341199875,
      0.02080855704843998,
      0.02028772607445717,
      0.020534461364150047,
      0.018880870193243027,
      0.019584940746426582,
      0.01881159283220768,
      0.0194904375821352,
      0.018356503918766975,
      0.017672212794423103,
      0.01758778654038906,
      0.016925446689128876,
      0.016289114952087402,
      0.016813017427921295,
      0.016030481085181236,
      0.015393695794045925,
      0.014817309565842152,
      0.015036137774586678,
      0.015146742574870586,
      0.014426067471504211,
      0.014126098714768887,
      0.014079388231039047,
      0.01494255755096674,
      0.01340135931968689,
      0.014363459311425686,
      0.013486949726939201,
      0.012631354853510857,
      0.013310039415955544,
      0.01229978445917368,
      0.012655810452997684,
      0.011994587257504463,
      0.012716976925730705,
      0.011527064256370068,
      0.01216448936611414,
      0.012122075073421001,
      0.012550353072583675,
      0.012034591287374496,
      0.011976505629718304,
      0.01042591966688633,
      0.011764363385736942,
      0.010698656551539898,
      0.01058887504041195,
      0.010960964486002922,
      0.010114350356161594,
      0.011492962017655373,
      0.01095837913453579,
      0.010553390718996525,
      0.010092346929013729,
      0.010690282098948956,
      0.010570961982011795,
      0.010578312911093235,
      0.009944476187229156,
      0.009524310007691383,
      0.010379193350672722,
      0.010011637583374977,
      0.010309557430446148,
      0.010102106258273125,
      0.008494745939970016,
      0.008785678073763847,
      0.008311265148222446,
      0.00951000489294529,
      0.00911598652601242,
      0.00954404380172491,
      0.009598528034985065,
      0.008858859539031982,
      0.009127810597419739,
      0.009227563627064228,
      0.009637412615120411,
      0.008485700003802776,
      0.00890771672129631,
      0.00875815562903881,
      0.008812544867396355,
      0.008134458214044571,
      0.00887017697095871,
      0.008719556964933872,
      0.009024937637150288,
      0.008690398186445236,
      0.008959979750216007,
      0.008155872114002705,
      0.008098539896309376,
      0.008886786177754402,
      0.009027811698615551,
      0.007917799986898899,
      0.00880687590688467,
      0.009191691875457764,
      0.007954304106533527,
      0.009139612317085266,
      0.007801687344908714,
      0.00900493748486042,
      0.007406473159790039,
      0.008811580948531628,
      0.007697138469666243,
      0.008036091923713684,
      0.009054108522832394,
      0.008220727555453777,
      0.007826525717973709,
      0.007282278500497341,
      0.008009718731045723,
      0.008209975436329842,
      0.00836678221821785,
      0.007844499312341213,
      0.007870265282690525,
      0.007847047410905361,
      0.008076567202806473,
      0.007786907721310854,
      0.007235197350382805,
      0.008179059252142906,
      0.00717925513163209,
      0.007468885276466608,
      0.007116858847439289,
      0.006677035707980394,
      0.007061429787427187,
      0.007081190124154091,
      0.007207617163658142,
      0.007403837516903877,
      0.007729584351181984,
      0.0076714991591870785,
      0.007488492410629988,
      0.008685288019478321,
      0.007337451912462711,
      0.007586704101413488,
      0.007378026377409697,
      0.008001532405614853,
      0.007196283899247646,
      0.006712623406201601,
      0.007378467358648777,
      0.007433210965245962,
      0.007312010508030653,
      0.007546771317720413,
      0.007290024310350418,
      0.006852265913039446,
      0.007628025487065315,
      0.007550241891294718,
      0.007667516358196735,
      0.007940609939396381,
      0.007242454681545496,
      0.006779036950320005,
      0.007465178146958351,
      0.007222208194434643,
      0.007002271246165037,
      0.0071345847100019455,
      0.006820624694228172,
      0.007848733104765415,
      0.006709554232656956,
      0.00687031913548708,
      0.007173541933298111,
      0.00740789482370019,
      0.006188316736370325,
      0.006419054232537746,
      0.006659864913672209,
      0.007241277024149895,
      0.006651176605373621,
      0.006332913879305124,
      0.006756979506462812,
      0.006303350906819105,
      0.007343381643295288,
      0.0064478362910449505,
      0.006776413414627314,
      0.0070986500941216946,
      0.007201218046247959,
      0.006353521253913641,
      0.006314919795840979,
      0.0057548657059669495,
      0.006194666493684053,
      0.006033937446773052,
      0.007182470057159662,
      0.006427669432014227,
      0.0067795319482684135,
      0.006586670409888029,
      0.007696386892348528,
      0.006331959273666143,
      0.006514459382742643,
      0.006383049301803112,
      0.006378215737640858,
      0.006415072828531265,
      0.005979289300739765,
      0.005746250506490469,
      0.0062143211252987385,
      0.006333409808576107,
      0.006729102693498135,
      0.006398077122867107,
      0.006839584093540907,
      0.007071962114423513,
      0.006692391820251942,
      0.006553990766406059,
      0.005455142818391323,
      0.00681399367749691,
      0.006013551726937294,
      0.006298137363046408,
      0.006208597682416439,
      0.005433978512883186,
      0.006490141618996859,
      0.006333677563816309,
      0.0058175320737063885,
      0.006070687901228666,
      0.006153336260467768,
      0.005365022458136082,
      0.005547826644033194,
      0.005771808326244354,
      0.005744975991547108,
      0.005944932345300913,
      0.005864872597157955,
      0.006251498591154814,
      0.006138639524579048,
      0.0061631775461137295,
      0.006169677712023258,
      0.005810989066958427,
      0.004941257648169994,
      0.00659347465261817,
      0.004944287706166506,
      0.005076559726148844,
      0.00524138193577528,
      0.0067964172922074795,
      0.006756308022886515,
      0.00650197546929121,
      0.006099099759012461,
      0.005747268442064524,
      0.005449329037219286,
      0.005711141508072615,
      0.0052929650992155075,
      0.005630352068692446,
      0.005759010091423988,
      0.005970875266939402,
      0.00541172968223691,
      0.006290066055953503,
      0.005774116609245539,
      0.005737044848501682,
      0.005741465836763382,
      0.005974463187158108,
      0.005206733476370573,
      0.00574716180562973,
      0.005866579245775938,
      0.006114112678915262,
      0.005076389294117689,
      0.0055916691198945045,
      0.005193409044295549,
      0.005782012362033129,
      0.005531759466975927,
      0.005271785892546177,
      0.005631998647004366,
      0.006171348504722118,
      0.00550151988863945,
      0.004867971409112215,
      0.005717058666050434,
      0.0057059177197515965,
      0.006246577017009258,
      0.005599169060587883,
      0.006454965099692345,
      0.005388674326241016,
      0.00557655468583107,
      0.005831021815538406,
      0.005453227553516626,
      0.005064837634563446,
      0.00460607698187232,
      0.005301044788211584,
      0.005253083538264036,
