{
   "number_epochs": 300,
   "info_used": "use imputation",
   "perc_full_data": 0.3,
   "n_epochs_no_selection": 0,
   "Frequency % cutoff": 0.3,
   "hidden_size": 32,
   "random_state": 14,
   "train_errors": [
      0.045532625168561935,
      0.044555485248565674,
      0.043885163962841034,
      0.042955975979566574,
      0.04202931374311447,
      0.04077939689159393,
      0.040535349398851395,
      0.038285937160253525,
      0.0370454266667366,
      0.036135248839855194,
      0.03504134342074394,
      0.033914368599653244,
      0.03213400021195412,
      0.03092600218951702,
      0.03078019991517067,
      0.028866173699498177,
      0.027730002999305725,
      0.026492301374673843,
      0.026194779202342033,
      0.02380947209894657,
      0.025234876200556755,
      0.022948525846004486,
      0.02284935675561428,
      0.021587584167718887,
      0.021088331937789917,
      0.02083764038980007,
      0.02164466306567192,
      0.020897233858704567,
      0.019415512681007385,
      0.019091138616204262,
      0.017950009554624557,
      0.017921291291713715,
      0.01696992665529251,
      0.016941454261541367,
      0.016269713640213013,
      0.01743585802614689,
      0.0160311758518219,
      0.015691881999373436,
      0.015848061069846153,
      0.01575302891433239,
      0.015118610113859177,
      0.014999679289758205,
      0.015438434667885303,
      0.01494806632399559,
      0.013898568227887154,
      0.014986490830779076,
      0.01439675036817789,
      0.014217750169336796,
      0.01414648350328207,
      0.013852774165570736,
      0.013433706946671009,
      0.01359623670578003,
      0.013498435728251934,
      0.014242378994822502,
      0.014010769315063953,
      0.01307772845029831,
      0.013173423707485199,
      0.013719691894948483,
      0.014353328384459019,
      0.013904388062655926,
      0.013609164394438267,
      0.01317443884909153,
      0.013177811168134212,
      0.011529984883964062,
      0.01224104780703783,
      0.013491409830749035,
      0.013625524006783962,
      0.013589363545179367,
      0.013912109658122063,
      0.012390117160975933,
      0.012475257739424706,
      0.01283523254096508,
      0.012661942280828953,
      0.011996760033071041,
      0.01268529612571001,
      0.012780098244547844,
      0.013549498282372952,
      0.012324255891144276,
      0.013569415546953678,
      0.013117809779942036,
      0.012762589380145073,
      0.012194732204079628,
      0.01282404363155365,
      0.011820515617728233,
      0.0126514732837677,
      0.012837187387049198,
      0.011817988008260727,
      0.012392283417284489,
      0.012268745340406895,
      0.01187388226389885,
      0.011331294663250446,
      0.011648058891296387,
      0.012611869722604752,
      0.01263736654073,
      0.012770882807672024,
      0.012696047313511372,
      0.011971782892942429,
      0.01220408920198679,
      0.011395854875445366,
      0.0116480253636837,
      0.011567682959139347,
      0.011635455302894115,
      0.012140904553234577,
      0.011841172352433205,
      0.01260645966976881,
      0.01188399363309145,
      0.011412151157855988,
      0.011357211507856846,
      0.010986187495291233,
      0.01095997728407383,
      0.010903388261795044,
      0.011996190063655376,
      0.011124850250780582,
      0.011140655726194382,
      0.010770721361041069,
      0.013009372167289257,
      0.011330862529575825,
      0.011178172193467617,
      0.011876351200044155,
      0.010849840939044952,
      0.011452826671302319,
      0.011388943530619144,
      0.011524426750838757,
      0.012035079300403595,
      0.010924018919467926,
      0.011966228485107422,
      0.011790036223828793,
      0.012415776029229164,
      0.009893171489238739,
      0.011036106385290623,
      0.011513919569551945,
      0.010655230842530727,
      0.010516629554331303,
      0.011329670436680317,
      0.010678425431251526,
      0.011165661737322807,
      0.011476123705506325,
      0.010648407973349094,
      0.010758103802800179,
      0.010831456631422043,
      0.010785458609461784,
      0.01181830931454897,
      0.01120916847139597,
      0.010506398044526577,
      0.009868250228464603,
      0.011682548560202122,
      0.01141600776463747,
      0.011248324997723103,
      0.010952875949442387,
      0.010845625773072243,
      0.011091751977801323,
      0.01162270363420248,
      0.011175700463354588,
      0.011927089653909206,
      0.010428085923194885,
      0.011460280045866966,
      0.011959482915699482,
      0.01060335524380207,
      0.01088731735944748,
      0.01067628525197506,
      0.010465659201145172,
      0.010331284254789352,
      0.010299770161509514,
      0.010901841334998608,
      0.010728469118475914,
      0.010956192389130592,
      0.01101561076939106,
      0.009964428842067719,
      0.010563582181930542,
      0.010196303017437458,
      0.010486050508916378,
      0.010550075210630894,
      0.010282294824719429,
      0.010475481860339642,
      0.01014351099729538,
      0.010497305542230606,
      0.009924559853971004,
      0.01077607087790966,
      0.010010330006480217,
      0.010387447662651539,
      0.010058051906526089,
      0.010159837082028389,
      0.011041736230254173,
      0.010832980275154114,
      0.010631982237100601,
      0.011594178155064583,
      0.01091423537582159,
      0.01039462722837925,
      0.011265304870903492,
      0.009373718872666359,
      0.01051561813801527,
      0.010926757007837296,
      0.009767169132828712,
      0.011607865802943707,
      0.011050603352487087,
      0.01080675795674324,
      0.01048576645553112,
      0.01008093636482954,
      0.010505851358175278,
      0.01015053316950798,
      0.009769728407263756,
      0.010943656787276268,
      0.0104398587718606,
      0.010656856000423431,
      0.010319800116121769,
      0.009380889125168324,
      0.010542583651840687,
      0.009767323732376099,
      0.010328530333936214,
      0.010369394905865192,
      0.010388615541160107,
      0.009693586267530918,
      0.010395659133791924,
      0.01105337031185627,
      0.01017379853874445,
      0.009367907419800758,
      0.009323043748736382,
      0.010892847552895546,
      0.0100667430087924,
      0.009434418752789497,
      0.009890608489513397,
      0.01018491294234991,
      0.010285675525665283,
      0.010283724404871464,
      0.009516018442809582,
      0.009686176665127277,
      0.01040791068226099,
      0.009771138429641724,
      0.011287246830761433,
      0.00958992913365364,
      0.009534749202430248,
      0.009927256964147091,
      0.009714524261653423,
      0.010348239913582802,
      0.00994094554334879,
      0.00944800116121769,
      0.009718438610434532,
      0.011168430559337139,
      0.010513119399547577,
      0.009291823022067547,
      0.00992230512201786,
      0.009901287965476513,
      0.00954706035554409,
      0.010786003433167934,
      0.011035776697099209,
      0.009821402840316296,
      0.00926558580249548,
      0.009660504758358002,
      0.009587079286575317,
      0.010241569951176643,
      0.00970625039190054,
      0.010272982530295849,
      0.010115512646734715,
      0.009731517173349857,
      0.009898045100271702,
      0.00939125195145607,
      0.010821739211678505,
      0.009844215586781502,
      0.009546593762934208,
      0.009754768572747707,
      0.008566893637180328,
      0.009613478556275368,
      0.009823749773204327,
      0.011046063154935837,
      0.010879123583436012,
      0.009804900735616684,
      0.008891461417078972,
      0.010325147770345211,
      0.010184889659285545,
      0.009743884205818176,
      0.011103684082627296,
      0.010061836801469326,
      0.00983488466590643,
      0.008842053823173046,
      0.010708564892411232,
      0.008766922168433666,
      0.010071431286633015,
      0.009182675741612911,
      0.009455414488911629,
      0.009944436140358448,
