{
   "number_epochs": 400,
   "info_used": "use imputation",
   "perc_full_data": 0.04,
   "n_epochs_no_selection": 0,
   "Frequency % cutoff": 0.33,
   "hidden_size": 32,
   "random_state": 11,
   "train_errors": [
      0.4549940228462219,
      0.3372901380062103,
      0.23676010966300964,
      0.15330566465854645,
      0.0895804911851883,
      0.0522993840277195,
      0.04977468028664589,
      0.07079996168613434,
      0.08232196420431137,
      0.07924782484769821,
      0.06424100697040558,
      0.04820045828819275,
      0.04047038406133652,
      0.0396064892411232,
      0.039818890392780304,
      0.04234212264418602,
      0.0408594124019146,
      0.03989814966917038,
      0.03699338436126709,
      0.03508793190121651,
      0.033952098339796066,
      0.034433942288160324,
      0.034396830946207047,
      0.034884851425886154,
      0.03460429981350899,
      0.03398636728525162,
      0.031515222042798996,
      0.031003596261143684,
      0.031017130240797997,
      0.029413513839244843,
      0.02977978251874447,
      0.029561394825577736,
      0.02905399352312088,
      0.02881532907485962,
      0.029554041102528572,
      0.027728844434022903,
      0.026504047214984894,
      0.027607249096035957,
      0.027023715898394585,
      0.025943182408809662,
      0.02593238279223442,
      0.02492392435669899,
      0.02619846910238266,
      0.025391099974513054,
      0.024797342717647552,
      0.024660395458340645,
      0.024316128343343735,
      0.023353928700089455,
      0.02454928308725357,
      0.02331400103867054,
      0.02368393912911415,
      0.022792425006628036,
      0.023007579147815704,
      0.022558236494660378,
      0.022704211995005608,
      0.02281922660768032,
      0.022896375507116318,
      0.02193516492843628,
      0.022510826587677002,
      0.02102024108171463,
      0.021702593192458153,
      0.02164442650973797,
      0.020100871101021767,
      0.020909873768687248,
      0.021332714706659317,
      0.0213953647762537,
      0.020703764632344246,
      0.020406074821949005,
      0.021499009802937508,
      0.020154858008027077,
      0.02047608606517315,
      0.019766421988606453,
      0.0206669382750988,
      0.018568500876426697,
      0.019699186086654663,
      0.018858132883906364,
      0.018902398645877838,
      0.019086487591266632,
      0.018338514491915703,
      0.01846434734761715,
      0.017828380689024925,
      0.018193816766142845,
      0.018913403153419495,
      0.019004175439476967,
      0.017497120425105095,
      0.01829630509018898,
      0.018069962039589882,
      0.018300816416740417,
      0.018398070707917213,
      0.017148924991488457,
      0.01863062009215355,
      0.017577633261680603,
      0.017664967104792595,
      0.016845200210809708,
      0.017629370093345642,
      0.016582051292061806,
      0.016226837411522865,
      0.01674356870353222,
      0.0167692843824625,
      0.01636684127151966,
      0.015809688717126846,
      0.01743634231388569,
      0.01637268252670765,
      0.01576622948050499,
      0.016114244237542152,
      0.016680553555488586,
      0.015504441224038601,
      0.01600213162600994,
      0.01583794690668583,
      0.015890896320343018,
      0.015111217275261879,
      0.01521612610667944,
      0.01501384936273098,
      0.015697309747338295,
      0.014884306117892265,
      0.015263127163052559,
      0.015223648399114609,
      0.015865042805671692,
      0.014467297121882439,
      0.014810425229370594,
      0.014422161504626274,
      0.014754374511539936,
      0.014365890994668007,
      0.014568770304322243,
      0.01545441709458828,
      0.015164665877819061,
      0.014516692608594894,
      0.01434396207332611,
      0.014440411701798439,
      0.015195848420262337,
      0.013781771995127201,
      0.014056619256734848,
      0.013917239382863045,
      0.013826976530253887,
      0.013150988146662712,
      0.015060809440910816,
      0.015063876286149025,
      0.014327085576951504,
      0.015118761919438839,
      0.015546550042927265,
      0.014836980029940605,
      0.01480095088481903,
      0.014431145042181015,
      0.01271858811378479,
      0.013467170298099518,
      0.013449015095829964,
      0.01409240998327732,
      0.013934560120105743,
      0.013096093200147152,
      0.013377963565289974,
      0.013208161108195782,
      0.014216650277376175,
      0.014853048138320446,
      0.013807731680572033,
      0.013300270773470402,
      0.013411828316748142,
      0.013933595269918442,
      0.012715461663901806,
      0.013554918579757214,
      0.01318494975566864,
      0.012854468077421188,
      0.012636021710932255,
      0.013412825763225555,
      0.012002999894320965,
      0.013287118636071682,
      0.012575054541230202,
      0.013268694281578064,
      0.013093207962810993,
      0.012950893491506577,
      0.013285286724567413,
      0.013538037426769733,
      0.013422110117971897,
      0.012612280435860157,
      0.012942413799464703,
      0.012642130255699158,
      0.012095736339688301,
      0.01269866619259119,
      0.012439903803169727,
      0.013227920047938824,
      0.012458720244467258,
      0.012690776027739048,
      0.012236248701810837,
      0.012324278242886066,
      0.012481918558478355,
      0.011572412215173244,
      0.012041080743074417,
      0.011721200309693813,
      0.012354467064142227,
      0.012354186736047268,
      0.011870859190821648,
      0.01281939260661602,
      0.011701103299856186,
      0.01209846418350935,
      0.012629113160073757,
      0.012475833296775818,
      0.012713699601590633,
      0.012602688744664192,
      0.012437500059604645,
      0.012910646386444569,
      0.012187650427222252,
      0.01133051048964262,
      0.012456811033189297,
      0.011670298874378204,
      0.012153567746281624,
      0.012257711961865425,
      0.011548214592039585,
      0.012142695486545563,
      0.010590908117592335,
      0.010787967592477798,
      0.011522220447659492,
      0.011747274547815323,
      0.011049785651266575,
      0.011225327849388123,
      0.010936432518064976,
      0.010347465984523296,
      0.010561060160398483,
      0.010694725438952446,
      0.011374535970389843,
      0.01141196396201849,
      0.012145070359110832,
      0.01022451464086771,
      0.011165178380906582,
      0.010743776336312294,
      0.00983767956495285,
      0.011112023144960403,
      0.010943743400275707,
      0.010498224757611752,
      0.008741144090890884,
      0.009827020578086376,
      0.010169957764446735,
      0.010035929270088673,
      0.009311827830970287,
      0.010741274803876877,
      0.010113149881362915,
      0.01048501580953598,
      0.010482477024197578,
      0.009684145450592041,
      0.009767807088792324,
      0.010811815969645977,
      0.01016293466091156,
      0.01023365743458271,
      0.009907180443406105,
      0.00926464144140482,
      0.010565290227532387,
      0.009525606408715248,
      0.009312613867223263,
      0.010219410061836243,
      0.009768689051270485,
      0.009136518463492393,
      0.01045130379498005,
      0.010733249597251415,
      0.010321082547307014,
      0.009459213353693485,
      0.007942800410091877,
      0.009958749637007713,
      0.010829594917595387,
      0.009095201268792152,
      0.009372678585350513,
      0.009956051595509052,
      0.009851687587797642,
      0.009034864604473114,
      0.008483818732202053,
      0.010604720562696457,
      0.008940133266150951,
      0.008947676979005337,
      0.008450138382613659,
      0.008802814409136772,
      0.008264603093266487,
      0.009704498574137688,
      0.008955443277955055,
      0.00929713249206543,
      0.0076002576388418674,
      0.008753628470003605,
      0.009317591786384583,
      0.008808737620711327,
      0.007923719473183155,
      0.009853719733655453,
      0.00866982527077198,
      0.009142236784100533,
      0.008326580747961998,
