{
   "number_epochs": 400,
   "info_used": "use imputation",
   "perc_full_data": 0.04,
   "n_epochs_no_selection": 0,
   "Frequency % cutoff": 0.33,
   "hidden_size": 32,
   "random_state": 8,
   "train_errors": [
      0.3128538131713867,
      0.20671384036540985,
      0.13120946288108826,
      0.07734371721744537,
      0.046171367168426514,
      0.04367050901055336,
      0.057102881371974945,
      0.06312322616577148,
      0.05553162842988968,
      0.04542463272809982,
      0.03869800269603729,
      0.035420794039964676,
      0.03675275295972824,
      0.038089506328105927,
      0.03779478743672371,
      0.03710690513253212,
      0.03593793138861656,
      0.03473745658993721,
      0.033135365694761276,
      0.032897088676691055,
      0.031786296516656876,
      0.03205858916044235,
      0.03231754153966904,
      0.031713325530290604,
      0.031363483518362045,
      0.030078692361712456,
      0.03044942207634449,
      0.02968173287808895,
      0.02954993024468422,
      0.028985846787691116,
      0.028094559907913208,
      0.028299467638134956,
      0.027698179706931114,
      0.02778554894030094,
      0.027294982224702835,
      0.026999035850167274,
      0.02711445651948452,
      0.02611895278096199,
      0.02647360973060131,
      0.026301437988877296,
      0.026128191500902176,
      0.025660453364253044,
      0.024793220683932304,
      0.02484145574271679,
      0.025068478658795357,
      0.024764301255345345,
      0.025376034900546074,
      0.024976646527647972,
      0.024592600762844086,
      0.024029729887843132,
      0.024620816111564636,
      0.024057662114501,
      0.024281013756990433,
      0.024108951911330223,
      0.02371971309185028,
      0.02351553738117218,
      0.0233453381806612,
      0.023272840306162834,
      0.023737361654639244,
      0.023184003308415413,
      0.023974131792783737,
      0.023173589259386063,
      0.023153455927968025,
      0.022974232211709023,
      0.02258978597819805,
      0.023191368207335472,
      0.022755786776542664,
      0.022551462054252625,
      0.02241688035428524,
      0.023004477843642235,
      0.022498732432723045,
      0.02292938157916069,
      0.02284485660493374,
      0.02346702478826046,
      0.022423075512051582,
      0.022312046959996223,
      0.02272009290754795,
      0.022145625203847885,
      0.022425806149840355,
      0.02203141152858734,
      0.021770060062408447,
      0.021966321393847466,
      0.021846149116754532,
      0.02194293402135372,
      0.02162669226527214,
      0.02164272777736187,
      0.021442441269755363,
      0.02183849737048149,
      0.022003332152962685,
      0.021857071667909622,
      0.02138247899711132,
      0.021075548604130745,
      0.021852964535355568,
      0.020996950566768646,
      0.0215615164488554,
      0.021193556487560272,
      0.020968904718756676,
      0.02056959643959999,
      0.020773574709892273,
      0.020494868978857994,
      0.020332131534814835,
      0.020969292148947716,
      0.021047355607151985,
      0.02064797468483448,
      0.021091273054480553,
      0.020566651597619057,
      0.020958736538887024,
      0.020389195531606674,
      0.02067801170051098,
      0.02007635310292244,
      0.020496509969234467,
      0.020537009462714195,
      0.02006298489868641,
      0.01988944411277771,
      0.020050421357154846,
      0.019124990329146385,
      0.019938835874199867,
      0.020144889131188393,
      0.019299158826470375,
      0.018788304179906845,
      0.018857477232813835,
      0.019297899678349495,
      0.019086165353655815,
      0.01877809688448906,
      0.01965413987636566,
      0.019366469234228134,
      0.01853996515274048,
      0.018519718199968338,
      0.019191991537809372,
      0.019158385694026947,
      0.018903300166130066,
      0.019266152754426003,
      0.018319468945264816,
      0.01942773163318634,
      0.018801070749759674,
      0.018239961937069893,
      0.018580246716737747,
      0.018358394503593445,
      0.018173735588788986,
      0.01794351264834404,
      0.018212901428341866,
      0.017607076093554497,
      0.01817987859249115,
      0.017627181485295296,
      0.01821429468691349,
      0.017541876062750816,
      0.01734810695052147,
      0.017377648502588272,
      0.017079737037420273,
      0.017171969637274742,
      0.01740226149559021,
      0.01729549840092659,
      0.01763063110411167,
      0.016819961369037628,
      0.016860321164131165,
      0.016966555267572403,
      0.01699734479188919,
      0.01685059443116188,
      0.016484053805470467,
      0.016423074528574944,
      0.01677596941590309,
      0.01602483168244362,
      0.016413360834121704,
      0.016430309042334557,
      0.016031604260206223,
      0.0163441002368927,
      0.01635204441845417,
      0.016256915405392647,
      0.016173310577869415,
      0.016416527330875397,
      0.016601834446191788,
      0.01651550829410553,
      0.01578485406935215,
      0.01626414805650711,
      0.015864510089159012,
      0.015918154269456863,
      0.01594589650630951,
      0.015688803046941757,
      0.015118412673473358,
      0.015968017280101776,
      0.0159858837723732,
      0.01514522172510624,
      0.015377982519567013,
      0.015697453171014786,
      0.015668895095586777,
      0.015318239107728004,
      0.014885307289659977,
      0.01649133488535881,
      0.016107682138681412,
      0.01593226008117199,
      0.015353253111243248,
      0.0157849732786417,
      0.01575057953596115,
      0.015222405083477497,
      0.015147424302995205,
      0.0152110755443573,
      0.016022847965359688,
      0.015355139039456844,
      0.014954661019146442,
      0.015124501660466194,
      0.015565525740385056,
      0.015049442648887634,
      0.014865381643176079,
      0.015383444726467133,
      0.01507690828293562,
      0.014781981706619263,
      0.014533604495227337,
      0.015138710848987103,
      0.015618777833878994,
      0.015090474858880043,
      0.015088564716279507,
      0.014717514626681805,
      0.015235364437103271,
      0.015275690704584122,
      0.01515252236276865,
      0.015287107788026333,
      0.01486482098698616,
      0.014970308169722557,
      0.015114624984562397,
      0.01452413946390152,
      0.014986417256295681,
      0.014232026413083076,
      0.014667639508843422,
      0.014484432525932789,
      0.014550806023180485,
      0.0138364527374506,
      0.015060492791235447,
      0.014289780519902706,
      0.01493724063038826,
      0.014901417307555676,
      0.014253499917685986,
      0.014772974886000156,
      0.014445673674345016,
      0.015004684217274189,
      0.01380301732569933,
      0.015383399091660976,
      0.014156927354633808,
      0.01405622623860836,
      0.014668324962258339,
      0.015106858685612679,
      0.014730552211403847,
      0.01411524973809719,
      0.014128215610980988,
      0.013997545465826988,
      0.014408509247004986,
      0.013921105302870274,
      0.014950627461075783,
      0.014647801406681538,
      0.01401891466230154,
      0.013572091236710548,
      0.014315051026642323,
      0.01466793566942215,
      0.014514181762933731,
      0.014174059964716434,
      0.014472948387265205,
      0.014091860502958298,
      0.013663706369698048,
      0.014515498653054237,
      0.014515172690153122,
      0.014511734247207642,
      0.013946411199867725,
      0.014477439224720001,
      0.01445907261222601,
      0.01376399677246809,
      0.014800531789660454,
      0.014417118392884731,
      0.013831017538905144,
      0.014529428444802761,
      0.015528214164078236,
      0.014075685292482376,
      0.013341492973268032,
      0.014156527817249298,
      0.014494669623672962,
      0.013807342387735844,
      0.013756674714386463,
      0.014228333719074726,
      0.01451239176094532,
      0.014270247891545296,
      0.013427316211163998,
      0.014617281034588814,
      0.014366233721375465,
