{
   "number_epochs": 400,
   "info_used": "use imputation",
   "perc_full_data": 0.04,
   "n_epochs_no_selection": 0,
   "Frequency % cutoff": 0.33,
   "hidden_size": 32,
   "random_state": 13,
   "train_errors": [
      0.11261849850416183,
      0.05150046944618225,
      0.03499841317534447,
      0.046917323023080826,
      0.05004996061325073,
      0.04313851147890091,
      0.03350332751870155,
      0.03052891604602337,
      0.03060172125697136,
      0.031481049954891205,
      0.03199697658419609,
      0.031090572476387024,
      0.029148375615477562,
      0.026673130691051483,
      0.02592022716999054,
      0.024958286434412003,
      0.02472689375281334,
      0.023732228204607964,
      0.02314407378435135,
      0.022678367793560028,
      0.020738475024700165,
      0.02063952200114727,
      0.02056702971458435,
      0.019113361835479736,
      0.01878015324473381,
      0.01756698451936245,
      0.018086444586515427,
      0.01735600456595421,
      0.01708894409239292,
      0.015254768542945385,
      0.015144837088882923,
      0.01441602036356926,
      0.01423009391874075,
      0.013085351325571537,
      0.012691549956798553,
      0.012910460121929646,
      0.011164814233779907,
      0.010750862769782543,
      0.01069010328501463,
      0.009783501736819744,
      0.00954448152333498,
      0.009520978666841984,
      0.008280294016003609,
      0.00835472997277975,
      0.008192268200218678,
      0.007623390760272741,
      0.007407919969409704,
      0.006649745162576437,
      0.005993280094116926,
      0.00580725958570838,
      0.00627571064978838,
      0.006196522153913975,
      0.0055709644220769405,
      0.005371779203414917,
      0.0054541779682040215,
      0.004638114012777805,
      0.0053803883492946625,
      0.004949874244630337,
      0.00522018363699317,
      0.004623869433999062,
      0.004511414561420679,
      0.004512184299528599,
      0.004472770728170872,
      0.00486766966059804,
      0.004578148480504751,
      0.004254769533872604,
      0.004607268609106541,
      0.004432312212884426,
      0.004568324889987707,
      0.003931926563382149,
      0.004268420394510031,
      0.004227846395224333,
      0.004003376234322786,
      0.004057658836245537,
      0.0044097681529819965,
      0.003911242820322514,
      0.004045629873871803,
      0.0037201279774308205,
      0.003741077845916152,
      0.0039274743758141994,
      0.004100237041711807,
      0.00399140315130353,
      0.0036355112679302692,
      0.004123721271753311,
      0.004165495280176401,
      0.003896278329193592,
      0.0037259317468851805,
      0.00383099471218884,
      0.00403772946447134,
      0.004117729142308235,
      0.0035792794078588486,
      0.003805720480158925,
      0.004195135086774826,
      0.0039271404966712,
      0.0032462517265230417,
      0.004441029857844114,
      0.004280510824173689,
      0.0036878620740026236,
      0.003353364998474717,
      0.0037696980871260166,
      0.0037160732317715883,
      0.0034068694803863764,
      0.0037819223944097757,
      0.003620946081355214,
      0.003524434519931674,
      0.0031738237012177706,
      0.0037660826928913593,
      0.0034002407919615507,
      0.0035087810829281807,
      0.003789895214140415,
      0.003518669167533517,
      0.0036978956777602434,
      0.0033454853110015392,
      0.003477084916085005,
      0.002863107481971383,
      0.0037198567297309637,
      0.003408464603126049,
      0.003544471226632595,
      0.0028362551238387823,
      0.0034939616452902555,
      0.0033033995423465967,
      0.0033087332267314196,
      0.003314119763672352,
      0.0036652174312621355,
      0.0037927033845335245,
      0.0030212607234716415,
      0.0031315817032009363,
      0.003276759758591652,
      0.0034492705017328262,
      0.0032408901024609804,
      0.0030072275549173355,
      0.0036412072367966175,
      0.0030800746753811836,
      0.0027219888288527727,
      0.0033455374650657177,
      0.002839549444615841,
      0.0032066788990050554,
      0.003132220357656479,
      0.003387035569176078,
      0.0032451562583446503,
      0.003189664799720049,
      0.003253955626860261,
      0.0033781160600483418,
      0.0033281920477747917,
      0.0032504587434232235,
      0.003146436298266053,
      0.002948586130514741,
      0.0028852869290858507,
      0.002874747384339571,
      0.003304091515019536,
      0.0030077367555350065,
      0.003369311336427927,
      0.0033410333562642336,
      0.0030542328022420406,
      0.002863931469619274,
      0.003104154020547867,
      0.003277543233707547,
      0.003086075186729431,
      0.003084625583142042,
      0.003114633960649371,
      0.0029163649305701256,
      0.003096318570896983,
      0.0031452621333301067,
      0.003249739296734333,
      0.003216385841369629,
      0.0030607637017965317,
      0.003115018829703331,
      0.0032359445467591286,
      0.0025909924879670143,
      0.0032350635156035423,
      0.0032346753869205713,
      0.0027775547932833433,
      0.0029521859250962734,
      0.003160424530506134,
      0.002968171378597617,
      0.0032373617868870497,
      0.0030208141542971134,
      0.002741076285019517,
      0.002891082316637039,
      0.003098538378253579,
      0.00295853684656322,
      0.003153895027935505,
      0.0029826012905687094,
      0.0031862605828791857,
      0.0029939021915197372,
      0.0028740447014570236,
      0.002448498737066984,
      0.0027245250530540943,
      0.002819143934175372,
      0.0028352353256195784,
      0.0027602273039519787,
      0.002970522502437234,
      0.002879714360460639,
      0.0025312723591923714,
      0.002722388133406639,
      0.002704368671402335,
      0.0027659826446324587,
      0.0031399340368807316,
      0.002845623530447483,
      0.0025795691180974245,
      0.0028101392090320587,
      0.002668386325240135,
      0.0027246444951742887,
      0.0029298376757651567,
      0.002872080309316516,
      0.0025243712589144707,
      0.0027072157245129347,
      0.0025505213998258114,
      0.002924898639321327,
      0.002617435296997428,
      0.0023840537760406733,
      0.0028532412834465504,
      0.0028592445887625217,
      0.0026910218875855207,
      0.002544936491176486,
      0.002474541310220957,
      0.0027638147585093975,
      0.0025867356453090906,
      0.0022765607573091984,
      0.0025880548637360334,
      0.0026751894038170576,
      0.0027127438224852085,
      0.002913417760282755,
      0.0025791439693421125,
      0.0028427764773368835,
      0.0025594409089535475,
      0.0024726272094994783,
      0.0026985551230609417,
      0.0023408581037074327,
      0.0028321929275989532,
      0.0025532322470098734,
      0.0026983267161995173,
      0.002643546788021922,
      0.0024592953268438578,
      0.002404432510957122,
      0.002375556156039238,
      0.0026346954982727766,
      0.002402701647952199,
      0.0025150789879262447,
      0.0025415734853595495,
      0.002661092672497034,
      0.002682803198695183,
      0.002491194289177656,
      0.0024168859235942364,
      0.0024289684370160103,
      0.002317850710824132,
      0.002316080965101719,
      0.002432296983897686,
      0.0023643169552087784,
      0.0025004742201417685,
      0.002404739847406745,
      0.0024625652004033327,
      0.0022684428840875626,
      0.002319785999134183,
      0.0022786036133766174,
      0.0026145908050239086,
      0.0023458709474653006,
      0.0021240385249257088,
      0.00225997157394886,
      0.002305045258253813,
      0.002166375983506441,
      0.0025086335372179747,
      0.002467942424118519,
      0.0025145055260509253,
      0.002380075864493847,
      0.0023481245152652264,
      0.002161110518500209,
      0.0019448227249085903,
      0.002456580987200141,
      0.0025058623868972063,
      0.0023250167723745108,
      0.0023277243599295616,
      0.002217981033027172,
      0.002303225686773658,
      0.002408978994935751,
