{
   "number_epochs": 400,
   "info_used": "use imputation",
   "perc_full_data": 0.04,
   "n_epochs_no_selection": 0,
   "Frequency % cutoff": 0.33,
   "hidden_size": 32,
   "random_state": 9,
   "train_errors": [
      0.17847169935703278,
      0.11945905536413193,
      0.0727912187576294,
      0.04403875395655632,
      0.0387914814054966,
      0.050462983548641205,
      0.05584181845188141,
      0.04917805269360542,
      0.04022812843322754,
      0.03508010506629944,
      0.034780267626047134,
      0.03561215475201607,
      0.03664292395114899,
      0.03628715127706528,
      0.035599298775196075,
      0.03322785720229149,
      0.03232216835021973,
      0.03201684355735779,
      0.03202816843986511,
      0.03218773752450943,
      0.03226516768336296,
      0.03093535266816616,
      0.030271027237176895,
      0.028995303437113762,
      0.02832101657986641,
      0.027927225455641747,
      0.027791691944003105,
      0.02726915292441845,
      0.02655845321714878,
      0.026131119579076767,
      0.02545749582350254,
      0.025568129494786263,
      0.024597901850938797,
      0.023738659918308258,
      0.024101918563246727,
      0.02304103970527649,
      0.023422008380293846,
      0.022609947249293327,
      0.02300795540213585,
      0.022314080968499184,
      0.023208579048514366,
      0.023196162655949593,
      0.02218136005103588,
      0.02153977006673813,
      0.022471407428383827,
      0.02149929292500019,
      0.022156652063131332,
      0.02185814082622528,
      0.022404756397008896,
      0.021499278023838997,
      0.021949809044599533,
      0.022929947823286057,
      0.021729232743382454,
      0.022388743236660957,
      0.02150082401931286,
      0.021703943610191345,
      0.022117823362350464,
      0.021655427291989326,
      0.02152690291404724,
      0.021676860749721527,
      0.021811237558722496,
      0.021198198199272156,
      0.021592367440462112,
      0.021444350481033325,
      0.022155871614813805,
      0.021194349974393845,
      0.020790215581655502,
      0.020743995904922485,
      0.02128574438393116,
      0.0208534374833107,
      0.021081550046801567,
      0.02176796831190586,
      0.020631682127714157,
      0.02049928344786167,
      0.020796624943614006,
      0.02127748169004917,
      0.021143244579434395,
      0.02115304209291935,
      0.02131510339677334,
      0.020596818998456,
      0.020630789920687675,
      0.020823433995246887,
      0.02120884135365486,
      0.02073635905981064,
      0.020341990515589714,
      0.020509475842118263,
      0.020986683666706085,
      0.02068704180419445,
      0.020692598074674606,
      0.020928770303726196,
      0.02020535245537758,
      0.020421752706170082,
      0.020001931115984917,
      0.020570240914821625,
      0.021469101309776306,
      0.020849380642175674,
      0.02022949978709221,
      0.02069816365838051,
      0.020991111174225807,
      0.02062309719622135,
      0.020034192129969597,
      0.020668581128120422,
      0.019692717120051384,
      0.02044014446437359,
      0.02056862600147724,
      0.020279323682188988,
      0.019611945375800133,
      0.01995406299829483,
      0.01996523141860962,
      0.020248666405677795,
      0.02087860368192196,
      0.02032240852713585,
      0.020433176308870316,
      0.01979242078959942,
      0.020600808784365654,
      0.020021865144371986,
      0.020607758313417435,
      0.01989544741809368,
      0.02004106342792511,
      0.01985509879887104,
      0.020380888134241104,
      0.020584698766469955,
      0.0199738796800375,
      0.019763411954045296,
      0.01972908526659012,
      0.02015317790210247,
      0.020050078630447388,
      0.019555991515517235,
      0.01942378841340542,
      0.01992901787161827,
      0.020319195464253426,
      0.019893154501914978,
      0.019666699692606926,
      0.019824808463454247,
      0.01953490450978279,
      0.02003604732453823,
      0.019953591749072075,
      0.019969426095485687,
      0.02068113535642624,
      0.020419089123606682,
      0.019629668444395065,
      0.01969960704445839,
      0.01966261677443981,
      0.019098570570349693,
      0.02065620757639408,
      0.01943516917526722,
      0.020517105236649513,
      0.01907186768949032,
      0.019506974145770073,
      0.019464315846562386,
      0.01969136856496334,
      0.019683245569467545,
      0.01937587931752205,
      0.01938415877521038,
      0.019546223804354668,
      0.019660387188196182,
      0.01935971900820732,
      0.019540227949619293,
      0.019554419443011284,
      0.01949264667928219,
      0.01986892707645893,
      0.019407598301768303,
      0.020092826336622238,
      0.019328486174345016,
      0.01989772543311119,
      0.019283650442957878,
      0.019467217847704887,
      0.01940872147679329,
      0.019647376611828804,
      0.01982434093952179,
      0.020013820379972458,
      0.018910154700279236,
      0.019503632560372353,
      0.019212571904063225,
      0.018820615485310555,
      0.01916617713868618,
      0.018536970019340515,
      0.019888758659362793,
      0.019442491233348846,
      0.020421696826815605,
      0.0197011586278677,
      0.018779397010803223,
      0.019332779571413994,
      0.018490858376026154,
      0.019064344465732574,
      0.01965845189988613,
      0.019283443689346313,
      0.019396884366869926,
      0.0191616453230381,
      0.019336026161909103,
      0.019118594005703926,
      0.0192129947245121,
      0.019111737608909607,
      0.019500281661748886,
      0.01901036500930786,
      0.018610624596476555,
      0.019640417769551277,
      0.019906064495444298,
      0.019416794180870056,
      0.0193190760910511,
      0.01918318122625351,
      0.019348394125699997,
      0.019214734435081482,
      0.019953666254878044,
      0.01894325576722622,
      0.01955968327820301,
      0.018773792311549187,
      0.019252559170126915,
      0.01918317750096321,
      0.018912216648459435,
      0.01877354457974434,
      0.018735988065600395,
      0.018886975944042206,
      0.01954902708530426,
      0.018645180389285088,
      0.019074875861406326,
      0.019514169543981552,
      0.019345475360751152,
      0.01959138736128807,
      0.018753597512841225,
      0.019496643915772438,
      0.01903015933930874,
      0.019172703847289085,
      0.018665460869669914,
      0.018729163333773613,
      0.01908038929104805,
      0.02024836838245392,
      0.018856162205338478,
      0.01853071339428425,
      0.019430486485362053,
      0.018797004595398903,
      0.019124869257211685,
      0.018342088907957077,
      0.019248418509960175,
      0.018684977665543556,
      0.018915411084890366,
      0.01867622882127762,
      0.01924584060907364,
      0.01843220368027687,
      0.01956116035580635,
      0.019125740975141525,
      0.018742091953754425,
      0.019224591553211212,
      0.0193319171667099,
      0.019238779321312904,
      0.01861216500401497,
      0.018919965252280235,
      0.019102731719613075,
      0.0194853488355875,
      0.018781086429953575,
      0.018737250939011574,
      0.017880667001008987,
      0.01903308555483818,
      0.018818961456418037,
      0.01803523302078247,
      0.01843336597084999,
      0.018258318305015564,
      0.018591225147247314,
      0.01840965636074543,
      0.01884651742875576,
      0.018054937943816185,
      0.017977161332964897,
      0.01882849633693695,
      0.018051352351903915,
      0.019267410039901733,
      0.017956258729100227,
      0.01882920414209366,
      0.01869116723537445,
      0.018198592588305473,
      0.018539395183324814,
      0.018109895288944244,
      0.01831137202680111,
      0.01803411915898323,
      0.018452106043696404,
      0.017871065065264702,
      0.01826615072786808,
      0.018015580251812935,
      0.018146131187677383,
      0.018636619672179222,
      0.017875026911497116,
      0.018301960080862045,
      0.018202628940343857,
