{
   "number_epochs": 400,
   "info_used": "use imputation",
   "perc_full_data": 0.04,
   "n_epochs_no_selection": 0,
   "Frequency % cutoff": 0.33,
   "hidden_size": 32,
   "random_state": 2,
   "train_errors": [
      0.21858876943588257,
      0.17502808570861816,
      0.13453075289726257,
      0.09759999066591263,
      0.06572404503822327,
      0.0441615916788578,
      0.03509374335408211,
      0.04160967469215393,
      0.04813515022397041,
      0.047559432685375214,
      0.04202203080058098,
      0.034874796867370605,
      0.033245403319597244,
      0.03263316676020622,
      0.0342678427696228,
      0.03491175174713135,
      0.034726474434137344,
      0.033310990780591965,
      0.031788554042577744,
      0.030947647988796234,
      0.02970045804977417,
      0.02941136248409748,
      0.02893241122364998,
      0.028932049870491028,
      0.028816627338528633,
      0.027499133720993996,
      0.027394574135541916,
      0.026660848408937454,
      0.02690013498067856,
      0.02598469890654087,
      0.025052953511476517,
      0.024475615471601486,
      0.023500729352235794,
      0.02338005043566227,
      0.023167937994003296,
      0.022003693506121635,
      0.021914763376116753,
      0.021623576059937477,
      0.02112836204469204,
      0.020710613578557968,
      0.020085953176021576,
      0.019702507182955742,
      0.01895097643136978,
      0.019485054537653923,
      0.01821240410208702,
      0.018770691007375717,
      0.018414685502648354,
      0.017316104844212532,
      0.017175942659378052,
      0.01829559914767742,
      0.018251387402415276,
      0.017345577478408813,
      0.015822486951947212,
      0.01636747270822525,
      0.016027865931391716,
      0.01559623796492815,
      0.015042572282254696,
      0.015112721361219883,
      0.014820987358689308,
      0.014271699823439121,
      0.014277755282819271,
      0.01411069929599762,
      0.01389042567461729,
      0.013808663934469223,
      0.012581583112478256,
      0.012889795005321503,
      0.013033680617809296,
      0.012498038820922375,
      0.011590301059186459,
      0.011855415999889374,
      0.011474468745291233,
      0.01098626758903265,
      0.010562512092292309,
      0.010509012266993523,
      0.010380051098763943,
      0.009564653038978577,
      0.011203496716916561,
      0.010044680908322334,
      0.009651608765125275,
      0.008683424443006516,
      0.00979259330779314,
      0.00907280296087265,
      0.00885426253080368,
      0.008989301510155201,
      0.008485161699354649,
      0.008008214645087719,
      0.008629638701677322,
      0.008153696544468403,
      0.007948041893541813,
      0.007907012477517128,
      0.00811267364770174,
      0.007573297247290611,
      0.00824651774019003,
      0.007240708917379379,
      0.007364561315625906,
      0.007162755820900202,
      0.007403264753520489,
      0.007096658926457167,
      0.007648457307368517,
      0.006549850106239319,
      0.007109398953616619,
      0.007964943535625935,
      0.0067954519763588905,
      0.006061059422791004,
      0.006711833644658327,
      0.006591455079615116,
      0.0064016119576990604,
      0.005648301914334297,
      0.006258857902139425,
      0.00596036808565259,
      0.006065921857953072,
      0.005642023868858814,
      0.005769208539277315,
      0.005212455056607723,
      0.006126177031546831,
      0.006047829519957304,
      0.005271583329886198,
      0.005368461832404137,
      0.005576530937105417,
      0.005748480558395386,
      0.0053423140197992325,
      0.005212887655943632,
      0.004975669085979462,
      0.004833931569010019,
      0.004892305005341768,
      0.005214843433350325,
      0.004302259534597397,
      0.00395851768553257,
      0.004472184460610151,
      0.0046600219793617725,
      0.004657162353396416,
      0.003965267911553383,
      0.004239023197442293,
      0.004538132343441248,
      0.003922758158296347,
      0.004049464128911495,
      0.003878495190292597,
      0.004447934217751026,
      0.004053868353366852,
      0.0039026301819831133,
      0.0039650024846196175,
      0.0035636050160974264,
      0.0039732735604047775,
      0.0037433600518852472,
      0.0037401553709059954,
      0.0038906822446733713,
      0.0035990995820611715,
      0.0030052463989704847,
      0.003524546045809984,
      0.0032807504758238792,
      0.0028610758017748594,
      0.0034282361157238483,
      0.0033965969923883677,
      0.00378204183652997,
      0.0034150532446801662,
      0.0030654906295239925,
      0.002985124010592699,
      0.003150014439597726,
      0.0027679279446601868,
      0.0028274932410568,
      0.00312421889975667,
      0.002827959368005395,
      0.002670839661732316,
      0.002835041144862771,
      0.002477765316143632,
      0.002463776618242264,
      0.0027373090852051973,
      0.0024150963872671127,
      0.002919906983152032,
      0.0030215121805667877,
      0.002904322696849704,
      0.0024406416341662407,
      0.0028093927539885044,
      0.0028509425465017557,
      0.0024259393103420734,
      0.002246878342702985,
      0.0023958131205290556,
      0.002487976336851716,
      0.002507723867893219,
      0.0025026649236679077,
      0.002199913375079632,
      0.0021730298176407814,
      0.0024550948292016983,
      0.0025134950410574675,
      0.0025159725919365883,
      0.002381733851507306,
      0.0027726409025490284,
      0.0023172092624008656,
      0.0021636674646288157,
      0.002451997483149171,
      0.0022365106269717216,
      0.002302945591509342,
      0.0022343157324939966,
      0.002451397245749831,
      0.0021720679942518473,
      0.0021390183828771114,
      0.0020576310344040394,
      0.002249786863103509,
      0.001686940318904817,
      0.0018223240040242672,
      0.0018521207384765148,
      0.0019107147818431258,
      0.002311158925294876,
      0.0016274508088827133,
      0.0017408978892490268,
      0.0019225849537178874,
      0.001983758294954896,
      0.0017824143869802356,
      0.0019403125625103712,
      0.0015825313748791814,
      0.001871301094070077,
      0.0018675659084692597,
      0.0017079042736440897,
      0.0014795465394854546,
      0.0015218289336189628,
      0.0013766067568212748,
      0.0017225475749000907,
      0.0017224426846951246,
      0.0013865643413737416,
      0.0013424676144495606,
      0.0016018907772377133,
      0.0017633413663133979,
      0.0017926717409864068,
      0.0015003274893388152,
      0.0015030574286356568,
      0.0015758710214868188,
      0.0015697835478931665,
      0.0017225885530933738,
      0.001321101444773376,
      0.001405552844516933,
      0.0014383200323209167,
      0.0012539371382445097,
      0.001885973266325891,
      0.001835566246882081,
      0.0016740019200369716,
      0.0013319726567715406,
      0.0015504199545830488,
      0.001241941936314106,
      0.00143208890222013,
      0.0012786579318344593,
      0.0013684332370758057,
      0.001342289731837809,
      0.0014929258031770587,
      0.00136303820181638,
      0.0013811036478728056,
      0.00169665168505162,
      0.0012306326534599066,
      0.001323015196248889,
      0.0013016104931011796,
      0.0012153367279097438,
      0.0011667304206639528,
      0.0010547616984695196,
      0.0013752055820077658,
      0.0013621351681649685,
      0.0012686533154919744,
      0.0008987159817479551,
      0.0011074458016082644,
      0.0008719105389900506,
      0.0010303861927241087,
      0.0010538507485762239,
      0.0011183817405253649,
      0.0012094482081010938,
      0.00111240497790277,
      0.0011691190302371979,
      0.0010795565322041512,
      0.0013108093990013003,
      0.0009750585886649787,
      0.0012344924034550786,
      0.0012463157763704658,
      0.0012608087854459882,
      0.0009162671049125493,
      0.0008883373229764402,
      0.0011785568203777075,
      0.0007808924419805408,
      0.0010521886870265007,
