{
   "number_epochs": 400,
   "info_used": "use imputation",
   "perc_full_data": 0.04,
   "n_epochs_no_selection": 0,
   "Frequency % cutoff": 0.33,
   "hidden_size": 32,
   "random_state": 6,
   "train_errors": [
      0.26457735896110535,
      0.1752922236919403,
      0.10652708262205124,
      0.0610840730369091,
      0.04519365355372429,
      0.058404937386512756,
      0.06821399182081223,
      0.06284093111753464,
      0.05018305778503418,
      0.041109416633844376,
      0.03978847339749336,
      0.04010055214166641,
      0.04234103858470917,
      0.04288299381732941,
      0.03996920585632324,
      0.03849808871746063,
      0.03557716682553291,
      0.035461489111185074,
      0.03402421995997429,
      0.03473956882953644,
      0.03453538194298744,
      0.03404512628912926,
      0.03200479596853256,
      0.031040381640195847,
      0.030365683138370514,
      0.02979278564453125,
      0.02949151210486889,
      0.029298722743988037,
      0.027406303212046623,
      0.02690788544714451,
      0.026963884010910988,
      0.027827640995383263,
      0.026798812672495842,
      0.026134563609957695,
      0.026264570653438568,
      0.025973383337259293,
      0.026975123211741447,
      0.025852501392364502,
      0.026669319719076157,
      0.025037767365574837,
      0.024949487298727036,
      0.025205694139003754,
      0.02518053725361824,
      0.025372939184308052,
      0.0242106132209301,
      0.024229621514678,
      0.024663925170898438,
      0.024282073602080345,
      0.025301165878772736,
      0.02368921786546707,
      0.023341167718172073,
      0.024163570255041122,
      0.024387162178754807,
      0.023243555799126625,
      0.024144314229488373,
      0.023810740560293198,
      0.023287177085876465,
      0.02286522462964058,
      0.0228019617497921,
      0.02274230867624283,
      0.02308783307671547,
      0.022495653480291367,
      0.022016100585460663,
      0.022289350628852844,
      0.0216053556650877,
      0.021581174805760384,
      0.02208300307393074,
      0.022037683054804802,
      0.02131001651287079,
      0.021469980478286743,
      0.020595546811819077,
      0.020491134375333786,
      0.020739227533340454,
      0.020195292308926582,
      0.020782409235835075,
      0.020547837018966675,
      0.019822778180241585,
      0.02018793113529682,
      0.019699539989233017,
      0.01996079459786415,
      0.019499344751238823,
      0.019180448725819588,
      0.01942596770823002,
      0.01903916709125042,
      0.017071332782506943,
      0.018503058701753616,
      0.019073806703090668,
      0.017943527549505234,
      0.01780586503446102,
      0.018150992691516876,
      0.01716284081339836,
      0.016467148438096046,
      0.016374779865145683,
      0.016822047531604767,
      0.017810558900237083,
      0.015912629663944244,
      0.015442482195794582,
      0.01599080301821232,
      0.01566213369369507,
      0.015141025185585022,
      0.014910434372723103,
      0.014984535053372383,
      0.014266420155763626,
      0.014866640791296959,
      0.014560407027602196,
      0.013293826021254063,
      0.014688440598547459,
      0.014165647327899933,
      0.01436563115566969,
      0.013447205536067486,
      0.013608993962407112,
      0.014283395372331142,
      0.012821217998862267,
      0.012523109093308449,
      0.012528100050985813,
      0.012813927605748177,
      0.011157901026308537,
      0.012019673362374306,
      0.011673523113131523,
      0.012003176845610142,
      0.011429576203227043,
      0.012281576171517372,
      0.011753836646676064,
      0.010281921364367008,
      0.010848155245184898,
      0.011522249318659306,
      0.01157422550022602,
      0.010969515889883041,
      0.01085786335170269,
      0.010493049398064613,
      0.009912802837789059,
      0.010659133084118366,
      0.010238813236355782,
      0.01023241225630045,
      0.00956195592880249,
      0.010709330439567566,
      0.008568848483264446,
      0.009135646745562553,
      0.008607312105596066,
      0.009030385874211788,
      0.010364494286477566,
      0.009064828045666218,
      0.010002796538174152,
      0.008283210918307304,
      0.008598705753684044,
      0.009183819405734539,
      0.008483467623591423,
      0.009368231520056725,
      0.008555137552320957,
      0.008550568483769894,
      0.008173221722245216,
      0.008331098593771458,
      0.008128713816404343,
      0.008478249423205853,
      0.007961937226355076,
      0.007911565713584423,
      0.007931255735456944,
      0.00782565027475357,
      0.009277756325900555,
      0.008132010698318481,
      0.008235632441937923,
      0.008551692590117455,
      0.0076865931041538715,
      0.00812577549368143,
      0.0075468202121555805,
      0.007872264832258224,
      0.0073869116604328156,
      0.007681491319090128,
      0.0077423276379704475,
      0.0076082609593868256,
      0.007983066141605377,
      0.0075734150595963,
      0.007467648480087519,
      0.007689234800636768,
      0.0075195855461061,
      0.007991157472133636,
      0.007108079269528389,
      0.007698273751884699,
      0.007016417570412159,
      0.008023504167795181,
      0.007089966908097267,
      0.006771765649318695,
      0.006874567829072475,
      0.006852526217699051,
      0.007126615382730961,
      0.006779827643185854,
      0.006370388437062502,
      0.007067123893648386,
      0.006826600059866905,
      0.006913951598107815,
      0.006114772520959377,
      0.007167270872741938,
      0.006923087872564793,
      0.006387056317180395,
      0.006415476556867361,
      0.006771700456738472,
      0.006458649877458811,
      0.006847747135907412,
      0.006678310222923756,
      0.006155574694275856,
      0.006903797388076782,
      0.005943950265645981,
      0.0065742796286940575,
      0.006697619333863258,
      0.005907426122575998,
      0.007135199382901192,
      0.006012831348925829,
      0.006381283514201641,
      0.006328755524009466,
      0.006457613781094551,
      0.006478123366832733,
      0.006306054070591927,
      0.006235741078853607,
      0.0069835493341088295,
      0.006464560981839895,
      0.006206907797604799,
      0.006361307110637426,
      0.00618281215429306,
      0.006420555524528027,
      0.004979175981134176,
      0.00563839403912425,
      0.005813199561089277,
      0.005706341937184334,
      0.006196753121912479,
      0.005954095162451267,
      0.005691909231245518,
      0.005581178702414036,
      0.005435257684439421,
      0.005870490800589323,
      0.006680401042103767,
      0.005932514555752277,
      0.005350826773792505,
      0.006367875728756189,
      0.005127405747771263,
      0.006085231434553862,
      0.005482569336891174,
      0.005961288698017597,
      0.005427389405667782,
      0.005549783352762461,
      0.00568379508331418,
      0.005799189675599337,
      0.005396608263254166,
      0.005342323333024979,
      0.00527361873537302,
      0.005287162493914366,
      0.005150749813765287,
      0.0053588105365633965,
      0.005574886221438646,
      0.0061916159465909,
      0.00630915816873312,
      0.004728278610855341,
      0.0054151201620697975,
      0.004632474854588509,
      0.005358514841645956,
      0.004963054787367582,
      0.005706453230232,
      0.004804765805602074,
      0.005072530824691057,
      0.0052171568386256695,
      0.004972979426383972,
      0.004664553329348564,
      0.005570594687014818,
      0.005519281141459942,
      0.005005833692848682,
      0.005338223185390234,
      0.005371263716369867,
      0.005430838093161583,
      0.005441101733595133,
      0.004932358395308256,
      0.005208486225455999,
      0.004667563829571009,
      0.005166452378034592,
      0.0051796226762235165,
      0.004285507369786501,
      0.005590870510786772,
      0.004766751546412706,
      0.005101168528199196,
      0.004745053127408028,
      0.004646808374673128,
      0.0049362885765731335,
