{
   "number_epochs": 400,
   "info_used": "use imputation",
   "perc_full_data": 0.04,
   "n_epochs_no_selection": 0,
   "Frequency % cutoff": 0.33,
   "hidden_size": 32,
   "random_state": 5,
   "train_errors": [
      0.4497797191143036,
      0.3732498586177826,
      0.3058567941188812,
      0.24026593565940857,
      0.18218214809894562,
      0.12601976096630096,
      0.08214002102613449,
      0.05282403528690338,
      0.044411662966012955,
      0.05307920649647713,
      0.0653192400932312,
      0.06966456025838852,
      0.060629162937402725,
      0.05234743654727936,
      0.043872054666280746,
      0.04017649218440056,
      0.03998437896370888,
      0.04015820473432541,
      0.04099142178893089,
      0.041815247386693954,
      0.03871441259980202,
      0.03791705518960953,
      0.03676034137606621,
      0.03492932394146919,
      0.034653399139642715,
      0.03543815761804581,
      0.03462681919336319,
      0.03450610861182213,
      0.03176256641745567,
      0.0313519723713398,
      0.03244366869330406,
      0.03117220662534237,
      0.030384911224246025,
      0.029377343133091927,
      0.028913654386997223,
      0.02948778122663498,
      0.027914199978113174,
      0.027268685400485992,
      0.027728797867894173,
      0.027476493269205093,
      0.02625436708331108,
      0.02567351423203945,
      0.026656465604901314,
      0.025498228147625923,
      0.025844642892479897,
      0.025442903861403465,
      0.02554861083626747,
      0.02493252418935299,
      0.025994272902607918,
      0.0248454287648201,
      0.025279801338911057,
      0.025049442425370216,
      0.02549837715923786,
      0.024996984750032425,
      0.024832474067807198,
      0.025091245770454407,
      0.02450932189822197,
      0.024332307279109955,
      0.024311183020472527,
      0.023646270856261253,
      0.024469485506415367,
      0.02385248802602291,
      0.023150494322180748,
      0.02452302910387516,
      0.02353854663670063,
      0.022814815863966942,
      0.023107338696718216,
      0.023749245330691338,
      0.022867757827043533,
      0.023068338632583618,
      0.021942541003227234,
      0.02360113337635994,
      0.0224936343729496,
      0.022877058014273643,
      0.021949172019958496,
      0.021940458565950394,
      0.022347742691636086,
      0.021626681089401245,
      0.021650247275829315,
      0.02198660559952259,
      0.021994728595018387,
      0.021134108304977417,
      0.021117642521858215,
      0.021432269364595413,
      0.020688656717538834,
      0.020559120923280716,
      0.020586583763360977,
      0.019854728132486343,
      0.020232362672686577,
      0.020816529169678688,
      0.020569896325469017,
      0.020248480141162872,
      0.01921410858631134,
      0.020342392846941948,
      0.02003241516649723,
      0.020124230533838272,
      0.019674045965075493,
      0.01901146210730076,
      0.01867913268506527,
      0.01864202506840229,
      0.018893154338002205,
      0.01853710412979126,
      0.01913401298224926,
      0.017891574651002884,
      0.019360534846782684,
      0.017840536311268806,
      0.0171882975846529,
      0.01819583773612976,
      0.017528442665934563,
      0.016460029408335686,
      0.01658080518245697,
      0.017923841252923012,
      0.017505701631307602,
      0.01717190258204937,
      0.016754506155848503,
      0.01684281975030899,
      0.01782780885696411,
      0.01696634665131569,
      0.017348716035485268,
      0.017522333189845085,
      0.017074063420295715,
      0.01668386720120907,
      0.01673077419400215,
      0.01678253524005413,
      0.0162366833537817,
      0.01640562154352665,
      0.017754867672920227,
      0.016530636698007584,
      0.017326224595308304,
      0.01761525869369507,
      0.01670871116220951,
      0.016505755484104156,
      0.016899093985557556,
      0.01549298595637083,
      0.016698691993951797,
      0.016643304377794266,
      0.017106512561440468,
      0.01609869860112667,
      0.01630035974085331,
      0.016733868047595024,
      0.01663997396826744,
      0.01579536311328411,
      0.015140516683459282,
      0.01636389270424843,
      0.015823248773813248,
      0.016417769715189934,
      0.015731437131762505,
      0.016312748193740845,
      0.016639690846204758,
      0.017521267756819725,
      0.015850074589252472,
      0.016236189752817154,
      0.016147401183843613,
      0.01637878268957138,
      0.015137449838221073,
      0.016536401584744453,
      0.015455213375389576,
      0.016872068867087364,
      0.016221344470977783,
      0.015402314253151417,
      0.014994954690337181,
      0.0160528477281332,
      0.016488777473568916,
      0.016216030344367027,
      0.017250949516892433,
      0.01582268625497818,
      0.015779104083776474,
      0.01598174124956131,
      0.01527729257941246,
      0.01553728524595499,
      0.014813994988799095,
      0.015785038471221924,
      0.015962332487106323,
      0.015265481546521187,
      0.014959964901208878,
      0.014764327555894852,
      0.015775606036186218,
      0.01540470402687788,
      0.015329617075622082,
      0.015304786153137684,
      0.01569494977593422,
      0.014746476896107197,
      0.01616712659597397,
      0.0164067130535841,
      0.014913417398929596,
      0.01575351320207119,
      0.015519915148615837,
      0.015256418846547604,
      0.015291839838027954,
      0.015707561746239662,
      0.015210623852908611,
      0.014952724799513817,
      0.01630999706685543,
      0.015229797922074795,
      0.015082433819770813,
      0.014950191602110863,
      0.0152549734339118,
      0.014556526206433773,
      0.015733692795038223,
      0.014552448876202106,
      0.015500511974096298,
      0.015160900540649891,
      0.014862818643450737,
      0.014799818396568298,
      0.015016382560133934,
      0.014935347251594067,
      0.016365855932235718,
      0.014965998008847237,
      0.015365585684776306,
      0.014161228202283382,
      0.015267119742929935,
      0.014597457833588123,
      0.015759430825710297,
      0.015209421515464783,
      0.015396546572446823,
      0.014454120770096779,
      0.015390477143228054,
      0.014182554557919502,
      0.01489558070898056,
      0.015059662982821465,
      0.015154516324400902,
      0.014720870181918144,
      0.015239045023918152,
      0.01621776632964611,
      0.014113855548202991,
      0.015040438622236252,
      0.015619807876646519,
      0.014867734163999557,
      0.014950723387300968,
      0.015306573361158371,
      0.01580187678337097,
      0.014984621666371822,
      0.014482186175882816,
      0.015342243015766144,
      0.015249502845108509,
      0.014286281540989876,
      0.01425199955701828,
      0.014052449725568295,
      0.014758572913706303,
      0.015813063830137253,
      0.014539552852511406,
      0.014350038953125477,
      0.014470107853412628,
      0.014841379597783089,
      0.014874679036438465,
      0.013858160004019737,
      0.015383678488433361,
      0.014729381538927555,
      0.013965146616101265,
      0.014998061582446098,
      0.014580057002604008,
      0.01563303731381893,
      0.014791656285524368,
      0.014777113683521748,
      0.014699102379381657,
      0.01567935012280941,
      0.015345193445682526,
      0.015299003571271896,
      0.014705400913953781,
      0.01562011893838644,
      0.01395390648394823,
      0.01473256852477789,
      0.014179946854710579,
      0.014522462151944637,
      0.01388307474553585,
      0.01473814994096756,
      0.014837765134871006,
      0.014652915298938751,
      0.014612252824008465,
      0.01554577425122261,
      0.014010889455676079,
      0.01469047274440527,
      0.014349015429615974,
      0.013897579163312912,
      0.015204223804175854,
      0.013959875330328941,
      0.014576002024114132,
      0.013824624940752983,
      0.014774147421121597,
      0.015002693049609661,
      0.014113393612205982,
