{
   "number_epochs": 400,
   "info_used": "use imputation",
   "perc_full_data": 0.04,
   "n_epochs_no_selection": 0,
   "Frequency % cutoff": 0.33,
   "hidden_size": 32,
   "random_state": 14,
   "train_errors": [
      0.4098805785179138,
      0.3061304986476898,
      0.2179429829120636,
      0.14482294023036957,
      0.0856688991189003,
      0.05129377543926239,
      0.045469604432582855,
      0.05944334343075752,
      0.07270784676074982,
      0.06630691885948181,
      0.05450313165783882,
      0.044324807822704315,
      0.038364410400390625,
      0.03720436617732048,
      0.03847084939479828,
      0.04008316993713379,
      0.040489017963409424,
      0.039061300456523895,
      0.036700572818517685,
      0.033726222813129425,
      0.03254912793636322,
      0.03184609115123749,
      0.031852252781391144,
      0.031221317127346992,
      0.03092140704393387,
      0.03048883192241192,
      0.030044494196772575,
      0.030404701828956604,
      0.029133712872862816,
      0.028915615752339363,
      0.028016986325383186,
      0.02718532457947731,
      0.026684407144784927,
      0.02736099250614643,
      0.0260842926800251,
      0.026469571515917778,
      0.02622564136981964,
      0.02693653292953968,
      0.026499327272176743,
      0.026124820113182068,
      0.02715468592941761,
      0.025655321776866913,
      0.0259003434330225,
      0.026213891804218292,
      0.025096744298934937,
      0.02512251026928425,
      0.025501199066638947,
      0.025661084800958633,
      0.02556946873664856,
      0.025921575725078583,
      0.02535611391067505,
      0.025612834841012955,
      0.02550598420202732,
      0.02539324015378952,
      0.025594422593712807,
      0.024154171347618103,
      0.025537831708788872,
      0.024339349940419197,
      0.024403447285294533,
      0.02464408054947853,
      0.02517414465546608,
      0.02514681965112686,
      0.0241432785987854,
      0.024846211075782776,
      0.02432911843061447,
      0.024450136348605156,
      0.024550093337893486,
      0.024324364960193634,
      0.024061383679509163,
      0.024349329993128777,
      0.023927025496959686,
      0.023594340309500694,
      0.024502666667103767,
      0.023688269779086113,
      0.02323945239186287,
      0.02316119708120823,
      0.023745199665427208,
      0.023006832227110863,
      0.023406153544783592,
      0.023459870368242264,
      0.023516187444329262,
      0.024225112050771713,
      0.0234401635825634,
      0.02378530241549015,
      0.02338876575231552,
      0.02438199333846569,
      0.023461775854229927,
      0.02369903028011322,
      0.02321726828813553,
      0.022798584774136543,
      0.023542767390608788,
      0.023584527894854546,
      0.023074921220541,
      0.023281339555978775,
      0.023287242278456688,
      0.022987322881817818,
      0.022876232862472534,
      0.022838525474071503,
      0.022971734404563904,
      0.023539090529084206,
      0.023153390735387802,
      0.0223914235830307,
      0.022949742153286934,
      0.0225315373390913,
      0.022618364542722702,
      0.022586753591895103,
      0.02241545356810093,
      0.02262689918279648,
      0.02225952409207821,
      0.022583583369851112,
      0.022260179743170738,
      0.02244657464325428,
      0.022761130705475807,
      0.023038774728775024,
      0.022662099450826645,
      0.02272058092057705,
      0.02209295518696308,
      0.022711437195539474,
      0.02208859659731388,
      0.023083487525582314,
      0.02208133041858673,
      0.02168343961238861,
      0.021910186856985092,
      0.022494519129395485,
      0.022253578528761864,
      0.020877907052636147,
      0.022087689489126205,
      0.021177256479859352,
      0.022042714059352875,
      0.021581433713436127,
      0.02224164828658104,
      0.02175353839993477,
      0.021612107753753662,
      0.021362293511629105,
      0.02150481380522251,
      0.021611526608467102,
      0.021725011989474297,
      0.021208414807915688,
      0.021986614912748337,
      0.022157248109579086,
      0.02177410200238228,
      0.021629562601447105,
      0.021345818415284157,
      0.021781262010335922,
      0.021555256098508835,
      0.021043427288532257,
      0.022071368992328644,
      0.02149844728410244,
      0.021836204454302788,
      0.02101299911737442,
      0.02137174643576145,
      0.02169165015220642,
      0.02091439813375473,
      0.020640602335333824,
      0.021341051906347275,
      0.021100640296936035,
      0.02101486176252365,
      0.020566610619425774,
      0.02078273706138134,
      0.020815063267946243,
      0.020502304658293724,
      0.021258603781461716,
      0.021077914163470268,
      0.021365897729992867,
      0.02005773037672043,
      0.020892269909381866,
      0.02016102708876133,
      0.020598847419023514,
      0.020374851301312447,
      0.020590513944625854,
      0.02047661691904068,
      0.020001772791147232,
      0.019876552745699883,
      0.019860297441482544,
      0.020919565111398697,
      0.0199052132666111,
      0.02023717761039734,
      0.021138781681656837,
      0.02031717263162136,
      0.020047791302204132,
      0.020154990255832672,
      0.02017025277018547,
      0.020205965265631676,
      0.02010445110499859,
      0.01930728554725647,
      0.02041294239461422,
      0.019614046439528465,
      0.020563136786222458,
      0.01964833028614521,
      0.020197231322526932,
      0.019809316843748093,
      0.02035299688577652,
      0.01956825517117977,
      0.020062098279595375,
      0.01946617104113102,
      0.019340412691235542,
      0.019633306190371513,
      0.018808426335453987,
      0.020184535533189774,
      0.019024409353733063,
      0.020022055134177208,
      0.019529452547430992,
      0.01933477073907852,
      0.01997677981853485,
      0.01937042362987995,
      0.01870725490152836,
      0.01953914202749729,
      0.019035417586565018,
      0.019028114154934883,
      0.019840547814965248,
      0.019003545865416527,
      0.01940862461924553,
      0.019222810864448547,
      0.018551327288150787,
      0.01956513710319996,
      0.019092172384262085,
      0.01882885955274105,
      0.018537946045398712,
      0.018401585519313812,
      0.01892254501581192,
      0.018767355009913445,
      0.01817532256245613,
      0.018915997818112373,
      0.018657729029655457,
      0.01893501915037632,
      0.019099291414022446,
      0.018849464133381844,
      0.018861720338463783,
      0.018188869580626488,
      0.018803123384714127,
      0.019375722855329514,
      0.018418123945593834,
      0.019102422520518303,
      0.018356777727603912,
      0.018626878038048744,
      0.019317012280225754,
      0.018210751935839653,
      0.018775448203086853,
      0.01901274360716343,
      0.017618650570511818,
      0.018302112817764282,
      0.01879137195646763,
      0.017801780253648758,
      0.018297618255019188,
      0.018371913582086563,
      0.018669942393898964,
      0.018563296645879745,
      0.019157158210873604,
      0.018845852464437485,
      0.018708759918808937,
      0.018761878833174706,
      0.018599549308419228,
      0.01859191060066223,
      0.017698882147669792,
      0.01834922656416893,
      0.018204987049102783,
      0.018403111025691032,
      0.019037287682294846,
      0.01798568293452263,
      0.018455106765031815,
      0.017867721617221832,
      0.018022820353507996,
      0.017727846279740334,
      0.018436696380376816,
      0.01795218698680401,
      0.01787891983985901,
      0.01848616451025009,
      0.017360776662826538,
      0.017725255340337753,
      0.018937934190034866,
      0.017883626744151115,
      0.01784309558570385,
      0.017306296154856682,
      0.017787063494324684,
      0.0179242342710495,
      0.017258234322071075,
      0.018000038340687752,
      0.01756959781050682,
      0.01827887073159218,
      0.017952632158994675,
      0.01797381229698658,
      0.018613621592521667,
