{
   "number_epochs": 400,
   "info_used": "use imputation",
   "perc_full_data": 0.04,
   "n_epochs_no_selection": 0,
   "Frequency % cutoff": 0.33,
   "hidden_size": 32,
   "random_state": 1,
   "train_errors": [
      0.2833799421787262,
      0.19400547444820404,
      0.1200019046664238,
      0.06731570512056351,
      0.04386814311146736,
      0.05366211757063866,
      0.06400774419307709,
      0.06034039705991745,
      0.048794157803058624,
      0.04011020436882973,
      0.03690269589424133,
      0.03701433539390564,
      0.03795383498072624,
      0.03831549733877182,
      0.0372697077691555,
      0.03592263534665108,
      0.03337572515010834,
      0.03180350735783577,
      0.029924625530838966,
      0.03020712174475193,
      0.029663821682333946,
      0.02972123585641384,
      0.028877703472971916,
      0.028586333617568016,
      0.028827287256717682,
      0.0295272096991539,
      0.02842974103987217,
      0.02848854847252369,
      0.028006628155708313,
      0.02762972190976143,
      0.026714304462075233,
      0.027410337701439857,
      0.026304427534341812,
      0.02645256742835045,
      0.02543661743402481,
      0.025804460048675537,
      0.025641456246376038,
      0.025242391973733902,
      0.024467332288622856,
      0.02553791180253029,
      0.025087842717766762,
      0.02597934566438198,
      0.025187429040670395,
      0.025674059987068176,
      0.02549423836171627,
      0.025133224204182625,
      0.02570975571870804,
      0.025209248065948486,
      0.0249982550740242,
      0.025371531024575233,
      0.024763168767094612,
      0.025292763486504555,
      0.025044022127985954,
      0.025388162583112717,
      0.02464895509183407,
      0.02574438415467739,
      0.024776605889201164,
      0.025182412937283516,
      0.024324731901288033,
      0.024599019438028336,
      0.025188297033309937,
      0.024081451818346977,
      0.02595151774585247,
      0.024062981829047203,
      0.0241140965372324,
      0.024246428161859512,
      0.024060247465968132,
      0.023907238617539406,
      0.02399892359972,
      0.024863706901669502,
      0.023403948172926903,
      0.023742880672216415,
      0.024192165583372116,
      0.02433794178068638,
      0.024880243465304375,
      0.024397797882556915,
      0.023690946400165558,
      0.023777425289154053,
      0.02322935126721859,
      0.02410345897078514,
      0.024266880005598068,
      0.02415131963789463,
      0.023122571408748627,
      0.023330187425017357,
      0.023381495848298073,
      0.023280465975403786,
      0.0239463709294796,
      0.02340611256659031,
      0.023416509851813316,
      0.023220838978886604,
      0.0224604532122612,
      0.02298816293478012,
      0.022963764145970345,
      0.022620709612965584,
      0.02273702435195446,
      0.022831659764051437,
      0.022775081917643547,
      0.022814538329839706,
      0.022715410217642784,
      0.022666269913315773,
      0.022049717605113983,
      0.0223423819988966,
      0.022497331723570824,
      0.022053280845284462,
      0.02230096235871315,
      0.0218492541462183,
      0.02199121192097664,
      0.022077808156609535,
      0.022373737767338753,
      0.021685143932700157,
      0.0219174325466156,
      0.022294191643595695,
      0.022100403904914856,
      0.021835194900631905,
      0.021576132625341415,
      0.02233175002038479,
      0.021635839715600014,
      0.02207183465361595,
      0.02167593501508236,
      0.021610300987958908,
      0.02149566076695919,
      0.021609434857964516,
      0.021959930658340454,
      0.02170170284807682,
      0.021485382691025734,
      0.0217667818069458,
      0.020826417952775955,
      0.021323639899492264,
      0.020609626546502113,
      0.021647335961461067,
      0.02089577168226242,
      0.02124548889696598,
      0.020723532885313034,
      0.02079726569354534,
      0.020365344360470772,
      0.020881053060293198,
      0.02093018963932991,
      0.020189546048641205,
      0.020660629495978355,
      0.02044992707669735,
      0.020826606079936028,
      0.020917613059282303,
      0.021505389362573624,
      0.02049400471150875,
      0.02031739614903927,
      0.02081286534667015,
      0.02031613513827324,
      0.02116989530622959,
      0.02060593105852604,
      0.020562736317515373,
      0.02003108151257038,
      0.020586784929037094,
      0.02011343091726303,
      0.020411372184753418,
      0.019947711378335953,
      0.01989302784204483,
      0.01970602385699749,
      0.01986490748822689,
      0.020540431141853333,
      0.020104268565773964,
      0.020453963428735733,
      0.020348677411675453,
      0.019991746172308922,
      0.01976008526980877,
      0.01936524175107479,
      0.019453052431344986,
      0.02028662897646427,
      0.02010536380112171,
      0.018835831433534622,
      0.01956697180867195,
      0.01915135234594345,
      0.019240906462073326,
      0.0204288512468338,
      0.01961410418152809,
      0.02015768364071846,
      0.020056309178471565,
      0.020206483080983162,
      0.019385943189263344,
      0.019754283130168915,
      0.019901074469089508,
      0.020067820325493813,
      0.019416941329836845,
      0.019256889820098877,
      0.019140642136335373,
      0.018929166719317436,
      0.019449329003691673,
      0.01882893219590187,
      0.01928204856812954,
      0.01865069940686226,
      0.020421747118234634,
      0.01954564079642296,
      0.01939627341926098,
      0.01905929669737816,
      0.018982719630002975,
      0.01925312727689743,
      0.018711401149630547,
      0.019528083503246307,
      0.019072912633419037,
      0.01934191584587097,
      0.019465578719973564,
      0.01926279440522194,
      0.018755722790956497,
      0.018822457641363144,
      0.018611310049891472,
      0.0192076675593853,
      0.018927764147520065,
      0.01896210014820099,
      0.01928313635289669,
      0.01902117393910885,
      0.01911270059645176,
      0.01856108196079731,
      0.01890435442328453,
      0.01869834214448929,
      0.019834041595458984,
      0.019137166440486908,
      0.018698202446103096,
      0.019184980541467667,
      0.01882263273000717,
      0.01946621760725975,
      0.01890774443745613,
      0.0190671868622303,
      0.018787330016493797,
      0.01861783303320408,
      0.018137076869606972,
      0.018138820305466652,
      0.01868087239563465,
      0.018008552491664886,
      0.018984410911798477,
      0.01921766810119152,
      0.01819000579416752,
      0.018172455951571465,
      0.01892649382352829,
      0.01935557648539543,
      0.017783300951123238,
      0.019219454377889633,
      0.018539490178227425,
      0.018764948472380638,
      0.01813260093331337,
      0.018674379214644432,
      0.0182399470359087,
      0.018634092062711716,
      0.01809222809970379,
      0.018939698114991188,
      0.018531424924731255,
      0.019479217007756233,
      0.018178187310695648,
      0.01863941177725792,
      0.018679939210414886,
      0.01809222437441349,
      0.018880197778344154,
      0.019198955968022346,
      0.0187139380723238,
      0.018708957359194756,
      0.018315639346837997,
      0.01803441159427166,
      0.0188333410769701,
      0.01831490732729435,
      0.01883719302713871,
      0.018127355724573135,
      0.018683183938264847,
      0.018660210072994232,
      0.01835065521299839,
      0.018348023295402527,
      0.019504694268107414,
      0.01828724332153797,
      0.018020739778876305,
      0.01809278316795826,
      0.017423788085579872,
      0.018707405775785446,
      0.018383171409368515,
      0.01793050207197666,
      0.0179499089717865,
      0.017608249559998512,
      0.01761622168123722,
      0.018078308552503586,
      0.018304292112588882,
      0.017002172768115997,
      0.017544079571962357,
      0.017992690205574036,
      0.018407898023724556,
      0.019194789230823517,
      0.018092021346092224,
      0.01814919523894787,
