{
   "number_epochs": 400,
   "info_used": "use imputation",
   "perc_full_data": 0.04,
   "n_epochs_no_selection": 0,
   "Frequency % cutoff": 0.33,
   "hidden_size": 32,
   "random_state": 0,
   "train_errors": [
      0.4160940945148468,
      0.2888820171356201,
      0.18422110378742218,
      0.1048283651471138,
      0.0636562779545784,
      0.06851684302091599,
      0.08609308302402496,
      0.09405522048473358,
      0.07466406375169754,
      0.057226259261369705,
      0.04660918563604355,
      0.04488503560423851,
      0.04643230512738228,
      0.04663844034075737,
      0.04680044203996658,
      0.04545801132917404,
      0.04180941730737686,
      0.038361940532922745,
      0.03574731945991516,
      0.03597318381071091,
      0.035844650119543076,
      0.035410527139902115,
      0.034647852182388306,
      0.03254754841327667,
      0.03096453845500946,
      0.029811332002282143,
      0.02977064996957779,
      0.02896684780716896,
      0.028908085078001022,
      0.0283674243837595,
      0.02706870064139366,
      0.02735908329486847,
      0.026680780574679375,
      0.026028085500001907,
      0.026869289577007294,
      0.02586493082344532,
      0.02623520791530609,
      0.026642953976988792,
      0.02668558433651924,
      0.02606077305972576,
      0.02584441937506199,
      0.025690091773867607,
      0.02580813318490982,
      0.026199299842119217,
      0.025815853849053383,
      0.025728268548846245,
      0.025989554822444916,
      0.025224139913916588,
      0.025183847174048424,
      0.026370404288172722,
      0.025354892015457153,
      0.025064093992114067,
      0.025295168161392212,
      0.025446202605962753,
      0.025931017473340034,
      0.02533608488738537,
      0.02470773085951805,
      0.025085914880037308,
      0.02499573677778244,
      0.02559206821024418,
      0.024870531633496284,
      0.02438100427389145,
      0.024560097604990005,
      0.024088075384497643,
      0.02348436787724495,
      0.024694431573152542,
      0.024440333247184753,
      0.02386353351175785,
      0.023518960922956467,
      0.024449575692415237,
      0.023287536576390266,
      0.02312084287405014,
      0.023591872304677963,
      0.023049401119351387,
      0.02397443726658821,
      0.023708419874310493,
      0.023781495168805122,
      0.023825446143746376,
      0.023255862295627594,
      0.024318218231201172,
      0.023175233975052834,
      0.023236820474267006,
      0.02414664998650551,
      0.023141520097851753,
      0.022483550012111664,
      0.02276117354631424,
      0.023106692358851433,
      0.022629480808973312,
      0.022626053541898727,
      0.02333013340830803,
      0.023024369031190872,
      0.022289616987109184,
      0.022384634241461754,
      0.023175884038209915,
      0.021760184317827225,
      0.022359076887369156,
      0.022858621552586555,
      0.02229970321059227,
      0.02220667339861393,
      0.02239845134317875,
      0.021273711696267128,
      0.021991034969687462,
      0.020931214094161987,
      0.02168683521449566,
      0.02149301953613758,
      0.020905233919620514,
      0.022094620391726494,
      0.022481728345155716,
      0.02162376418709755,
      0.02204442396759987,
      0.021118881180882454,
      0.02070026844739914,
      0.02107611671090126,
      0.02111433632671833,
      0.019948484376072884,
      0.02074759267270565,
      0.020396782085299492,
      0.019963879138231277,
      0.02074177749454975,
      0.0202844999730587,
      0.01974673569202423,
      0.02009788528084755,
      0.020596664398908615,
      0.01995343156158924,
      0.01997024565935135,
      0.019381863996386528,
      0.019485579803586006,
      0.019352996721863747,
      0.01902836002409458,
      0.019151560962200165,
      0.018943777307868004,
      0.018654735758900642,
      0.01823832467198372,
      0.01926262304186821,
      0.018601112067699432,
      0.017708271741867065,
      0.01827194355428219,
      0.01807072013616562,
      0.017969556152820587,
      0.018271036446094513,
      0.017809825018048286,
      0.01737324893474579,
      0.017461242154240608,
      0.01708892174065113,
      0.01790802739560604,
      0.017369111999869347,
      0.016199085861444473,
      0.016840778291225433,
      0.016240419819951057,
      0.016666216775774956,
      0.015271849930286407,
      0.016377700492739677,
      0.01565410941839218,
      0.015967069193720818,
      0.014915519393980503,
      0.015623033978044987,
      0.014679892919957638,
      0.014504753984510899,
      0.01423132885247469,
      0.015043670311570168,
      0.015288875438272953,
      0.015111912041902542,
      0.014515404589474201,
      0.01412284281104803,
      0.014487023465335369,
      0.014518322423100471,
      0.013904419727623463,
      0.014139722101390362,
      0.01311221718788147,
      0.012972946278750896,
      0.013013169169425964,
      0.012821969576179981,
      0.01247786357998848,
      0.0133429616689682,
      0.013654130510985851,
      0.012862480245530605,
      0.012704324908554554,
      0.013103996403515339,
      0.012098782695829868,
      0.012541813775897026,
      0.012184461578726768,
      0.013035556301474571,
      0.012013151310384274,
      0.010736126452684402,
      0.011537270620465279,
      0.0122475391253829,
      0.011300811544060707,
      0.011053651571273804,
      0.013233570381999016,
      0.010064263828098774,
      0.010644431225955486,
      0.011740386486053467,
      0.011365128681063652,
      0.011615470051765442,
      0.011245119385421276,
      0.010420474223792553,
      0.010415451601147652,
      0.01012338511645794,
      0.010493049398064613,
      0.011030497029423714,
      0.010466214269399643,
      0.009653951041400433,
      0.010913289152085781,
      0.009825071319937706,
      0.010348290205001831,
      0.008711068890988827,
      0.010736367665231228,
      0.009892815724015236,
      0.010241645388305187,
      0.009494260884821415,
      0.00917904544621706,
      0.010082531720399857,
      0.009361262433230877,
      0.009009266272187233,
      0.008968205191195011,
      0.008781307376921177,
      0.009495972655713558,
      0.00921535398811102,
      0.009062620811164379,
      0.00990642886608839,
      0.009428846649825573,
      0.008855855092406273,
      0.008408146910369396,
      0.008517290465533733,
      0.009607730433344841,
      0.008286758325994015,
      0.008261620998382568,
      0.008818430826067924,
      0.006883326917886734,
      0.008925712667405605,
      0.008486027829349041,
      0.008249858394265175,
      0.007486442103981972,
      0.006978193297982216,
      0.009063318371772766,
      0.008039405569434166,
      0.009500140324234962,
      0.007036156486719847,
      0.006954893935471773,
      0.007449207827448845,
      0.00850612297654152,
      0.007081400137394667,
      0.007196757942438126,
      0.00860677007585764,
      0.008974025957286358,
      0.007973448373377323,
      0.007499389350414276,
      0.007452852558344603,
      0.007486029993742704,
      0.007318256422877312,
      0.007180596236139536,
      0.0076402840204536915,
      0.0071778204292058945,
      0.007261789869517088,
      0.006197513081133366,
      0.008246607147157192,
      0.006858601700514555,
      0.006846968550235033,
      0.007568735163658857,
      0.006991884205490351,
      0.007098557893186808,
      0.007030718959867954,
      0.007657086476683617,
      0.00719598401337862,
      0.0075760106556117535,
      0.006346615497022867,
      0.006553149316459894,
      0.006951167248189449,
      0.006711277645081282,
      0.006160818040370941,
      0.007084117271006107,
      0.0073712607845664024,
      0.007030044216662645,
      0.006286023650318384,
      0.006683825049549341,
      0.00691800145432353,
      0.006204863078892231,
      0.00621387641876936,
      0.006261523347347975,
      0.006260579917579889,
      0.008338161744177341,
