{
   "number_epochs": 400,
   "info_used": "use imputation",
   "perc_full_data": 0.04,
   "n_epochs_no_selection": 0,
   "Frequency % cutoff": 0.33,
   "hidden_size": 32,
   "random_state": 4,
   "train_errors": [
      0.2840861976146698,
      0.20629021525382996,
      0.1392332911491394,
      0.08931339532136917,
      0.0635424479842186,
      0.06304220110177994,
      0.07247745245695114,
      0.07316611707210541,
      0.06387631595134735,
      0.05288553982973099,
      0.046588119119405746,
      0.04600062221288681,
      0.04608007147908211,
      0.04548291116952896,
      0.044173095375299454,
      0.041746899485588074,
      0.040043946355581284,
      0.03731149062514305,
      0.03596297279000282,
      0.035325467586517334,
      0.035561494529247284,
      0.03542417660355568,
      0.03395647555589676,
      0.032320890575647354,
      0.031904276460409164,
      0.03192109242081642,
      0.03110307641327381,
      0.03037162311375141,
      0.03071032650768757,
      0.02961873635649681,
      0.02937198430299759,
      0.028194718062877655,
      0.028489410877227783,
      0.02834312990307808,
      0.02709847502410412,
      0.026746340095996857,
      0.02660588175058365,
      0.026380406692624092,
      0.02585962414741516,
      0.025998679921030998,
      0.025540683418512344,
      0.024504614993929863,
      0.025026267394423485,
      0.024464579299092293,
      0.024997659027576447,
      0.024068690836429596,
      0.023731447756290436,
      0.02292565442621708,
      0.022919442504644394,
      0.023013435304164886,
      0.023397453129291534,
      0.022846415638923645,
      0.023263132199645042,
      0.022137001156806946,
      0.022293725982308388,
      0.021709991618990898,
      0.021752305328845978,
      0.021520493552088737,
      0.022081930190324783,
      0.021763654425740242,
      0.020868942141532898,
      0.02078625001013279,
      0.020474988967180252,
      0.020892474800348282,
      0.020853683352470398,
      0.020922621712088585,
      0.02016609162092209,
      0.020760968327522278,
      0.020210880786180496,
      0.019930312409996986,
      0.019781839102506638,
      0.020414847880601883,
      0.019969305023550987,
      0.01991017907857895,
      0.019447823986411095,
      0.019672192633152008,
      0.01940765604376793,
      0.018563073128461838,
      0.019374312832951546,
      0.019132167100906372,
      0.017940424382686615,
      0.018587494269013405,
      0.017812665551900864,
      0.01810270920395851,
      0.01807861402630806,
      0.01800309307873249,
      0.01693948358297348,
      0.016096040606498718,
      0.01715177111327648,
      0.017749307677149773,
      0.01674443669617176,
      0.016584357246756554,
      0.016093987971544266,
      0.017083168029785156,
      0.015804950147867203,
      0.015931617468595505,
      0.015008985064923763,
      0.015403235331177711,
      0.01523120328783989,
      0.015368746593594551,
      0.015888217836618423,
      0.01513678953051567,
      0.014865974895656109,
      0.014708713628351688,
      0.014236207120120525,
      0.01477255392819643,
      0.014077950268983841,
      0.013423950411379337,
      0.013690657913684845,
      0.013571853749454021,
      0.013221215456724167,
      0.01318125706166029,
      0.013854503631591797,
      0.013008478097617626,
      0.012880991213023663,
      0.012875637970864773,
      0.012987636029720306,
      0.012756653130054474,
      0.013395323418080807,
      0.012454105541110039,
      0.01225283369421959,
      0.012131646275520325,
      0.01124909333884716,
      0.01178313884884119,
      0.0112511171028018,
      0.01200764812529087,
      0.011846639215946198,
      0.01165128406137228,
      0.011343522928655148,
      0.0120773920789361,
      0.010556822642683983,
      0.011073912493884563,
      0.009826930239796638,
      0.009989331476390362,
      0.010535968467593193,
      0.009737190790474415,
      0.009853154420852661,
      0.009466088376939297,
      0.009919721633195877,
      0.009055760689079762,
      0.008747336454689503,
      0.008714146912097931,
      0.010253512300550938,
      0.008743317797780037,
      0.009853809140622616,
      0.009369142353534698,
      0.009324075654149055,
      0.008796431124210358,
      0.00953225139528513,
      0.009122759103775024,
      0.009366475045681,
      0.009451267309486866,
      0.009140167385339737,
      0.00833147019147873,
      0.008755608461797237,
      0.009233147837221622,
      0.009332227520644665,
      0.009275208227336407,
      0.009075485169887543,
      0.008685161359608173,
      0.008775320835411549,
      0.008861063979566097,
      0.008042795583605766,
      0.008972713723778725,
      0.00910350400954485,
      0.008860965259373188,
      0.008270087651908398,
      0.008791686035692692,
      0.008022327907383442,
      0.008689815178513527,
      0.00868344958871603,
      0.008478056639432907,
      0.008833244442939758,
      0.008096457459032536,
      0.00849637109786272,
      0.008588600903749466,
      0.008574471808969975,
      0.008141967467963696,
      0.008694687858223915,
      0.00816535484045744,
      0.008596701547503471,
      0.00843141507357359,
      0.008532529696822166,
      0.00904384907335043,
      0.00812266394495964,
      0.0082811638712883,
      0.008069580420851707,
      0.008451518602669239,
      0.008661754429340363,
      0.008212232030928135,
      0.008488576859235764,
      0.008497543632984161,
      0.008472437970340252,
      0.00822659395635128,
      0.008247824385762215,
      0.008211156353354454,
      0.008312140591442585,
      0.007398343179374933,
      0.008052009157836437,
      0.008448214270174503,
      0.007928361184895039,
      0.007993984036147594,
      0.007955297827720642,
      0.007863284088671207,
      0.007769500371068716,
      0.007853655144572258,
      0.008074129931628704,
      0.007642063777893782,
      0.0077956304885447025,
      0.007998055778443813,
      0.007761143147945404,
      0.007884999737143517,
      0.007991453632712364,
      0.00731505686417222,
      0.00788691733032465,
      0.00769362086430192,
      0.00769218010827899,
      0.0078106774017214775,
      0.007295261137187481,
      0.007745030336081982,
      0.0076038409024477005,
      0.007103702053427696,
      0.006904873996973038,
      0.007319723255932331,
      0.007179616019129753,
      0.007669021375477314,
      0.007610270753502846,
      0.007416218984872103,
      0.0073048388585448265,
      0.007694722153246403,
      0.007566586136817932,
      0.007553028408437967,
      0.007707873359322548,
      0.0071676261723041534,
      0.007611964829266071,
      0.00743798166513443,
      0.007570990826934576,
      0.006943582557141781,
      0.007347870618104935,
      0.006765172351151705,
      0.007090593222528696,
      0.007334709167480469,
      0.007274848874658346,
      0.00705448305234313,
      0.007090758066624403,
      0.007174322847276926,
      0.0072328150272369385,
      0.00759391812607646,
      0.007294160779565573,
      0.0070787756703794,
      0.00688131432980299,
      0.007487851660698652,
      0.007032379973679781,
      0.0068689193576574326,
      0.007155829109251499,
      0.007047541905194521,
      0.006998149212449789,
      0.006542855873703957,
      0.007120880298316479,
      0.006981626618653536,
      0.006925521418452263,
      0.006559355650097132,
      0.006903367582708597,
      0.006643974222242832,
      0.006825539283454418,
      0.00680609280243516,
      0.006842425558716059,
      0.006766186561435461,
      0.00691950460895896,
      0.00718618743121624,
      0.006677429191768169,
      0.006791669875383377,
      0.007418547756969929,
      0.00678602047264576,
      0.007103169336915016,
      0.006954152137041092,
      0.006965709384530783,
      0.006594906095415354,
      0.0062472764402627945,
      0.006710126996040344,
