{
   "number_epochs": 300,
   "info_used": "partial info",
   "perc_full_data": 0.3,
   "n_epochs_no_selection": 0,
   "Frequency % cutoff": 0.3,
   "hidden_size": 32,
   "random_state": 1,
   "train_errors": [
      0.05373784527182579,
      0.052184585481882095,
      0.051727909594774246,
      0.05033677816390991,
      0.050192683935165405,
      0.049431752413511276,
      0.048583149909973145,
      0.048311591148376465,
      0.04822327941656113,
      0.04740440100431442,
      0.04718587175011635,
      0.046957455575466156,
      0.04710662364959717,
      0.04596399515867233,
      0.046093009412288666,
      0.045505866408348083,
      0.04516134411096573,
      0.04498942568898201,
      0.04483827203512192,
      0.0443403497338295,
      0.04422392323613167,
      0.043808069080114365,
      0.0433821827173233,
      0.042488690465688705,
      0.042180828750133514,
      0.042673639953136444,
      0.041288696229457855,
      0.041783470660448074,
      0.04142867401242256,
      0.04003457725048065,
      0.03981701284646988,
      0.03989506885409355,
      0.038661301136016846,
      0.037559252232313156,
      0.03817402571439743,
      0.037619225680828094,
      0.0370943583548069,
      0.03663163632154465,
      0.03549172729253769,
      0.035756729543209076,
      0.03491882234811783,
      0.03397032991051674,
      0.034668900072574615,
      0.03305954486131668,
      0.03262258693575859,
      0.03275681287050247,
      0.03145594149827957,
      0.031285349279642105,
      0.030906708911061287,
      0.030309371650218964,
      0.028733761981129646,
      0.03074236400425434,
      0.028690215200185776,
      0.029288267716765404,
      0.027546154335141182,
      0.029603006318211555,
      0.027057664468884468,
      0.027450062334537506,
      0.02705993875861168,
      0.0254448764026165,
      0.025045258924365044,
      0.02546175941824913,
      0.02604767493903637,
      0.024014856666326523,
      0.024510590359568596,
      0.02412627823650837,
      0.02326151542365551,
      0.022822178900241852,
      0.022994456812739372,
      0.02136841230094433,
      0.02174168825149536,
      0.020330535247921944,
      0.02179795131087303,
      0.020158717408776283,
      0.019802730530500412,
      0.020134616643190384,
      0.0192263163626194,
      0.02022414840757847,
      0.019074901938438416,
      0.0175012219697237,
      0.01846476085484028,
      0.017267748713493347,
      0.01714043878018856,
      0.017322268337011337,
      0.017558341845870018,
      0.01631573960185051,
      0.01628880761563778,
      0.017586268484592438,
      0.016425415873527527,
      0.01554028782993555,
      0.01573287695646286,
      0.01501605473458767,
      0.015121358446776867,
      0.014661673456430435,
      0.01438878383487463,
      0.01652979478240013,
      0.01333886943757534,
      0.014293337240815163,
      0.01458800956606865,
      0.013783813454210758,
      0.014331291429698467,
      0.014699820429086685,
      0.013191874139010906,
      0.011647899635136127,
      0.01274388562887907,
      0.012804272584617138,
      0.01207581628113985,
      0.012095259502530098,
      0.012262634932994843,
      0.012370247393846512,
      0.011691086925566196,
      0.012374209240078926,
      0.012066669762134552,
      0.012507323175668716,
      0.011266995221376419,
      0.011666106060147285,
      0.010926272720098495,
      0.011084631085395813,
      0.009928621351718903,
      0.010531347244977951,
      0.011135319247841835,
      0.01078456174582243,
      0.010370043106377125,
      0.01043761521577835,
      0.009659804403781891,
      0.010076445527374744,
      0.010860037989914417,
      0.010400856845080853,
      0.0090786162763834,
      0.009904557839035988,
      0.00913073681294918,
      0.009524809196591377,
      0.008693727664649487,
      0.008896661922335625,
      0.008700842969119549,
      0.009242125786840916,
      0.009030385874211788,
      0.008038734085857868,
      0.00906383991241455,
      0.008901082910597324,
      0.00868572760373354,
      0.008507514372467995,
      0.008293386548757553,
      0.008744626305997372,
      0.008134465664625168,
      0.007751818280667067,
      0.008442830294370651,
      0.007794743403792381,
      0.008254178799688816,
      0.007698609493672848,
      0.007887214422225952,
      0.008537323214113712,
      0.007675068452954292,
      0.007267193403095007,
      0.007353067398071289,
      0.007021844387054443,
      0.006823746021836996,
      0.006592756137251854,
      0.007394877728074789,
      0.007672531995922327,
      0.0075660948641598225,
      0.006652474869042635,
      0.0061447578482329845,
      0.006815512664616108,
      0.0067861611023545265,
      0.006150038912892342,
      0.006606127601116896,
      0.006796564441174269,
      0.0064088706858456135,
      0.006375009194016457,
      0.006363914348185062,
      0.005566979292780161,
      0.0051857163198292255,
      0.005910099949687719,
      0.006215550471097231,
      0.006514394655823708,
      0.005876592826098204,
      0.006102925632148981,
      0.005429447162896395,
      0.006029213313013315,
      0.005387705285102129,
      0.005973746068775654,
      0.006265066098421812,
      0.006280298810452223,
      0.00577497435733676,
      0.005052976775914431,
      0.006039869040250778,
      0.004874685313552618,
      0.004565248731523752,
      0.005404607858508825,
      0.004459332674741745,
      0.005173135548830032,
      0.005202155560255051,
      0.004832848906517029,
      0.005456774961203337,
      0.004728579428046942,
      0.005219470709562302,
      0.005066668149083853,
      0.00527808116748929,
      0.0045027765445411205,
      0.00438997196033597,
      0.004940728656947613,
      0.005615692585706711,
      0.00545148178935051,
      0.006231524515897036,
      0.005792593117803335,
      0.004273162689059973,
      0.004245546646416187,
      0.004743923433125019,
      0.00518052838742733,
      0.004461541771888733,
      0.004337005782872438,
      0.004282910376787186,
      0.005365041084587574,
      0.004729690030217171,
      0.004692204296588898,
      0.0037756958045065403,
      0.004134809598326683,
      0.003981980495154858,
      0.0044386545196175575,
      0.004168285522609949,
      0.003975623287260532,
      0.004329370800405741,
      0.004229796584695578,
      0.004488885868340731,
      0.004431450739502907,
      0.0038802989292889833,
      0.004888045601546764,
      0.004389712121337652,
      0.004033376462757587,
      0.0038352373521775007,
      0.004811324644833803,
      0.003670718288049102,
      0.004549169912934303,
      0.00394853949546814,
      0.004594245459884405,
      0.005689855199307203,
      0.0040344796143472195,
      0.004042245447635651,
      0.003463837318122387,
      0.004304330796003342,
      0.003843882819637656,
      0.004292708355933428,
      0.00432455912232399,
      0.0038725880440324545,
      0.0037900833413004875,
      0.004293109755963087,
      0.0037210513837635517,
      0.0035551325418055058,
      0.0041173179633915424,
      0.003470897674560547,
      0.004317629151046276,
      0.003873581299558282,
      0.003948704805225134,
      0.003865886712446809,
      0.0036646858789026737,
      0.004038332495838404,
      0.0029305240605026484,
      0.00366701977327466,
      0.003912289161235094,
      0.004432288929820061,
      0.0031801608856767416,
      0.0035327773075550795,
      0.004420315846800804,
      0.0029457586351782084,
      0.0034962401259690523,
      0.003184729488566518,
      0.003559742821380496,
      0.0034692098852247,
      0.00302927871234715,
      0.0038674466777592897,
      0.0032810408156365156,
      0.0040006255730986595,
      0.0037205019034445286,
      0.004131665453314781,
      0.004085451830178499,
      0.0036957927513867617,
      0.0033648780081421137,
      0.0031686960719525814,
