{
   "number_epochs": 300,
   "info_used": "partial info",
   "perc_full_data": 0.3,
   "n_epochs_no_selection": 0,
   "Frequency % cutoff": 0.3,
   "hidden_size": 32,
   "random_state": 2,
   "train_errors": [
      0.14323435723781586,
      0.13774894177913666,
      0.13202762603759766,
      0.1274155229330063,
      0.12159259617328644,
      0.11651714146137238,
      0.11218031495809555,
      0.10738720744848251,
      0.10317069292068481,
      0.09892524033784866,
      0.09583283215761185,
      0.09188634157180786,
      0.08884497731924057,
      0.08604872971773148,
      0.08334445208311081,
      0.08067324757575989,
      0.07822433114051819,
      0.07625619322061539,
      0.0748322382569313,
      0.07324223220348358,
      0.07111362367868423,
      0.06957913190126419,
      0.06834637373685837,
      0.06647539883852005,
      0.06607593595981598,
      0.06499894708395004,
      0.06326491385698318,
      0.06290861964225769,
      0.06134536862373352,
      0.060717128217220306,
      0.0591118149459362,
      0.05729007348418236,
      0.056947167962789536,
      0.05566195026040077,
      0.05485699698328972,
      0.05321028083562851,
      0.0525004044175148,
      0.051447391510009766,
      0.05084395781159401,
      0.04973137751221657,
      0.04866888374090195,
      0.04804312810301781,
      0.04719360172748566,
      0.04578036814928055,
      0.04573722928762436,
      0.045792803168296814,
      0.04465906322002411,
      0.04395795613527298,
      0.04312988743185997,
      0.04262377694249153,
      0.04285208508372307,
      0.04169410467147827,
      0.04096231982111931,
      0.040706485509872437,
      0.04109079763293266,
      0.04105301573872566,
      0.039212919771671295,
      0.03952880948781967,
      0.0380471833050251,
      0.0380866564810276,
      0.03690188378095627,
      0.036536913365125656,
      0.03560924902558327,
      0.035503603518009186,
      0.03509330376982689,
      0.03453536331653595,
      0.033563368022441864,
      0.03370874375104904,
      0.033218856900930405,
      0.032475151121616364,
      0.0313371904194355,
      0.030734943225979805,
      0.030066173523664474,
      0.029972612857818604,
      0.029560944065451622,
      0.028938818722963333,
      0.02845725603401661,
      0.02764551341533661,
      0.027112290263175964,
      0.026474254205822945,
      0.026752455160021782,
      0.02527136169373989,
      0.026192745193839073,
      0.024769170209765434,
      0.02411625348031521,
      0.024226615205407143,
      0.024890678003430367,
      0.023274824023246765,
      0.02195623144507408,
      0.022862713783979416,
      0.0228611771017313,
      0.02170250192284584,
      0.020871486514806747,
      0.021691901609301567,
      0.02063475176692009,
      0.020475395023822784,
      0.020800432190299034,
      0.01966753788292408,
      0.01977708376944065,
      0.018847422674298286,
      0.01971963606774807,
      0.01862466149032116,
      0.017807714641094208,
      0.01971415989100933,
      0.01844506338238716,
      0.017915360629558563,
      0.017415720969438553,
      0.017681224271655083,
      0.017511382699012756,
      0.017460498958826065,
      0.016818970441818237,
      0.016240283846855164,
      0.016853224486112595,
      0.01733723096549511,
      0.016302822157740593,
      0.016359563916921616,
      0.01654301956295967,
      0.017908664420247078,
      0.014981299638748169,
      0.014882588759064674,
      0.015559829771518707,
      0.015247467905282974,
      0.015938587486743927,
      0.015634853392839432,
      0.015043655410408974,
      0.01563628576695919,
      0.014846863225102425,
      0.014687636867165565,
      0.015819083899259567,
      0.01427376363426447,
      0.015777522698044777,
      0.01460342574864626,
      0.014710212126374245,
      0.013800266198813915,
      0.014389643445611,
      0.014064930379390717,
      0.01466502994298935,
      0.013427352532744408,
      0.014593519270420074,
      0.014804454520344734,
      0.013721281662583351,
      0.013924751430749893,
      0.013844471424818039,
      0.013162266463041306,
      0.013396861962974072,
      0.013762211427092552,
      0.012399279512465,
      0.012566003948450089,
      0.013138027861714363,
      0.01334651280194521,
      0.013012675568461418,
      0.013290869072079659,
      0.012804507277905941,
      0.013956139795482159,
      0.013196400366723537,
      0.012205797247588634,
      0.01254420354962349,
      0.012664033100008965,
      0.012037592940032482,
      0.011619195342063904,
      0.012513664551079273,
      0.012492763809859753,
      0.011889235116541386,
      0.013056810013949871,
      0.01248672604560852,
      0.011360892094671726,
      0.01177855022251606,
      0.012203313410282135,
      0.011555216275155544,
      0.011236440390348434,
      0.011870338581502438,
      0.011799267493188381,
      0.011770102195441723,
      0.012116548605263233,
      0.011450330726802349,
      0.01224454864859581,
      0.011013363488018513,
      0.01146315410733223,
      0.010785792954266071,
      0.012133209966123104,
      0.010882271453738213,
      0.011526535265147686,
      0.011031371541321278,
      0.010845082812011242,
      0.01086417306214571,
      0.011568179354071617,
      0.011285966262221336,
      0.01157459244132042,
      0.011438130401074886,
      0.011241566389799118,
      0.010248349979519844,
      0.010263899341225624,
      0.011116153560578823,
      0.009205256588757038,
      0.010492742992937565,
      0.009980924427509308,
      0.010226347483694553,
      0.008806001394987106,
      0.009923463687300682,
      0.009602664969861507,
      0.009824816137552261,
      0.008884653449058533,
      0.009633433073759079,
      0.008946315385401249,
      0.010419719852507114,
      0.009107100777328014,
      0.008923720568418503,
      0.008624399080872536,
      0.009254511445760727,
      0.009362674318253994,
      0.00920287985354662,
      0.008894402533769608,
      0.009549299255013466,
      0.009011487476527691,
      0.009594250470399857,
      0.008362811990082264,
      0.008655313402414322,
      0.009922654367983341,
      0.00956545490771532,
      0.007973816245794296,
      0.007914180867373943,
      0.008818431757390499,
      0.009055715054273605,
      0.008037726394832134,
      0.008868345059454441,
      0.008838722482323647,
      0.008745300583541393,
      0.008295722305774689,
      0.00859341025352478,
      0.007962069474160671,
      0.00785153266042471,
      0.007952796295285225,
      0.007620685733854771,
      0.007928277365863323,
      0.008531725965440273,
      0.008410242386162281,
      0.0075414287857711315,
      0.0079549141228199,
      0.007525361143052578,
      0.007633939851075411,
      0.008258948102593422,
      0.007552322465926409,
      0.007215667981654406,
      0.007141032721847296,
      0.0073422761633992195,
      0.007434348575770855,
      0.007468918804079294,
      0.007807569578289986,
      0.00727813970297575,
      0.007817648351192474,
      0.007056700997054577,
      0.007184401620179415,
      0.007194878533482552,
      0.006912310607731342,
      0.006981351878494024,
      0.006954904180020094,
      0.006636491511017084,
      0.0072345975786447525,
      0.006870205979794264,
      0.006723822560161352,
      0.006779111456125975,
      0.006672216113656759,
      0.0069032590836286545,
      0.0061125741340219975,
      0.006350553594529629,
      0.006709583569318056,
      0.006653191056102514,
      0.007115596439689398,
      0.006895745638757944,
      0.006458129268139601,
      0.00632595457136631,
      0.006356623023748398,
      0.005831713788211346,
      0.006543109193444252,
      0.0065304869785904884,
      0.006544313859194517,
      0.0057992031797766685,
      0.005992505699396133,
      0.006091297138482332,
      0.005700056441128254,
      0.006207203026860952,
