{
   "number_epochs": 300,
   "info_used": "partial info",
   "perc_full_data": 0.3,
   "n_epochs_no_selection": 0,
   "Frequency % cutoff": 0.3,
   "hidden_size": 32,
   "random_state": 12,
   "train_errors": [
      0.0596684031188488,
      0.057173021137714386,
      0.05503517761826515,
      0.053754791617393494,
      0.0524609312415123,
      0.051460180431604385,
      0.050690703094005585,
      0.050314340740442276,
      0.0499485582113266,
      0.050285641103982925,
      0.05075395852327347,
      0.0499442033469677,
      0.049647219479084015,
      0.049747660756111145,
      0.0496627502143383,
      0.048478949815034866,
      0.04839804023504257,
      0.048536837100982666,
      0.04748781770467758,
      0.04747448116540909,
      0.04644111543893814,
      0.04687362164258957,
      0.04620993137359619,
      0.04606761783361435,
      0.045302342623472214,
      0.045678697526454926,
      0.0449029915034771,
      0.044948384165763855,
      0.044631004333496094,
      0.044383928179740906,
      0.04418414086103439,
      0.043719176203012466,
      0.04325723648071289,
      0.04285430908203125,
      0.042734723538160324,
      0.04164658859372139,
      0.04162193834781647,
      0.0417599231004715,
      0.040575236082077026,
      0.04085033759474754,
      0.039999403059482574,
      0.03995181620121002,
      0.039032865315675735,
      0.0389147512614727,
      0.03780962899327278,
      0.03805314376950264,
      0.03707175701856613,
      0.03699322044849396,
      0.0364978164434433,
      0.03646266087889671,
      0.0358954593539238,
      0.03551627695560455,
      0.03579278662800789,
      0.03511853516101837,
      0.032759327441453934,
      0.03321770206093788,
      0.033183131366968155,
      0.032548487186431885,
      0.03160500526428223,
      0.03133140876889229,
      0.03162973001599312,
      0.030810024589300156,
      0.030344240367412567,
      0.029722250998020172,
      0.029347866773605347,
      0.028977075591683388,
      0.028481293469667435,
      0.02774285152554512,
      0.029228851199150085,
      0.027163494378328323,
      0.027157949283719063,
      0.026448121294379234,
      0.025956742465496063,
      0.025416763499379158,
      0.025264764204621315,
      0.024882256984710693,
      0.02475621923804283,
      0.02516648732125759,
      0.024306725710630417,
      0.023603808134794235,
      0.022307295352220535,
      0.023686299100518227,
      0.02274610847234726,
      0.02312624081969261,
      0.020935039967298508,
      0.022470824420452118,
      0.021224142983555794,
      0.02109612710773945,
      0.02062646672129631,
      0.019712602719664574,
      0.019429819658398628,
      0.018212389200925827,
      0.019649377092719078,
      0.018184803426265717,
      0.01841188408434391,
      0.01864578202366829,
      0.018031608313322067,
      0.017381275072693825,
      0.01677994430065155,
      0.01741437241435051,
      0.017636625096201897,
      0.017249027267098427,
      0.01716569811105728,
      0.01651657745242119,
      0.015844285488128662,
      0.015927162021398544,
      0.015619228594005108,
      0.014277845621109009,
      0.014495464973151684,
      0.01429011020809412,
      0.01347021572291851,
      0.013070347718894482,
      0.013795639388263226,
      0.012798186391592026,
      0.013254467397928238,
      0.01249593123793602,
      0.011798244901001453,
      0.012714645825326443,
      0.01235310547053814,
      0.010842205956578255,
      0.011194482445716858,
      0.010465758852660656,
      0.010948378592729568,
      0.011052671819925308,
      0.012344742193818092,
      0.010381153784692287,
      0.010486285202205181,
      0.009706144221127033,
      0.010793734341859818,
      0.009301947429776192,
      0.009419020265340805,
      0.008763403631746769,
      0.00906456634402275,
      0.009239615872502327,
      0.009266573935747147,
      0.009632673114538193,
      0.009009170345962048,
      0.009282337501645088,
      0.008924521505832672,
      0.009595454670488834,
      0.00909077562391758,
      0.008755776099860668,
      0.00865317415446043,
      0.0087960846722126,
      0.008506916463375092,
      0.007510615047067404,
      0.008738993667066097,
      0.008062530308961868,
      0.0073505789041519165,
      0.00667238887399435,
      0.008077087812125683,
      0.0061529213562607765,
      0.007383863441646099,
      0.007173819001764059,
      0.0074393595568835735,
      0.007542825769633055,
      0.007859980687499046,
      0.006277935579419136,
      0.00712794391438365,
      0.006137415301054716,
      0.007672444451600313,
      0.005518974736332893,
      0.0063798194751143456,
      0.00723680155351758,
      0.006795042660087347,
      0.005829231813549995,
      0.005851533263921738,
      0.006129504647105932,
      0.006417703814804554,
      0.005710170604288578,
      0.006187744438648224,
      0.006043626926839352,
      0.0063689392991364,
      0.0060976287350058556,
      0.005724436137825251,
      0.005414989311248064,
      0.006077699363231659,
      0.005382097791880369,
      0.005741547793149948,
      0.006089931353926659,
      0.005189553368836641,
      0.005147246643900871,
      0.006435955408960581,
      0.0051158457063138485,
      0.005042398348450661,
      0.005414491519331932,
      0.0051673236303031445,
      0.005289279855787754,
      0.005220305640250444,
      0.005156971514225006,
      0.004923844709992409,
      0.005283089354634285,
      0.005095547530800104,
      0.005282780155539513,
      0.004730480723083019,
      0.0045057800598442554,
      0.0048769619315862656,
      0.004915010184049606,
      0.004372001625597477,
      0.004857418593019247,
      0.005291291978210211,
      0.00501182721927762,
      0.00434294156730175,
      0.004514398518949747,
      0.00517297862097621,
      0.004223807714879513,
      0.004392101429402828,
      0.005001978948712349,
      0.004214959684759378,
      0.004685813561081886,
      0.00413790438324213,
      0.004466524813324213,
      0.0038964473642408848,
      0.004991163499653339,
      0.004698139149695635,
      0.003994142636656761,
      0.0040832399390637875,
      0.00401479983702302,
      0.004352975636720657,
      0.003944262396544218,
      0.004975435324013233,
      0.0036648467648774385,
      0.005076605826616287,
      0.004167227074503899,
      0.004290529992431402,
      0.004326497204601765,
      0.004001380875706673,
      0.0035478791687637568,
      0.0038405493833124638,
      0.0037003213074058294,
      0.0035233572125434875,
      0.0036901894491165876,
      0.004281877540051937,
      0.004178659524768591,
      0.004200977738946676,
      0.0039740358479321,
      0.0036065492313355207,
      0.0036247847601771355,
      0.003106965683400631,
      0.0031827797647565603,
      0.004013627767562866,
      0.004018524661660194,
      0.002941480139270425,
      0.0046774097718298435,
      0.0043515111319720745,
      0.0034749454353004694,
      0.005212807562202215,
      0.003823780221864581,
      0.0030195603612810373,
      0.0029667101334780455,
      0.0039032897911965847,
      0.0030848956666886806,
      0.002902065869420767,
      0.0034470651298761368,
      0.00271394825540483,
      0.0034240400418639183,
      0.0029749558307230473,
      0.0031178919598460197,
      0.004035401623696089,
      0.003228125860914588,
      0.0036420973483473063,
      0.0029290118254721165,
      0.003573714755475521,
      0.0032873698510229588,
      0.002872930373996496,
      0.0031377605628222227,
      0.0031404870096594095,
      0.0032104155980050564,
      0.003469844115898013,
      0.0035639742854982615,
      0.003433794714510441,
      0.002901839092373848,
      0.003274941351264715,
      0.002609874354675412,
      0.003148176008835435,
      0.002608463866636157,
      0.0031039142049849033,
      0.0034360596910119057,
      0.0035406427923589945,
