{
   "number_epochs": 300,
   "info_used": "partial info",
   "perc_full_data": 0.3,
   "n_epochs_no_selection": 0,
   "Frequency % cutoff": 0.3,
   "hidden_size": 32,
   "random_state": 7,
   "train_errors": [
      0.07718861848115921,
      0.07463031262159348,
      0.07146947085857391,
      0.06948418915271759,
      0.06703341007232666,
      0.06530008465051651,
      0.0635218620300293,
      0.061816584318876266,
      0.06065092235803604,
      0.0588894858956337,
      0.05819050222635269,
      0.0572693794965744,
      0.0563209094107151,
      0.055481716990470886,
      0.054522547870874405,
      0.05283341929316521,
      0.051451802253723145,
      0.051344554871320724,
      0.049896180629730225,
      0.04964422434568405,
      0.04820336028933525,
      0.04770692437887192,
      0.04726080968976021,
      0.04606300964951515,
      0.04602743685245514,
      0.044796112924814224,
      0.044142577797174454,
      0.043375518172979355,
      0.042563457041978836,
      0.042047739028930664,
      0.041675716638565063,
      0.041385870426893234,
      0.04115496203303337,
      0.040485311299562454,
      0.04019094258546829,
      0.03958174213767052,
      0.03814795985817909,
      0.037433601915836334,
      0.03787240386009216,
      0.037189435213804245,
      0.0362313836812973,
      0.03595197945833206,
      0.03491730988025665,
      0.034675534814596176,
      0.03455827757716179,
      0.032734788954257965,
      0.03332792595028877,
      0.03243264555931091,
      0.03172425553202629,
      0.031950436532497406,
      0.030509814620018005,
      0.02971891313791275,
      0.02986419014632702,
      0.028174279257655144,
      0.028140485286712646,
      0.027882998809218407,
      0.026693575084209442,
      0.025182105600833893,
      0.025843124836683273,
      0.026162980124354362,
      0.02379699796438217,
      0.02389112301170826,
      0.022678297013044357,
      0.022857854142785072,
      0.02303220145404339,
      0.022742431610822678,
      0.02163698524236679,
      0.02084006555378437,
      0.021441757678985596,
      0.02130294032394886,
      0.02031741850078106,
      0.019766055047512054,
      0.018461884930729866,
      0.01809859089553356,
      0.017813729122281075,
      0.018637768924236298,
      0.017853977158665657,
      0.017601720988750458,
      0.01828063651919365,
      0.01662156917154789,
      0.017580093815922737,
      0.01626800373196602,
      0.015744848176836967,
      0.016251197084784508,
      0.014881512150168419,
      0.01515884231775999,
      0.014736206270754337,
      0.014419411309063435,
      0.015072239562869072,
      0.01436859555542469,
      0.014508898369967937,
      0.013946899212896824,
      0.012940815649926662,
      0.01341466698795557,
      0.01235594879835844,
      0.01378701999783516,
      0.012907290831208229,
      0.012381752021610737,
      0.011928598396480083,
      0.012639210559427738,
      0.012850333005189896,
      0.013050376437604427,
      0.012173188850283623,
      0.01189409475773573,
      0.012068628333508968,
      0.0112143000587821,
      0.010999327525496483,
      0.01140621118247509,
      0.010267961770296097,
      0.010984521359205246,
      0.011273418553173542,
      0.01008882187306881,
      0.011274491436779499,
      0.010260695591568947,
      0.009639696218073368,
      0.010250267572700977,
      0.010432463139295578,
      0.010326866060495377,
      0.009519225917756557,
      0.009958566166460514,
      0.00923857744783163,
      0.010131693445146084,
      0.009150895290076733,
      0.009971341118216515,
      0.009628627449274063,
      0.008772158063948154,
      0.008568785153329372,
      0.008721398189663887,
      0.009156960062682629,
      0.009475363418459892,
      0.009724204428493977,
      0.009330200031399727,
      0.009238249622285366,
      0.008565440773963928,
      0.009059869684278965,
      0.008411010727286339,
      0.008566404692828655,
      0.008798771537840366,
      0.007895323447883129,
      0.009658233262598515,
      0.008973556570708752,
      0.008842798881232738,
      0.007477089297026396,
      0.008060450665652752,
      0.00830191932618618,
      0.008388780057430267,
      0.00766381248831749,
      0.006908728275448084,
      0.00778006948530674,
      0.007591807283461094,
      0.007409066893160343,
      0.007133173290640116,
      0.006629250477999449,
      0.007535087876021862,
      0.00806649960577488,
      0.007224129978567362,
      0.007484228350222111,
      0.007000889629125595,
      0.006974953692406416,
      0.006863338872790337,
      0.006605649832636118,
      0.0075429994612932205,
      0.006612556055188179,
      0.006796856876462698,
      0.006068541668355465,
      0.006488478742539883,
      0.006382513791322708,
      0.005403635557740927,
      0.007763414643704891,
      0.0060569047927856445,
      0.005598114337772131,
      0.006223904900252819,
      0.006919629871845245,
      0.006213264539837837,
      0.005334457848221064,
      0.006496882066130638,
      0.005935580004006624,
      0.006200634874403477,
      0.006573901977390051,
      0.005713682621717453,
      0.006329734809696674,
      0.005970308091491461,
      0.0056986152194440365,
      0.005578935146331787,
      0.005600771401077509,
      0.006002288311719894,
      0.005256790667772293,
      0.004707303363829851,
      0.005281243938952684,
      0.0050110588781535625,
      0.005505446810275316,
      0.006669044494628906,
      0.004906379617750645,
      0.0062470086850225925,
      0.00469565624371171,
      0.00544234411790967,
      0.005560456775128841,
      0.0051741269417107105,
      0.0052610281854867935,
      0.005677818786352873,
      0.006035320460796356,
      0.005349838174879551,
      0.00604866910725832,
      0.005853064823895693,
      0.006431329995393753,
      0.005083009134978056,
      0.005168688949197531,
      0.004619445186108351,
      0.005072265397757292,
      0.005289222579449415,
      0.004806335549801588,
      0.004390741232782602,
      0.005362990312278271,
      0.005126076750457287,
      0.004250720608979464,
      0.004375632386654615,
      0.004796759691089392,
      0.004493792541325092,
      0.0049270149320364,
      0.0050247181206941605,
      0.005346203222870827,
      0.004580982029438019,
      0.004054686985909939,
      0.004187919665127993,
      0.004259929060935974,
      0.004375014919787645,
      0.0042639318853616714,
      0.0041875457391142845,
      0.003967145923525095,
      0.003983424045145512,
      0.004374429117888212,
      0.004061119630932808,
      0.004086930770426989,
      0.005608113948255777,
      0.004783863201737404,
      0.004272752441465855,
      0.004332004580646753,
      0.005025580525398254,
      0.0043807970359921455,
      0.004073794465512037,
      0.00404243404045701,
      0.004044109955430031,
      0.004562173970043659,
      0.0038401123601943254,
      0.004877259023487568,
      0.00471825897693634,
      0.003911145497113466,
      0.0038310387171804905,
      0.004368343856185675,
      0.0039991941303014755,
      0.003656696295365691,
      0.004134509712457657,
      0.003982139751315117,
      0.0036955990362912416,
      0.005146009381860495,
      0.005180512089282274,
      0.003367023542523384,
      0.0033489784691482782,
      0.003708777716383338,
      0.003943066578358412,
      0.0034135321620851755,
      0.0035085082054138184,
      0.004566647112369537,
      0.0037076363805681467,
      0.003484852146357298,
      0.005509244743734598,
      0.0035316043067723513,
      0.0033587974030524492,
      0.0035872231237590313,
      0.003408636199310422,
      0.003554386319592595,
      0.0031179876532405615,
      0.0032108318991959095,
      0.005240665283054113,
      0.0036628260277211666,
      0.0025466945953667164,
      0.003140586894005537,
      0.0032733480911701918,
      0.0033339718356728554,
