{
   "number_epochs": 300,
   "info_used": "partial info",
   "perc_full_data": 0.3,
   "n_epochs_no_selection": 0,
   "Frequency % cutoff": 0.3,
   "hidden_size": 32,
   "random_state": 0,
   "train_errors": [
      0.07154839485883713,
      0.0692162811756134,
      0.06750413030385971,
      0.06551840156316757,
      0.06425078958272934,
      0.06299877166748047,
      0.06158830225467682,
      0.06151563674211502,
      0.06044997647404671,
      0.05986124277114868,
      0.05967177823185921,
      0.05908498167991638,
      0.058069031685590744,
      0.05782284960150719,
      0.05695829913020134,
      0.05602863430976868,
      0.055187154561281204,
      0.05465859919786453,
      0.054198917001485825,
      0.05348348990082741,
      0.05346240848302841,
      0.05223347619175911,
      0.05180820822715759,
      0.051201026886701584,
      0.05096390098333359,
      0.0504177063703537,
      0.04981939494609833,
      0.04883776232600212,
      0.04951958730816841,
      0.04756716266274452,
      0.04714055359363556,
      0.04656399041414261,
      0.04561246559023857,
      0.04573402553796768,
      0.044813625514507294,
      0.04431043565273285,
      0.04270803555846214,
      0.0424322746694088,
      0.04181370139122009,
      0.04104958847165108,
      0.041197557002305984,
      0.03944819048047066,
      0.03874686732888222,
      0.03798871487379074,
      0.03701264038681984,
      0.036565277725458145,
      0.03663180023431778,
      0.035172637552022934,
      0.03394782915711403,
      0.032280873507261276,
      0.03268580138683319,
      0.03190687298774719,
      0.03126894682645798,
      0.029746392741799355,
      0.02956601418554783,
      0.028860900551080704,
      0.027870874851942062,
      0.026203453540802002,
      0.026675205677747726,
      0.02562972716987133,
      0.025365186855196953,
      0.024823231622576714,
      0.023761237040162086,
      0.022997109219431877,
      0.02382008172571659,
      0.022948503494262695,
      0.02355984039604664,
      0.021519916132092476,
      0.02201610803604126,
      0.022528313100337982,
      0.02003033645451069,
      0.020151397213339806,
      0.022475020959973335,
      0.019918859004974365,
      0.019075125455856323,
      0.018608959391713142,
      0.019942281767725945,
      0.01906788907945156,
      0.018422722816467285,
      0.018369397148489952,
      0.018726233392953873,
      0.018339073285460472,
      0.017537463456392288,
      0.01796315796673298,
      0.017514636740088463,
      0.01644042879343033,
      0.017587576061487198,
      0.01676948182284832,
      0.01720825582742691,
      0.016633635386824608,
      0.01646268554031849,
      0.01612280309200287,
      0.016576841473579407,
      0.016873663291335106,
      0.015578044578433037,
      0.015107198618352413,
      0.014741894789040089,
      0.0160348080098629,
      0.014735511504113674,
      0.015296950936317444,
      0.015321468934416771,
      0.014974704012274742,
      0.015325846150517464,
      0.015376980416476727,
      0.01407243125140667,
      0.014220980927348137,
      0.01429973915219307,
      0.014056368730962276,
      0.014320556074380875,
      0.014917046763002872,
      0.014033815823495388,
      0.013915609568357468,
      0.013443456962704659,
      0.013631071895360947,
      0.013513302430510521,
      0.014403927139937878,
      0.013236647471785545,
      0.012745771557092667,
      0.013581831939518452,
      0.013607887551188469,
      0.013346864841878414,
      0.012939047068357468,
      0.012821017764508724,
      0.01256884727627039,
      0.012294233776628971,
      0.01210870873183012,
      0.012264242395758629,
      0.012266596779227257,
      0.012533103115856647,
      0.012785933911800385,
      0.010921094566583633,
      0.011640924029052258,
      0.012156501412391663,
      0.011350332759320736,
      0.012097402475774288,
      0.011930725537240505,
      0.01244387961924076,
      0.012392569333314896,
      0.011612827889621258,
      0.011310032568871975,
      0.010922906920313835,
      0.010716256685554981,
      0.011480377055704594,
      0.011579045094549656,
      0.011683369055390358,
      0.010522473603487015,
      0.01071547344326973,
      0.011376007460057735,
      0.01117656659334898,
      0.011848872527480125,
      0.010547539219260216,
      0.01058734767138958,
      0.012135251425206661,
      0.011141624301671982,
      0.009655642323195934,
      0.01090589351952076,
      0.010053609497845173,
      0.010786282829940319,
      0.009576275944709778,
      0.008852832019329071,
      0.009746246039867401,
      0.010186349041759968,
      0.009606012143194675,
      0.009597952477633953,
      0.009642473421990871,
      0.010139771737158298,
      0.010431192815303802,
      0.008639284409582615,
      0.009528337977826595,
      0.00878270622342825,
      0.009202803485095501,
      0.010234884917736053,
      0.008352029137313366,
      0.008990554139018059,
      0.010166016407310963,
      0.008936258964240551,
      0.008922485634684563,
      0.008896145038306713,
      0.008549429476261139,
      0.00772286718711257,
      0.00856630690395832,
      0.007983232848346233,
      0.008018774911761284,
      0.008301189169287682,
      0.00813321489840746,
      0.008389242924749851,
      0.0077627068385481834,
      0.00908963568508625,
      0.007194258738309145,
      0.0076979538425803185,
      0.007871831767261028,
      0.007258364465087652,
      0.00760743860155344,
      0.007485900539904833,
      0.007519806269556284,
      0.007313850801438093,
      0.007704211864620447,
      0.006920409854501486,
      0.007362383883446455,
      0.007167625240981579,
      0.007144236005842686,
      0.00705909775570035,
      0.007759037893265486,
      0.006604498717933893,
      0.007714957930147648,
      0.006766355596482754,
      0.007304266095161438,
      0.0075567360036075115,
      0.0069928960874676704,
      0.007029401604086161,
      0.006600460968911648,
      0.006638943683356047,
      0.006867076735943556,
      0.006945159286260605,
      0.007225860375910997,
      0.006759707350283861,
      0.00642303004860878,
      0.007373155560344458,
      0.006616777740418911,
      0.007379843853414059,
      0.006388030480593443,
      0.006337104365229607,
      0.007984164170920849,
      0.00666227750480175,
      0.006260429974645376,
      0.006015452556312084,
      0.0064894952811300755,
      0.005889815744012594,
      0.006599972024559975,
      0.0062755923718214035,
      0.006594610866159201,
      0.005636217072606087,
      0.005955286789685488,
      0.006675290409475565,
      0.0066956281661987305,
      0.006234925705939531,
      0.006276099011301994,
      0.006018402986228466,
      0.005826059263199568,
      0.005941066890954971,
      0.005929374136030674,
      0.0055483253672719,
      0.005797814577817917,
      0.005289305001497269,
      0.005838536657392979,
      0.005673657637089491,
      0.0059631927870213985,
      0.0068439217284321785,
      0.00584407988935709,
      0.0059208255261182785,
      0.006015121936798096,
      0.005591728258877993,
      0.006292431615293026,
      0.0055037206038832664,
      0.005137433297932148,
      0.005240852013230324,
      0.005926051177084446,
      0.004879937507212162,
      0.006659165024757385,
      0.005070746876299381,
      0.005078899208456278,
      0.00548742339015007,
      0.005141089670360088,
      0.006296690087765455,
      0.005012533627450466,
      0.006127932108938694,
      0.006038416177034378,
      0.006101238075643778,
      0.006291169673204422,
      0.006107121240347624,
      0.004557684063911438,
      0.005399834364652634,
      0.004965714644640684,
      0.005885152146220207,
      0.00552523136138916,
      0.005087652709335089,
      0.005370393395423889,
      0.004773479420691729,
      0.005171970929950476,
      0.004858163185417652,
