{
   "number_epochs": 300,
   "info_used": "partial info",
   "perc_full_data": 0.3,
   "n_epochs_no_selection": 0,
   "Frequency % cutoff": 0.3,
   "hidden_size": 32,
   "random_state": 14,
   "train_errors": [
      0.04914809763431549,
      0.04796547815203667,
      0.046631112694740295,
      0.04605279862880707,
      0.045463647693395615,
      0.045221466571092606,
      0.04438852146267891,
      0.04418005049228668,
      0.04348578304052353,
      0.04355691373348236,
      0.0428769551217556,
      0.0429222509264946,
      0.04203286021947861,
      0.04114177078008652,
      0.040978770703077316,
      0.04038213938474655,
      0.04047916829586029,
      0.039706286042928696,
      0.03986946493387222,
      0.03937314450740814,
      0.03842882812023163,
      0.038283586502075195,
      0.03811980411410332,
      0.038076452910900116,
      0.037441104650497437,
      0.03697768598794937,
      0.03637506440281868,
      0.0362098254263401,
      0.0357356034219265,
      0.03436204418540001,
      0.0342068187892437,
      0.03425505384802818,
      0.033428605645895004,
      0.032933130860328674,
      0.03313214331865311,
      0.03195267170667648,
      0.031087247654795647,
      0.030149953439831734,
      0.02937985211610794,
      0.02924775332212448,
      0.028767358511686325,
      0.028642764315009117,
      0.028366772457957268,
      0.02719808742403984,
      0.02645084634423256,
      0.026669656857848167,
      0.0255228690803051,
      0.02593410760164261,
      0.02503751590847969,
      0.02466779388487339,
      0.024454014375805855,
      0.023857882246375084,
      0.023434093222022057,
      0.023297198116779327,
      0.02329007349908352,
      0.022913437336683273,
      0.022050000727176666,
      0.021577119827270508,
      0.021558519452810287,
      0.02027028799057007,
      0.019448334351181984,
      0.020527370274066925,
      0.019625095650553703,
      0.01894633285701275,
      0.018230102956295013,
      0.01873616687953472,
      0.017674490809440613,
      0.01912618800997734,
      0.017834588885307312,
      0.017313115298748016,
      0.017321543768048286,
      0.017031138762831688,
      0.016395630314946175,
      0.016690729185938835,
      0.015371609479188919,
      0.014978975057601929,
      0.015142823569476604,
      0.014996244572103024,
      0.01459385547786951,
      0.015043231658637524,
      0.013360042124986649,
      0.013659792020916939,
      0.014131888747215271,
      0.012666557915508747,
      0.012531071901321411,
      0.01215655729174614,
      0.012788118794560432,
      0.012417474761605263,
      0.012293759733438492,
      0.011604594066739082,
      0.011802006512880325,
      0.01136472262442112,
      0.011576032266020775,
      0.010825694538652897,
      0.011648660525679588,
      0.011230126023292542,
      0.011214016936719418,
      0.009288815781474113,
      0.010209770873188972,
      0.009623664431273937,
      0.009937676601111889,
      0.009266459383070469,
      0.009643777273595333,
      0.010404897853732109,
      0.009775643236935139,
      0.009755092673003674,
      0.008657506667077541,
      0.009289720095694065,
      0.0086556700989604,
      0.009227948263287544,
      0.008704546838998795,
      0.008089515380561352,
      0.008855503983795643,
      0.008763627149164677,
      0.00834409985691309,
      0.008065998554229736,
      0.00803559273481369,
      0.006979755591601133,
      0.008811193518340588,
      0.007423613220453262,
      0.0082086818292737,
      0.006831998936831951,
      0.006675268989056349,
      0.0077140191569924355,
      0.0071459501050412655,
      0.006466786377131939,
      0.0068238223902881145,
      0.006406679749488831,
      0.007010485511273146,
      0.0074310763739049435,
      0.006464853882789612,
      0.006091239862143993,
      0.0058316937647759914,
      0.006702464073896408,
      0.006766128353774548,
      0.006003263872116804,
      0.006128148641437292,
      0.005815290845930576,
      0.006226846948266029,
      0.005684591364115477,
      0.005682053975760937,
      0.005181602202355862,
      0.0054328362457454205,
      0.0056357490830123425,
      0.0051317885518074036,
      0.005716514773666859,
      0.0052089751698076725,
      0.005368457641452551,
      0.0054556396789848804,
      0.004911189898848534,
      0.005170623306185007,
      0.005490746349096298,
      0.005498811602592468,
      0.005141366273164749,
      0.005552064161747694,
      0.004795972723513842,
      0.00512375682592392,
      0.004527036100625992,
      0.004529716446995735,
      0.005082438234239817,
      0.00478481687605381,
      0.005175571423023939,
      0.0046421983279287815,
      0.004387421067804098,
      0.00454289885237813,
      0.004428773187100887,
      0.004614155739545822,
      0.0043842243030667305,
      0.004068555310368538,
      0.004998777527362108,
      0.004675173666328192,
      0.004010436125099659,
      0.003769985167309642,
      0.00385580537840724,
      0.004755914211273193,
      0.0046318890526890755,
      0.003927543293684721,
      0.003394165774807334,
      0.004178155213594437,
      0.0035137441009283066,
      0.0039770654402673244,
      0.003857620060443878,
      0.0043556964956223965,
      0.003687063930556178,
      0.004262473434209824,
      0.004168365616351366,
      0.004111227113753557,
      0.003365898970514536,
      0.0037559173069894314,
      0.0035319861490279436,
      0.003641969757154584,
      0.003544584149494767,
      0.0037609164137393236,
      0.0035691093653440475,
      0.0038649600464850664,
      0.003656292799860239,
      0.0032761043403297663,
      0.0036156848073005676,
      0.0034446287900209427,
      0.0034812591038644314,
      0.003925118129700422,
      0.003690300974994898,
      0.0031708308961242437,
      0.0035997056402266026,
      0.00415014149621129,
      0.0031974706798791885,
      0.0032576294615864754,
      0.003192181931808591,
      0.0030390070751309395,
      0.0033168462105095387,
      0.003442675806581974,
      0.003015582449734211,
      0.003591921180486679,
      0.0032608364708721638,
      0.0036810114979743958,
      0.002911160932853818,
      0.0033254295121878386,
      0.002830055309459567,
      0.0034497829619795084,
      0.0030526143964380026,
      0.0034265920985490084,
      0.002951189409941435,
      0.0030144620686769485,
      0.0027700127102434635,
      0.0032212832011282444,
      0.0034087086096405983,
      0.0030519908759742975,
      0.0032865398097783327,
      0.0033198432065546513,
      0.003350820392370224,
      0.0029145395383238792,
      0.0032536897342652082,
      0.003004808444529772,
      0.0030516041442751884,
      0.003186675952747464,
      0.0034717139787971973,
      0.002694603754207492,
      0.003075633430853486,
      0.002886243164539337,
      0.0031887018121778965,
      0.0033185468055307865,
      0.0029033238533884287,
      0.0027798665687441826,
      0.003010186832398176,
      0.0029481020756065845,
      0.003083382034674287,
      0.0029289452359080315,
      0.002646230859681964,
      0.002700196811929345,
      0.002527677221223712,
      0.002897032769396901,
      0.002807493321597576,
      0.0029856706969439983,
      0.0030303874518722296,
      0.002769959857687354,
      0.003128478769212961,
      0.002788851037621498,
      0.0022152881138026714,
      0.003753977594897151,
      0.0028557823970913887,
      0.0025114614982157946,
      0.0032257346902042627,
      0.0032487940043210983,
      0.0024659910704940557,
      0.002534095896407962,
      0.0026250435039401054,
      0.002534274011850357,
      0.002673740265890956,
      0.002938220975920558,
      0.0029243857134133577,
      0.002417647745460272,
      0.0033254341688007116,
      0.0024985934142023325,
      0.0026609720662236214,
      0.0023614047095179558,
      0.0024165345821529627,
      0.002326696179807186,
