{
   "number_epochs": 300,
   "info_used": "partial info",
   "perc_full_data": 0.3,
   "n_epochs_no_selection": 0,
   "Frequency % cutoff": 0.3,
   "hidden_size": 32,
   "random_state": 3,
   "train_errors": [
      0.0671050027012825,
      0.06462031602859497,
      0.06325119733810425,
      0.06257707625627518,
      0.06183217093348503,
      0.06129327416419983,
      0.06061761826276779,
      0.06069112569093704,
      0.06006666272878647,
      0.060155052691698074,
      0.059357572346925735,
      0.059329815208911896,
      0.05847081169486046,
      0.05796584114432335,
      0.057524435222148895,
      0.057216472923755646,
      0.05640329048037529,
      0.056111808866262436,
      0.0558815523982048,
      0.055178169161081314,
      0.05462837219238281,
      0.054205454885959625,
      0.05307793989777565,
      0.05321403592824936,
      0.05269447714090347,
      0.05166570842266083,
      0.05142384022474289,
      0.05078668147325516,
      0.050132766366004944,
      0.0492636114358902,
      0.048709359019994736,
      0.04800466075539589,
      0.04802753031253815,
      0.0465853251516819,
      0.045690204948186874,
      0.044875551015138626,
      0.0445188470184803,
      0.04353252425789833,
      0.0425630658864975,
      0.04211493954062462,
      0.041053079068660736,
      0.040791839361190796,
      0.03855639696121216,
      0.03814668953418732,
      0.03751007467508316,
      0.036862533539533615,
      0.03545572608709335,
      0.03424680978059769,
      0.03372401371598244,
      0.03344695270061493,
      0.032253313809633255,
      0.0319472961127758,
      0.03035072796046734,
      0.029011456295847893,
      0.030301015824079514,
      0.028762798756361008,
      0.027234770357608795,
      0.02602481283247471,
      0.025407282635569572,
      0.02728293649852276,
      0.024805210530757904,
      0.02426823414862156,
      0.023968830704689026,
      0.02212456427514553,
      0.022969810292124748,
      0.022660033777356148,
      0.02137763798236847,
      0.022290203720331192,
      0.022083904594182968,
      0.019756410270929337,
      0.020616626366972923,
      0.020565344020724297,
      0.01878822222352028,
      0.019123205915093422,
      0.017513059079647064,
      0.01858779415488243,
      0.01844862289726734,
      0.01803327351808548,
      0.016891079023480415,
      0.016982868313789368,
      0.016999121755361557,
      0.016706455498933792,
      0.01628626137971878,
      0.01618933491408825,
      0.016102686524391174,
      0.015142739750444889,
      0.016135213896632195,
      0.01478810515254736,
      0.014518272131681442,
      0.014963855966925621,
      0.015553263947367668,
      0.01415625587105751,
      0.013791006989777088,
      0.014156779274344444,
      0.013530202209949493,
      0.01282939501106739,
      0.012538216076791286,
      0.012845088727772236,
      0.013213256374001503,
      0.01222926750779152,
      0.012155788950622082,
      0.012783876620233059,
      0.012792467139661312,
      0.011348494328558445,
      0.01240390632301569,
      0.011007333174347878,
      0.010759585537016392,
      0.010340672917664051,
      0.01200307346880436,
      0.011226998642086983,
      0.011640248820185661,
      0.010321440175175667,
      0.010600370354950428,
      0.01000204961746931,
      0.009918689727783203,
      0.010128787718713284,
      0.009294929914176464,
      0.009758035652339458,
      0.009847518987953663,
      0.010011154226958752,
      0.010075018741190434,
      0.009599092416465282,
      0.008403879590332508,
      0.009464038535952568,
      0.009313720278441906,
      0.009051347151398659,
      0.008985534310340881,
      0.008952390402555466,
      0.007485220208764076,
      0.00911170244216919,
      0.008490068838000298,
      0.008260762318968773,
      0.008728737011551857,
      0.007801308296620846,
      0.007970791310071945,
      0.008550737053155899,
      0.009813359938561916,
      0.007084573153406382,
      0.007486722432076931,
      0.008093948476016521,
      0.007849307730793953,
      0.007707447744905949,
      0.007256877608597279,
      0.007709425408393145,
      0.007738943211734295,
      0.006606972776353359,
      0.007195007987320423,
      0.007172375451773405,
      0.007010560482740402,
      0.006242275238037109,
      0.006957980804145336,
      0.00798497349023819,
      0.006462846416980028,
      0.0075075034983456135,
      0.0064816041849553585,
      0.007039993070065975,
      0.005961150862276554,
      0.00759908277541399,
      0.006620064377784729,
      0.006816537119448185,
      0.006248991005122662,
      0.0062668113969266415,
      0.006065335124731064,
      0.006198640447109938,
      0.006196431815624237,
      0.0058469511568546295,
      0.006547259632498026,
      0.006341029889881611,
      0.0062305438332259655,
      0.005485245492309332,
      0.004991152789443731,
      0.00620408495888114,
      0.006330328527837992,
      0.005509744863957167,
      0.005861879792064428,
      0.0067371041513979435,
      0.0046246848069131374,
      0.006695600226521492,
      0.005179456900805235,
      0.005102687980979681,
      0.0056657977402210236,
      0.006177356466650963,
      0.005028948653489351,
      0.0057188947685062885,
      0.005522395949810743,
      0.005020282696932554,
      0.004698123317211866,
      0.005153723061084747,
      0.004846892319619656,
      0.005847536493092775,
      0.005404894705861807,
      0.005009862594306469,
      0.005304418504238129,
      0.005420616827905178,
      0.004588327370584011,
      0.00534838018938899,
      0.004441308788955212,
      0.004496607929468155,
      0.004752610344439745,
      0.004787010606378317,
      0.0044973124749958515,
      0.00483430502936244,
      0.004618478007614613,
      0.004876194056123495,
      0.004769632127135992,
      0.004415255505591631,
      0.004824526142328978,
      0.005153658799827099,
      0.003913879860192537,
      0.0039742086082696915,
      0.004954449366778135,
      0.004079568199813366,
      0.0037579915951937437,
      0.005144488997757435,
      0.004502627067267895,
      0.004089931957423687,
      0.003792309667915106,
      0.004501945339143276,
      0.004032501019537449,
      0.004287050571292639,
      0.004035900346934795,
      0.004533921834081411,
      0.0036584017798304558,
      0.004043484106659889,
      0.003656052052974701,
      0.004707802087068558,
      0.004657404031604528,
      0.004239463247358799,
      0.004108174704015255,
      0.00462599890306592,
      0.0039778826758265495,
      0.00381707982160151,
      0.003640865907073021,
      0.004174793139100075,
      0.003895474597811699,
      0.004530076868832111,
      0.004321388900279999,
      0.003737538820132613,
      0.004088481422513723,
      0.003847523359581828,
      0.0038240933790802956,
      0.003904040902853012,
      0.0037267834413796663,
      0.003887023776769638,
      0.0033349692821502686,
      0.0034635462798178196,
      0.0036824834533035755,
      0.0036422160919755697,
      0.0036221893969923258,
      0.0032454237807542086,
      0.003702480113133788,
      0.003445080714300275,
      0.0037326491437852383,
      0.003468796843662858,
      0.00332489050924778,
      0.0029058901127427816,
      0.003993483725935221,
      0.003473071614280343,
      0.0035404744558036327,
      0.003206016728654504,
      0.003711605677381158,
      0.0037925296928733587,
      0.003344153054058552,
      0.004297589883208275,
      0.0035590636543929577,
      0.0032565814908593893,
      0.003933690022677183,
      0.0040292805060744286,
      0.003809038084000349,
      0.003503733081743121,
      0.004011054057627916,
      0.004070092923939228,
      0.003499425482004881,
      0.004089915193617344,
      0.003151973942294717,
      0.0035859383642673492,
      0.0034517247695475817,
      0.0034764907322824,
      0.0038280775770545006,
