{
   "number_epochs": 400,
   "info_used": "use imputation",
   "perc_full_data": 0.04,
   "n_epochs_no_selection": 0,
   "Frequency % cutoff": 0.33,
   "hidden_size": 32,
   "random_state": 14,
   "train_errors": [
      0.4109119772911072,
      0.3098490834236145,
      0.22261624038219452,
      0.14989125728607178,
      0.09018740057945251,
      0.05427883565425873,
      0.04588265344500542,
      0.05832644924521446,
      0.07301846891641617,
      0.06852132081985474,
      0.057088855654001236,
      0.04627121612429619,
      0.039394229650497437,
      0.03758055716753006,
      0.0388081856071949,
      0.04062029719352722,
      0.04104974493384361,
      0.03938308730721474,
      0.03676076978445053,
      0.03355185315012932,
      0.03204263374209404,
      0.03126503899693489,
      0.03130777180194855,
      0.030852995812892914,
      0.030277421697974205,
      0.02951010875403881,
      0.029090216383337975,
      0.02943866327404976,
      0.028031770139932632,
      0.02788192592561245,
      0.02688121609389782,
      0.026181945577263832,
      0.025827566161751747,
      0.026268254965543747,
      0.024964116513729095,
      0.02548779360949993,
      0.02515839971601963,
      0.025844218209385872,
      0.025446441024541855,
      0.025084946304559708,
      0.025928765535354614,
      0.024615464732050896,
      0.024690037593245506,
      0.02512839064002037,
      0.023944180458784103,
      0.024056987836956978,
      0.02430456131696701,
      0.02439149282872677,
      0.024252282455563545,
      0.02461671270430088,
      0.023913351818919182,
      0.024188850075006485,
      0.02432616986334324,
      0.024165796115994453,
      0.024281971156597137,
      0.023119455203413963,
      0.024193722754716873,
      0.022848479449748993,
      0.023037783801555634,
      0.023351401090621948,
      0.023883214220404625,
      0.023597488179802895,
      0.023021068423986435,
      0.023413222283124924,
      0.022842636331915855,
      0.022881923243403435,
      0.023571176454424858,
      0.022781921550631523,
      0.022608069702982903,
      0.02311304211616516,
      0.022370165213942528,
      0.02235839143395424,
      0.022882014513015747,
      0.021916020661592484,
      0.021729405969381332,
      0.021640755236148834,
      0.021973146125674248,
      0.021058250218629837,
      0.021880751475691795,
      0.022177230566740036,
      0.0219782292842865,
      0.02288096770644188,
      0.021915249526500702,
      0.022693105041980743,
      0.021736472845077515,
      0.022669963538646698,
      0.021704792976379395,
      0.02252761833369732,
      0.021507205441594124,
      0.021073773503303528,
      0.022116700187325478,
      0.022679924964904785,
      0.021747417747974396,
      0.022216323763132095,
      0.022055618464946747,
      0.021184921264648438,
      0.021444320678710938,
      0.021463194862008095,
      0.021276894956827164,
      0.02173788473010063,
      0.021670332178473473,
      0.02079307846724987,
      0.021089082583785057,
      0.020884234458208084,
      0.02097947709262371,
      0.02052202820777893,
      0.020493794232606888,
      0.021102387458086014,
      0.020911244675517082,
      0.020780760794878006,
      0.020308440551161766,
      0.020399419590830803,
      0.02104591391980648,
      0.020924825221300125,
      0.020612580701708794,
      0.020562056452035904,
      0.019713880494236946,
      0.020882152020931244,
      0.020032234489917755,
      0.0213640034198761,
      0.01958945021033287,
      0.02022312581539154,
      0.020260799676179886,
      0.020772898569703102,
      0.019674962386488914,
      0.018731605261564255,
      0.020152565091848373,
      0.01871393248438835,
      0.019892076030373573,
      0.019698241725564003,
      0.01992899365723133,
      0.019452756270766258,
      0.01920357719063759,
      0.018865948542952538,
      0.018824312835931778,
      0.018767965957522392,
      0.01945187710225582,
      0.019118065014481544,
      0.01999272219836712,
      0.020108498632907867,
      0.020150847733020782,
      0.019638868048787117,
      0.018920039758086205,
      0.018828097730875015,
      0.019496720284223557,
      0.017987113445997238,
      0.019488036632537842,
      0.018743347376585007,
      0.01905590295791626,
      0.018213050439953804,
      0.01840355060994625,
      0.017982039600610733,
      0.01796654798090458,
      0.018078582361340523,
      0.018087098374962807,
      0.01773684285581112,
      0.0179340448230505,
      0.017475582659244537,
      0.0170229971408844,
      0.016520628705620766,
      0.0172283835709095,
      0.01746300607919693,
      0.017298677936196327,
      0.01784752868115902,
      0.016203084960579872,
      0.01688736490905285,
      0.01604601927101612,
      0.016629142686724663,
      0.0163772813975811,
      0.015794461593031883,
      0.015604131855070591,
      0.01572340913116932,
      0.015630321577191353,
      0.015044922940433025,
      0.01560712605714798,
      0.01410185918211937,
      0.014684190042316914,
      0.01599923148751259,
      0.01503997016698122,
      0.015132099390029907,
      0.014899375848472118,
      0.014179869554936886,
      0.014305918477475643,
      0.014646274037659168,
      0.013704556040465832,
      0.013751862570643425,
      0.013544580899178982,
      0.013983090408146381,
      0.012753126211464405,
      0.012888256460428238,
      0.013359484262764454,
      0.013020849786698818,
      0.012875226326286793,
      0.012936566956341267,
      0.013089765794575214,
      0.01205849926918745,
      0.01203811913728714,
      0.012034368701279163,
      0.012030510231852531,
      0.011497797444462776,
      0.012723111547529697,
      0.011813460849225521,
      0.011603030376136303,
      0.011205845512449741,
      0.010692077688872814,
      0.0110368886962533,
      0.011125046759843826,
      0.010822039097547531,
      0.010715067386627197,
      0.01129965391010046,
      0.010486387647688389,
      0.009775604121387005,
      0.009876859374344349,
      0.009988232515752316,
      0.009910820983350277,
      0.009840442799031734,
      0.009430722333490849,
      0.009087500162422657,
      0.008570145815610886,
      0.00931260921061039,
      0.009019702672958374,
      0.007980520837008953,
      0.008883176371455193,
      0.008428043685853481,
      0.008788606151938438,
      0.00869480986148119,
      0.008231865242123604,
      0.008246272802352905,
      0.0076924460008740425,
      0.007606664206832647,
      0.007928861305117607,
      0.00757709052413702,
      0.007162102963775396,
      0.007261625491082668,
      0.006903558969497681,
      0.007432094309478998,
      0.0072570182383060455,
      0.006517632398754358,
      0.007052374072372913,
      0.006384187377989292,
      0.006079740822315216,
      0.006606047507375479,
      0.006417900323867798,
      0.006036197301000357,
      0.006453451234847307,
      0.006328035145998001,
      0.006047085393220186,
      0.006479294504970312,
      0.005860478151589632,
      0.0059628551825881,
      0.006312426645308733,
      0.006101730279624462,
      0.006062535103410482,
      0.005837864708155394,
      0.004959125071763992,
      0.005460809916257858,
      0.0061260368674993515,
      0.006303788628429174,
      0.005225867498666048,
      0.0050917430780828,
      0.005728019401431084,
      0.004962984472513199,
      0.0058153485879302025,
      0.00536580802872777,
      0.004739335738122463,
      0.005507351830601692,
      0.004870965611189604,
      0.005063249729573727,
      0.004800543654710054,
      0.0046748630702495575,
      0.004793141968548298,
      0.005128417629748583,
      0.004376842640340328,
      0.005304794758558273,
      0.005097321234643459,
      0.004485036246478558,
      0.004454361740499735,
      0.005015609785914421,
      0.004672360140830278,
      0.0038718516007065773,
