{
   "number_epochs": 400,
   "info_used": "use imputation",
   "perc_full_data": 0.04,
   "n_epochs_no_selection": 0,
   "Frequency % cutoff": 0.33,
   "hidden_size": 32,
   "random_state": 1,
   "train_errors": [
      0.2858021855354309,
      0.19633075594902039,
      0.12199685722589493,
      0.06854218989610672,
      0.04406822472810745,
      0.05282697081565857,
      0.06339452415704727,
      0.060241904109716415,
      0.04879218712449074,
      0.03979450464248657,
      0.03609130531549454,
      0.03598463907837868,
      0.03687981888651848,
      0.0372329019010067,
      0.03612266108393669,
      0.034762054681777954,
      0.0321912057697773,
      0.030390994623303413,
      0.0284127090126276,
      0.028674909844994545,
      0.028193900361657143,
      0.028227098286151886,
      0.027340907603502274,
      0.026752499863505363,
      0.026742326095700264,
      0.027401143684983253,
      0.02632201462984085,
      0.026378126814961433,
      0.025708593428134918,
      0.02535945363342762,
      0.024510202929377556,
      0.02511189877986908,
      0.024159392341971397,
      0.02421443909406662,
      0.023032117635011673,
      0.023463411256670952,
      0.023167623206973076,
      0.02282962203025818,
      0.022084413096308708,
      0.023075522854924202,
      0.022596601396799088,
      0.023531630635261536,
      0.02268070913851261,
      0.022998714819550514,
      0.0228261835873127,
      0.02249600552022457,
      0.022992020472884178,
      0.02250470593571663,
      0.02246982790529728,
      0.02249298244714737,
      0.022099938243627548,
      0.022606827318668365,
      0.022225597873330116,
      0.022617463022470474,
      0.021768605336546898,
      0.022951150313019753,
      0.0217500738799572,
      0.022222941741347313,
      0.02130657434463501,
      0.021610813215374947,
      0.022052407264709473,
      0.020789427682757378,
      0.022896064445376396,
      0.02108907513320446,
      0.02099171094596386,
      0.020971309393644333,
      0.02053661271929741,
      0.02043898031115532,
      0.02045862004160881,
      0.02118569426238537,
      0.019781943410634995,
      0.020236505195498466,
      0.020417621359229088,
      0.020505202934145927,
      0.020932327955961227,
      0.02073362097144127,
      0.01944514736533165,
      0.019622810184955597,
      0.01917334645986557,
      0.02008255198597908,
      0.02039114199578762,
      0.01996294967830181,
      0.01878894306719303,
      0.018927693367004395,
      0.019279837608337402,
      0.019137991592288017,
      0.019796617329120636,
      0.01884109526872635,
      0.019078975543379784,
      0.018650192767381668,
      0.01780034974217415,
      0.017843913286924362,
      0.018014639616012573,
      0.01735626719892025,
      0.01788557693362236,
      0.017688166350126266,
      0.01750626042485237,
      0.017916301265358925,
      0.018001874908804893,
      0.017345255240797997,
      0.016801580786705017,
      0.01722211204469204,
      0.016731295734643936,
      0.01688222959637642,
      0.016479041427373886,
      0.01599850319325924,
      0.014521555043756962,
      0.016112055629491806,
      0.01653934083878994,
      0.015375388786196709,
      0.015281676314771175,
      0.01615018956363201,
      0.01563969999551773,
      0.014925963245332241,
      0.014329394325613976,
      0.014768966473639011,
      0.013851439580321312,
      0.014866391196846962,
      0.014421858824789524,
      0.014134570024907589,
      0.01395632978528738,
      0.0139065096154809,
      0.014188314788043499,
      0.013506509363651276,
      0.013213302940130234,
      0.013531403616070747,
      0.013267857022583485,
      0.013079456984996796,
      0.012029238976538181,
      0.012459363788366318,
      0.012135345488786697,
      0.01239819172769785,
      0.012010655365884304,
      0.01226322166621685,
      0.01148652657866478,
      0.012281710281968117,
      0.012743200175464153,
      0.011485747992992401,
      0.01138030830770731,
      0.011152503080666065,
      0.01094867754727602,
      0.011962096206843853,
      0.011992677114903927,
      0.011441039852797985,
      0.010838020592927933,
      0.011026250198483467,
      0.011296156793832779,
      0.0107858432456851,
      0.010610487312078476,
      0.011184102855622768,
      0.010049214586615562,
      0.0102027403190732,
      0.01000521332025528,
      0.010260027833282948,
      0.009494848549365997,
      0.009685368277132511,
      0.009090711362659931,
      0.010136589407920837,
      0.010776854120194912,
      0.009436964057385921,
      0.009994423016905785,
      0.010261427611112595,
      0.0103753125295043,
      0.009840062819421291,
      0.008805072866380215,
      0.008118191733956337,
      0.009139972738921642,
      0.008787203580141068,
      0.00911192037165165,
      0.008355660364031792,
      0.00822166446596384,
      0.008471998386085033,
      0.008876900188624859,
      0.008648136630654335,
      0.008542095310986042,
      0.008540398441255093,
      0.008382120169699192,
      0.00845943484455347,
      0.008638698607683182,
      0.008330071344971657,
      0.008044895716011524,
      0.007412162143737078,
      0.00770772946998477,
      0.00833609513938427,
      0.0072271316312253475,
      0.008214053697884083,
      0.00734850624576211,
      0.007439097855240107,
      0.007696057669818401,
      0.00733339274302125,
      0.007131516467779875,
      0.007079690229147673,
      0.00702386349439621,
      0.007407608442008495,
      0.007848117500543594,
      0.0070197912864387035,
      0.0071878498420119286,
      0.007314353249967098,
      0.007131372112780809,
      0.006434472277760506,
      0.007099341135472059,
      0.006344381254166365,
      0.006641739048063755,
      0.00597567530348897,
      0.006321726366877556,
      0.007045697420835495,
      0.006351523566991091,
      0.0064779119566082954,
      0.006404986139386892,
      0.006920638959854841,
      0.005665344651788473,
      0.006001153960824013,
      0.005350359249860048,
      0.006922366563230753,
      0.00553377578034997,
      0.006651274394243956,
      0.006282271351665258,
      0.006514923181384802,
      0.006387568544596434,
      0.006981500890105963,
      0.005638768896460533,
      0.006034625228494406,
      0.005712389014661312,
      0.005740067455917597,
      0.005188369657844305,
      0.00662015937268734,
      0.005692523438483477,
      0.005911764223128557,
      0.005450678523629904,
      0.0051299505867064,
      0.005434895865619183,
      0.005704555660486221,
      0.00674748420715332,
      0.006199378985911608,
      0.0060110799968242645,
      0.005653511267155409,
      0.005084969103336334,
      0.004896523430943489,
      0.00548248365521431,
      0.004979067016392946,
      0.005341792479157448,
      0.004691884852945805,
      0.0052115097641944885,
      0.005560359451919794,
      0.005687158554792404,
      0.005067836027592421,
      0.006486460566520691,
      0.004933089949190617,
      0.004420767072588205,
      0.004669636953622103,
      0.006132457870990038,
      0.005146306473761797,
      0.005943469703197479,
      0.005989725235849619,
      0.00458574341610074,
      0.005198643077164888,
      0.0044943299144506454,
      0.00580959115177393,
      0.0049658105708658695,
      0.004464356228709221,
      0.00593103002756834,
      0.005665421951562166,
      0.005321368109434843,
      0.005044716876000166,
      0.005331543739885092,
      0.004754760768264532,
      0.004378232639282942,
      0.0048292637802660465,
      0.0058636837638914585,
      0.005571667104959488,
      0.00451915105804801,
      0.004136510193347931,
      0.004826002288609743,
      0.004391619004309177,
      0.005500756669789553,
      0.004225818905979395,
      0.004723777528852224,
      0.0039802598766982555,
      0.005331778433173895,
      0.004758532624691725,
