{
   "number_epochs": 400,
   "info_used": "use imputation",
   "perc_full_data": 0.04,
   "n_epochs_no_selection": 0,
   "Frequency % cutoff": 0.33,
   "hidden_size": 32,
   "random_state": 5,
   "train_errors": [
      0.45450112223625183,
      0.379880428314209,
      0.31330305337905884,
      0.24892206490039825,
      0.19122079014778137,
      0.13454051315784454,
      0.08838086575269699,
      0.055521659553050995,
      0.042641811072826385,
      0.04836546629667282,
      0.061466168612241745,
      0.06826777011156082,
      0.06023748591542244,
      0.05177220329642296,
      0.04259108379483223,
      0.03812749683856964,
      0.03783738985657692,
      0.03838779032230377,
      0.039468102157115936,
      0.040383078157901764,
      0.03716260939836502,
      0.03597378358244896,
      0.03469244763255119,
      0.03280982747673988,
      0.03221949562430382,
      0.03295142203569412,
      0.03223513066768646,
      0.03190498426556587,
      0.029102351516485214,
      0.028825651854276657,
      0.02987479418516159,
      0.028757847845554352,
      0.02839944325387478,
      0.02745210938155651,
      0.027210429310798645,
      0.027912987396121025,
      0.02639445662498474,
      0.026280177757143974,
      0.026909202337265015,
      0.02644588053226471,
      0.02543162740767002,
      0.024871040135622025,
      0.02580452896654606,
      0.024778585880994797,
      0.02546103298664093,
      0.02490244433283806,
      0.024575551971793175,
      0.024418290704488754,
      0.025617802515625954,
      0.02431202493607998,
      0.024781322106719017,
      0.024441221728920937,
      0.025001978501677513,
      0.024855980649590492,
      0.02523406222462654,
      0.024675529450178146,
      0.02462548017501831,
      0.02446415275335312,
      0.023809093981981277,
      0.02363826334476471,
      0.024644115939736366,
      0.024187879636883736,
      0.02358108200132847,
      0.025251412764191628,
      0.023732660338282585,
      0.023445501923561096,
      0.0233199093490839,
      0.024686038494110107,
      0.023182140663266182,
      0.02315276488661766,
      0.023101475089788437,
      0.02399194799363613,
      0.023488089442253113,
      0.023525850847363472,
      0.023025278002023697,
      0.02280425652861595,
      0.02272511087357998,
      0.023101812228560448,
      0.02246188558638096,
      0.02365158498287201,
      0.022681234404444695,
      0.0226216409355402,
      0.022309349849820137,
      0.02275954559445381,
      0.02246152050793171,
      0.022279424592852592,
      0.02170626074075699,
      0.021831177175045013,
      0.02268623560667038,
      0.022494016215205193,
      0.022391505539417267,
      0.021825451403856277,
      0.020916994661092758,
      0.021373379975557327,
      0.021351024508476257,
      0.020792914554476738,
      0.021250689402222633,
      0.020986849442124367,
      0.02086230181157589,
      0.020940225571393967,
      0.021567942574620247,
      0.021221810951828957,
      0.020745081827044487,
      0.021050285547971725,
      0.02137765660881996,
      0.019824035465717316,
      0.020761607214808464,
      0.02094072848558426,
      0.02062181569635868,
      0.019425952807068825,
      0.019689325243234634,
      0.0200533214956522,
      0.019908268004655838,
      0.020031966269016266,
      0.019632330164313316,
      0.019063279032707214,
      0.019799839705228806,
      0.01972973719239235,
      0.019298100844025612,
      0.01958845742046833,
      0.019204024225473404,
      0.019409997388720512,
      0.018441002815961838,
      0.019168052822351456,
      0.01818741485476494,
      0.019021743908524513,
      0.020107166841626167,
      0.01803620159626007,
      0.019021816551685333,
      0.018511546775698662,
      0.018231967464089394,
      0.01776154525578022,
      0.018834594637155533,
      0.017779769375920296,
      0.01786649227142334,
      0.017440518364310265,
      0.018457401543855667,
      0.01757180318236351,
      0.01729729026556015,
      0.0170719213783741,
      0.01705397665500641,
      0.016578059643507004,
      0.017635051161050797,
      0.017174415290355682,
      0.017255395650863647,
      0.01706758141517639,
      0.016762424260377884,
      0.016894906759262085,
      0.016947010532021523,
      0.016495222225785255,
      0.015372886322438717,
      0.01619933731853962,
      0.016140449792146683,
      0.01575554721057415,
      0.014655792154371738,
      0.014815420843660831,
      0.014762585051357746,
      0.015788981691002846,
      0.015165013261139393,
      0.01472272165119648,
      0.014884792268276215,
      0.014764604158699512,
      0.015305566601455212,
      0.01448457408696413,
      0.014971770346164703,
      0.014443650841712952,
      0.014444938860833645,
      0.013438249938189983,
      0.013319888152182102,
      0.01319929864257574,
      0.013232631608843803,
      0.01245715282857418,
      0.013135073706507683,
      0.012748362496495247,
      0.012202665209770203,
      0.012702535837888718,
      0.012935835868120193,
      0.012702285312116146,
      0.012138990685343742,
      0.011551927775144577,
      0.01215679757297039,
      0.011534860357642174,
      0.012447567656636238,
      0.012386948801577091,
      0.011103174649178982,
      0.011414863169193268,
      0.010945913381874561,
      0.011659770272672176,
      0.011201955378055573,
      0.010553228668868542,
      0.010302464477717876,
      0.01027892716228962,
      0.010254420340061188,
      0.0103331059217453,
      0.009424151852726936,
      0.009883102960884571,
      0.009742585010826588,
      0.00875474326312542,
      0.009257861413061619,
      0.008882967755198479,
      0.008804590441286564,
      0.008191465400159359,
      0.00803727749735117,
      0.007925137877464294,
      0.008712122216820717,
      0.007708926685154438,
      0.007776285987347364,
      0.009298081509768963,
      0.008250054903328419,
      0.007346058264374733,
      0.008301379159092903,
      0.0074372682720422745,
      0.007400195114314556,
      0.006999609991908073,
      0.006936345249414444,
      0.006378514692187309,
      0.006961510516703129,
      0.006771883927285671,
      0.0067827412858605385,
      0.006616305559873581,
      0.0059499591588974,
      0.00641334243118763,
      0.0064676301553845406,
      0.006737151183187962,
      0.005075846333056688,
      0.006145776715129614,
      0.005850674118846655,
      0.005640783812850714,
      0.005420650355517864,
      0.006402408238500357,
      0.0053707933984696865,
      0.0048476289957761765,
      0.005346446298062801,
      0.005696011707186699,
      0.005435029044747353,
      0.004922294523566961,
      0.004790737293660641,
      0.004955667536705732,
      0.004951416049152613,
      0.00443436112254858,
      0.004767920821905136,
      0.0045865727588534355,
      0.005116810090839863,
      0.004555454943329096,
      0.005018141586333513,
      0.004655789118260145,
      0.005510499235242605,
      0.004552274476736784,
      0.004679367411881685,
      0.005812129937112331,
      0.004544569179415703,
      0.005085320677608252,
      0.004276403225958347,
      0.004449061118066311,
      0.00445147417485714,
      0.0046760812401771545,
      0.0041807894594967365,
      0.004516011103987694,
      0.0044213817454874516,
      0.004792196676135063,
      0.004321930930018425,
      0.003851616755127907,
      0.004977562930434942,
      0.0038647367618978024,
      0.0036407634615898132,
      0.004237357992678881,
      0.004666627384722233,
      0.004276902414858341,
      0.004060917533934116,
      0.004326231312006712,
      0.0031618017237633467,
      0.00457137543708086,
      0.004156628157943487,
      0.003816650714725256,
      0.0043610259890556335,
      0.004603902343660593,
      0.0039999778382480145,
      0.0036463846918195486,
      0.0038688734639436007,
      0.00391889875754714,
