{
   "number_epochs": 400,
   "info_used": "use imputation",
   "perc_full_data": 0.04,
   "n_epochs_no_selection": 0,
   "Frequency % cutoff": 0.33,
   "hidden_size": 32,
   "random_state": 3,
   "train_errors": [
      0.2577141523361206,
      0.17100122570991516,
      0.10342918336391449,
      0.060347188264131546,
      0.04241153597831726,
      0.04848550260066986,
      0.06400280445814133,
      0.06421788036823273,
      0.05371260270476341,
      0.044453948736190796,
      0.03936092555522919,
      0.03801506385207176,
      0.04031982272863388,
      0.04035308584570885,
      0.04129389300942421,
      0.03979124873876572,
      0.03837365284562111,
      0.03584222495555878,
      0.034643445163965225,
      0.03416008874773979,
      0.0350409671664238,
      0.03517502546310425,
      0.03442554175853729,
      0.033761076629161835,
      0.03239721059799194,
      0.031246237456798553,
      0.031498704105615616,
      0.029899874702095985,
      0.029574740678071976,
      0.030650241300463676,
      0.02888922207057476,
      0.02887175977230072,
      0.02774464152753353,
      0.027832893654704094,
      0.02688812091946602,
      0.027014607563614845,
      0.02640312910079956,
      0.026529958471655846,
      0.025873428210616112,
      0.025424670428037643,
      0.02452070266008377,
      0.023690637201070786,
      0.025099387392401695,
      0.024035854265093803,
      0.023137828335165977,
      0.02418341115117073,
      0.023524854332208633,
      0.02343902736902237,
      0.023989146575331688,
      0.0235575120896101,
      0.023175111040472984,
      0.023746490478515625,
      0.023009678348898888,
      0.022691970691084862,
      0.023177020251750946,
      0.022212471812963486,
      0.022792788222432137,
      0.022454403340816498,
      0.02219097688794136,
      0.0221074428409338,
      0.022162629291415215,
      0.02207143045961857,
      0.02184879407286644,
      0.021393166854977608,
      0.02142525464296341,
      0.021886540576815605,
      0.021724293008446693,
      0.02090630680322647,
      0.02144545502960682,
      0.021133210510015488,
      0.02065145969390869,
      0.0201940406113863,
      0.020450102165341377,
      0.020682314410805702,
      0.020491549745202065,
      0.020435955375432968,
      0.01996416598558426,
      0.019901461899280548,
      0.01937130093574524,
      0.020366225391626358,
      0.020110514014959335,
      0.01947500742971897,
      0.020026564598083496,
      0.019742514938116074,
      0.018963871523737907,
      0.018497100099921227,
      0.018344596028327942,
      0.018565315753221512,
      0.018857773393392563,
      0.017803052440285683,
      0.01902645081281662,
      0.018716536462306976,
      0.018040502443909645,
      0.01735382340848446,
      0.01786559261381626,
      0.018219873309135437,
      0.018114101141691208,
      0.017692668363451958,
      0.017241785302758217,
      0.01778344251215458,
      0.01697508431971073,
      0.016782701015472412,
      0.016069406643509865,
      0.01708654686808586,
      0.016274621710181236,
      0.01666928641498089,
      0.01668683998286724,
      0.0162978358566761,
      0.016351783648133278,
      0.016211580485105515,
      0.015310410410165787,
      0.0163071621209383,
      0.015819188207387924,
      0.016298776492476463,
      0.015786653384566307,
      0.015108714811503887,
      0.015383297577500343,
      0.014532055705785751,
      0.014911952428519726,
      0.014740336686372757,
      0.014510050415992737,
      0.014485768042504787,
      0.013581227511167526,
      0.01438320241868496,
      0.014317100867629051,
      0.014555496163666248,
      0.014877542853355408,
      0.013705302029848099,
      0.013523352332413197,
      0.013473914936184883,
      0.013449185527861118,
      0.012917183339595795,
      0.01339247077703476,
      0.012945347465574741,
      0.01237286627292633,
      0.012913729064166546,
      0.012678559869527817,
      0.01268166583031416,
      0.012095310725271702,
      0.012099169194698334,
      0.012438332661986351,
      0.012418909929692745,
      0.011683819815516472,
      0.011785055510699749,
      0.01200917735695839,
      0.01177193969488144,
      0.011663052253425121,
      0.011312431655824184,
      0.010351923294365406,
      0.011325071565806866,
      0.011112308129668236,
      0.010324700735509396,
      0.011381266638636589,
      0.010345187969505787,
      0.011293137446045876,
      0.01026277244091034,
      0.010480501689016819,
      0.010188131593167782,
      0.01097818836569786,
      0.010573221370577812,
      0.01013849675655365,
      0.01039767824113369,
      0.010686466470360756,
      0.010524032637476921,
      0.009524190798401833,
      0.009415598586201668,
      0.008934671059250832,
      0.009081125259399414,
      0.010340000502765179,
      0.008714576251804829,
      0.009023560211062431,
      0.008611674420535564,
      0.008341127075254917,
      0.008903239853680134,
      0.007807726971805096,
      0.008653100579977036,
      0.00889316201210022,
      0.008680447936058044,
      0.008685404434800148,
      0.009184347465634346,
      0.008433139882981777,
      0.008208028972148895,
      0.008768081665039062,
      0.008097782731056213,
      0.009084510616958141,
      0.007323926314711571,
      0.008675501681864262,
      0.007708940654993057,
      0.008002162910997868,
      0.007938633672893047,
      0.006930737756192684,
      0.00878874957561493,
      0.007884753867983818,
      0.006834227126091719,
      0.008353674784302711,
      0.0063262381590902805,
      0.008291092701256275,
      0.007937786169350147,
      0.007506456691771746,
      0.007855551317334175,
      0.00783474650233984,
      0.007483998779207468,
      0.007038361392915249,
      0.0069809104315936565,
      0.0069229681976139545,
      0.006743764039129019,
      0.007749921176582575,
      0.007656958885490894,
      0.006284145172685385,
      0.00713190995156765,
      0.006946372799575329,
      0.006292650941759348,
      0.00809977576136589,
      0.006889181677252054,
      0.006325915921479464,
      0.006856188178062439,
      0.00763554684817791,
      0.00574227049946785,
      0.00716582965105772,
      0.00752293411642313,
      0.0066558378748595715,
      0.006382282357662916,
      0.006609173957258463,
      0.0073234932497143745,
      0.005402037873864174,
      0.006042179651558399,
      0.0063245343044400215,
      0.006174719892442226,
      0.006092156749218702,
      0.005618322640657425,
      0.00584956631064415,
      0.0067314403131604195,
      0.005483140703290701,
      0.004929816350340843,
      0.006210118532180786,
      0.005609705112874508,
      0.005968732293695211,
      0.0057272822596132755,
      0.006156544666737318,
      0.005460881628096104,
      0.00558606768026948,
      0.005867156200110912,
      0.005956409964710474,
      0.005365829449146986,
      0.005355013068765402,
      0.0058964998461306095,
      0.006205026991665363,
      0.0049382951110601425,
      0.005115732084959745,
      0.006099826190620661,
      0.005024153273552656,
      0.005692524369806051,
      0.005153978243470192,
      0.00509265623986721,
      0.004581453278660774,
      0.005159502383321524,
      0.00545822037383914,
      0.005946850869804621,
      0.006573806516826153,
      0.00479832012206316,
      0.004822734277695417,
      0.005934013519436121,
      0.005762143526226282,
      0.005645174067467451,
      0.006169772241264582,
      0.0052598584443330765,
      0.004401423968374729,
      0.006367445923388004,
      0.00536436727270484,
      0.004047420807182789,
      0.004605163354426622,
      0.005133835133165121,
      0.005979348439723253,
      0.004623088054358959,
      0.005530305206775665,
      0.005375593900680542,
      0.004362156614661217,
      0.004738420248031616,
      0.004864000715315342,
      0.00469378475099802,
