{
   "number_epochs": 400,
   "info_used": "use imputation",
   "perc_full_data": 0.04,
   "n_epochs_no_selection": 0,
   "Frequency % cutoff": 0.33,
   "hidden_size": 32,
   "random_state": 13,
   "train_errors": [
      0.1166607141494751,
      0.05413898825645447,
      0.036285415291786194,
      0.04857959598302841,
      0.05250323936343193,
      0.04540029913187027,
      0.03538387268781662,
      0.03229054808616638,
      0.032346926629543304,
      0.03332139179110527,
      0.033839479088783264,
      0.03309290111064911,
      0.03151753172278404,
      0.029351776465773582,
      0.029078612104058266,
      0.028729476034641266,
      0.028902383521199226,
      0.027732662856578827,
      0.02699902094900608,
      0.02670852653682232,
      0.02510782890021801,
      0.025091998279094696,
      0.025376474484801292,
      0.024217301979660988,
      0.024472368881106377,
      0.02380686067044735,
      0.024537507444620132,
      0.023659998551011086,
      0.024171140044927597,
      0.022861286997795105,
      0.023196015506982803,
      0.022839630022644997,
      0.022887391969561577,
      0.022632168605923653,
      0.022708164528012276,
      0.0223990585654974,
      0.022443322464823723,
      0.022211259230971336,
      0.02320076711475849,
      0.02220652624964714,
      0.0218304805457592,
      0.021910028532147408,
      0.021739564836025238,
      0.021772680804133415,
      0.022244272753596306,
      0.02172953449189663,
      0.021281084045767784,
      0.02048802189528942,
      0.021109119057655334,
      0.020484382286667824,
      0.020663216710090637,
      0.020664922893047333,
      0.02104043774306774,
      0.020103348419070244,
      0.0199440848082304,
      0.020040247589349747,
      0.020105939358472824,
      0.019450591877102852,
      0.01957308128476143,
      0.018960945308208466,
      0.018282415345311165,
      0.018620723858475685,
      0.01847720891237259,
      0.01870919205248356,
      0.018752949312329292,
      0.018252843990921974,
      0.018792476505041122,
      0.018838712945580482,
      0.018241532146930695,
      0.01829557865858078,
      0.01759917102754116,
      0.01725013740360737,
      0.017724135890603065,
      0.017251616343855858,
      0.017584573477506638,
      0.01817910186946392,
      0.01716769114136696,
      0.016431597992777824,
      0.016857633367180824,
      0.016806509345769882,
      0.01665078103542328,
      0.015897288918495178,
      0.015918642282485962,
      0.016345838084816933,
      0.015887701883912086,
      0.014815794304013252,
      0.015990419313311577,
      0.01541474275290966,
      0.015692302957177162,
      0.015079324133694172,
      0.014941111207008362,
      0.014807818457484245,
      0.015043758787214756,
      0.014181793667376041,
      0.014048109762370586,
      0.015250656753778458,
      0.01507859118282795,
      0.013299229554831982,
      0.012874585576355457,
      0.01284955907613039,
      0.013076393865048885,
      0.012369679287075996,
      0.013592973351478577,
      0.012912800535559654,
      0.012261872179806232,
      0.012214360758662224,
      0.012700608000159264,
      0.011924690566956997,
      0.01219386700540781,
      0.011741395108401775,
      0.011069121770560741,
      0.012043350376188755,
      0.010692041367292404,
      0.011481689289212227,
      0.011372325010597706,
      0.010987184941768646,
      0.010787565261125565,
      0.0107376454398036,
      0.01050911471247673,
      0.010887607000768185,
      0.010792831890285015,
      0.010132324881851673,
      0.010308006778359413,
      0.010381232015788555,
      0.01038401946425438,
      0.009593453258275986,
      0.0094580864533782,
      0.009742760099470615,
      0.009052561596035957,
      0.009500512853264809,
      0.008740470744669437,
      0.010179704055190086,
      0.008865208365023136,
      0.00865082535892725,
      0.008708605542778969,
      0.008312302641570568,
      0.008409920148551464,
      0.008502001874148846,
      0.008595810271799564,
      0.00834503024816513,
      0.008323856629431248,
      0.008441473357379436,
      0.008948443457484245,
      0.007966138422489166,
      0.007842233404517174,
      0.007856501266360283,
      0.007351493928581476,
      0.00804581493139267,
      0.008029263466596603,
      0.007628507912158966,
      0.007710204925388098,
      0.007495610974729061,
      0.007749684154987335,
      0.007434985134750605,
      0.006504490971565247,
      0.007331178057938814,
      0.006700323428958654,
      0.00792363565415144,
      0.006578907370567322,
      0.006706100422888994,
      0.006643941160291433,
      0.006454696413129568,
      0.0070427837781608105,
      0.007034733425825834,
      0.006314950995147228,
      0.006197347771376371,
      0.006674687843769789,
      0.007024719845503569,
      0.006121018435806036,
      0.0060004075057804585,
      0.006758635863661766,
      0.005452723708003759,
      0.005366829223930836,
      0.0053626918233931065,
      0.006115294527262449,
      0.005640776362270117,
      0.006087321788072586,
      0.005287060514092445,
      0.005984780378639698,
      0.006009452976286411,
      0.004976513329893351,
      0.005798975937068462,
      0.005174995865672827,
      0.005550652742385864,
      0.0052588703110814095,
      0.005600593984127045,
      0.004971069749444723,
      0.005686841439455748,
      0.004683501087129116,
      0.005384440533816814,
      0.005874626338481903,
      0.004990759771317244,
      0.004380365833640099,
      0.004593434277921915,
      0.004876961465924978,
      0.004734354559332132,
      0.004764824640005827,
      0.0038938813377171755,
      0.004471041727811098,
      0.003983975853770971,
      0.004506922792643309,
      0.0041274987161159515,
      0.004425588995218277,
      0.004278284497559071,
      0.004265730269253254,
      0.00404483824968338,
      0.004121668171137571,
      0.003719803411513567,
      0.0040688770823180676,
      0.003882572753354907,
      0.003622170304879546,
      0.0034235885832458735,
      0.004308836534619331,
      0.004054662771522999,
      0.003668291959911585,
      0.004420926794409752,
      0.003488678252324462,
      0.003907565958797932,
      0.004014912061393261,
      0.004107828252017498,
      0.0037780352868139744,
      0.003992496524006128,
      0.0042435163632035255,
      0.0035087051801383495,
      0.0038766926154494286,
      0.003833233145996928,
      0.0033044267911463976,
      0.0037427153438329697,
      0.003298057010397315,
      0.004324235022068024,
      0.0031993312295526266,
      0.0041355048306286335,
      0.003337308531627059,
      0.003309940919280052,
      0.0032758419401943684,
      0.003598337760195136,
      0.003857158124446869,
      0.003716988954693079,
      0.0032978379167616367,
      0.003322788281366229,
      0.004152713343501091,
      0.0026350582484155893,
      0.0030899241100996733,
      0.0043947151862084866,
      0.002946566790342331,
      0.0029121809639036655,
      0.0030234113801270723,
      0.002999557415023446,
      0.003097970737144351,
      0.002943671541288495,
      0.0031229876913130283,
      0.0032362358178943396,
      0.002678981050848961,
      0.0034129254054278135,
      0.002695641480386257,
      0.003396963234990835,
      0.0033329061698168516,
      0.0023826302494853735,
      0.00253051589243114,
      0.0026314426213502884,
      0.0028418628498911858,
      0.003034501103684306,
      0.003047370119020343,
      0.0027288778219372034,
      0.0027630385011434555,
      0.002524962415918708,
      0.002439249539747834,
      0.002603009808808565,
      0.0027713824529200792,
      0.0024473799858242273,
      0.0025921103078871965,
      0.002612427808344364,
      0.002805227180942893,
      0.0025970805436372757,
      0.0023864018730819225,
      0.0024663095828145742,
      0.0032256136182695627,
      0.0025774678215384483,
