{
   "number_epochs": 400,
   "info_used": "use imputation",
   "perc_full_data": 0.04,
   "n_epochs_no_selection": 0,
   "Frequency % cutoff": 0.33,
   "hidden_size": 32,
   "random_state": 7,
   "train_errors": [
      0.36419257521629333,
      0.27009040117263794,
      0.18661226332187653,
      0.11614862084388733,
      0.06491215527057648,
      0.03690234571695328,
      0.03744301572442055,
      0.0523206852376461,
      0.057087186723947525,
      0.050358206033706665,
      0.03962205722928047,
      0.0324849858880043,
      0.031555887311697006,
      0.032415639609098434,
      0.034387778490781784,
      0.03599848598241806,
      0.03580297529697418,
      0.0347851924598217,
      0.03211875259876251,
      0.03016614355146885,
      0.028945714235305786,
      0.02870258502662182,
      0.029212459921836853,
      0.02907227911055088,
      0.029562294483184814,
      0.028731321915984154,
      0.028529485687613487,
      0.02807661145925522,
      0.027237284928560257,
      0.027442364022135735,
      0.027391506358981133,
      0.02680840902030468,
      0.027144944295287132,
      0.027574818581342697,
      0.02651762031018734,
      0.026855504140257835,
      0.026471396908164024,
      0.026021286845207214,
      0.02555900439620018,
      0.026063404977321625,
      0.02517564408481121,
      0.02559303306043148,
      0.025240741670131683,
      0.024856794625520706,
      0.02496268041431904,
      0.024727661162614822,
      0.02472083270549774,
      0.024542979896068573,
      0.024559538811445236,
      0.0244872085750103,
      0.024688338860869408,
      0.02425234578549862,
      0.023834513500332832,
      0.023805007338523865,
      0.023822050541639328,
      0.024204887449741364,
      0.02420686185359955,
      0.02435736358165741,
      0.023682035505771637,
      0.023621398955583572,
      0.023459047079086304,
      0.02348199672996998,
      0.02423286624252796,
      0.02378971502184868,
      0.023901162669062614,
      0.023873992264270782,
      0.023361578583717346,
      0.023527763783931732,
      0.02280661091208458,
      0.02403882145881653,
      0.022923221811652184,
      0.022934185341000557,
      0.022993966937065125,
      0.023260515183210373,
      0.023729955777525902,
      0.023459699004888535,
      0.023003941401839256,
      0.023433253169059753,
      0.02370341494679451,
      0.022829899564385414,
      0.023032251745462418,
      0.022439640015363693,
      0.02242143452167511,
      0.022556310519576073,
      0.022427372634410858,
      0.021808462217450142,
      0.022146152332425117,
      0.02219676971435547,
      0.0222895797342062,
      0.02269902639091015,
      0.021991347894072533,
      0.022209541872143745,
      0.021695945411920547,
      0.022032584995031357,
      0.022306323051452637,
      0.022388869896531105,
      0.02194545790553093,
      0.022589033469557762,
      0.022154441103339195,
      0.021440625190734863,
      0.021494466811418533,
      0.02093265950679779,
      0.0217951238155365,
      0.021753361448645592,
      0.021316584199666977,
      0.022036146372556686,
      0.020888755097985268,
      0.02148154191672802,
      0.020974570885300636,
      0.020592784509062767,
      0.020726967602968216,
      0.021306006237864494,
      0.02058704011142254,
      0.02069290168583393,
      0.020894311368465424,
      0.021141061559319496,
      0.02046867273747921,
      0.020539861172437668,
      0.02068067155778408,
      0.02056208625435829,
      0.020329004153609276,
      0.020234541967511177,
      0.0202627032995224,
      0.020315080881118774,
      0.020550858229398727,
      0.020877402275800705,
      0.019841138273477554,
      0.019771937280893326,
      0.019634032621979713,
      0.01950748637318611,
      0.020478131249547005,
      0.01913403533399105,
      0.01905207335948944,
      0.019766638055443764,
      0.01910015381872654,
      0.019242214038968086,
      0.019046474248170853,
      0.019410349428653717,
      0.018902741372585297,
      0.018620600923895836,
      0.018999623134732246,
      0.0192921981215477,
      0.019090263172984123,
      0.0193182360380888,
      0.018814241513609886,
      0.018575165420770645,
      0.018525857478380203,
      0.018570885062217712,
      0.01866997219622135,
      0.01867975853383541,
      0.019142795354127884,
      0.018262097612023354,
      0.018678365275263786,
      0.01869979314506054,
      0.018033351749181747,
      0.017925335094332695,
      0.017762482166290283,
      0.01834867149591446,
      0.018199453130364418,
      0.01768745481967926,
      0.017701439559459686,
      0.0182650163769722,
      0.0176564771682024,
      0.01768985204398632,
      0.017652682960033417,
      0.017279718071222305,
      0.017942238599061966,
      0.01735873706638813,
      0.01736392267048359,
      0.016546111553907394,
      0.017215276136994362,
      0.01672930084168911,
      0.016931140795350075,
      0.01586112380027771,
      0.016621703281998634,
      0.016499454155564308,
      0.01667271926999092,
      0.016664037480950356,
      0.016865944489836693,
      0.0163402296602726,
      0.017287947237491608,
      0.016957901418209076,
      0.016658160835504532,
      0.01660919189453125,
      0.016588488593697548,
      0.015826579183340073,
      0.01640847884118557,
      0.01588921807706356,
      0.01666192151606083,
      0.01632239669561386,
      0.01648496463894844,
      0.015799468383193016,
      0.015184463933110237,
      0.015601567924022675,
      0.015104536898434162,
      0.014543628320097923,
      0.014863235875964165,
      0.015065840445458889,
      0.014428924769163132,
      0.014161299914121628,
      0.013922306708991528,
      0.014599895104765892,
      0.014945011585950851,
      0.013726823031902313,
      0.013875696808099747,
      0.013739040121436119,
      0.013797293417155743,
      0.013450336642563343,
      0.013959040865302086,
      0.013458408415317535,
      0.01322590745985508,
      0.012473354116082191,
      0.012917588464915752,
      0.012217135168612003,
      0.012597862631082535,
      0.011540304869413376,
      0.01154879666864872,
      0.011693071573972702,
      0.01177438348531723,
      0.01295675802975893,
      0.011757989414036274,
      0.011536646634340286,
      0.011336909607052803,
      0.01113451924175024,
      0.011875475756824017,
      0.011614413931965828,
      0.010351277887821198,
      0.010792763903737068,
      0.011123307049274445,
      0.010635096579790115,
      0.010248463600873947,
      0.01037667877972126,
      0.00927172414958477,
      0.01048198901116848,
      0.009949482046067715,
      0.009691176936030388,
      0.009647566825151443,
      0.009476179257035255,
      0.009662432596087456,
      0.009397299028933048,
      0.009059542790055275,
      0.007888682186603546,
      0.009511996991932392,
      0.008801113814115524,
      0.008047587238252163,
      0.008356671780347824,
      0.007269568741321564,
      0.008410990238189697,
      0.007536294404417276,
      0.008260256610810757,
      0.008404288440942764,
      0.008701753802597523,
      0.006762482691556215,
      0.007199624087661505,
      0.007095030043274164,
      0.006948494352400303,
      0.008074181154370308,
      0.007755047641694546,
      0.0066352891735732555,
      0.00804740097373724,
      0.00713500427082181,
      0.0075180926360189915,
      0.008067352697253227,
      0.006459183059632778,
      0.006640136707574129,
      0.005798367317765951,
      0.00606534956023097,
      0.007193367462605238,
      0.00604914641007781,
      0.007083214819431305,
      0.006763584911823273,
      0.006165061146020889,
      0.006465679034590721,
      0.0055352612398564816,
      0.006401863414794207,
      0.005423117894679308,
      0.006003765854984522,
      0.005063708871603012,
      0.006354538723826408,
      0.006949607748538256,
      0.006386198103427887,
