{
   "number_epochs": 400,
   "info_used": "use imputation",
   "perc_full_data": 0.04,
   "n_epochs_no_selection": 0,
   "Frequency % cutoff": 0.33,
   "hidden_size": 32,
   "random_state": 10,
   "train_errors": [
      0.29430684447288513,
      0.19077903032302856,
      0.11000427603721619,
      0.05946020036935806,
      0.0470241941511631,
      0.06190117821097374,
      0.06942801922559738,
      0.05653930827975273,
      0.04523538798093796,
      0.04084018990397453,
      0.03947059437632561,
      0.04037586227059364,
      0.0421828031539917,
      0.0418400913476944,
      0.040386222302913666,
      0.03769213706254959,
      0.03637944906949997,
      0.03456836938858032,
      0.03348729386925697,
      0.033479295670986176,
      0.03293402120471001,
      0.03279115632176399,
      0.031371768563985825,
      0.030962631106376648,
      0.02986399456858635,
      0.02942250669002533,
      0.029377589002251625,
      0.02955525368452072,
      0.02846984751522541,
      0.02858695387840271,
      0.027392514050006866,
      0.02820429392158985,
      0.0273177158087492,
      0.026906879618763924,
      0.027315257117152214,
      0.027144933119416237,
      0.026967398822307587,
      0.027802541851997375,
      0.027275335043668747,
      0.02673284523189068,
      0.026868965476751328,
      0.026928607374429703,
      0.026598291471600533,
      0.026758434250950813,
      0.026235710829496384,
      0.026666348800063133,
      0.025978010147809982,
      0.025947032496333122,
      0.02656046487390995,
      0.026422463357448578,
      0.02579004317522049,
      0.02624620869755745,
      0.026889601722359657,
      0.02644617296755314,
      0.026271797716617584,
      0.0263831727206707,
      0.027158772572875023,
      0.025294994935393333,
      0.02651566080749035,
      0.026852892711758614,
      0.026158973574638367,
      0.02558683231472969,
      0.026833971962332726,
      0.026021860539913177,
      0.02555624209344387,
      0.02503800205886364,
      0.025593603029847145,
      0.02513938583433628,
      0.02564137428998947,
      0.02546646073460579,
      0.025685543194413185,
      0.02576916664838791,
      0.025314027443528175,
      0.024695560336112976,
      0.025027280673384666,
      0.02554488554596901,
      0.025906527414917946,
      0.025500847026705742,
      0.02508731000125408,
      0.02547481283545494,
      0.02539990469813347,
      0.025024104863405228,
      0.024994170293211937,
      0.0253768227994442,
      0.025133373215794563,
      0.024920877069234848,
      0.024365102872252464,
      0.024821124970912933,
      0.024023769423365593,
      0.024899542331695557,
      0.024401042610406876,
      0.02450183965265751,
      0.024805856868624687,
      0.024361135438084602,
      0.024250052869319916,
      0.02407524362206459,
      0.024180617183446884,
      0.02447131648659706,
      0.024444902315735817,
      0.024377336725592613,
      0.023805154487490654,
      0.023929879069328308,
      0.02408607304096222,
      0.02455565705895424,
      0.023813335224986076,
      0.02419694885611534,
      0.024090444669127464,
      0.024006811901926994,
      0.023340905085206032,
      0.024131475016474724,
      0.023417342454195023,
      0.02456989511847496,
      0.023785464465618134,
      0.02369046024978161,
      0.023765375837683678,
      0.02294519916176796,
      0.02338126115500927,
      0.023074358701705933,
      0.023698674514889717,
      0.023639436811208725,
      0.02309214510023594,
      0.023248862475156784,
      0.024457387626171112,
      0.022908156737685204,
      0.02271048165857792,
      0.023701120167970657,
      0.02334807813167572,
      0.02297133579850197,
      0.023116271942853928,
      0.02233472466468811,
      0.02310127019882202,
      0.02330324985086918,
      0.022182369604706764,
      0.022015422582626343,
      0.023032939061522484,
      0.02243080362677574,
      0.02203647419810295,
      0.02229916863143444,
      0.02247942052781582,
      0.021336477249860764,
      0.023029200732707977,
      0.021390283480286598,
      0.02200854942202568,
      0.02064105123281479,
      0.021476490423083305,
      0.021233152598142624,
      0.021996617317199707,
      0.020860912278294563,
      0.021218253299593925,
      0.02051360532641411,
      0.021649571135640144,
      0.020542286336421967,
      0.020912719890475273,
      0.019884318113327026,
      0.020502056926488876,
      0.019898848608136177,
      0.019675051793456078,
      0.01981857791543007,
      0.019489461556077003,
      0.019956374540925026,
      0.019678935408592224,
      0.019232643768191338,
      0.018953105434775352,
      0.02043733187019825,
      0.01936909556388855,
      0.0189426988363266,
      0.018182195723056793,
      0.01766003482043743,
      0.018129730597138405,
      0.01802975870668888,
      0.01816353015601635,
      0.01820770651102066,
      0.017212649807333946,
      0.017300687730312347,
      0.016741443425416946,
      0.016587799414992332,
      0.01776481606066227,
      0.01750594936311245,
      0.017062928527593613,
      0.01674637943506241,
      0.015779336914420128,
      0.015621691942214966,
      0.01596478559076786,
      0.017239073291420937,
      0.016600606963038445,
      0.015027008019387722,
      0.01665591448545456,
      0.01547908317297697,
      0.015405022539198399,
      0.015430242754518986,
      0.014214517548680305,
      0.017208974808454514,
      0.014800481498241425,
      0.013779054395854473,
      0.013552714139223099,
      0.01608826406300068,
      0.0137849822640419,
      0.013593514449894428,
      0.013421693816781044,
      0.015821272507309914,
      0.0152222765609622,
      0.013837222941219807,
      0.012955473735928535,
      0.011966297402977943,
      0.014469744637608528,
      0.013522395864129066,
      0.01258278451859951,
      0.012524434365332127,
      0.011847841553390026,
      0.014507897198200226,
      0.012346615083515644,
      0.012147518806159496,
      0.011202074587345123,
      0.011022230610251427,
      0.01456341240555048,
      0.01206735335290432,
      0.012898961082100868,
      0.013150001876056194,
      0.010524486191570759,
      0.01085950993001461,
      0.01079901959747076,
      0.009998560883104801,
      0.010223807767033577,
      0.01162507850676775,
      0.025680923834443092,
      0.009883590042591095,
      0.009854743257164955,
      0.012775027193129063,
      0.009148901328444481,
      0.013289026916027069,
      0.008805729448795319,
      0.008740460500121117,
      0.0094459755346179,
      0.014187810942530632,
      0.014525623992085457,
      0.009035917930305004,
      0.008412935771048069,
      0.008663351647555828,
      0.01723918877542019,
      0.008568651042878628,
      0.017447443678975105,
      0.0074232290498912334,
      0.012160592712461948,
      0.01440120767802,
      0.007554539013653994,
      0.008046431466937065,
      0.007800213992595673,
      0.0075113181956112385,
      0.00731522124260664,
      0.006930721923708916,
      0.006588933989405632,
      0.010961615480482578,
      0.006694770883768797,
      0.005816629622131586,
      0.005205052904784679,
      0.010742953047156334,
      0.005702476482838392,
      0.008403470739722252,
      0.015243462286889553,
      0.012279185466468334,
      0.014655906707048416,
      0.01189414132386446,
      0.010571826249361038,
      0.0062072728760540485,
      0.005821143742650747,
      0.005879596341401339,
      0.005639940500259399,
      0.005415064748376608,
      0.0057084509171545506,
      0.005892699584364891,
      0.009410878643393517,
      0.01763537898659706,
      0.005798166152089834,
      0.006283164955675602,
      0.004985978361219168,
      0.005772709380835295,
      0.008313968777656555,
      0.005037546623498201,
      0.005521319340914488,
      0.009561131708323956,
      0.004912160336971283,
