{
   "number_epochs": 400,
   "info_used": "use imputation",
   "perc_full_data": 0.04,
   "n_epochs_no_selection": 0,
   "Frequency % cutoff": 0.33,
   "hidden_size": 32,
   "random_state": 12,
   "train_errors": [
      0.24150493741035461,
      0.1649807244539261,
      0.1046409085392952,
      0.061328377574682236,
      0.038414448499679565,
      0.03526170924305916,
      0.04491040110588074,
      0.05080253258347511,
      0.04555061087012291,
      0.039164118468761444,
      0.033245328813791275,
      0.03154951333999634,
      0.03233587369322777,
      0.03293856978416443,
      0.033799562603235245,
      0.03298797458410263,
      0.03172925114631653,
      0.031166614964604378,
      0.029358863830566406,
      0.028653644025325775,
      0.028934823349118233,
      0.028957992792129517,
      0.028703341260552406,
      0.027635343372821808,
      0.02752959541976452,
      0.027073921635746956,
      0.027035346254706383,
      0.02700660564005375,
      0.025388818234205246,
      0.025849822908639908,
      0.02568722516298294,
      0.025492841377854347,
      0.02540760301053524,
      0.024726862087845802,
      0.024689774960279465,
      0.024035075679421425,
      0.024570900946855545,
      0.02378370612859726,
      0.0241226926445961,
      0.023788323625922203,
      0.023237545043230057,
      0.023581640794873238,
      0.02303616888821125,
      0.0232395026832819,
      0.022816330194473267,
      0.023654496297240257,
      0.022654786705970764,
      0.02240164764225483,
      0.02264169417321682,
      0.02254989556968212,
      0.022420380264520645,
      0.022592676803469658,
      0.022414980456233025,
      0.02141796424984932,
      0.022196954116225243,
      0.02199535071849823,
      0.021864475682377815,
      0.02102627418935299,
      0.021840490400791168,
      0.021646838635206223,
      0.021904023364186287,
      0.02117460034787655,
      0.02171953022480011,
      0.020908154547214508,
      0.020754719153046608,
      0.020980481058359146,
      0.020924529060721397,
      0.02090173214673996,
      0.02052263543009758,
      0.020326264202594757,
      0.02049327827990055,
      0.020517215132713318,
      0.021551424637436867,
      0.021004490554332733,
      0.02085103839635849,
      0.020327523350715637,
      0.021206194534897804,
      0.019986208528280258,
      0.020394982770085335,
      0.02056640200316906,
      0.019849976524710655,
      0.01957894116640091,
      0.02022537589073181,
      0.019571751356124878,
      0.019189829006791115,
      0.019780242815613747,
      0.01994403451681137,
      0.01966169849038124,
      0.019403351470828056,
      0.019765449687838554,
      0.020191699266433716,
      0.019933035597205162,
      0.020412936806678772,
      0.01952802948653698,
      0.019815538078546524,
      0.019070560112595558,
      0.019831720739603043,
      0.02042306773364544,
      0.019209107384085655,
      0.01973598077893257,
      0.019497020170092583,
      0.01978493109345436,
      0.019279927015304565,
      0.01861969567835331,
      0.01971355453133583,
      0.018853124231100082,
      0.01941761001944542,
      0.01909051649272442,
      0.01948229782283306,
      0.019670570269227028,
      0.01938914880156517,
      0.018689334392547607,
      0.01852123625576496,
      0.018847811967134476,
      0.01875070109963417,
      0.019897975027561188,
      0.018707439303398132,
      0.018887914717197418,
      0.018862085416913033,
      0.018192291259765625,
      0.019088583067059517,
      0.018828103318810463,
      0.019135301932692528,
      0.01779593527317047,
      0.01874544844031334,
      0.01868913508951664,
      0.0182489026337862,
      0.018412191420793533,
      0.01869417354464531,
      0.019054438918828964,
      0.018156668171286583,
      0.018570929765701294,
      0.017694750800728798,
      0.01761966198682785,
      0.01897328533232212,
      0.01791900396347046,
      0.018060434609651566,
      0.018407484516501427,
      0.018180957064032555,
      0.018992586061358452,
      0.01834251917898655,
      0.019047347828745842,
      0.018605556339025497,
      0.017090024426579475,
      0.018100082874298096,
      0.017527565360069275,
      0.01721476949751377,
      0.018701113760471344,
      0.017750950530171394,
      0.017588451504707336,
      0.01770135387778282,
      0.017402224242687225,
      0.01821192540228367,
      0.01746215857565403,
      0.016731493175029755,
      0.0172822717577219,
      0.017071928828954697,
      0.017528563737869263,
      0.018273796886205673,
      0.017644692212343216,
      0.017418164759874344,
      0.017521921545267105,
      0.017543122172355652,
      0.0169957485049963,
      0.01699645444750786,
      0.017312731593847275,
      0.016404815018177032,
      0.016643982380628586,
      0.018366774544119835,
      0.017687393352389336,
      0.017453299835324287,
      0.0164013858884573,
      0.01693005859851837,
      0.01695130206644535,
      0.017657846212387085,
      0.016718298196792603,
      0.01709633320569992,
      0.015960492193698883,
      0.016752196475863457,
      0.016507083550095558,
      0.016125468537211418,
      0.016154075041413307,
      0.016170227900147438,
      0.01598082110285759,
      0.01661393791437149,
      0.016769059002399445,
      0.017138885334134102,
      0.01702605001628399,
      0.01523122750222683,
      0.01581699587404728,
      0.017233338207006454,
      0.015931637957692146,
      0.016096064820885658,
      0.016074329614639282,
      0.016068561002612114,
      0.015705399215221405,
      0.016240699216723442,
      0.015549550764262676,
      0.017305854707956314,
      0.015466258861124516,
      0.015355011448264122,
      0.015599201433360577,
      0.015097348019480705,
      0.01635483279824257,
      0.0160688329488039,
      0.01644688844680786,
      0.015342404134571552,
      0.01553081814199686,
      0.01523213367909193,
      0.016149237751960754,
      0.01607893593609333,
      0.015623261220753193,
      0.016400890424847603,
      0.015572729520499706,
      0.014899827539920807,
      0.016674261540174484,
      0.015353499911725521,
      0.01609771139919758,
      0.014971437864005566,
      0.015289023518562317,
      0.014984354376792908,
      0.015680063515901566,
      0.015279986895620823,
      0.015669288113713264,
      0.015503757633268833,
      0.01672588288784027,
      0.014712470583617687,
      0.015859907492995262,
      0.015134741552174091,
      0.01592949405312538,
      0.015156512148678303,
      0.015256320126354694,
      0.015911251306533813,
      0.014656339772045612,
      0.014981535263359547,
      0.014936944469809532,
      0.015019092708826065,
      0.015345391817390919,
      0.014766682870686054,
      0.01481244433671236,
      0.014409774914383888,
      0.016591625288128853,
      0.014521696604788303,
      0.014123540371656418,
      0.014811674132943153,
      0.015050821006298065,
      0.01469209510833025,
      0.014706261456012726,
      0.015422037802636623,
      0.014151583425700665,
      0.014684365130960941,
      0.015710214152932167,
      0.014325590804219246,
      0.014913879334926605,
      0.014749880880117416,
      0.014787467196583748,
      0.014608428813517094,
      0.014416380785405636,
      0.014873535372316837,
      0.014400402083992958,
      0.014930088073015213,
      0.015065891668200493,
      0.014435544610023499,
      0.01509966142475605,
      0.01540353987365961,
      0.014466562308371067,
      0.013977277092635632,
      0.015546411275863647,
      0.01407123077660799,
      0.014484711922705173,
      0.014306832104921341,
      0.014507293701171875,
      0.013859785161912441,
      0.014596435241401196,
      0.014449049718677998,
      0.013546311296522617,
      0.014377516694366932,
      0.014712789095938206,
      0.013630392961204052,
      0.013113793917000294,
      0.013841233216226101,
