{
   "number_epochs": 300,
   "info_used": "use imputation",
   "perc_full_data": 0.3,
   "n_epochs_no_selection": 0,
   "Frequency % cutoff": 0.3,
   "hidden_size": 32,
   "random_state": 2,
   "train_errors": [
      0.11156655102968216,
      0.09689739346504211,
      0.08419200778007507,
      0.07288899272680283,
      0.06346941739320755,
      0.056542787700891495,
      0.05249316245317459,
      0.05010472610592842,
      0.04994156211614609,
      0.04995238035917282,
      0.049167558550834656,
      0.046956419944763184,
      0.04555021598935127,
      0.044250745326280594,
      0.04229871928691864,
      0.04153493791818619,
      0.039976488798856735,
      0.038700588047504425,
      0.038351841270923615,
      0.036139123141765594,
      0.03526455909013748,
      0.03343905135989189,
      0.03209884092211723,
      0.03052023984491825,
      0.029653673991560936,
      0.028258804231882095,
      0.02722878009080887,
      0.02547764778137207,
      0.025866881012916565,
      0.023987725377082825,
      0.024661509320139885,
      0.02321227453649044,
      0.023519866168498993,
      0.021812554448843002,
      0.022439921274781227,
      0.023239973932504654,
      0.022276120260357857,
      0.021039780229330063,
      0.022138535976409912,
      0.022259393706917763,
      0.02145528234541416,
      0.019989242777228355,
      0.020893068984150887,
      0.019318487495183945,
      0.020298650488257408,
      0.02089751325547695,
      0.02054998092353344,
      0.020238470286130905,
      0.019656499847769737,
      0.019000273197889328,
      0.019586030393838882,
      0.018918916583061218,
      0.018724704161286354,
      0.01847689040005207,
      0.018662244081497192,
      0.018436681479215622,
      0.018056267872452736,
      0.017110779881477356,
      0.018447497859597206,
      0.01806625910103321,
      0.017893925309181213,
      0.01687888242304325,
      0.016802294179797173,
      0.017684604972600937,
      0.01763826049864292,
      0.01655285432934761,
      0.01686137355864048,
      0.016864635050296783,
      0.01648692972958088,
      0.016345983371138573,
      0.01605962961912155,
      0.016674229875206947,
      0.01584872044622898,
      0.01596245728433132,
      0.01592649705708027,
      0.01607353612780571,
      0.015753690153360367,
      0.0150471655651927,
      0.015548812225461006,
      0.015999529510736465,
      0.015160354785621166,
      0.014622596092522144,
      0.015973038971424103,
      0.014569694176316261,
      0.01432323083281517,
      0.01576392911374569,
      0.01467440091073513,
      0.014987114816904068,
      0.014779433608055115,
      0.015008713118731976,
      0.014253768138587475,
      0.014235256239771843,
      0.01416555792093277,
      0.01592681184411049,
      0.01395536120980978,
      0.014581195078790188,
      0.01397122535854578,
      0.015233200043439865,
      0.013658709824085236,
      0.013424153439700603,
      0.013082088902592659,
      0.014276775531470776,
      0.012695828452706337,
      0.01334870420396328,
      0.015003697015345097,
      0.013844075612723827,
      0.014124813489615917,
      0.012905536219477654,
      0.014589800499379635,
      0.013577805832028389,
      0.01501177717000246,
      0.01255400013178587,
      0.014366202056407928,
      0.014875744469463825,
      0.013460240326821804,
      0.013042133301496506,
      0.014132560230791569,
      0.013422579504549503,
      0.014841153286397457,
      0.012742077931761742,
      0.01278448011726141,
      0.013976356014609337,
      0.013870194554328918,
      0.012924747541546822,
      0.01329017523676157,
      0.014562126249074936,
      0.014403291046619415,
      0.014566609635949135,
      0.013825242407619953,
      0.013715439476072788,
      0.013241440989077091,
      0.013469788245856762,
      0.013869373127818108,
      0.012620034627616405,
      0.013736286200582981,
      0.013555466197431087,
      0.012779414653778076,
      0.012718476355075836,
      0.01230250857770443,
      0.01241450197994709,
      0.01341457013040781,
      0.013031727634370327,
      0.0131832892075181,
      0.01400577649474144,
      0.012519667856395245,
      0.012611335143446922,
      0.012953448109328747,
      0.012253914959728718,
      0.01260231714695692,
      0.012948696501553059,
      0.012896704487502575,
      0.0137478681281209,
      0.01284982543438673,
      0.013327128253877163,
      0.013153372332453728,
      0.01251242309808731,
      0.013339686207473278,
      0.012370514683425426,
      0.012255759909749031,
      0.012939057312905788,
      0.012750805355608463,
      0.013456802815198898,
      0.012913352809846401,
      0.013400012627243996,
      0.01272574532777071,
      0.012730887159705162,
      0.012404105626046658,
      0.012352578341960907,
      0.012410968542098999,
      0.012571430765092373,
      0.011570610105991364,
      0.012722969055175781,
      0.012117389589548111,
      0.011965824291110039,
      0.0129396328702569,
      0.011745148338377476,
      0.012194065377116203,
      0.011880898848176003,
      0.01249689981341362,
      0.01194655243307352,
      0.011999865062534809,
      0.01124870590865612,
      0.012902684509754181,
      0.01314487773925066,
      0.01313118264079094,
      0.012345591560006142,
      0.012050502002239227,
      0.011944763362407684,
      0.012055469676852226,
      0.011610131710767746,
      0.013219227083027363,
      0.01124341320246458,
      0.01328683365136385,
      0.011538843624293804,
      0.012216361239552498,
      0.012120223604142666,
      0.012838591821491718,
      0.012599434703588486,
      0.01216631755232811,
      0.013572240248322487,
      0.012170126661658287,
      0.012689651921391487,
      0.01160221453756094,
      0.010933968238532543,
      0.012479515746235847,
      0.011966434307396412,
      0.010921711102128029,
      0.012343564070761204,
      0.01204985287040472,
      0.012055793777108192,
      0.01223437488079071,
      0.011224251240491867,
      0.011958649381995201,
      0.012156806886196136,
      0.012261390686035156,
      0.01121393870562315,
      0.011852076277136803,
      0.012038334272801876,
      0.012088287621736526,
      0.013578003272414207,
      0.011685963720083237,
      0.012026334181427956,
      0.012033089064061642,
      0.012469036504626274,
      0.011467860080301762,
      0.011648807674646378,
      0.011254643090069294,
      0.011899623088538647,
      0.012161295861005783,
      0.010794034227728844,
      0.011867220513522625,
      0.011031467467546463,
      0.01224000658839941,
      0.011217277497053146,
      0.011835917830467224,
      0.012248539365828037,
      0.012533694505691528,
      0.010993819683790207,
      0.011883314698934555,
      0.01064353622496128,
      0.011668453924357891,
      0.012109021656215191,
      0.01122650783509016,
      0.010805211029946804,
      0.010752549394965172,
      0.011031444184482098,
      0.010951745323836803,
      0.012972685508430004,
      0.010978268459439278,
      0.010672558099031448,
      0.011621394194662571,
      0.011402259580790997,
      0.010972746647894382,
      0.010709225200116634,
      0.011506114155054092,
      0.01218164712190628,
      0.010642489418387413,
      0.01124824583530426,
      0.01129689160734415,
      0.012374280020594597,
      0.01147118117660284,
      0.012533214874565601,
      0.011191584169864655,
      0.011590114794671535,
      0.011049511842429638,
      0.011549625545740128,
      0.011439232155680656,
      0.011683404445648193,
      0.011898660100996494,
      0.012057213112711906,
      0.011429887264966965,
      0.012726063840091228,
      0.011128884740173817,
      0.012491036206483841,
      0.0125610725954175,
      0.012223262339830399,
      0.011492888443171978,
      0.01181749813258648,
      0.010454169474542141,
      0.012288089841604233,
      0.011052187532186508,
