{
   "number_epochs": 300,
   "info_used": "use imputation",
   "perc_full_data": 0.3,
   "n_epochs_no_selection": 0,
   "Frequency % cutoff": 0.3,
   "hidden_size": 32,
   "random_state": 0,
   "train_errors": [
      0.057231806218624115,
      0.05394933745265007,
      0.05162416025996208,
      0.05180148780345917,
      0.05029500275850296,
      0.04915381222963333,
      0.048352450132369995,
      0.04632995277643204,
      0.04521793872117996,
      0.044396817684173584,
      0.0428893156349659,
      0.040879491716623306,
      0.040080368518829346,
      0.037770096212625504,
      0.03578764572739601,
      0.033748507499694824,
      0.031818196177482605,
      0.030599815770983696,
      0.02833373472094536,
      0.026700345799326897,
      0.025628259405493736,
      0.023355089128017426,
      0.02259582281112671,
      0.021727509796619415,
      0.019965771585702896,
      0.01988990791141987,
      0.02048480324447155,
      0.01844269409775734,
      0.019290048629045486,
      0.018406596034765244,
      0.019439248368144035,
      0.018214881420135498,
      0.017819296568632126,
      0.01762060821056366,
      0.01693372055888176,
      0.01619802415370941,
      0.016722679138183594,
      0.015621460042893887,
      0.015470806509256363,
      0.014814354479312897,
      0.015135928988456726,
      0.014986155554652214,
      0.014219607226550579,
      0.013710953295230865,
      0.01403474435210228,
      0.014299186877906322,
      0.013064579106867313,
      0.013606853783130646,
      0.013441070914268494,
      0.012454299256205559,
      0.013029903173446655,
      0.012170286849141121,
      0.012431168928742409,
      0.01187905017286539,
      0.012217800132930279,
      0.01163787953555584,
      0.011559528298676014,
      0.011821960099041462,
      0.012552078813314438,
      0.012252011336386204,
      0.01187142077833414,
      0.01038378570228815,
      0.011939148418605328,
      0.01061180979013443,
      0.010588317178189754,
      0.011327346786856651,
      0.010314813815057278,
      0.011553054675459862,
      0.01117795892059803,
      0.010606690309941769,
      0.010039168410003185,
      0.010760489851236343,
      0.010947641916573048,
      0.010974902659654617,
      0.010864777490496635,
      0.00990044604986906,
      0.010513708926737309,
      0.010152755305171013,
      0.010598667897284031,
      0.009964736178517342,
      0.008976633660495281,
      0.009479425847530365,
      0.009164960123598576,
      0.010041951201856136,
      0.00960469525307417,
      0.010222388431429863,
      0.01039867103099823,
      0.009597773663699627,
      0.009481103159487247,
      0.009643224999308586,
      0.01005573384463787,
      0.009447578340768814,
      0.01011618971824646,
      0.00977195706218481,
      0.009486792609095573,
      0.008770461194217205,
      0.009510152973234653,
      0.00944716390222311,
      0.009642023593187332,
      0.009183625690639019,
      0.009892548434436321,
      0.009036961942911148,
      0.009499257430434227,
      0.01046536210924387,
      0.00938049703836441,
      0.008759026415646076,
      0.009441416710615158,
      0.010154363699257374,
      0.008728028275072575,
      0.010037209838628769,
      0.00871276669204235,
      0.010064014233648777,
      0.00816225353628397,
      0.009489994496107101,
      0.00877610594034195,
      0.008983490988612175,
      0.009843152016401291,
      0.00978305097669363,
      0.008830479346215725,
      0.008668698370456696,
      0.008535457774996758,
      0.009288502857089043,
      0.009144099429249763,
      0.009207470342516899,
      0.008691446855664253,
      0.009064799174666405,
      0.009450861252844334,
      0.00894532073289156,
      0.00839844811707735,
      0.009478428401052952,
      0.008337927982211113,
      0.009211932308971882,
      0.008559897541999817,
      0.007993538863956928,
      0.008306048810482025,
      0.008190592750906944,
      0.007970491424202919,
      0.008526875637471676,
      0.009369075298309326,
      0.009472575038671494,
      0.009027626365423203,
      0.010005173273384571,
      0.008687885478138924,
      0.008884222246706486,
      0.008885134011507034,
      0.008962730877101421,
      0.008912726305425167,
      0.00812625139951706,
      0.008958837948739529,
      0.00859608594328165,
      0.008864977397024632,
      0.008954659104347229,
      0.008075918070971966,
      0.008989676833152771,
      0.009694524109363556,
      0.009182265028357506,
      0.008678494021296501,
      0.008822551928460598,
      0.0089607834815979,
      0.008044766262173653,
      0.008669288828969002,
      0.008419771678745747,
      0.008644324727356434,
      0.00857653096318245,
      0.00836651585996151,
      0.00853932835161686,
      0.008725885301828384,
      0.008786600083112717,
      0.00906484667211771,
      0.008830388076603413,
      0.0076538329012691975,
      0.008165533654391766,
      0.008314843289554119,
      0.008480065502226353,
      0.008494754321873188,
      0.008237208239734173,
      0.008246490731835365,
      0.008701945655047894,
      0.008762598969042301,
      0.008561532013118267,
      0.008544914424419403,
      0.008869285695254803,
      0.009673616848886013,
      0.008570381440222263,
      0.008461279794573784,
      0.00772547023370862,
      0.0081387460231781,
      0.007722633425146341,
      0.008921567350625992,
      0.008598137646913528,
      0.008824269287288189,
      0.00851738266646862,
      0.009705474600195885,
      0.008302053436636925,
      0.00829370692372322,
      0.007656652480363846,
      0.008009654469788074,
      0.008507802151143551,
      0.007746595423668623,
      0.007685030344873667,
      0.00807354785501957,
      0.008385071530938148,
      0.00886574201285839,
      0.009332501329481602,
      0.008918596431612968,
      0.008698518387973309,
      0.008229397237300873,
      0.007757282815873623,
      0.0074220444075763226,
      0.008706364780664444,
      0.008835445158183575,
      0.008305976167321205,
      0.008357386104762554,
      0.007346017751842737,
      0.008492543362081051,
      0.007963057607412338,
      0.007779126521199942,
      0.008093880489468575,
      0.007772206794470549,
      0.007810601498931646,
      0.007703887764364481,
      0.007635511923581362,
      0.007689850404858589,
      0.0075819590128958225,
      0.007707301992923021,
      0.007900233380496502,
      0.008052894845604897,
      0.008258400484919548,
      0.008182312361896038,
      0.007397452834993601,
      0.007231226656585932,
      0.008573310449719429,
      0.007067878730595112,
      0.007367532234638929,
      0.0071931155398488045,
      0.007852085866034031,
      0.008164361119270325,
      0.008877689950168133,
      0.008276966400444508,
      0.007432699203491211,
      0.0074374498799443245,
      0.007750241551548243,
      0.007376152090728283,
      0.008091803640127182,
      0.00832411926239729,
      0.00819827988743782,
      0.007197304163128138,
      0.007579920347779989,
      0.007845111191272736,
      0.0077313706278800964,
      0.0077824704349040985,
      0.008160542696714401,
      0.007944882847368717,
      0.0075035374611616135,
      0.007725248578935862,
      0.00825016014277935,
      0.0073602693155407906,
      0.007906352169811726,
      0.007523075677454472,
      0.007620615419000387,
      0.007791288197040558,
      0.007538558449596167,
      0.007924831472337246,
      0.00785212591290474,
      0.008037296123802662,
      0.0077741011045873165,
      0.007995814085006714,
      0.007549026980996132,
      0.008377211168408394,
      0.008381112478673458,
      0.008258957415819168,
      0.00761923985555768,
      0.007725949864834547,
      0.007871085777878761,
      0.007085241377353668,
      0.0071117389015853405,
      0.0068787578493356705,
      0.008562387898564339,
      0.007580268196761608,
