{
   "number_epochs": 300,
   "info_used": "use imputation",
   "perc_full_data": 0.3,
   "n_epochs_no_selection": 0,
   "Frequency % cutoff": 0.3,
   "hidden_size": 32,
   "random_state": 6,
   "train_errors": [
      0.07774069905281067,
      0.06578746438026428,
      0.05832141637802124,
      0.05639863759279251,
      0.05583685263991356,
      0.055097926408052444,
      0.05305217206478119,
      0.0507105216383934,
      0.04942226782441139,
      0.0457579530775547,
      0.04556193947792053,
      0.04299338161945343,
      0.04259706288576126,
      0.03940600901842117,
      0.03947504982352257,
      0.037370715290308,
      0.03618422523140907,
      0.03415220230817795,
      0.0326099656522274,
      0.031199129298329353,
      0.030585769563913345,
      0.0292474664747715,
      0.028613504022359848,
      0.025740185752511024,
      0.02443498745560646,
      0.023557698354125023,
      0.0235261432826519,
      0.02255428209900856,
      0.021906983107328415,
      0.020718328654766083,
      0.020951490849256516,
      0.019850991666316986,
      0.01891021989285946,
      0.020350132137537003,
      0.019678428769111633,
      0.018713774159550667,
      0.018405675888061523,
      0.01877252571284771,
      0.01776536926627159,
      0.016176393255591393,
      0.016916988417506218,
      0.01581016555428505,
      0.01610541343688965,
      0.015933668240904808,
      0.015804702416062355,
      0.01642158441245556,
      0.015600868500769138,
      0.015741409733891487,
      0.01592525839805603,
      0.016856610774993896,
      0.01581255905330181,
      0.01514829508960247,
      0.014624209143221378,
      0.015003383159637451,
      0.015419227071106434,
      0.014110282063484192,
      0.014079718850553036,
      0.013947715051472187,
      0.012867487967014313,
      0.013017440214753151,
      0.013842619955539703,
      0.014259100891649723,
      0.012403198517858982,
      0.012675739824771881,
      0.014187744818627834,
      0.012667074799537659,
      0.01258899737149477,
      0.013326579704880714,
      0.012281912378966808,
      0.013072943314909935,
      0.01270407997071743,
      0.01366603933274746,
      0.012590913102030754,
      0.012882675044238567,
      0.01270309742540121,
      0.012532882392406464,
      0.011399241164326668,
      0.01230460312217474,
      0.012556183151900768,
      0.012579443864524364,
      0.012572957202792168,
      0.011025439016520977,
      0.01300619263201952,
      0.01183504518121481,
      0.01102930773049593,
      0.012515891343355179,
      0.011316675692796707,
      0.010479790158569813,
      0.01073992159217596,
      0.011223353445529938,
      0.01214936375617981,
      0.012022902257740498,
      0.010393711738288403,
      0.012381428852677345,
      0.011104770936071873,
      0.010577477514743805,
      0.011164887808263302,
      0.012615811079740524,
      0.010439436882734299,
      0.010887614451348782,
      0.010736384429037571,
      0.010119734331965446,
      0.010399500839412212,
      0.009705975651741028,
      0.010444686748087406,
      0.011019234545528889,
      0.010051636956632137,
      0.01009409036487341,
      0.01153092086315155,
      0.010219233110547066,
      0.010162369348108768,
      0.010967457666993141,
      0.011225983500480652,
      0.010720081627368927,
      0.010902409441769123,
      0.010778050869703293,
      0.010841667652130127,
      0.009970351122319698,
      0.011271901428699493,
      0.009990722872316837,
      0.011181843467056751,
      0.011695625260472298,
      0.010838481597602367,
      0.010314850136637688,
      0.010899752378463745,
      0.011099281720817089,
      0.010337421670556068,
      0.012102394364774227,
      0.011762170121073723,
      0.009691614657640457,
      0.01027870923280716,
      0.010640183463692665,
      0.010211069136857986,
      0.009103174321353436,
      0.010478873737156391,
      0.009187217801809311,
      0.00973434466868639,
      0.010272580198943615,
      0.009105503559112549,
      0.009854331612586975,
      0.009808970615267754,
      0.009416108950972557,
      0.010621421039104462,
      0.009515494108200073,
      0.009597618132829666,
      0.010176108218729496,
      0.010497531853616238,
      0.010325525887310505,
      0.009455227293074131,
      0.010048102587461472,
      0.010933784767985344,
      0.009421511553227901,
      0.009331257082521915,
      0.008974634110927582,
      0.010090082883834839,
      0.009138521738350391,
      0.008966541849076748,
      0.010126231238245964,
      0.010147040709853172,
      0.009883006103336811,
      0.009362283162772655,
      0.010195811279118061,
      0.009253994561731815,
      0.010252904146909714,
      0.009615698829293251,
      0.01093621738255024,
      0.009697378613054752,
      0.00956948846578598,
      0.00995211023837328,
      0.009171735495328903,
      0.009699312038719654,
      0.00979000236839056,
      0.010395752266049385,
      0.009332885965704918,
      0.009978783316910267,
      0.009239188395440578,
      0.009312325157225132,
      0.010445588268339634,
      0.010019568726420403,
      0.009010342881083488,
      0.008659212850034237,
      0.009242989122867584,
      0.008236367255449295,
      0.00855073519051075,
      0.00938202254474163,
      0.009784607216715813,
      0.008977546356618404,
      0.00965803861618042,
      0.009239531122148037,
      0.008953931741416454,
      0.00912149902433157,
      0.010322011075913906,
      0.009825312532484531,
      0.009074599482119083,
      0.00861014612019062,
      0.00818386860191822,
      0.009160464629530907,
      0.00975371990352869,
      0.009359778836369514,
      0.009076288901269436,
      0.00842378195375204,
      0.00978804286569357,
      0.009133489802479744,
      0.00938732735812664,
      0.009551560506224632,
      0.009120750240981579,
      0.00800907053053379,
      0.009389834478497505,
      0.008752518333494663,
      0.00933481752872467,
      0.008336209692060947,
      0.009615023620426655,
      0.009127764031291008,
      0.008212813176214695,
      0.008940358646214008,
      0.00920479092746973,
      0.008279724977910519,
      0.008403911255300045,
      0.008670334704220295,
      0.008779306896030903,
      0.009423340670764446,
      0.008920121006667614,
      0.00857942271977663,
      0.008488178253173828,
      0.008748727850615978,
      0.00832618772983551,
      0.008069516159594059,
      0.007733432576060295,
      0.008196732960641384,
      0.009644512087106705,
      0.008395010605454445,
      0.0074691022746264935,
      0.008922313340008259,
      0.009302834048867226,
      0.009361851960420609,
      0.008342578075826168,
      0.009185243397951126,
      0.008989541791379452,
      0.008578402921557426,
      0.008183409459888935,
      0.008403943851590157,
      0.007507774513214827,
      0.009681041352450848,
      0.007700190879404545,
      0.007704262156039476,
      0.009035171940922737,
      0.007856111973524094,
      0.008974134922027588,
      0.00793180987238884,
      0.00996671337634325,
      0.007867901585996151,
      0.006977093406021595,
      0.008196826092898846,
      0.008745412342250347,
      0.007649237290024757,
      0.007854433730244637,
      0.007821518927812576,
      0.007273304276168346,
      0.00782063789665699,
      0.008398644626140594,
      0.008174275048077106,
      0.007775521837174892,
      0.00797464419156313,
      0.007833996787667274,
      0.008174821734428406,
      0.008008156903088093,
      0.008924685418605804,
      0.008637764491140842,
      0.00797266885638237,
      0.007987483404576778,
      0.008095573633909225,
      0.006922307889908552,
      0.008367679081857204,
      0.008669603615999222,
      0.007333594840019941,
      0.008197428658604622,
      0.006605092901736498,
      0.007633157540112734,
      0.0066101038828492165,
      0.007858733646571636,
