{
   "number_epochs": 300,
   "info_used": "use imputation",
   "perc_full_data": 0.3,
   "n_epochs_no_selection": 0,
   "Frequency % cutoff": 0.3,
   "hidden_size": 32,
   "random_state": 8,
   "train_errors": [
      0.08472765982151031,
      0.07444654405117035,
      0.06800911575555801,
      0.06342770159244537,
      0.06164779141545296,
      0.06008293479681015,
      0.059230733662843704,
      0.0576026514172554,
      0.05805518850684166,
      0.055113911628723145,
      0.053041644394397736,
      0.051714979112148285,
      0.0510234571993351,
      0.048548534512519836,
      0.0472380630671978,
      0.0443691685795784,
      0.04211615025997162,
      0.040060725063085556,
      0.03824220597743988,
      0.03657343611121178,
      0.03478725999593735,
      0.032269492745399475,
      0.030838066712021828,
      0.030286254361271858,
      0.029762743040919304,
      0.027348717674613,
      0.028208894655108452,
      0.02664419449865818,
      0.02716350369155407,
      0.027020715177059174,
      0.025890886783599854,
      0.025880789384245872,
      0.026215363293886185,
      0.025269662961363792,
      0.02350320667028427,
      0.023249749094247818,
      0.02343139797449112,
      0.024909917265176773,
      0.02411697432398796,
      0.023047493770718575,
      0.023153332993388176,
      0.022734571248292923,
      0.022527890279889107,
      0.019960204139351845,
      0.02178642340004444,
      0.020284701138734818,
      0.02089909464120865,
      0.020032137632369995,
      0.020976534113287926,
      0.02038540504872799,
      0.020424388349056244,
      0.02011437714099884,
      0.019974982365965843,
      0.02119772508740425,
      0.018458321690559387,
      0.01841157115995884,
      0.018190426751971245,
      0.020302744582295418,
      0.01777251996099949,
      0.018094491213560104,
      0.018950555473566055,
      0.01828989014029503,
      0.01738923043012619,
      0.018174104392528534,
      0.017360936850309372,
      0.01728292740881443,
      0.017649656161665916,
      0.01695805788040161,
      0.01682729832828045,
      0.016887860372662544,
      0.016377096995711327,
      0.01598767191171646,
      0.01675623096525669,
      0.015912873670458794,
      0.016448743641376495,
      0.015224137343466282,
      0.015147292986512184,
      0.016013972461223602,
      0.01419003400951624,
      0.015216831117868423,
      0.015985513105988503,
      0.014550880528986454,
      0.014754616655409336,
      0.015556666068732738,
      0.014502615667879581,
      0.015133511275053024,
      0.014503104612231255,
      0.015563338994979858,
      0.014529484324157238,
      0.014700405299663544,
      0.015435433015227318,
      0.014833107590675354,
      0.013471731916069984,
      0.014769725501537323,
      0.015037503093481064,
      0.013138343580067158,
      0.014139729551970959,
      0.013991313986480236,
      0.014077997766435146,
      0.013999877497553825,
      0.013160988688468933,
      0.014714564196765423,
      0.013246119022369385,
      0.013689727522432804,
      0.013968011364340782,
      0.013925381936132908,
      0.012716003693640232,
      0.013610907830297947,
      0.013507306575775146,
      0.013888793997466564,
      0.012725528329610825,
      0.013219277374446392,
      0.012757664546370506,
      0.012795081362128258,
      0.013191376812756062,
      0.012548716738820076,
      0.014041793532669544,
      0.0134647898375988,
      0.012383276596665382,
      0.013412261381745338,
      0.013309716247022152,
      0.01314197201281786,
      0.01236775703728199,
      0.012764541432261467,
      0.012969471514225006,
      0.012251412495970726,
      0.013718334957957268,
      0.012390605174005032,
      0.01258862391114235,
      0.012974354438483715,
      0.012926716357469559,
      0.013186712749302387,
      0.01239723525941372,
      0.013337085954844952,
      0.012315402738749981,
      0.011802572757005692,
      0.012756583280861378,
      0.012756835669279099,
      0.01267696637660265,
      0.012911110185086727,
      0.012194134294986725,
      0.012506297789514065,
      0.01198370847851038,
      0.011857211589813232,
      0.011960228905081749,
      0.011938003823161125,
      0.012845310382544994,
      0.012756630778312683,
      0.013685476966202259,
      0.011786900460720062,
      0.012292961589992046,
      0.013136985711753368,
      0.01236121729016304,
      0.011436144821345806,
      0.011616123840212822,
      0.012405437417328358,
      0.012305126525461674,
      0.011750934645533562,
      0.01108795590698719,
      0.011821809224784374,
      0.01182282529771328,
      0.011350490152835846,
      0.011486710049211979,
      0.011481628753244877,
      0.013297251425683498,
      0.012051657773554325,
      0.01211174763739109,
      0.011189536191523075,
      0.011564129963517189,
      0.012262679636478424,
      0.01277929823845625,
      0.012098307721316814,
      0.011674663983285427,
      0.01150660589337349,
      0.01136417780071497,
      0.01114788930863142,
      0.011571459472179413,
      0.011742333881556988,
      0.011783072724938393,
      0.01131603866815567,
      0.011638419702649117,
      0.010333937592804432,
      0.012371772900223732,
      0.011219183914363384,
      0.012116558849811554,
      0.01153783779591322,
      0.012233950197696686,
      0.012490124441683292,
      0.011839580722153187,
      0.011298519559204578,
      0.0117668267339468,
      0.011345891281962395,
      0.011422034353017807,
      0.01160220056772232,
      0.011626679450273514,
      0.011989752762019634,
      0.011578685604035854,
      0.011396918445825577,
      0.011309207417070866,
      0.01187102496623993,
      0.0126383937895298,
      0.011331046931445599,
      0.011040621437132359,
      0.01075806375592947,
      0.011308306828141212,
      0.011715948581695557,
      0.011838465929031372,
      0.011891108937561512,
      0.011143836192786694,
      0.011348984204232693,
      0.010702858678996563,
      0.01144020538777113,
      0.011568299494683743,
      0.011636245995759964,
      0.010784255340695381,
      0.011816658079624176,
      0.010473152622580528,
      0.011006361804902554,
      0.011435051448643208,
      0.010970580391585827,
      0.011503367684781551,
      0.0114999208599329,
      0.011255305260419846,
      0.011074570007622242,
      0.011385353282094002,
      0.01137962844222784,
      0.010946357622742653,
      0.010116606950759888,
      0.010384123772382736,
      0.01172891166061163,
      0.010384525172412395,
      0.011156466789543629,
      0.010823830962181091,
      0.01146602351218462,
      0.011682234704494476,
      0.011555408127605915,
      0.011209503747522831,
      0.0110550532117486,
      0.011319924145936966,
      0.011379455216228962,
      0.011076187714934349,
      0.011318179778754711,
      0.011280808597803116,
      0.010824576020240784,
      0.011010844260454178,
      0.009849220514297485,
      0.011705340817570686,
      0.01180545799434185,
      0.010863177478313446,
      0.010840235278010368,
      0.011226853355765343,
      0.010278153233230114,
      0.01038244366645813,
      0.011585689149796963,
      0.010454291477799416,
      0.010590782389044762,
      0.01035285834223032,
      0.010491604916751385,
      0.01102046575397253,
      0.010483174584805965,
      0.011147873476147652,
      0.010410275310277939,
      0.010454153642058372,
      0.011227043345570564,
      0.011027987115085125,
      0.011143805459141731,
      0.010720607824623585,
      0.010657161474227905,
      0.010739979334175587,
      0.010834130458533764,
      0.010942243039608002,
      0.010755063034594059,
      0.010730857960879803,
      0.010469326749444008,
      0.009974317625164986,
      0.0103621706366539,
      0.01077893003821373,
      0.010173785500228405,
      0.010361109860241413,
      0.010783111676573753,
      0.011503167450428009,
