{
   "number_epochs": 300,
   "info_used": "use imputation",
   "perc_full_data": 0.3,
   "n_epochs_no_selection": 0,
   "Frequency % cutoff": 0.3,
   "hidden_size": 32,
   "random_state": 5,
   "train_errors": [
      0.06486386805772781,
      0.05865822359919548,
      0.05431785807013512,
      0.05129072442650795,
      0.0498136542737484,
      0.0490800142288208,
      0.0485658161342144,
      0.047763243317604065,
      0.04733643680810928,
      0.04637286812067032,
      0.04549165442585945,
      0.0446653738617897,
      0.04377925395965576,
      0.04263467341661453,
      0.04182400926947594,
      0.040700241923332214,
      0.03901726007461548,
      0.03743339329957962,
      0.0354042686522007,
      0.03365093469619751,
      0.032054852694272995,
      0.03031221590936184,
      0.028283705934882164,
      0.027368582785129547,
      0.02534714713692665,
      0.02393639087677002,
      0.021404562518000603,
      0.02081703208386898,
      0.019987499341368675,
      0.01932401768863201,
      0.018850041553378105,
      0.01856255903840065,
      0.017622124403715134,
      0.01732136309146881,
      0.017502881586551666,
      0.01645723730325699,
      0.015933385118842125,
      0.016040833666920662,
      0.015000380575656891,
      0.015336860902607441,
      0.014927742071449757,
      0.014849958941340446,
      0.014715447090566158,
      0.015069629065692425,
      0.014421241357922554,
      0.01366113405674696,
      0.01451795268803835,
      0.013715625740587711,
      0.013755648396909237,
      0.01403099950402975,
      0.013614251278340816,
      0.013604523614048958,
      0.013939987868070602,
      0.013356277719140053,
      0.014278956688940525,
      0.013303847052156925,
      0.013149233534932137,
      0.013014212250709534,
      0.012615876272320747,
      0.012709700502455235,
      0.011578728444874287,
      0.01327860914170742,
      0.012890097685158253,
      0.012132630683481693,
      0.011354785412549973,
      0.011976463720202446,
      0.011766971088945866,
      0.011706757359206676,
      0.011354759335517883,
      0.011363307014107704,
      0.011675121262669563,
      0.011923935264348984,
      0.011555030010640621,
      0.011488296091556549,
      0.011204966343939304,
      0.011626501567661762,
      0.011025875806808472,
      0.010989068076014519,
      0.01074203010648489,
      0.01107253972440958,
      0.011057713069021702,
      0.010769957676529884,
      0.010753436014056206,
      0.011163927614688873,
      0.009982405230402946,
      0.011481682769954205,
      0.010509082116186619,
      0.011344456113874912,
      0.010304124094545841,
      0.010356725193560123,
      0.00994640588760376,
      0.009533083997666836,
      0.010466990992426872,
      0.010388130322098732,
      0.010412964038550854,
      0.0098880585283041,
      0.010303735733032227,
      0.00949100311845541,
      0.009735987521708012,
      0.009561827406287193,
      0.009361405856907368,
      0.009981418028473854,
      0.010117053054273129,
      0.009311291389167309,
      0.00976613536477089,
      0.009658419527113438,
      0.009861546568572521,
      0.008887959644198418,
      0.009884406812489033,
      0.010304868221282959,
      0.009861433878540993,
      0.009028490632772446,
      0.009995232336223125,
      0.00948671717196703,
      0.008999545127153397,
      0.00960819236934185,
      0.009396090172231197,
      0.008895850740373135,
      0.009359938092529774,
      0.009108259342610836,
      0.00956246629357338,
      0.009155218489468098,
      0.008965916931629181,
      0.008678977377712727,
      0.008898016065359116,
      0.008882811293005943,
      0.009044073522090912,
      0.009511522948741913,
      0.008589953184127808,
      0.008867615833878517,
      0.00910746119916439,
      0.009705357253551483,
      0.009320620447397232,
      0.009427439421415329,
      0.008506039157509804,
      0.009182105772197247,
      0.008468805812299252,
      0.009255093522369862,
      0.008304409682750702,
      0.009040247648954391,
      0.008784506469964981,
      0.009306213818490505,
      0.009128538891673088,
      0.007930436171591282,
      0.008735020644962788,
      0.00895864050835371,
      0.008088480681180954,
      0.008925358764827251,
      0.008515782654285431,
      0.009163051843643188,
      0.008304242044687271,
      0.009100077673792839,
      0.007876726798713207,
      0.008805993013083935,
      0.00809406116604805,
      0.008163721300661564,
      0.009201046079397202,
      0.008034606464207172,
      0.00841795839369297,
      0.00840388610959053,
      0.008142415434122086,
      0.008041511289775372,
      0.008327264338731766,
      0.009027860127389431,
      0.007834721356630325,
      0.008302884176373482,
      0.008766734972596169,
      0.008037249557673931,
      0.00773839233443141,
      0.00794868916273117,
      0.00811729859560728,
      0.008227101527154446,
      0.008817153051495552,
      0.0084978137165308,
      0.00824527908116579,
      0.008201293647289276,
      0.008574073202908039,
      0.008490215986967087,
      0.007871640846133232,
      0.008983569219708443,
      0.008117260411381721,
      0.007890460081398487,
      0.008132615126669407,
      0.008358214050531387,
      0.008498944342136383,
      0.008493933826684952,
      0.008449231274425983,
      0.008201150223612785,
      0.008612957783043385,
      0.007613213267177343,
      0.0076471781358122826,
      0.007626779843121767,
      0.0072124977596104145,
      0.007458177860826254,
      0.008423224091529846,
      0.007456120103597641,
      0.00798946525901556,
      0.007960041984915733,
      0.007946482859551907,
      0.008681025356054306,
      0.008408047258853912,
      0.007875814102590084,
      0.008028215728700161,
      0.00834287516772747,
      0.008111823350191116,
      0.008294392377138138,
      0.007882015779614449,
      0.008670752868056297,
      0.00821781251579523,
      0.008450743742287159,
      0.008305239491164684,
      0.007947209291160107,
      0.008736522868275642,
      0.008700274862349033,
      0.008102050982415676,
      0.007630369625985622,
      0.007439136039465666,
      0.008410803973674774,
      0.007263043895363808,
      0.0076646963134408,
      0.007805639877915382,
      0.00784694030880928,
      0.008390977047383785,
      0.007586476858705282,
      0.0076582967303693295,
      0.007066800724714994,
      0.0073511432856321335,
      0.007791641168296337,
      0.007066200952976942,
      0.007843808270990849,
      0.007506385911256075,
      0.009092581458389759,
      0.007921334356069565,
      0.00803227350115776,
      0.007489392999559641,
      0.007521890103816986,
      0.008082788437604904,
      0.008010678924620152,
      0.00791728962212801,
      0.008633050136268139,
      0.006952581461519003,
      0.00921667367219925,
      0.007063244469463825,
      0.00740027753636241,
      0.00820406898856163,
      0.007869387976825237,
      0.007886270992457867,
      0.007602434139698744,
      0.007693880703300238,
      0.007423825562000275,
      0.007346615195274353,
      0.007321115583181381,
      0.0075567360036075115,
      0.007525109685957432,
      0.007726723328232765,
      0.00788009725511074,
      0.007915875874459743,
      0.008089077658951283,
      0.00887974165380001,
      0.007464413996785879,
      0.007176568266004324,
      0.007698629982769489,
      0.007439712528139353,
      0.0081869438290596,
      0.008183697238564491,
      0.007203882094472647,
      0.006987671367824078,
      0.008244084194302559,
      0.0076978630386292934,
      0.00818299688398838,
      0.00788763165473938,
      0.0075384401716291904,
      0.0074254609644412994,
      0.006980654317885637,
      0.007704496383666992,
      0.00773240439593792,
      0.007041902747005224,
      0.006703142076730728,
      0.00784155074506998,
      0.007549219764769077,
