{
   "number_epochs": 300,
   "info_used": "use imputation",
   "perc_full_data": 0.3,
   "n_epochs_no_selection": 0,
   "Frequency % cutoff": 0.3,
   "hidden_size": 32,
   "random_state": 9,
   "train_errors": [
      0.06993556767702103,
      0.06517843157052994,
      0.06258027255535126,
      0.059664536267519,
      0.058541715145111084,
      0.05726587027311325,
      0.056356824934482574,
      0.055885884910821915,
      0.05462568998336792,
      0.053465161472558975,
      0.05229119956493378,
      0.05145753547549248,
      0.05043186619877815,
      0.048659224063158035,
      0.04751152545213699,
      0.04542085528373718,
      0.04358772560954094,
      0.041725512593984604,
      0.04045742377638817,
      0.03761347755789757,
      0.03540254756808281,
      0.03299689292907715,
      0.032665323466062546,
      0.030660036951303482,
      0.030289025977253914,
      0.028025131672620773,
      0.026454225182533264,
      0.025135207921266556,
      0.02502891607582569,
      0.025467783212661743,
      0.024764088913798332,
      0.02454564906656742,
      0.022600321099162102,
      0.022241782397031784,
      0.022264786064624786,
      0.021558400243520737,
      0.02104007825255394,
      0.020230047404766083,
      0.020345600321888924,
      0.019592123106122017,
      0.019161628559231758,
      0.018425768241286278,
      0.01875101961195469,
      0.020427674055099487,
      0.019072221592068672,
      0.0186598002910614,
      0.01771412417292595,
      0.01807619258761406,
      0.017348462715744972,
      0.0172431617975235,
      0.017423508688807487,
      0.01756543107330799,
      0.017236627638339996,
      0.0161952655762434,
      0.01584857702255249,
      0.016649587079882622,
      0.015985814854502678,
      0.01782241277396679,
      0.014958232641220093,
      0.016768978908658028,
      0.01507331058382988,
      0.016273045912384987,
      0.01557220984250307,
      0.014664345420897007,
      0.015149288810789585,
      0.015495456755161285,
      0.016593871638178825,
      0.01587948575615883,
      0.013950599357485771,
      0.015062808990478516,
      0.015393306501209736,
      0.013970066793262959,
      0.014180285856127739,
      0.015167911536991596,
      0.014116433449089527,
      0.013996672816574574,
      0.014188266359269619,
      0.014974582940340042,
      0.013888007029891014,
      0.014744571410119534,
      0.014268001541495323,
      0.013376041315495968,
      0.015201461501419544,
      0.014245156198740005,
      0.013280602172017097,
      0.013969693332910538,
      0.014535972848534584,
      0.014468102715909481,
      0.013208122923970222,
      0.013895515352487564,
      0.01275868620723486,
      0.013478118926286697,
      0.013347895815968513,
      0.013721168041229248,
      0.015253004617989063,
      0.013961768709123135,
      0.013112500309944153,
      0.014044895768165588,
      0.012630229815840721,
      0.013269370421767235,
      0.012980871833860874,
      0.01304653286933899,
      0.01308148168027401,
      0.012342685833573341,
      0.013298808597028255,
      0.012881427071988583,
      0.013284520246088505,
      0.012893703766167164,
      0.013997639529407024,
      0.013716654852032661,
      0.012009110301733017,
      0.012641910463571548,
      0.012271981686353683,
      0.012498172000050545,
      0.013537682592868805,
      0.013797100633382797,
      0.013270782306790352,
      0.013003497384488583,
      0.013590460643172264,
      0.012664604000747204,
      0.01218060590326786,
      0.012792832218110561,
      0.013235892169177532,
      0.013342374004423618,
      0.014172493480145931,
      0.012992768548429012,
      0.013268742710351944,
      0.012958616949617863,
      0.014319767244160175,
      0.01296194363385439,
      0.01305787730962038,
      0.013791319914162159,
      0.013347468338906765,
      0.011640910059213638,
      0.012873508036136627,
      0.013217276893556118,
      0.012799790129065514,
      0.013041049242019653,
      0.012073979713022709,
      0.014481348916888237,
      0.013635190203785896,
      0.013087390922009945,
      0.012856380082666874,
      0.013143585994839668,
      0.011714284308254719,
      0.013002494350075722,
      0.0128954341635108,
      0.012699665501713753,
      0.01300959475338459,
      0.013616523705422878,
      0.012624210678040981,
      0.011259582825005054,
      0.013386910781264305,
      0.011375011876225471,
      0.012538040056824684,
      0.01345753762871027,
      0.01387048326432705,
      0.01297454908490181,
      0.012605479918420315,
      0.012197727337479591,
      0.011949942447245121,
      0.013615952804684639,
      0.013396373949944973,
      0.011282260529696941,
      0.012223049066960812,
      0.011397731490433216,
      0.011349750682711601,
      0.012154190801084042,
      0.013113883323967457,
      0.012420997023582458,
      0.011136887595057487,
      0.012657137587666512,
      0.012482165358960629,
      0.011828102171421051,
      0.013719975017011166,
      0.01243866328150034,
      0.012095276266336441,
      0.012850006110966206,
      0.011841155588626862,
      0.012091794051229954,
      0.012386386282742023,
      0.011593053117394447,
      0.012294209562242031,
      0.012668358162045479,
      0.011969665065407753,
      0.012580382637679577,
      0.01223952230066061,
      0.011266335844993591,
      0.0115850530564785,
      0.012272232212126255,
      0.013933626934885979,
      0.012482008896768093,
      0.011697422713041306,
      0.01239040307700634,
      0.01273922435939312,
      0.012134391814470291,
      0.011924071237444878,
      0.01174495555460453,
      0.012332461774349213,
      0.01158214546740055,
      0.011713707819581032,
      0.011036574840545654,
      0.012490409426391125,
      0.012117823585867882,
      0.011896109208464622,
      0.012220513075590134,
      0.012250429950654507,
      0.012096671387553215,
      0.011728622019290924,
      0.012158801779150963,
      0.01206927839666605,
      0.012088244780898094,
      0.012568274512887001,
      0.011864067055284977,
      0.012343897484242916,
      0.012731406837701797,
      0.012338307686150074,
      0.010798412375152111,
      0.012690418399870396,
      0.011771034449338913,
      0.012043420225381851,
      0.012243244796991348,
      0.012507178820669651,
      0.012303797528147697,
      0.011440888047218323,
      0.011964726261794567,
      0.012016089633107185,
      0.011870798654854298,
      0.01183295901864767,
      0.011186957359313965,
      0.012216147966682911,
      0.011481593362987041,
      0.011966826394200325,
      0.011677084490656853,
      0.012889429926872253,
      0.011846263892948627,
      0.0117251081392169,
      0.011780955828726292,
      0.012291272170841694,
      0.012488438747823238,
      0.011155246756970882,
      0.011278877966105938,
      0.012502383440732956,
      0.012867942452430725,
      0.011437359265983105,
      0.0120635274797678,
      0.010741283185780048,
      0.011767244897782803,
      0.011647294275462627,
      0.010962343774735928,
      0.011671753600239754,
      0.013207600452005863,
      0.011689113453030586,
      0.011859230697154999,
      0.01180290523916483,
      0.012184365652501583,
      0.012755583971738815,
      0.01231636106967926,
      0.011964138597249985,
      0.010781630873680115,
      0.011358493939042091,
      0.011189823970198631,
      0.012159477919340134,
      0.011378180235624313,
      0.012913046404719353,
      0.011924308724701405,
      0.011709798127412796,
      0.011511159129440784,
      0.011647953651845455,
      0.011416831985116005,
      0.011297131888568401,
      0.011763954535126686,
      0.01129738986492157,
      0.011634200811386108,
      0.012188044376671314,
      0.011487728916108608,
      0.011125911958515644,
      0.011826775968074799,
      0.011694535613059998,
      0.011562883853912354,
