{
   "number_epochs": 300,
   "info_used": "use imputation",
   "perc_full_data": 0.3,
   "n_epochs_no_selection": 0,
   "Frequency % cutoff": 0.3,
   "hidden_size": 32,
   "random_state": 14,
   "train_errors": [
      0.045316554605960846,
      0.04413862153887749,
      0.04370137304067612,
      0.042841505259275436,
      0.04170949012041092,
      0.04053851217031479,
      0.040288761258125305,
      0.03795326501131058,
      0.03664567694067955,
      0.03572278842329979,
      0.03445853665471077,
      0.03331189975142479,
      0.03154681995511055,
      0.030380675569176674,
      0.030087409541010857,
      0.028263254091143608,
      0.027028772979974747,
      0.026026945561170578,
      0.025225305929780006,
      0.023740824311971664,
      0.02474878542125225,
      0.023294316604733467,
      0.023467054590582848,
      0.022531628608703613,
      0.021635282784700394,
      0.021231234073638916,
      0.02256164699792862,
      0.0218382366001606,
      0.02002622000873089,
      0.01997150294482708,
      0.0193007905036211,
      0.018543969839811325,
      0.017708752304315567,
      0.017445143312215805,
      0.017377465963363647,
      0.017835158854722977,
      0.01670694164931774,
      0.016536640003323555,
      0.01666196621954441,
      0.01660986803472042,
      0.015720779076218605,
      0.015847526490688324,
      0.016062181442975998,
      0.015845393761992455,
      0.01467340812087059,
      0.016095221042633057,
      0.01520097441971302,
      0.01507090125232935,
      0.015136576257646084,
      0.014554294757544994,
      0.01398825366050005,
      0.013851266354322433,
      0.013314616866409779,
      0.014737186022102833,
      0.014469441026449203,
      0.013629944995045662,
      0.013621585443615913,
      0.014411278069019318,
      0.015103108249604702,
      0.014733404852449894,
      0.013918811455368996,
      0.01379292644560337,
      0.013450556434690952,
      0.0123804472386837,
      0.013296004384756088,
      0.01392404455691576,
      0.014301242306828499,
      0.014102752320468426,
      0.01525662187486887,
      0.012692990712821484,
      0.013310007750988007,
      0.013021765276789665,
      0.0133548304438591,
      0.012424895539879799,
      0.013293899595737457,
      0.013277041725814342,
      0.01359545812010765,
      0.012896130792796612,
      0.013075419701635838,
      0.013139846734702587,
      0.013372616842389107,
      0.013044453226029873,
      0.013553417287766933,
      0.012144356034696102,
      0.012416423298418522,
      0.013409801758825779,
      0.01249256543815136,
      0.013126051984727383,
      0.013234221376478672,
      0.012395385652780533,
      0.01176895946264267,
      0.012295624241232872,
      0.013118038885295391,
      0.013142959214746952,
      0.01280908565968275,
      0.013286327011883259,
      0.012691954150795937,
      0.012748257257044315,
      0.011980106122791767,
      0.0127851702272892,
      0.012501606717705727,
      0.012271548621356487,
      0.012509352527558804,
      0.01221593376249075,
      0.01264179591089487,
      0.012318359687924385,
      0.01256182137876749,
      0.012077828869223595,
      0.011214626021683216,
      0.011660590767860413,
      0.011726542375981808,
      0.012300022877752781,
      0.012012763880193233,
      0.012197406031191349,
      0.011639737524092197,
      0.013329345732927322,
      0.011685113422572613,
      0.011941424570977688,
      0.012141196057200432,
      0.011645423248410225,
      0.012904730625450611,
      0.011572135612368584,
      0.01259057130664587,
      0.012714732438325882,
      0.011693669483065605,
      0.012441515922546387,
      0.012058021500706673,
      0.01258369442075491,
      0.011119881644845009,
      0.011114212684333324,
      0.01175374910235405,
      0.011510531418025494,
      0.011974024586379528,
      0.01174994371831417,
      0.010991595685482025,
      0.01194649375975132,
      0.012287627905607224,
      0.011721840128302574,
      0.012119337916374207,
      0.011111205443739891,
      0.011565928347408772,
      0.012376660481095314,
      0.011532528325915337,
      0.011577807366847992,
      0.010798666626214981,
      0.012094100005924702,
      0.012041546404361725,
      0.011985007673501968,
      0.011944596655666828,
      0.011633411049842834,
      0.01167880930006504,
      0.012047912925481796,
      0.011815439909696579,
      0.01223015133291483,
      0.011129581369459629,
      0.012292931787669659,
      0.012581572867929935,
      0.011505432426929474,
      0.011125931516289711,
      0.011379394680261612,
      0.011087021790444851,
      0.011525994166731834,
      0.010578555054962635,
      0.011521298438310623,
      0.011332751251757145,
      0.011647126637399197,
      0.011547910049557686,
      0.011025147512555122,
      0.01162093598395586,
      0.01101850438863039,
      0.011247999966144562,
      0.0111764594912529,
      0.011276612058281898,
      0.011345925740897655,
      0.011365825310349464,
      0.011473056860268116,
      0.010645725764334202,
      0.011765535920858383,
      0.010772026143968105,
      0.0112359169870615,
      0.010251088999211788,
      0.01051162276417017,
      0.011644909158349037,
      0.011508816853165627,
      0.01129787415266037,
      0.01274334080517292,
      0.01203919854015112,
      0.010689548216760159,
      0.011837936006486416,
      0.010562948882579803,
      0.011432148516178131,
      0.01088037621229887,
      0.010556882247328758,
      0.011911243200302124,
      0.011620861478149891,
      0.010974227450788021,
      0.010658780112862587,
      0.011530060321092606,
      0.01116916537284851,
      0.010714714415371418,
      0.010461513884365559,
      0.01116094458848238,
      0.011050132103264332,
      0.010508920066058636,
      0.010678298771381378,
      0.010473773814737797,
      0.010538791306316853,
      0.010144427418708801,
      0.011009234003722668,
      0.011342717334628105,
      0.011409057304263115,
      0.01085582748055458,
      0.010743391700088978,
      0.011190167628228664,
      0.011480693705379963,
      0.009982617571949959,
      0.010531787760555744,
      0.012180102989077568,
      0.01140062790364027,
      0.010064607486128807,
      0.010685301385819912,
      0.010817985981702805,
      0.010494096204638481,
      0.010410724207758904,
      0.010239159688353539,
      0.010406236164271832,
      0.010657154954969883,
      0.009938184171915054,
      0.011338715441524982,
      0.010296754539012909,
      0.010056915692985058,
      0.009882235899567604,
      0.011059734039008617,
      0.01132076233625412,
      0.010782264173030853,
      0.010124869644641876,
      0.010403244756162167,
      0.011087950319051743,
      0.011465632356703281,
      0.009484874084591866,
      0.009962117299437523,
      0.009857912547886372,
      0.010196446441113949,
      0.011377286165952682,
      0.011039611883461475,
      0.010215084999799728,
      0.009494807571172714,
      0.00942177977412939,
      0.009725428186357021,
      0.010010700672864914,
      0.010771935805678368,
      0.010383402928709984,
      0.011175448074936867,
      0.010223282501101494,
      0.01025772001594305,
      0.009416364133358002,
      0.010653579607605934,
      0.010097675956785679,
      0.01053874846547842,
      0.010402563959360123,
      0.009576676413416862,
      0.009805403649806976,
      0.011062389239668846,
      0.010868125595152378,
      0.009842999279499054,
      0.010196833871304989,
      0.009731901809573174,
      0.01009414903819561,
      0.01090210024267435,
      0.010174786671996117,
      0.010973206721246243,
      0.010077670216560364,
      0.009740917012095451,
      0.008894797414541245,
      0.010733426548540592,
      0.008868420496582985,
      0.010111420415341854,
      0.009172467514872551,
      0.009351843036711216,
      0.009471812285482883,
