{
   "number_epochs": 300,
   "info_used": "use imputation",
   "perc_full_data": 0.3,
   "n_epochs_no_selection": 0,
   "Frequency % cutoff": 0.3,
   "hidden_size": 32,
   "random_state": 3,
   "train_errors": [
      0.052703581750392914,
      0.04917207360267639,
      0.048869382590055466,
      0.048334766179323196,
      0.04696810990571976,
      0.04594411700963974,
      0.0452769473195076,
      0.04482967033982277,
      0.0438879132270813,
      0.04258609190583229,
      0.04155883565545082,
      0.03978706896305084,
      0.03835300728678703,
      0.03690057620406151,
      0.035477299243211746,
      0.03408146649599075,
      0.031423330307006836,
      0.029370142146945,
      0.028307411819696426,
      0.028200972825288773,
      0.026977522298693657,
      0.026095816865563393,
      0.0266458410769701,
      0.02427852526307106,
      0.02325034886598587,
      0.02228211984038353,
      0.022440385073423386,
      0.022706428542733192,
      0.022599028423428535,
      0.02251199446618557,
      0.021014243364334106,
      0.02075933665037155,
      0.02069714292883873,
      0.019536884501576424,
      0.019373754039406776,
      0.019627492874860764,
      0.01857767626643181,
      0.017650462687015533,
      0.016814542934298515,
      0.01601170189678669,
      0.016959069296717644,
      0.015686916187405586,
      0.016420895233750343,
      0.01616286300122738,
      0.015179511159658432,
      0.014081181026995182,
      0.013953262940049171,
      0.014351054094731808,
      0.013983365148305893,
      0.01332868542522192,
      0.014339885674417019,
      0.01324428990483284,
      0.013119078241288662,
      0.013499896042048931,
      0.013201497495174408,
      0.012513160705566406,
      0.013657813891768456,
      0.013103596866130829,
      0.011550383642315865,
      0.012082759290933609,
      0.011666332371532917,
      0.011674963869154453,
      0.011912882328033447,
      0.01145546417683363,
      0.012936665676534176,
      0.01076202280819416,
      0.012547831051051617,
      0.011623349040746689,
      0.010849086567759514,
      0.010774070397019386,
      0.011577155441045761,
      0.011643729172647,
      0.010884190909564495,
      0.011173811741173267,
      0.010387281887233257,
      0.010950714349746704,
      0.011235627345740795,
      0.010533054359257221,
      0.010898781940340996,
      0.010419247671961784,
      0.011489365249872208,
      0.011053085327148438,
      0.011747446842491627,
      0.011223412118852139,
      0.010566359385848045,
      0.010779782198369503,
      0.011318260803818703,
      0.010641990229487419,
      0.010071736760437489,
      0.010312884114682674,
      0.010019594803452492,
      0.011216617189347744,
      0.01142375823110342,
      0.011164125986397266,
      0.010304749943315983,
      0.010854754596948624,
      0.01028414536267519,
      0.009740536101162434,
      0.010517492890357971,
      0.010365501046180725,
      0.010492885485291481,
      0.009794256649911404,
      0.01114445086568594,
      0.010161127895116806,
      0.010065893642604351,
      0.009529261849820614,
      0.010281521826982498,
      0.010198445059359074,
      0.009752482175827026,
      0.010963031090795994,
      0.009431784972548485,
      0.009936709888279438,
      0.009972473606467247,
      0.008943824097514153,
      0.009250924922525883,
      0.008763936348259449,
      0.009794587269425392,
      0.010861500166356564,
      0.01013588160276413,
      0.010455301962792873,
      0.010461152531206608,
      0.009631680324673653,
      0.00956391729414463,
      0.010029815137386322,
      0.009615873917937279,
      0.009709654375910759,
      0.008851689286530018,
      0.008782744407653809,
      0.008926094509661198,
      0.00922162365168333,
      0.009348716586828232,
      0.009027613326907158,
      0.009226392023265362,
      0.009320964105427265,
      0.008511107414960861,
      0.010333159938454628,
      0.008802739903330803,
      0.008866430260241032,
      0.008451640605926514,
      0.008544493466615677,
      0.00906161405146122,
      0.00904361717402935,
      0.010458550415933132,
      0.009203232824802399,
      0.009513112716376781,
      0.009502447210252285,
      0.009367975406348705,
      0.009097431786358356,
      0.009388996288180351,
      0.008733685128390789,
      0.008975592441856861,
      0.008714194409549236,
      0.009132364764809608,
      0.009728510864078999,
      0.008919041603803635,
      0.0086976308375597,
      0.00925658829510212,
      0.008805508725345135,
      0.008725231513381004,
      0.009053753688931465,
      0.009139676578342915,
      0.008859232068061829,
      0.00882090162485838,
      0.009408554993569851,
      0.008675949648022652,
      0.008776934817433357,
      0.008547049947082996,
      0.00856739655137062,
      0.008424676023423672,
      0.008855864405632019,
      0.008321200497448444,
      0.009192344732582569,
      0.009359315037727356,
      0.008257475681602955,
      0.008617252111434937,
      0.007949409075081348,
      0.008353255689144135,
      0.008490328676998615,
      0.009740622714161873,
      0.008265243843197823,
      0.008330133743584156,
      0.009000178426504135,
      0.009515948593616486,
      0.008730512112379074,
      0.008440379053354263,
      0.008584403432905674,
      0.009112420491874218,
      0.008617907762527466,
      0.007189304102212191,
      0.00837483536452055,
      0.009293993003666401,
      0.008127391338348389,
      0.007913200184702873,
      0.007805683184415102,
      0.007982218638062477,
      0.00920471828430891,
      0.009219447150826454,
      0.008006270043551922,
      0.00840845238417387,
      0.009211472235620022,
      0.009851163253188133,
      0.008490108884871006,
      0.008765064179897308,
      0.008534880355000496,
      0.008718341588973999,
      0.008097327314317226,
      0.008542043156921864,
      0.008287002332508564,
      0.007996219210326672,
      0.007884107530117035,
      0.008009177632629871,
      0.007545873057097197,
      0.007672401145100594,
      0.007860574871301651,
      0.009633646346628666,
      0.008886645548045635,
      0.008103559724986553,
      0.008155230432748795,
      0.008171448484063148,
      0.008342661894857883,
      0.008317122235894203,
      0.007971425540745258,
      0.008480452932417393,
      0.008953405544161797,
      0.008667378686368465,
      0.00829268991947174,
      0.008170190267264843,
      0.008202088996767998,
      0.008369709365069866,
      0.00860225036740303,
      0.008296032436192036,
      0.008117969147861004,
      0.008178108371794224,
      0.009509379044175148,
      0.008033580146729946,
      0.009100854396820068,
      0.00798631552606821,
      0.007652076426893473,
      0.007887567393481731,
      0.007876168005168438,
      0.008427300490438938,
      0.00874360278248787,
      0.007865110412240028,
      0.008947966620326042,
      0.007414274848997593,
      0.007919425144791603,
      0.008350994437932968,
      0.007880461402237415,
      0.008161000907421112,
      0.008514483459293842,
      0.008013725280761719,
      0.007898444309830666,
      0.008175883442163467,
      0.008127572014927864,
      0.009332959540188313,
      0.008044298738241196,
      0.008258560672402382,
      0.008737759664654732,
      0.008236491121351719,
      0.008509861305356026,
      0.008280043490231037,
      0.00729265995323658,
      0.007773644756525755,
      0.007721683010458946,
      0.0079529769718647,
      0.008454510010778904,
      0.007364010438323021,
      0.007856110110878944,
      0.008039717562496662,
      0.008556823246181011,
      0.007487775757908821,
      0.007991520687937737,
      0.007986499927937984,
      0.007868179120123386,
      0.007476624101400375,
      0.008878870867192745,
      0.008943004533648491,
      0.007022130768746138,
      0.008289826102554798,
      0.007324249017983675,
