{
   "number_epochs": 300,
   "info_used": "use imputation",
   "perc_full_data": 0.3,
   "n_epochs_no_selection": 0,
   "Frequency % cutoff": 0.3,
   "hidden_size": 32,
   "random_state": 7,
   "train_errors": [
      0.06844831258058548,
      0.06042158231139183,
      0.05426105856895447,
      0.0510019026696682,
      0.05048351734876633,
      0.05022987723350525,
      0.04881184920668602,
      0.04774371534585953,
      0.04577631130814552,
      0.04458386078476906,
      0.04298899322748184,
      0.04114881530404091,
      0.04003769904375076,
      0.038615308701992035,
      0.03832215443253517,
      0.03515911474823952,
      0.03412698581814766,
      0.03292674571275711,
      0.030729111284017563,
      0.030061159282922745,
      0.027828728780150414,
      0.028284113854169846,
      0.026126815006136894,
      0.025466492399573326,
      0.023422598838806152,
      0.023748740553855896,
      0.02276560850441456,
      0.022281920537352562,
      0.02178153023123741,
      0.02273842692375183,
      0.022071473300457,
      0.02205665409564972,
      0.02095460519194603,
      0.021383807063102722,
      0.020559759810566902,
      0.020782755687832832,
      0.020589429885149002,
      0.021578244864940643,
      0.020342733711004257,
      0.021216508001089096,
      0.0198831669986248,
      0.020160462707281113,
      0.019682539626955986,
      0.01914050802588463,
      0.019273018464446068,
      0.01944899372756481,
      0.018693095073103905,
      0.017506618052721024,
      0.018203435465693474,
      0.018634114414453506,
      0.01745743677020073,
      0.0172729454934597,
      0.015736181288957596,
      0.016948891803622246,
      0.01644890569150448,
      0.015723703429102898,
      0.01649477519094944,
      0.01573380082845688,
      0.01607733778655529,
      0.01685231737792492,
      0.017220595851540565,
      0.016177743673324585,
      0.015956878662109375,
      0.015679288655519485,
      0.014541493728756905,
      0.014485061168670654,
      0.014078636653721333,
      0.015206246636807919,
      0.014780846424400806,
      0.014101970940828323,
      0.014548789709806442,
      0.01396997831761837,
      0.01310745533555746,
      0.013771172612905502,
      0.013477989472448826,
      0.012669800780713558,
      0.012371856719255447,
      0.013610679656267166,
      0.013293328694999218,
      0.013253409415483475,
      0.01165150385349989,
      0.013307236135005951,
      0.013080865144729614,
      0.013348964042961597,
      0.014195488765835762,
      0.012658516876399517,
      0.010996120981872082,
      0.012840714305639267,
      0.01333040650933981,
      0.013362869620323181,
      0.012231006287038326,
      0.012124034576117992,
      0.011363443918526173,
      0.011577988974750042,
      0.011674182489514351,
      0.011996335349977016,
      0.012051686644554138,
      0.01214552205055952,
      0.011203961446881294,
      0.011882873252034187,
      0.011156739667057991,
      0.010406002402305603,
      0.01109268143773079,
      0.01216299831867218,
      0.011075966991484165,
      0.011196179315447807,
      0.01238616555929184,
      0.011501559987664223,
      0.01131038274616003,
      0.011918039992451668,
      0.010131802409887314,
      0.011047493666410446,
      0.011192843317985535,
      0.012155577540397644,
      0.01109534502029419,
      0.01079654786735773,
      0.011227138340473175,
      0.012414767406880856,
      0.012250412255525589,
      0.01034736167639494,
      0.01021968387067318,
      0.011856291443109512,
      0.010994406417012215,
      0.011284487321972847,
      0.010333321057260036,
      0.010537361726164818,
      0.009953225962817669,
      0.011062022298574448,
      0.01058218814432621,
      0.00996354129165411,
      0.010471705347299576,
      0.010049283504486084,
      0.010065605863928795,
      0.010380168445408344,
      0.009706700220704079,
      0.011831867508590221,
      0.010391331277787685,
      0.010097884573042393,
      0.009631987661123276,
      0.010418938472867012,
      0.010461268946528435,
      0.009527823887765408,
      0.010003666393458843,
      0.01117039192467928,
      0.012079753912985325,
      0.01062215119600296,
      0.01020143460482359,
      0.009362353011965752,
      0.009317218326032162,
      0.010216690599918365,
      0.011084644123911858,
      0.01000753790140152,
      0.012371167540550232,
      0.010158853605389595,
      0.010172179900109768,
      0.010399495251476765,
      0.010249504819512367,
      0.01021212711930275,
      0.009966601617634296,
      0.009440011344850063,
      0.00940490048378706,
      0.010180462151765823,
      0.009507240727543831,
      0.011940930038690567,
      0.01036821398884058,
      0.00973036140203476,
      0.01104796677827835,
      0.009608273394405842,
      0.010664588771760464,
      0.009957957081496716,
      0.010848013684153557,
      0.009412065148353577,
      0.010178857482969761,
      0.010385199449956417,
      0.009933535940945148,
      0.011478545144200325,
      0.010905010625720024,
      0.010702496394515038,
      0.009395260363817215,
      0.00955930445343256,
      0.00947913434356451,
      0.009079870767891407,
      0.011116583831608295,
      0.009206421673297882,
      0.00902485754340887,
      0.008705396205186844,
      0.008838479407131672,
      0.01066477969288826,
      0.009655873291194439,
      0.00876070186495781,
      0.009940552525222301,
      0.00947154313325882,
      0.010408768430352211,
      0.009298590011894703,
      0.009948376566171646,
      0.00968147162348032,
      0.010097701102495193,
      0.009997336193919182,
      0.00871262326836586,
      0.009571882896125317,
      0.010726040229201317,
      0.00938529521226883,
      0.009157625958323479,
      0.00827132910490036,
      0.010117991827428341,
      0.010062177665531635,
      0.010623226873576641,
      0.011144972406327724,
      0.00886926706880331,
      0.008866488002240658,
      0.009628035128116608,
      0.008807026781141758,
      0.009689447470009327,
      0.009956036694347858,
      0.010112939402461052,
      0.008117089048027992,
      0.00865907408297062,
      0.009020358324050903,
      0.008928009308874607,
      0.009348028339445591,
      0.009439049288630486,
      0.009018789045512676,
      0.010079887695610523,
      0.008721343241631985,
      0.008292373269796371,
      0.008999356999993324,
      0.011015146970748901,
      0.0097121587023139,
      0.009044347330927849,
      0.009688065387308598,
      0.009334931150078773,
      0.009244774468243122,
      0.009333046153187752,
      0.008395180106163025,
      0.008141198195517063,
      0.008818895556032658,
      0.009808872826397419,
      0.009394855238497257,
      0.010864547453820705,
      0.010147379711270332,
      0.00922092329710722,
      0.008440648205578327,
      0.009040267206728458,
      0.008043920621275902,
      0.008821175433695316,
      0.009918015450239182,
      0.00833127647638321,
      0.008827576413750648,
      0.009799138642847538,
      0.009128316305577755,
      0.009187341667711735,
      0.009369604289531708,
      0.009787055663764477,
      0.008379198610782623,
      0.00962155032902956,
      0.009319014847278595,
      0.008706910535693169,
      0.009416041895747185,
      0.00856584869325161,
      0.00856085680425167,
      0.009198161773383617,
      0.009316399693489075,
      0.008650556206703186,
      0.008745118975639343,
      0.008708028122782707,
      0.009258637204766273,
      0.009113634005188942,
      0.0095681669190526,
      0.00858060922473669,
      0.008419487625360489,
      0.009007342159748077,
      0.008802143856883049,
      0.008722779341042042,
      0.009574105963110924,
      0.0092985350638628,
      0.008249299600720406,
      0.008190837688744068,
      0.008802413940429688,
      0.008461901918053627,
      0.008942738175392151,
      0.008959286846220493,
