{
   "number_epochs": 300,
   "info_used": "use imputation",
   "perc_full_data": 0.3,
   "n_epochs_no_selection": 0,
   "Frequency % cutoff": 0.3,
   "hidden_size": 32,
   "random_state": 10,
   "train_errors": [
      0.042873580008745193,
      0.04158006235957146,
      0.041072744876146317,
      0.04013427719473839,
      0.039171066135168076,
      0.03864512965083122,
      0.03811609372496605,
      0.037142131477594376,
      0.03593934699892998,
      0.03448544070124626,
      0.03285989910364151,
      0.03259764611721039,
      0.031263209879398346,
      0.030275434255599976,
      0.028416605666279793,
      0.02704276144504547,
      0.026376349851489067,
      0.02518640272319317,
      0.025311898440122604,
      0.023227455094456673,
      0.023101549595594406,
      0.023086199536919594,
      0.022204117849469185,
      0.021834611892700195,
      0.021312551572918892,
      0.020873578265309334,
      0.020217670127749443,
      0.019149018451571465,
      0.019586434587836266,
      0.019646525382995605,
      0.017977168783545494,
      0.01861153542995453,
      0.018031220883131027,
      0.018841270357370377,
      0.018593942746520042,
      0.018504474312067032,
      0.017672067508101463,
      0.01793164201080799,
      0.017305264249444008,
      0.01785273291170597,
      0.01669243536889553,
      0.01613445021212101,
      0.015758147463202477,
      0.01573931984603405,
      0.015569224022328854,
      0.015960512682795525,
      0.015535480342805386,
      0.015513576567173004,
      0.01469057984650135,
      0.014147311449050903,
      0.015334617346525192,
      0.0139138363301754,
      0.014810161665081978,
      0.014978382736444473,
      0.014195752330124378,
      0.01378350704908371,
      0.013443115167319775,
      0.014165247790515423,
      0.013619723729789257,
      0.012418258003890514,
      0.013587727211415768,
      0.013549461960792542,
      0.013162925839424133,
      0.01237587258219719,
      0.012393912300467491,
      0.011992565356194973,
      0.012987250462174416,
      0.011676161549985409,
      0.01265630405396223,
      0.012143470346927643,
      0.012729942798614502,
      0.012659728527069092,
      0.011979155242443085,
      0.012737265788018703,
      0.012646161019802094,
      0.011981761083006859,
      0.012310296297073364,
      0.011546401306986809,
      0.012938350439071655,
      0.011591224931180477,
      0.01238865777850151,
      0.013089699670672417,
      0.012000068090856075,
      0.012156517244875431,
      0.012419318780303001,
      0.011973250657320023,
      0.012497029267251492,
      0.011263344436883926,
      0.01169352326542139,
      0.012242631055414677,
      0.011303233914077282,
      0.011345703154802322,
      0.012673759832978249,
      0.011772103607654572,
      0.01168684009462595,
      0.011186775751411915,
      0.01166754774749279,
      0.01148998737335205,
      0.011501194909214973,
      0.01192503422498703,
      0.012097390368580818,
      0.011343440040946007,
      0.011990661732852459,
      0.011829482391476631,
      0.01160847395658493,
      0.011812790296971798,
      0.011249138042330742,
      0.011112870648503304,
      0.010644007474184036,
      0.011073528788983822,
      0.010927912779152393,
      0.011122756637632847,
      0.011880817823112011,
      0.011471351608633995,
      0.011792227625846863,
      0.010752431116998196,
      0.011002836748957634,
      0.01163296215236187,
      0.011607990600168705,
      0.010965599678456783,
      0.012000286020338535,
      0.011753585189580917,
      0.011014411225914955,
      0.010732091031968594,
      0.011350661516189575,
      0.010913979262113571,
      0.011589795351028442,
      0.010028621181845665,
      0.010383927263319492,
      0.01058171596378088,
      0.010905010625720024,
      0.010469975881278515,
      0.010618685744702816,
      0.011509985662996769,
      0.010863774456083775,
      0.010781032033264637,
      0.010418523102998734,
      0.010519389994442463,
      0.010179227218031883,
      0.010709633119404316,
      0.010697929188609123,
      0.010404924862086773,
      0.011362427845597267,
      0.010397851467132568,
      0.010726063512265682,
      0.010592816397547722,
      0.010942080989480019,
      0.00983082689344883,
      0.010747638531029224,
      0.009805257432162762,
      0.011459850706160069,
      0.010477397590875626,
      0.010374176315963268,
      0.011398321948945522,
      0.010595127940177917,
      0.01076432317495346,
      0.011132176034152508,
      0.01018668245524168,
      0.01105480920523405,
      0.010503405705094337,
      0.010278197936713696,
      0.009964564815163612,
      0.010127969086170197,
      0.011145186610519886,
      0.009458575397729874,
      0.010876091197133064,
      0.01004024501889944,
      0.010182718746364117,
      0.010662882588803768,
      0.009990664198994637,
      0.009987648576498032,
      0.00973499659448862,
      0.01001670304685831,
      0.011105990968644619,
      0.009950084611773491,
      0.010176505893468857,
      0.010995731689035892,
      0.011098556220531464,
      0.010912642814218998,
      0.00962027907371521,
      0.010188843123614788,
      0.009955710731446743,
      0.009859737008810043,
      0.009671210311353207,
      0.009685277007520199,
      0.010422836989164352,
      0.009427378885447979,
      0.01057029701769352,
      0.009428056888282299,
      0.010664469562470913,
      0.011528057977557182,
      0.010657187551259995,
      0.010472983121871948,
      0.009852388873696327,
      0.00978438276797533,
      0.009913909249007702,
      0.009185802191495895,
      0.009721350856125355,
      0.010657490231096745,
      0.010261536575853825,
      0.009685145691037178,
      0.009565532207489014,
      0.009822516702115536,
      0.009366527199745178,
      0.009970986284315586,
      0.00930281076580286,
      0.010351165197789669,
      0.009772881865501404,
      0.009539666585624218,
      0.009045376442372799,
      0.00908193364739418,
      0.008740405552089214,
      0.008668185211718082,
      0.010375323705375195,
      0.009582354687154293,
      0.010071266442537308,
      0.00938075315207243,
      0.00994805060327053,
      0.00890477653592825,
      0.00935986265540123,
      0.00893382914364338,
      0.009050034917891026,
      0.009892693720757961,
      0.009012483060359955,
      0.008956285193562508,
      0.00969468429684639,
      0.00916503369808197,
      0.010304923169314861,
      0.009504374116659164,
      0.008853689767420292,
      0.009421470575034618,
      0.00953721348196268,
      0.009745407849550247,
      0.009049715474247932,
      0.009463764727115631,
      0.009670386090874672,
      0.00875365175306797,
      0.009012223221361637,
      0.009701642207801342,
      0.009338711388409138,
      0.009226830676198006,
      0.008492112159729004,
      0.009150562807917595,
      0.009024673141539097,
      0.01023118570446968,
      0.008746220730245113,
      0.009949319995939732,
      0.008751437067985535,
      0.009837797842919827,
      0.00991792418062687,
      0.008429095149040222,
      0.009626343846321106,
      0.0087805250659585,
      0.009485235437750816,
      0.010107295587658882,
      0.008825523778796196,
      0.009354651905596256,
      0.008822769857943058,
      0.009664545767009258,
      0.009228605777025223,
      0.009545608423650265,
      0.008715495467185974,
      0.009328761138021946,
      0.008886813186109066,
      0.009272925555706024,
      0.00965677946805954,
      0.009372685104608536,
      0.008821932598948479,
      0.008909016847610474,
      0.00884962547570467,
      0.009171797893941402,
      0.009851536713540554,
      0.00826816912740469,
      0.00949084758758545,
      0.008363098837435246,
      0.008371707983314991,
      0.008364255540072918,
      0.008445561863481998,
      0.008808160200715065,
      0.008803008124232292,
