{
   "number_epochs": 500,
   "info_used": "partial info",
   "perc_full_data": 0.04,
   "n_epochs_no_selection": 0,
   "Frequency % cutoff": 0.33,
   "hidden_size": 32,
   "random_state": 4,
   "train_errors": [
      0.352931410074234,
      0.30859121680259705,
      0.25914493203163147,
      0.21033427119255066,
      0.1738540381193161,
      0.13817082345485687,
      0.10778726637363434,
      0.08278626203536987,
      0.06123550981283188,
      0.04785982519388199,
      0.04765711724758148,
      0.05305735021829605,
      0.056274209171533585,
      0.06283394992351532,
      0.06477291136980057,
      0.059529416263103485,
      0.06313975155353546,
      0.058510687202215195,
      0.05640165135264397,
      0.047803957015275955,
      0.041808221489191055,
      0.03786535561084747,
      0.035889867693185806,
      0.03789124637842178,
      0.03712962567806244,
      0.037535835057497025,
      0.03892600163817406,
      0.03783909231424332,
      0.039125360548496246,
      0.03939826413989067,
      0.038121793419122696,
      0.03796413168311119,
      0.03679320216178894,
      0.03426327183842659,
      0.03162816911935806,
      0.031835105270147324,
      0.032674599438905716,
      0.0316263847053051,
      0.0329979844391346,
      0.033534273505210876,
      0.030415570363402367,
      0.033281125128269196,
      0.02952026203274727,
      0.033599209040403366,
      0.031982503831386566,
      0.030999863520264626,
      0.02925768494606018,
      0.025180460885167122,
      0.028220387175679207,
      0.027427680790424347,
      0.027948912233114243,
      0.028947530314326286,
      0.028529075905680656,
      0.025875676423311234,
      0.026911763474345207,
      0.029224583879113197,
      0.025801079347729683,
      0.027389662340283394,
      0.02878040447831154,
      0.02659023553133011,
      0.026110388338565826,
      0.026994166895747185,
      0.026628464460372925,
      0.024642139673233032,
      0.027843933552503586,
      0.02399068884551525,
      0.025108138099312782,
      0.024223385378718376,
      0.023693833500146866,
      0.025356315076351166,
      0.02552342228591442,
      0.025499461218714714,
      0.02662615478038788,
      0.025865986943244934,
      0.025150872766971588,
      0.024897245690226555,
      0.02280883491039276,
      0.02180323377251625,
      0.023564662784337997,
      0.020010067149996758,
      0.023003945127129555,
      0.021170353516936302,
      0.024326803162693977,
      0.022792885079979897,
      0.02131662145256996,
      0.021915918216109276,
      0.019741646945476532,
      0.024644363671541214,
      0.020743491128087044,
      0.02221515029668808,
      0.022170962765812874,
      0.024039894342422485,
      0.021463247016072273,
      0.019659485667943954,
      0.02196342684328556,
      0.020044010132551193,
      0.01855393685400486,
      0.018909644335508347,
      0.01918988674879074,
      0.020244022831320763,
      0.0166698656976223,
      0.019267616793513298,
      0.0184310469776392,
      0.018732594326138496,
      0.019323643296957016,
      0.018329422920942307,
      0.01834571734070778,
      0.01761539652943611,
      0.016325468197464943,
      0.016074715182185173,
      0.016285406425595284,
      0.016173064708709717,
      0.01725640892982483,
      0.015233081765472889,
      0.01690797135233879,
      0.01542822178453207,
      0.016480088233947754,
      0.019812218844890594,
      0.016322895884513855,
      0.017622333019971848,
      0.016424428671598434,
      0.014558994211256504,
      0.017410892993211746,
      0.017185425385832787,
      0.01855156011879444,
      0.014701815322041512,
      0.013609427027404308,
      0.014930669218301773,
      0.015235420316457748,
      0.013485625386238098,
      0.016700932756066322,
      0.01412092987447977,
      0.015743790194392204,
      0.016752472147345543,
      0.015939777716994286,
      0.01259139645844698,
      0.011548255570232868,
      0.012726977467536926,
      0.0128635223954916,
      0.011291914619505405,
      0.013623575679957867,
      0.012709773145616055,
      0.013215928338468075,
      0.016954956576228142,
      0.01320610474795103,
      0.01164099108427763,
      0.01243648398667574,
      0.013791538774967194,
      0.01143412385135889,
      0.011482669040560722,
      0.014068336226046085,
      0.012486868537962437,
      0.010489920154213905,
      0.011116871610283852,
      0.01114591583609581,
      0.01334677916020155,
      0.01158709917217493,
      0.010535656474530697,
      0.011020810343325138,
      0.013120699673891068,
      0.014930098317563534,
      0.010661005042493343,
      0.012184018269181252,
      0.010415837168693542,
      0.012151667848229408,
      0.01126061286777258,
      0.013277735561132431,
      0.010891309939324856,
      0.012431111186742783,
      0.011251427233219147,
      0.011054236441850662,
      0.012131243012845516,
      0.012447035871446133,
      0.010221156291663647,
      0.010382382199168205,
      0.011531490832567215,
      0.01051718182861805,
      0.010382249020040035,
      0.01085018552839756,
      0.010638764128088951,
      0.013177648186683655,
      0.012059676460921764,
      0.010200914926826954,
      0.011020233854651451,
      0.009492718614637852,
      0.008846313692629337,
      0.011042037978768349,
      0.009647098369896412,
      0.011724704876542091,
      0.009519201703369617,
      0.010227194055914879,
      0.012071280740201473,
      0.010660555213689804,
      0.009902478195726871,
      0.013380050659179688,
      0.010910119861364365,
      0.011227717623114586,
      0.010412394069135189,
      0.007578785996884108,
      0.00978673156350851,
      0.00946118775755167,
      0.009035519324243069,
      0.009527609683573246,
      0.009620227850973606,
      0.009111639112234116,
      0.012197108939290047,
      0.008979207836091518,
      0.009659112431108952,
      0.009962999261915684,
      0.00929650105535984,
      0.008638736791908741,
      0.01030160952359438,
      0.008952171541750431,
      0.009143833070993423,
      0.008227081969380379,
      0.009634828194975853,
      0.01149691641330719,
      0.008732237853109837,
      0.009672611020505428,
      0.00798895861953497,
      0.009503086097538471,
      0.008787916973233223,
      0.008044109679758549,
      0.007926738820970058,
      0.010749327950179577,
      0.008371147327125072,
      0.008317810483276844,
      0.011020684614777565,
      0.007890828885138035,
      0.008240164257586002,
      0.008418092504143715,
      0.009015635587275028,
      0.010221030563116074,
      0.009649128653109074,
      0.007161506451666355,
      0.010880960151553154,
      0.00938023068010807,
      0.00773108983412385,
      0.008328195661306381,
      0.008113762363791466,
      0.008237961679697037,
      0.008742198348045349,
      0.00749060045927763,
      0.009363987483084202,
      0.00719108060002327,
      0.007667930331081152,
      0.007966246455907822,
      0.009125213138759136,
      0.008015399798750877,
      0.007995786145329475,
      0.009689895436167717,
      0.008632014505565166,
      0.008264672942459583,
      0.009302803315222263,
      0.008809133432805538,
      0.009281010366976261,
      0.01114060077816248,
      0.007856743410229683,
      0.008654311299324036,
      0.008278781548142433,
      0.007696247193962336,
      0.008129441179335117,
      0.007634246721863747,
      0.00719066895544529,
      0.008660326711833477,
      0.007798095233738422,
      0.008547305129468441,
      0.00608158390969038,
      0.008179226890206337,
      0.006334493402391672,
      0.007253194227814674,
      0.008402957580983639,
      0.006967436522245407,
      0.006570730824023485,
      0.006007920950651169,
      0.007125206291675568,
      0.007806052919477224,
      0.008261323906481266,
      0.007073866203427315,
      0.005242825485765934,
      0.007477679755538702,
