{
   "number_epochs": 500,
   "info_used": "partial info",
   "perc_full_data": 0.04,
   "n_epochs_no_selection": 0,
   "Frequency % cutoff": 0.33,
   "hidden_size": 32,
   "random_state": 5,
   "train_errors": [
      0.4701645076274872,
      0.4303169250488281,
      0.3914806842803955,
      0.36050307750701904,
      0.3249581456184387,
      0.28997161984443665,
      0.2596774995326996,
      0.2250271737575531,
      0.200400710105896,
      0.17006610333919525,
      0.14653709530830383,
      0.11563491821289062,
      0.09431814402341843,
      0.06894353032112122,
      0.05183791741728783,
      0.039535969495773315,
      0.03169924393296242,
      0.02496659941971302,
      0.029851000756025314,
      0.032103534787893295,
      0.03789049759507179,
      0.04897100478410721,
      0.049457188695669174,
      0.04986286163330078,
      0.056568443775177,
      0.0486852191388607,
      0.04177837073802948,
      0.04056324437260628,
      0.03186066821217537,
      0.02798614092171192,
      0.026452478021383286,
      0.02812219224870205,
      0.025522278621792793,
      0.025996817275881767,
      0.025840913876891136,
      0.023587841540575027,
      0.025262117385864258,
      0.02993452548980713,
      0.026551757007837296,
      0.028050411492586136,
      0.026095788925886154,
      0.027657661586999893,
      0.025342511013150215,
      0.02512916550040245,
      0.027519021183252335,
      0.023103831335902214,
      0.023310678079724312,
      0.020846223458647728,
      0.022979333996772766,
      0.022508466616272926,
      0.020667534321546555,
      0.020701639354228973,
      0.022526685148477554,
      0.021383538842201233,
      0.022835034877061844,
      0.021552691236138344,
      0.02252894639968872,
      0.02002146653831005,
      0.021579710766673088,
      0.021881751716136932,
      0.020723577588796616,
      0.01933065801858902,
      0.019499419257044792,
      0.0208163820207119,
      0.02050279639661312,
      0.01771491952240467,
      0.02030615508556366,
      0.020171236246824265,
      0.019552407786250114,
      0.01815614476799965,
      0.018562858924269676,
      0.022276481613516808,
      0.01915321871638298,
      0.017767561599612236,
      0.016971062868833542,
      0.016245268285274506,
      0.017885833978652954,
      0.016625575721263885,
      0.015518469735980034,
      0.015211127698421478,
      0.017970873042941093,
      0.015733033418655396,
      0.016327738761901855,
      0.016173237934708595,
      0.015919657424092293,
      0.018368659541010857,
      0.015894759446382523,
      0.016568489372730255,
      0.01583734340965748,
      0.01495257206261158,
      0.013579819351434708,
      0.018363356590270996,
      0.015882065519690514,
      0.015119356103241444,
      0.015155076049268246,
      0.01593608409166336,
      0.01593184657394886,
      0.0166618749499321,
      0.015358456410467625,
      0.017107447609305382,
      0.015403714030981064,
      0.01518656499683857,
      0.01601230539381504,
      0.01309780590236187,
      0.014015106484293938,
      0.012851377949118614,
      0.014833316206932068,
      0.012892553582787514,
      0.016124902293086052,
      0.014159745536744595,
      0.013744472526013851,
      0.013270573690533638,
      0.012782227247953415,
      0.01200040988624096,
      0.012807301245629787,
      0.012469606474041939,
      0.01153014786541462,
      0.01268034614622593,
      0.012288201600313187,
      0.012359138578176498,
      0.014634277671575546,
      0.011505537666380405,
      0.011269466951489449,
      0.013192071579396725,
      0.014705616049468517,
      0.012009796686470509,
      0.011969322338700294,
      0.013026786036789417,
      0.012964527122676373,
      0.013478265143930912,
      0.012105288915336132,
      0.012001974508166313,
      0.012168949469923973,
      0.013045924715697765,
      0.011175008490681648,
      0.01477750763297081,
      0.014159772545099258,
      0.012585179880261421,
      0.012308413162827492,
      0.012848964892327785,
      0.010978498496115208,
      0.01256780419498682,
      0.010791094042360783,
      0.01200466975569725,
      0.013371308334171772,
      0.013979963026940823,
      0.011844324879348278,
      0.012115239165723324,
      0.010994769632816315,
      0.010825534351170063,
      0.012278609909117222,
      0.012835624627768993,
      0.012178645469248295,
      0.012162514962255955,
      0.013122478500008583,
      0.012141389772295952,
      0.012674162164330482,
      0.01329469308257103,
      0.012488341890275478,
      0.012060800567269325,
      0.011921778321266174,
      0.010122239589691162,
      0.010704712942242622,
      0.012872036546468735,
      0.012311907485127449,
      0.012374093756079674,
      0.011617004871368408,
      0.012714186683297157,
      0.010777609422802925,
      0.014510903507471085,
      0.01524311862885952,
      0.012237959541380405,
      0.014626028947532177,
      0.010925049893558025,
      0.009973292239010334,
      0.010579660534858704,
      0.01257322821766138,
      0.011122122406959534,
      0.011905316263437271,
      0.012505198828876019,
      0.010538018308579922,
      0.011010521091520786,
      0.014628633856773376,
      0.010945869609713554,
      0.01215364784002304,
      0.011554284952580929,
      0.013243615627288818,
      0.010917212814092636,
      0.012718013487756252,
      0.014326623640954494,
      0.010986491106450558,
      0.016157612204551697,
      0.012624070979654789,
      0.013332994654774666,
      0.013601070269942284,
      0.013144390657544136,
      0.011486679315567017,
      0.013240227475762367,
      0.01060614176094532,
      0.012927251867949963,
      0.012762260623276234,
      0.012132332660257816,
      0.014169862493872643,
      0.010180436074733734,
      0.0139647601172328,
      0.01169536728411913,
      0.011111748404800892,
      0.011844970285892487,
      0.0121146896854043,
      0.012057074345648289,
      0.01241204235702753,
      0.011141041293740273,
      0.011053222231566906,
      0.011005748063325882,
      0.012058743275702,
      0.011907492764294147,
      0.011239285580813885,
      0.013760598376393318,
      0.011722254566848278,
      0.013139627873897552,
      0.013110279105603695,
      0.013525906950235367,
      0.009491748176515102,
      0.010888583026826382,
      0.01344785001128912,
      0.010875524021685123,
      0.01268667820841074,
      0.011396613903343678,
      0.011180181056261063,
      0.014077430590987206,
      0.011157002300024033,
      0.013058207929134369,
      0.012484893202781677,
      0.01184756774455309,
      0.012129191309213638,
      0.011501711793243885,
      0.011273075826466084,
      0.010880283080041409,
      0.011232058517634869,
      0.011595828458666801,
      0.012943142093718052,
      0.010896291583776474,
      0.011717197485268116,
      0.01125015877187252,
      0.01214156486093998,
      0.012013565748929977,
      0.01162804663181305,
      0.013990211300551891,
      0.015349995344877243,
      0.011689827777445316,
      0.014877636916935444,
      0.01301616057753563,
      0.011842075735330582,
      0.008886241354048252,
      0.011505192145705223,
      0.01169571653008461,
      0.012064016424119473,
      0.009949726052582264,
      0.01094722654670477,
      0.011341883800923824,
      0.012161635793745518,
      0.011327076703310013,
      0.011872487142682076,
      0.009910308755934238,
      0.014135009609162807,
      0.013564636930823326,
      0.010918051935732365,
      0.011020720936357975,
      0.012218044139444828,
      0.013951352797448635,
      0.011110702529549599,
      0.012275895103812218,
      0.013498655520379543,
      0.0102706179022789,
      0.012225156649947166,
      0.013387572020292282,
      0.010083749890327454,
      0.01377053838223219,
      0.01321452297270298,
      0.011339018121361732,
      0.011474374681711197,
