{
   "number_epochs": 500,
   "info_used": "partial info",
   "perc_full_data": 0.04,
   "n_epochs_no_selection": 0,
   "Frequency % cutoff": 0.33,
   "hidden_size": 32,
   "random_state": 0,
   "train_errors": [
      0.4680081307888031,
      0.40652287006378174,
      0.34015417098999023,
      0.2867717146873474,
      0.23206062614917755,
      0.1815282255411148,
      0.13999104499816895,
      0.10607898980379105,
      0.07812399417161942,
      0.06660111248493195,
      0.05732766538858414,
      0.058519139885902405,
      0.07531934976577759,
      0.07627751678228378,
      0.07436174899339676,
      0.0763634666800499,
      0.0799163430929184,
      0.07882200926542282,
      0.0722528025507927,
      0.05433148145675659,
      0.05179968476295471,
      0.042189016938209534,
      0.04421243444085121,
      0.043143194168806076,
      0.04454416036605835,
      0.0454406775534153,
      0.040062036365270615,
      0.03905366361141205,
      0.04116758331656456,
      0.04580504819750786,
      0.04688046872615814,
      0.04001873731613159,
      0.04187773913145065,
      0.038254331797361374,
      0.03454058617353439,
      0.03404051065444946,
      0.03328951448202133,
      0.0343889482319355,
      0.03243706747889519,
      0.031442269682884216,
      0.03315890207886696,
      0.03168944641947746,
      0.02831271104514599,
      0.03059818036854267,
      0.03022628091275692,
      0.029418466612696648,
      0.02978329546749592,
      0.026417482644319534,
      0.025964809581637383,
      0.027296265587210655,
      0.02532350830733776,
      0.024437138810753822,
      0.023698337376117706,
      0.025307605043053627,
      0.025233784690499306,
      0.02870357036590576,
      0.024071693420410156,
      0.024735452607274055,
      0.022430606186389923,
      0.02227677032351494,
      0.024038534611463547,
      0.023943549022078514,
      0.01938178576529026,
      0.0217750146985054,
      0.02116847224533558,
      0.020744245499372482,
      0.020441358909010887,
      0.025098584592342377,
      0.020900174975395203,
      0.016840899363160133,
      0.02079862169921398,
      0.017591161653399467,
      0.019548092037439346,
      0.019768962636590004,
      0.022670945152640343,
      0.020402874797582626,
      0.019478289410471916,
      0.01941462978720665,
      0.020355258136987686,
      0.018296383321285248,
      0.016895480453968048,
      0.018277663737535477,
      0.01637885347008705,
      0.01928369514644146,
      0.017665492370724678,
      0.018504874780774117,
      0.01739491894841194,
      0.016096768900752068,
      0.02111836150288582,
      0.017966758459806442,
      0.016676919534802437,
      0.020238319411873817,
      0.01672879420220852,
      0.016756592318415642,
      0.01608809269964695,
      0.016295792534947395,
      0.015846628695726395,
      0.01708560436964035,
      0.01598440669476986,
      0.01678217202425003,
      0.0172679852694273,
      0.016057496890425682,
      0.01881987787783146,
      0.015536259859800339,
      0.017509976401925087,
      0.016958041116595268,
      0.018442565575242043,
      0.01565001718699932,
      0.016330096870660782,
      0.017551029101014137,
      0.014538219198584557,
      0.01677888259291649,
      0.0182044617831707,
      0.020314505323767662,
      0.01830722764134407,
      0.015780389308929443,
      0.017917804419994354,
      0.01777677796781063,
      0.016083398833870888,
      0.016930803656578064,
      0.014422000385820866,
      0.017051992937922478,
      0.014463520608842373,
      0.016910837963223457,
      0.016539715230464935,
      0.0166076198220253,
      0.017364205792546272,
      0.017157288268208504,
      0.016030360013246536,
      0.017499903216958046,
      0.014184954576194286,
      0.015434765256941319,
      0.014498616568744183,
      0.015643080696463585,
      0.014754587784409523,
      0.016669511795043945,
      0.015321264043450356,
      0.020295457914471626,
      0.017358720302581787,
      0.014936798252165318,
      0.016657652333378792,
      0.017000244930386543,
      0.016195407137274742,
      0.016826406121253967,
      0.01618751883506775,
      0.01425696350634098,
      0.014285055920481682,
      0.016184618696570396,
      0.020136110484600067,
      0.014658937230706215,
      0.015418415889143944,
      0.014503680169582367,
      0.01335497759282589,
      0.015958961099386215,
      0.017290271818637848,
      0.014323984272778034,
      0.014529545791447163,
      0.015593529678881168,
      0.014850491657853127,
      0.014695984311401844,
      0.015449770726263523,
      0.015449991449713707,
      0.014182169921696186,
      0.014761137776076794,
      0.01596274971961975,
      0.015891006216406822,
      0.015710031613707542,
      0.01571154221892357,
      0.015947144478559494,
      0.016643831506371498,
      0.014972406439483166,
      0.013842596672475338,
      0.01297016628086567,
      0.01564556546509266,
      0.013885642401874065,
      0.01570749096572399,
      0.015986623242497444,
      0.015413188375532627,
      0.015360423363745213,
      0.015589268878102303,
      0.014689885079860687,
      0.018808061257004738,
      0.014928440563380718,
      0.015087749809026718,
      0.01422566082328558,
      0.017111513763666153,
      0.01416835654526949,
      0.01567063294351101,
      0.013771060854196548,
      0.01699189841747284,
      0.01699812151491642,
      0.01648213155567646,
      0.019115379080176353,
      0.014599354937672615,
      0.019360262900590897,
      0.018710261210799217,
      0.015253291465342045,
      0.015134776942431927,
      0.0154247572645545,
      0.013635865412652493,
      0.01490829885005951,
      0.01236812211573124,
      0.015549284406006336,
      0.013814959675073624,
      0.0131680341437459,
      0.012996077537536621,
      0.01671101525425911,
      0.01610117405653,
      0.014883759431540966,
      0.013695362955331802,
      0.015214861370623112,
      0.016099732369184494,
      0.016634080559015274,
      0.015257085673511028,
      0.015001492574810982,
      0.013639841228723526,
      0.013363946229219437,
      0.015322616323828697,
      0.013753010891377926,
      0.014200357720255852,
      0.01455539371818304,
      0.013957802206277847,
      0.014769298955798149,
      0.018332554027438164,
      0.015238180756568909,
      0.01258903369307518,
      0.012479634955525398,
      0.01566973887383938,
      0.015546443872153759,
      0.013980926014482975,
      0.013746154494583607,
      0.013532212004065514,
      0.014001233503222466,
      0.012643936090171337,
      0.013934421353042126,
      0.014884602278470993,
      0.012609312310814857,
      0.013914508745074272,
      0.012767011299729347,
      0.01287952158600092,
      0.013258988037705421,
      0.01411427278071642,
      0.014701851643621922,
      0.01443996001034975,
      0.014307164587080479,
      0.014806420542299747,
      0.014433073811233044,
      0.016434941440820694,
      0.012995356693863869,
      0.015299657359719276,
      0.016346311196684837,
      0.012500041164457798,
      0.015700731426477432,
      0.01435773354023695,
      0.014133830554783344,
      0.011177131906151772,
      0.014777589589357376,
      0.014156488701701164,
      0.011967173777520657,
      0.011136475950479507,
      0.012600347399711609,
      0.012706208042800426,
      0.012873577885329723,
      0.01207046303898096,
      0.013969669118523598,
      0.013942599296569824,
      0.012026067823171616,
      0.01197292935103178,
      0.013780835084617138,
      0.01579698733985424,
      0.0144506162032485,
      0.01355323288589716,
      0.013654018752276897,
      0.014734356664121151,
      0.012767882086336613,
      0.011729954741895199,
      0.014499789103865623,
      0.013777125626802444,
      0.012343394570052624,
      0.011442831717431545,
      0.012154048308730125,
      0.014794914983212948,
