{
   "number_epochs": 500,
   "info_used": "partial info",
   "perc_full_data": 0.04,
   "n_epochs_no_selection": 0,
   "Frequency % cutoff": 0.33,
   "hidden_size": 32,
   "random_state": 13,
   "train_errors": [
      0.1377522498369217,
      0.09707171469926834,
      0.062344346195459366,
      0.03983990475535393,
      0.03293794393539429,
      0.034336719661951065,
      0.040173839777708054,
      0.04557883366942406,
      0.048981521278619766,
      0.04418658837676048,
      0.0370713509619236,
      0.034792423248291016,
      0.03140951693058014,
      0.030021507292985916,
      0.028518546372652054,
      0.027206169441342354,
      0.027983222156763077,
      0.02710503712296486,
      0.028674647212028503,
      0.03016704134643078,
      0.02910757064819336,
      0.028003711253404617,
      0.02820463851094246,
      0.02610175311565399,
      0.026771018281579018,
      0.02513996884226799,
      0.025039592757821083,
      0.022936709225177765,
      0.023017195984721184,
      0.022894710302352905,
      0.02264217659831047,
      0.023329773917794228,
      0.024097958579659462,
      0.02333816885948181,
      0.02307562157511711,
      0.022196872159838676,
      0.02058703452348709,
      0.02197744883596897,
      0.020714880898594856,
      0.020131688565015793,
      0.02082483097910881,
      0.020009499043226242,
      0.020720629021525383,
      0.019352251663804054,
      0.021155087277293205,
      0.01980435475707054,
      0.0175195150077343,
      0.01879546418786049,
      0.01915646716952324,
      0.01924811862409115,
      0.01916465163230896,
      0.019194217398762703,
      0.01718214526772499,
      0.019522760063409805,
      0.01769793964922428,
      0.016880787909030914,
      0.017146285623311996,
      0.01903665065765381,
      0.01700803078711033,
      0.01634165085852146,
      0.016414623707532883,
      0.015751153230667114,
      0.015089083462953568,
      0.016320381313562393,
      0.01582658290863037,
      0.014946894720196724,
      0.01680869609117508,
      0.014354118146002293,
      0.01457628421485424,
      0.016204487532377243,
      0.014130119234323502,
      0.013447039760649204,
      0.015471931546926498,
      0.015160836279392242,
      0.015234333463013172,
      0.015724634751677513,
      0.014271938242018223,
      0.015329607762396336,
      0.013851389288902283,
      0.014280660077929497,
      0.013914463110268116,
      0.016642728820443153,
      0.013806522823870182,
      0.013546221889555454,
      0.013166169635951519,
      0.013422483578324318,
      0.012976186349987984,
      0.013507462106645107,
      0.01331372745335102,
      0.014240667223930359,
      0.011743931099772453,
      0.012122196145355701,
      0.012655893340706825,
      0.011240996420383453,
      0.01341961044818163,
      0.013394302688539028,
      0.01153427641838789,
      0.012115171179175377,
      0.012570259161293507,
      0.011142769828438759,
      0.011018987745046616,
      0.010847651399672031,
      0.009751188568770885,
      0.00953484233468771,
      0.012291115708649158,
      0.011127050966024399,
      0.009294779039919376,
      0.010435713455080986,
      0.010168323293328285,
      0.010285289026796818,
      0.009075879119336605,
      0.008849307894706726,
      0.009330474771559238,
      0.009631894528865814,
      0.009474127553403378,
      0.0110321668908,
      0.00923797208815813,
      0.00906195305287838,
      0.009917249903082848,
      0.009557472541928291,
      0.010551320388913155,
      0.009511159732937813,
      0.009078552946448326,
      0.009344366379082203,
      0.008088196627795696,
      0.00852630939334631,
      0.008643369190394878,
      0.008950740098953247,
      0.011026107706129551,
      0.009810448624193668,
      0.009306457825005054,
      0.008541014045476913,
      0.007587947882711887,
      0.011160063557326794,
      0.007292525842785835,
      0.008867847733199596,
      0.009256258606910706,
      0.008711881935596466,
      0.00849697645753622,
      0.008682330138981342,
      0.008515781722962856,
      0.007716533727943897,
      0.007954257540404797,
      0.008093349635601044,
      0.007782270200550556,
      0.007922939956188202,
      0.0072667524218559265,
      0.007904459722340107,
      0.01022189948707819,
      0.007931284606456757,
      0.00801094714552164,
      0.008681753650307655,
      0.009551563300192356,
      0.009742584079504013,
      0.007669159211218357,
      0.00840155128389597,
      0.00804408360272646,
      0.0076350923627614975,
      0.007942444644868374,
      0.007512117736041546,
      0.007810900919139385,
      0.008452242240309715,
      0.008126847445964813,
      0.007234014570713043,
      0.008887236006557941,
      0.00816382560878992,
      0.008210974745452404,
      0.008158298209309578,
      0.006746843922883272,
      0.006977686192840338,
      0.007047767750918865,
      0.00914824940264225,
      0.008248385973274708,
      0.007253813091665506,
      0.007747697178274393,
      0.006891435477882624,
      0.00744108809158206,
      0.008078554645180702,
      0.00660788593813777,
      0.006129128392785788,
      0.00703166238963604,
      0.007271029986441135,
      0.0067355637438595295,
      0.00752884428948164,
      0.007340851239860058,
      0.00900951400399208,
      0.006439610384404659,
      0.007291258778423071,
      0.007810916285961866,
      0.007149184122681618,
      0.008394818753004074,
      0.007414374966174364,
      0.006247842218726873,
      0.008248545229434967,
      0.006450675893574953,
      0.00784869771450758,
      0.006566773168742657,
      0.008666669949889183,
      0.006197309587150812,
      0.006455848924815655,
      0.007248890120536089,
      0.005722160451114178,
      0.006961314473301172,
      0.007407773286104202,
      0.006289588287472725,
      0.007934299297630787,
      0.00710656912997365,
      0.006286554504185915,
      0.006382241379469633,
      0.006611198652535677,
      0.0057254331186413765,
      0.006762808188796043,
      0.0067672571167349815,
      0.007499311584979296,
      0.006121613085269928,
      0.006503322161734104,
      0.006907690316438675,
      0.006856753956526518,
      0.006420150864869356,
      0.006219611037522554,
      0.007360755931586027,
      0.007898664101958275,
      0.005622411146759987,
      0.007571103051304817,
      0.006996451411396265,
      0.005665070842951536,
      0.007085836958140135,
      0.006023814436048269,
      0.006650496274232864,
      0.006602763663977385,
      0.009159586392343044,
      0.006006788462400436,
      0.009121213108301163,
      0.006406957283616066,
      0.006369889248162508,
      0.007984545081853867,
      0.007037317845970392,
      0.006471632514148951,
      0.007786083500832319,
      0.005858405493199825,
      0.006176050286740065,
      0.006446649320423603,
      0.00804620049893856,
      0.005944615229964256,
      0.005996390711516142,
      0.006483999080955982,
      0.00599532900378108,
      0.005437568295747042,
      0.006094310898333788,
      0.007399888709187508,
      0.0065815020352602005,
      0.005745061673223972,
      0.005984907038509846,
      0.0071494863368570805,
      0.006666684523224831,
      0.007738213054835796,
      0.005997219122946262,
      0.005770052317529917,
      0.0066265990026295185,
      0.006027772556990385,
      0.007176160346716642,
      0.008010391145944595,
      0.006279563531279564,
      0.006939219776540995,
      0.006589548662304878,
      0.006210836581885815,
      0.00530755752697587,
      0.007122755516320467,
      0.005344653036445379,
      0.005211379379034042,
      0.006462594959884882,
      0.0071717556565999985,
      0.005869243759661913,
      0.006992077920585871,
      0.005793374497443438,
      0.0067488583736121655,
      0.006952769588679075,
      0.005428392440080643,
      0.005765237845480442,
      0.005623429547995329,
