{
   "number_epochs": 500,
   "info_used": "partial info",
   "perc_full_data": 0.04,
   "n_epochs_no_selection": 0,
   "Frequency % cutoff": 0.33,
   "hidden_size": 32,
   "random_state": 7,
   "train_errors": [
      0.39823469519615173,
      0.35360363125801086,
      0.30507397651672363,
      0.2552332580089569,
      0.22055554389953613,
      0.18024195730686188,
      0.1494501829147339,
      0.11569598317146301,
      0.08986157923936844,
      0.06748165935277939,
      0.05181746184825897,
      0.04825080931186676,
      0.04379570484161377,
      0.049081891775131226,
      0.0587652325630188,
      0.06068066135048866,
      0.06632400304079056,
      0.06797122210264206,
      0.06812003254890442,
      0.057857219129800797,
      0.05722260847687721,
      0.0484127514064312,
      0.045252054929733276,
      0.04001946002244949,
      0.036721717566251755,
      0.03578877076506615,
      0.038369957357645035,
      0.03631415590643883,
      0.03991236165165901,
      0.04232601076364517,
      0.04042437672615051,
      0.04161473363637924,
      0.03995661810040474,
      0.039480339735746384,
      0.03739592060446739,
      0.03934822976589203,
      0.039855584502220154,
      0.035946112126111984,
      0.03561079874634743,
      0.032412901520729065,
      0.03633255884051323,
      0.033557675778865814,
      0.03061106614768505,
      0.031293246895074844,
      0.031881339848041534,
      0.030262861400842667,
      0.034897223114967346,
      0.031074903905391693,
      0.03279867023229599,
      0.0322100929915905,
      0.03162387013435364,
      0.02822669968008995,
      0.028643198311328888,
      0.030208537355065346,
      0.030813224613666534,
      0.031249335035681725,
      0.029137879610061646,
      0.028331251814961433,
      0.02983594685792923,
      0.02910451777279377,
      0.029154406860470772,
      0.029316574335098267,
      0.028948288410902023,
      0.02841363102197647,
      0.029186271131038666,
      0.024978507310152054,
      0.026897305622696877,
      0.027874397113919258,
      0.026441799476742744,
      0.02369803376495838,
      0.025060437619686127,
      0.024490253999829292,
      0.02348385378718376,
      0.02445625700056553,
      0.023565031588077545,
      0.025250019505620003,
      0.023274177685379982,
      0.023093925788998604,
      0.02276894636452198,
      0.024166289716959,
      0.022873464971780777,
      0.02422194369137287,
      0.022441871464252472,
      0.021871991455554962,
      0.02398429624736309,
      0.023965658619999886,
      0.01933673582971096,
      0.022546468302607536,
      0.02164880372583866,
      0.020518619567155838,
      0.022116824984550476,
      0.021393626928329468,
      0.022610381245613098,
      0.019016364589333534,
      0.02082955837249756,
      0.021100036799907684,
      0.019991818815469742,
      0.021830441430211067,
      0.01899135857820511,
      0.020121164619922638,
      0.020577065646648407,
      0.020370984449982643,
      0.01937703974545002,
      0.02141537331044674,
      0.02100805938243866,
      0.01873254030942917,
      0.018696781247854233,
      0.018254924565553665,
      0.016181383281946182,
      0.020124129951000214,
      0.01934846304357052,
      0.018760861828923225,
      0.02119286172091961,
      0.017350435256958008,
      0.020584631711244583,
      0.02052934840321541,
      0.02252987027168274,
      0.020691830664873123,
      0.020111454650759697,
      0.021750910207629204,
      0.020152105018496513,
      0.02156190760433674,
      0.018884140998125076,
      0.019577424973249435,
      0.020954124629497528,
      0.020264651626348495,
      0.0221599992364645,
      0.019560400396585464,
      0.018528247252106667,
      0.02064819075167179,
      0.01898421347141266,
      0.01715945638716221,
      0.01862703450024128,
      0.02026352845132351,
      0.01911579817533493,
      0.018395215272903442,
      0.018603311851620674,
      0.015935109928250313,
      0.016813451424241066,
      0.02031696029007435,
      0.020041117444634438,
      0.01834307238459587,
      0.02002483420073986,
      0.020781902596354485,
      0.021962467581033707,
      0.020472487434744835,
      0.018211789429187775,
      0.019467568024992943,
      0.01835329644382,
      0.01883036643266678,
      0.01978490501642227,
      0.018557528033852577,
      0.01850142516195774,
      0.018316369503736496,
      0.01961994729936123,
      0.019633423537015915,
      0.017324430868029594,
      0.01639718934893608,
      0.020313329994678497,
      0.019751790910959244,
      0.018617676571011543,
      0.017331240698695183,
      0.018228841945528984,
      0.02046629786491394,
      0.016059568151831627,
      0.01676967926323414,
      0.017004841938614845,
      0.01842120848596096,
      0.016922909766435623,
      0.01752912998199463,
      0.020253702998161316,
      0.01869208551943302,
      0.018006300553679466,
      0.02028261125087738,
      0.01716938614845276,
      0.019499029964208603,
      0.01853426918387413,
      0.016948411241173744,
      0.019451787695288658,
      0.015456710942089558,
      0.017886782065033913,
      0.01692870631814003,
      0.020057952031493187,
      0.01912706345319748,
      0.01651923730969429,
      0.020053816959261894,
      0.01737399585545063,
      0.01818975806236267,
      0.01948622800409794,
      0.017472071573138237,
      0.01627151295542717,
      0.016457192599773407,
      0.01770394667983055,
      0.01834840513765812,
      0.018075527623295784,
      0.018034784123301506,
      0.015651846304535866,
      0.01746492274105549,
      0.018590517342090607,
      0.016751227900385857,
      0.01686469465494156,
      0.01745263859629631,
      0.018129974603652954,
      0.017551397904753685,
      0.018443148583173752,
      0.016852427273988724,
      0.018628619611263275,
      0.018168795853853226,
      0.01747625321149826,
      0.016582481563091278,
      0.01670869253575802,
      0.017007917165756226,
      0.017123820260167122,
      0.017391059547662735,
      0.01763308234512806,
      0.01725686341524124,
      0.018591227009892464,
      0.01814793236553669,
      0.01609894260764122,
      0.019386814907193184,
      0.01938684657216072,
      0.017635399475693703,
      0.017376385629177094,
      0.015973107889294624,
      0.016933461651206017,
      0.016307426616549492,
      0.019167989492416382,
      0.016990724951028824,
      0.015549501404166222,
      0.01652015745639801,
      0.018355505540966988,
      0.016956010833382607,
      0.017879895865917206,
      0.01558882649987936,
      0.017897922545671463,
      0.016112850978970528,
      0.017539652064442635,
      0.018122734501957893,
      0.017753802239894867,
      0.01621805503964424,
      0.016418691724538803,
      0.014685059897601604,
      0.016687966883182526,
      0.016984404996037483,
      0.018691694363951683,
      0.017704324796795845,
      0.017038684338331223,
      0.017881307750940323,
      0.016928356140851974,
      0.017713960260152817,
      0.014922208152711391,
      0.016669904813170433,
      0.015062105841934681,
      0.015852268785238266,
      0.018765905871987343,
      0.017160510644316673,
      0.015770573168992996,
      0.015873510390520096,
      0.017368262633681297,
      0.017083121463656425,
      0.017698435112833977,
      0.015086784958839417,
      0.018718203529715538,
      0.01609601266682148,
      0.017715631052851677,
      0.01768556423485279,
      0.016711173579096794,
      0.01706722006201744,
      0.015163563191890717,
      0.015659231692552567,
      0.016771569848060608,
      0.015200548805296421,
      0.014921734109520912,
      0.015844034031033516,
      0.01652366667985916,
      0.013329699635505676,
      0.015482981689274311,
      0.01693376712501049,
      0.01609509438276291,
      0.014047383330762386,
      0.01735376939177513,
      0.017306890338659286,
