{
   "number_epochs": 500,
   "info_used": "partial info",
   "perc_full_data": 0.04,
   "n_epochs_no_selection": 0,
   "Frequency % cutoff": 0.33,
   "hidden_size": 32,
   "random_state": 14,
   "train_errors": [
      0.4514668583869934,
      0.39230456948280334,
      0.33821213245391846,
      0.2897419035434723,
      0.2473863959312439,
      0.20549188554286957,
      0.17205168306827545,
      0.1326722800731659,
      0.10433769971132278,
      0.07773789763450623,
      0.06177019700407982,
      0.05144858732819557,
      0.052658047527074814,
      0.04562455415725708,
      0.04742651805281639,
      0.053137753158807755,
      0.06482047587633133,
      0.0656852051615715,
      0.07566094398498535,
      0.06909070163965225,
      0.05432063341140747,
      0.05316843464970589,
      0.04606322571635246,
      0.04486021772027016,
      0.04156544432044029,
      0.037207771092653275,
      0.03800150007009506,
      0.029724642634391785,
      0.029616981744766235,
      0.03469407558441162,
      0.03530975431203842,
      0.03519910201430321,
      0.03448933735489845,
      0.031452350318431854,
      0.032373908907175064,
      0.031601279973983765,
      0.03165743499994278,
      0.02900134213268757,
      0.03150836005806923,
      0.027662061154842377,
      0.02935258485376835,
      0.024593323469161987,
      0.025314830243587494,
      0.02626892924308777,
      0.02834734320640564,
      0.027032796293497086,
      0.027200771495699883,
      0.025411775335669518,
      0.025289762765169144,
      0.02843708172440529,
      0.02626478672027588,
      0.022790532559156418,
      0.02317309007048607,
      0.02440895512700081,
      0.023550884798169136,
      0.021669792011380196,
      0.02199624478816986,
      0.021552670747041702,
      0.023095443844795227,
      0.02270924299955368,
      0.020396213978528976,
      0.021257122978568077,
      0.02080218866467476,
      0.021627498790621758,
      0.018858132883906364,
      0.02259443886578083,
      0.022007586434483528,
      0.02169116400182247,
      0.01966199092566967,
      0.02042302116751671,
      0.018107173964381218,
      0.018132006749510765,
      0.021599072962999344,
      0.019330348819494247,
      0.018135128542780876,
      0.01867065206170082,
      0.018504060804843903,
      0.016871433705091476,
      0.01715255342423916,
      0.01620853692293167,
      0.017804544419050217,
      0.015647634863853455,
      0.019597116857767105,
      0.018988611176609993,
      0.016436481848359108,
      0.01976042240858078,
      0.021814271807670593,
      0.014610329642891884,
      0.01543550193309784,
      0.016929347068071365,
      0.014809167943894863,
      0.014478098601102829,
      0.015853578224778175,
      0.018922388553619385,
      0.014601207338273525,
      0.014676096849143505,
      0.01563495770096779,
      0.015154891647398472,
      0.014904811047017574,
      0.012113310396671295,
      0.014233461581170559,
      0.013762805610895157,
      0.014194808900356293,
      0.013281493447721004,
      0.015494806692004204,
      0.013594859279692173,
      0.013225742615759373,
      0.012639249674975872,
      0.013265524059534073,
      0.014920498244464397,
      0.013415217399597168,
      0.012309516780078411,
      0.013915135525166988,
      0.014052066951990128,
      0.011385883204638958,
      0.013284021988511086,
      0.01594187691807747,
      0.014626766555011272,
      0.014984470792114735,
      0.012540428899228573,
      0.013931765221059322,
      0.012502219527959824,
      0.013584133237600327,
      0.011766289360821247,
      0.013061538338661194,
      0.011560153216123581,
      0.011756888590753078,
      0.011538984254002571,
      0.013450094498693943,
      0.011873738840222359,
      0.0132677610963583,
      0.010202080011367798,
      0.013861384242773056,
      0.01079933624714613,
      0.01380675658583641,
      0.013032300397753716,
      0.009985273703932762,
      0.013499341905117035,
      0.012186302803456783,
      0.010267958045005798,
      0.012170008383691311,
      0.011811616830527782,
      0.011226016096770763,
      0.012143832631409168,
      0.01102739479392767,
      0.012446883134543896,
      0.01293804869055748,
      0.011722918599843979,
      0.010706296190619469,
      0.011605625972151756,
      0.010870859026908875,
      0.011136823333799839,
      0.011365998536348343,
      0.012917769141495228,
      0.013246400281786919,
      0.01053641177713871,
      0.009596860967576504,
      0.01128017995506525,
      0.011883735656738281,
      0.011611825786530972,
      0.009616896510124207,
      0.012264872901141644,
      0.010618126019835472,
      0.010599261149764061,
      0.010718566365540028,
      0.010511255823075771,
      0.01131124421954155,
      0.009619900025427341,
      0.01229187473654747,
      0.010120325721800327,
      0.00961324479430914,
      0.010882019065320492,
      0.01108816172927618,
      0.0110686756670475,
      0.010285012423992157,
      0.010060069151222706,
      0.014159854501485825,
      0.009390871971845627,
      0.009479076601564884,
      0.01245232205837965,
      0.011845027096569538,
      0.010002977214753628,
      0.009619798511266708,
      0.009897214360535145,
      0.010397342033684254,
      0.009989401325583458,
      0.011063103564083576,
      0.01094770710915327,
      0.014083180576562881,
      0.010925770737230778,
      0.009956225752830505,
      0.013295125216245651,
      0.008865732699632645,
      0.010826670564711094,
      0.011212334968149662,
      0.008797486312687397,
      0.010409599170088768,
      0.010594535619020462,
      0.010125297121703625,
      0.0093983244150877,
      0.010246174409985542,
      0.010875015519559383,
      0.009750043042004108,
      0.01031543593853712,
      0.010177835822105408,
      0.009604807943105698,
      0.00975880865007639,
      0.011015928350389004,
      0.010128838010132313,
      0.010744554921984673,
      0.011163837276399136,
      0.00916942860931158,
      0.01028861291706562,
      0.011078720912337303,
      0.009592918679118156,
      0.008774003945291042,
      0.008148014545440674,
      0.010710468515753746,
      0.010276664048433304,
      0.011577937752008438,
      0.009315699338912964,
      0.008542080409824848,
      0.00905922707170248,
      0.011398437432944775,
      0.008457740768790245,
      0.008970245718955994,
      0.01348890084773302,
      0.00937025249004364,
      0.00852893851697445,
      0.009445665404200554,
      0.010569347068667412,
      0.009505766443908215,
      0.009798782877624035,
      0.009378502145409584,
      0.010714640840888023,
      0.008819719776511192,
      0.009019249118864536,
      0.010998537763953209,
      0.01197126042097807,
      0.01080924179404974,
      0.008816725574433804,
      0.009570900350809097,
      0.009920303709805012,
      0.011193166486918926,
      0.008591488003730774,
      0.007922578603029251,
      0.012753707356750965,
      0.012842824682593346,
      0.007665103767067194,
      0.009294022805988789,
      0.009277602657675743,
      0.008494291454553604,
      0.009235250763595104,
      0.009748663753271103,
      0.011067365296185017,
      0.009526405483484268,
      0.010060088708996773,
      0.01034168154001236,
      0.009639439173042774,
      0.007959295995533466,
      0.008668084628880024,
      0.010079554282128811,
      0.009783248417079449,
      0.007366310805082321,
      0.008057552389800549,
      0.007582854479551315,
      0.008554093539714813,
      0.00864269770681858,
      0.00934360921382904,
      0.00929469708353281,
      0.010594814084470272,
      0.008673377335071564,
      0.008207614533603191,
      0.009407684206962585,
      0.009325907565653324,
      0.008878776803612709,
      0.009200617671012878,
      0.010114600881934166,
      0.008239967748522758,
      0.007767456118017435,
      0.008068406954407692,
