{
   "number_epochs": 500,
   "info_used": "partial info",
   "perc_full_data": 0.04,
   "n_epochs_no_selection": 0,
   "Frequency % cutoff": 0.33,
   "hidden_size": 32,
   "random_state": 12,
   "train_errors": [
      0.3278570771217346,
      0.2822065055370331,
      0.23816709220409393,
      0.19517412781715393,
      0.15901480615139008,
      0.13074135780334473,
      0.10401305556297302,
      0.08531181514263153,
      0.06788751482963562,
      0.05418091639876366,
      0.049215998500585556,
      0.04741070047020912,
      0.046053364872932434,
      0.05572788044810295,
      0.0649409219622612,
      0.06129267066717148,
      0.060282833874225616,
      0.05537032708525658,
      0.0523885115981102,
      0.0490594245493412,
      0.03931831568479538,
      0.040350962430238724,
      0.034687113016843796,
      0.03631141409277916,
      0.03415282070636749,
      0.03593006357550621,
      0.03655827045440674,
      0.037328142672777176,
      0.03467533364892006,
      0.034264855086803436,
      0.03557032346725464,
      0.038097918033599854,
      0.03215057775378227,
      0.03143768757581711,
      0.029634589329361916,
      0.03173089772462845,
      0.030642054975032806,
      0.028156735002994537,
      0.025405799970030785,
      0.027007749304175377,
      0.028223218396306038,
      0.031072067096829414,
      0.02849491313099861,
      0.02757957950234413,
      0.027043621987104416,
      0.028563078492879868,
      0.025427328422665596,
      0.02470223605632782,
      0.024536332115530968,
      0.024780994281172752,
      0.02280031517148018,
      0.023968122899532318,
      0.023854123428463936,
      0.023082206025719643,
      0.02386028878390789,
      0.023191340267658234,
      0.023006383329629898,
      0.020604871213436127,
      0.0221039317548275,
      0.021019678562879562,
      0.02038225531578064,
      0.019974982365965843,
      0.018375279381871223,
      0.020823165774345398,
      0.02093808352947235,
      0.01674867421388626,
      0.019646605476737022,
      0.018464049324393272,
      0.01488293893635273,
      0.017229774966835976,
      0.015443951822817326,
      0.016192801296710968,
      0.015146198682487011,
      0.017336757853627205,
      0.01455853134393692,
      0.014063377864658833,
      0.013899808749556541,
      0.016247715801000595,
      0.013377654366195202,
      0.012866474688053131,
      0.015023105777800083,
      0.012076965533196926,
      0.01181222777813673,
      0.012846873141825199,
      0.011463605798780918,
      0.01086870301514864,
      0.011756286025047302,
      0.01133001409471035,
      0.010630253702402115,
      0.011308969929814339,
      0.014112565666437149,
      0.014539442956447601,
      0.012292476370930672,
      0.011410999111831188,
      0.009553035721182823,
      0.0105925677344203,
      0.011697627604007721,
      0.01263396255671978,
      0.010932997800409794,
      0.014789387583732605,
      0.010745469480752945,
      0.010311601683497429,
      0.008847557008266449,
      0.009573135524988174,
      0.009106694720685482,
      0.010373956523835659,
      0.008250762708485126,
      0.008835652843117714,
      0.010725840926170349,
      0.00751611590385437,
      0.008738335222005844,
      0.00828795786947012,
      0.007714252918958664,
      0.008279645815491676,
      0.007455092389136553,
      0.011689524166285992,
      0.008819551207125187,
      0.007921534590423107,
      0.008645064197480679,
      0.007903911173343658,
      0.008678682148456573,
      0.008558300323784351,
      0.006503989454358816,
      0.007535252254456282,
      0.006148214917629957,
      0.008210660889744759,
      0.00718665262684226,
      0.00982034020125866,
      0.009955895133316517,
      0.006804436445236206,
      0.009186464361846447,
      0.0068179527297616005,
      0.007436901330947876,
      0.0066812592558562756,
      0.008540760725736618,
      0.005764731205999851,
      0.008645599707961082,
      0.006420494988560677,
      0.008220929652452469,
      0.00741486344486475,
      0.007607681211084127,
      0.007469635922461748,
      0.008058987557888031,
      0.007395080290734768,
      0.006531442515552044,
      0.007065008394420147,
      0.007452642545104027,
      0.006054027937352657,
      0.0082930913195014,
      0.005781328771263361,
      0.006896488834172487,
      0.0071797738783061504,
      0.005457273684442043,
      0.006974402349442244,
      0.00850871205329895,
      0.006386741530150175,
      0.006884225644171238,
      0.006740846671164036,
      0.006597147323191166,
      0.007437519729137421,
      0.00839022733271122,
      0.007590334862470627,
      0.008932659402489662,
      0.0066497428342700005,
      0.007535399403423071,
      0.007482324261218309,
      0.007820933125913143,
      0.006414916832000017,
      0.007422585040330887,
      0.006181496661156416,
      0.005946620367467403,
      0.005989118479192257,
      0.00635260296985507,
      0.006966419517993927,
      0.006896610837429762,
      0.0077136205509305,
      0.006099718157202005,
      0.006838776171207428,
      0.006562837399542332,
      0.005972390063107014,
      0.007196578197181225,
      0.005241417326033115,
      0.0069512175396084785,
      0.006474611349403858,
      0.006283743306994438,
      0.008608128875494003,
      0.0064265490509569645,
      0.005729810334742069,
      0.007765063084661961,
      0.009929238818585873,
      0.007778099738061428,
      0.005596623755991459,
      0.006349063012748957,
      0.010730034671723843,
      0.00645440211519599,
      0.008867206983268261,
      0.006430244538933039,
      0.006331952288746834,
      0.008721278980374336,
      0.006785559933632612,
      0.007097478024661541,
      0.006124463398009539,
      0.007376054767519236,
      0.007364687509834766,
      0.004985528066754341,
      0.0055312723852694035,
      0.007651304826140404,
      0.007315255701541901,
      0.005336749833077192,
      0.007377630099654198,
      0.005554818548262119,
      0.007726435549557209,
      0.006184721365571022,
      0.005630133673548698,
      0.006492143496870995,
      0.005526174791157246,
      0.00719374418258667,
      0.005450368393212557,
      0.005750334821641445,
      0.005115843378007412,
      0.006958812475204468,
      0.005403748247772455,
      0.006674536503851414,
      0.007062757387757301,
      0.007589973043650389,
      0.0045815701596438885,
      0.004652541596442461,
      0.00491211237385869,
      0.005525910761207342,
      0.006044927053153515,
      0.006406411062926054,
      0.005397707689553499,
      0.008619172498583794,
      0.005427675321698189,
      0.005113143473863602,
      0.005677180364727974,
      0.0045875911600887775,
      0.004456746857613325,
      0.004582985304296017,
      0.0050310492515563965,
      0.006871954537928104,
      0.006222360301762819,
      0.005492000374943018,
      0.0047155884094536304,
      0.005347624886780977,
      0.007766903843730688,
      0.005788665730506182,
      0.00654958700761199,
      0.0047962600365281105,
      0.006380543578416109,
      0.008416160941123962,
      0.005960723850876093,
      0.005004384089261293,
      0.004032441880553961,
      0.004267263691872358,
      0.004091828130185604,
      0.005412813276052475,
      0.005679914262145758,
      0.005373626947402954,
      0.005838495213538408,
      0.0047974917106330395,
      0.004826062358915806,
      0.004464054945856333,
      0.0055852122604846954,
      0.008096551522612572,
      0.0047082859091460705,
      0.004915072117000818,
      0.005256819538772106,
      0.005026292055845261,
      0.0042450325563549995,
      0.005674500018358231,
      0.006645856890827417,
      0.008058497682213783,
      0.0053399899043142796,
      0.006202537100762129,
      0.00512057775631547,
      0.004492222797125578,
      0.007652739528566599,
      0.006065356079488993,
