{
   "number_epochs": 500,
   "info_used": "partial info",
   "perc_full_data": 0.04,
   "n_epochs_no_selection": 0,
   "Frequency % cutoff": 0.33,
   "hidden_size": 32,
   "random_state": 10,
   "train_errors": [
      0.3504801392555237,
      0.29366180300712585,
      0.24054372310638428,
      0.19091014564037323,
      0.1539173573255539,
      0.11719424277544022,
      0.08749665319919586,
      0.07249137759208679,
      0.05748779699206352,
      0.05612603947520256,
      0.0546596497297287,
      0.0646728053689003,
      0.06856927275657654,
      0.07033496350049973,
      0.07471287250518799,
      0.0716104581952095,
      0.06323514133691788,
      0.05562915280461311,
      0.05192944034934044,
      0.04617079347372055,
      0.04107745736837387,
      0.04127851873636246,
      0.04250020533800125,
      0.04412710294127464,
      0.04304466024041176,
      0.04048706218600273,
      0.04333969205617905,
      0.04033256322145462,
      0.0400993749499321,
      0.03980112820863724,
      0.03768664598464966,
      0.03510693088173866,
      0.03597787767648697,
      0.034494079649448395,
      0.035142213106155396,
      0.035348813980817795,
      0.03375658765435219,
      0.03210962563753128,
      0.0342201367020607,
      0.03098873980343342,
      0.030915670096874237,
      0.033564772456884384,
      0.03036678582429886,
      0.02852468751370907,
      0.030459655448794365,
      0.02763064019382,
      0.0295870304107666,
      0.028865031898021698,
      0.02754404954612255,
      0.02862602099776268,
      0.028365055099129677,
      0.026574885472655296,
      0.028768539428710938,
      0.02700592204928398,
      0.02631874941289425,
      0.026139169931411743,
      0.02961132489144802,
      0.02789383754134178,
      0.02703275717794895,
      0.027273965999484062,
      0.024044547230005264,
      0.025228237733244896,
      0.024955686181783676,
      0.027278870344161987,
      0.026675157248973846,
      0.025194955989718437,
      0.025912726297974586,
      0.025048665702342987,
      0.024503491818904877,
      0.02348671481013298,
      0.022791080176830292,
      0.023182719945907593,
      0.022112470120191574,
      0.023768192157149315,
      0.02736414596438408,
      0.0252336785197258,
      0.02462639845907688,
      0.021287189796566963,
      0.023717522621154785,
      0.02321150153875351,
      0.020352989435195923,
      0.02343611605465412,
      0.021643726155161858,
      0.0218893401324749,
      0.018790166825056076,
      0.025348108261823654,
      0.021765321493148804,
      0.020611990243196487,
      0.021475613117218018,
      0.022660506889224052,
      0.022471457719802856,
      0.02191033959388733,
      0.017985524609684944,
      0.01916629448533058,
      0.01942795142531395,
      0.018088316544890404,
      0.016090618446469307,
      0.0187909547239542,
      0.020828140899538994,
      0.019863152876496315,
      0.02074258401989937,
      0.01736300252377987,
      0.021463781595230103,
      0.019207317382097244,
      0.02088284306228161,
      0.018502086400985718,
      0.01657048985362053,
      0.0198721494525671,
      0.01994156278669834,
      0.018989646807312965,
      0.019325535744428635,
      0.016652505844831467,
      0.017458824440836906,
      0.018569426611065865,
      0.020761990919709206,
      0.019246678799390793,
      0.018142560496926308,
      0.01644412986934185,
      0.017288213595747948,
      0.01693623512983322,
      0.015353632159531116,
      0.016340047121047974,
      0.019200995564460754,
      0.020700737833976746,
      0.015280988067388535,
      0.017693476751446724,
      0.016996342688798904,
      0.01817541942000389,
      0.018202705308794975,
      0.019898459315299988,
      0.01842735894024372,
      0.01477560494095087,
      0.015367576852440834,
      0.017318332567811012,
      0.01640276052057743,
      0.015861283987760544,
      0.016291186213493347,
      0.015707366168498993,
      0.015974486246705055,
      0.01768563874065876,
      0.015961993485689163,
      0.017224954441189766,
      0.015159443020820618,
      0.014040770940482616,
      0.015726037323474884,
      0.015338942408561707,
      0.015608677640557289,
      0.014420179650187492,
      0.016514049842953682,
      0.013931425288319588,
      0.01358080469071865,
      0.015309982933104038,
      0.015946369618177414,
      0.015792423859238625,
      0.014110604301095009,
      0.01565387286245823,
      0.017948869615793228,
      0.014417681843042374,
      0.014668467454612255,
      0.015470096841454506,
      0.014067566953599453,
      0.013449746184051037,
      0.013921464793384075,
      0.013576569966971874,
      0.01664937101304531,
      0.015699293464422226,
      0.012417796067893505,
      0.013625185005366802,
      0.012193435803055763,
      0.01216620858758688,
      0.013993842527270317,
      0.012168831191956997,
      0.0124024897813797,
      0.01626710034906864,
      0.012877839617431164,
      0.014675553888082504,
      0.01351705938577652,
      0.0159321129322052,
      0.012350701726973057,
      0.013593444600701332,
      0.014738000929355621,
      0.012716340832412243,
      0.011857104487717152,
      0.01337462943047285,
      0.012630393728613853,
      0.0153329037129879,
      0.01282468531280756,
      0.012526889331638813,
      0.013494860380887985,
      0.01255942601710558,
      0.013707496225833893,
      0.012461207807064056,
      0.010153298266232014,
      0.011708592064678669,
      0.013122924603521824,
      0.010152783244848251,
      0.01233725342899561,
      0.011155679821968079,
      0.011233740486204624,
      0.010926714166998863,
      0.012653046287596226,
      0.011013470590114594,
      0.01090213842689991,
      0.012662320397794247,
      0.010171409696340561,
      0.010579691268503666,
      0.0102196354418993,
      0.010285071097314358,
      0.011367046274244785,
      0.011269213631749153,
      0.01078809890896082,
      0.0122758187353611,
      0.010936414822936058,
      0.009363063611090183,
      0.009247484616935253,
      0.012503007426857948,
      0.010717961005866528,
      0.015309091657400131,
      0.011221657507121563,
      0.009077000431716442,
      0.010230902582406998,
      0.008536131121218204,
      0.010549988597631454,
      0.011187122203409672,
      0.008065078407526016,
      0.010250378400087357,
      0.008102416060864925,
      0.007592222187668085,
      0.00883131567388773,
      0.009145262651145458,
      0.010995328426361084,
      0.009014147333800793,
      0.014508746564388275,
      0.010268795304000378,
      0.011624353937804699,
      0.010573449544608593,
      0.00818137638270855,
      0.007943547330796719,
      0.00869731605052948,
      0.007379199378192425,
      0.008571794256567955,
      0.008977831341326237,
      0.008216015063226223,
      0.009191635064780712,
      0.012887483462691307,
      0.009597173891961575,
      0.009189612232148647,
      0.010059124790132046,
      0.01348848920315504,
      0.00915740616619587,
      0.006547479424625635,
      0.009270834736526012,
      0.009553363546729088,
      0.009440727531909943,
      0.010458909906446934,
      0.008283047005534172,
      0.01148613914847374,
      0.008234125562012196,
      0.012023854069411755,
      0.009904501959681511,
      0.011855446733534336,
      0.009286225773394108,
      0.00866000447422266,
      0.011334072798490524,
      0.009627480059862137,
      0.011176503263413906,
      0.00836408231407404,
      0.010292187333106995,
      0.009722843766212463,
      0.008545946329832077,
      0.008502726443111897,
      0.013027132488787174,
      0.009362049400806427,
      0.007274821866303682,
      0.008036026731133461,
      0.008765346370637417,
      0.01068120263516903,
      0.00800685677677393,
      0.007705048192292452,
      0.0089475829154253,
      0.014822340570390224,
      0.010038713924586773,
