{
   "number_epochs": 500,
   "info_used": "partial info",
   "perc_full_data": 0.04,
   "n_epochs_no_selection": 0,
   "Frequency % cutoff": 0.33,
   "hidden_size": 32,
   "random_state": 9,
   "train_errors": [
      0.19461405277252197,
      0.16252879798412323,
      0.13480862975120544,
      0.11128993332386017,
      0.0851142406463623,
      0.06919259577989578,
      0.05304427444934845,
      0.04578087106347084,
      0.041763197630643845,
      0.04591701552271843,
      0.05042487010359764,
      0.058563314378261566,
      0.05797038599848747,
      0.05708003416657448,
      0.05468560755252838,
      0.048642974346876144,
      0.04630346968770027,
      0.04166902229189873,
      0.04120637848973274,
      0.03904801607131958,
      0.0397428423166275,
      0.04011078178882599,
      0.04086672142148018,
      0.0406951978802681,
      0.0417797788977623,
      0.040261413902044296,
      0.04051285609602928,
      0.04034930095076561,
      0.039849672466516495,
      0.039947863668203354,
      0.03721914812922478,
      0.0361722894012928,
      0.03380367532372475,
      0.033784858882427216,
      0.03563734143972397,
      0.03312036767601967,
      0.03364889323711395,
      0.032392311841249466,
      0.03366862237453461,
      0.03263015300035477,
      0.030265813693404198,
      0.030438696965575218,
      0.02984481304883957,
      0.03183076158165932,
      0.02924024872481823,
      0.027019422501325607,
      0.02845601923763752,
      0.025458278134465218,
      0.026104234158992767,
      0.024591617286205292,
      0.026682712137699127,
      0.023751894012093544,
      0.022124627605080605,
      0.022325702011585236,
      0.022415023297071457,
      0.021606165915727615,
      0.021532462909817696,
      0.02182316593825817,
      0.02078506536781788,
      0.019268158823251724,
      0.017867200076580048,
      0.01768636517226696,
      0.018726233392953873,
      0.020250579342246056,
      0.017121220007538795,
      0.019369887188076973,
      0.0165448896586895,
      0.01736386865377426,
      0.014434689655900002,
      0.015081527642905712,
      0.014681867323815823,
      0.016932956874370575,
      0.014489480294287205,
      0.016137005761265755,
      0.013535549864172935,
      0.016379566863179207,
      0.015577668324112892,
      0.013057036325335503,
      0.015209220349788666,
      0.012398765422403812,
      0.015551546588540077,
      0.012668618001043797,
      0.013598978519439697,
      0.015389788895845413,
      0.011435453779995441,
      0.012710923328995705,
      0.013426683843135834,
      0.01189742237329483,
      0.012904544360935688,
      0.01212356798350811,
      0.016714412719011307,
      0.01248949859291315,
      0.008886512368917465,
      0.011199974454939365,
      0.011012393049895763,
      0.012760925106704235,
      0.01181450579315424,
      0.014307714067399502,
      0.010797333903610706,
      0.009533301927149296,
      0.012469664216041565,
      0.011519189924001694,
      0.011786369606852531,
      0.009786886163055897,
      0.013056374154984951,
      0.010404417291283607,
      0.009305993095040321,
      0.008139966987073421,
      0.011265615001320839,
      0.011132773011922836,
      0.009425463154911995,
      0.007542577106505632,
      0.008681940846145153,
      0.013528511859476566,
      0.008922732435166836,
      0.012115810066461563,
      0.012228509411215782,
      0.009120341390371323,
      0.010342756286263466,
      0.011632922105491161,
      0.008850133046507835,
      0.008864161558449268,
      0.008586264215409756,
      0.009275730699300766,
      0.008824829012155533,
      0.007008218672126532,
      0.009182619862258434,
      0.007774298079311848,
      0.007043107878416777,
      0.009908233769237995,
      0.008293147198855877,
      0.011739670298993587,
      0.008448123931884766,
      0.00896371342241764,
      0.008129013702273369,
      0.011722159571945667,
      0.009293122217059135,
      0.007343855686485767,
      0.008394504897296429,
      0.0092741958796978,
      0.006970299407839775,
      0.010292164981365204,
      0.008889559656381607,
      0.007443301845341921,
      0.008855452761054039,
      0.008718150667846203,
      0.009157351218163967,
      0.00936475396156311,
      0.0076352814212441444,
      0.007890802808105946,
      0.008741180412471294,
      0.007893749512732029,
      0.007282867096364498,
      0.007999252527952194,
      0.008206582628190517,
      0.007937323302030563,
      0.007820419035851955,
      0.008346444927155972,
      0.006922796834260225,
      0.006765010766685009,
      0.009039804339408875,
      0.005820805206894875,
      0.007357615977525711,
      0.008049971424043179,
      0.00789882242679596,
      0.009833695366978645,
      0.00912924949079752,
      0.0055637722834944725,
      0.006557948421686888,
      0.007115219719707966,
      0.006709791254252195,
      0.005796568933874369,
      0.008695465512573719,
      0.00690492382273078,
      0.006361219100654125,
      0.007189936935901642,
      0.00749988341704011,
      0.008351394906640053,
      0.006158999167382717,
      0.006878910586237907,
      0.006261252332478762,
      0.006442656274884939,
      0.007430636789649725,
      0.006537702400237322,
      0.005363066680729389,
      0.007050301413983107,
      0.0071830227971076965,
      0.006207388360053301,
      0.006923382170498371,
      0.005585165694355965,
      0.005419020541012287,
      0.005828427616506815,
      0.004753847140818834,
      0.005783454515039921,
      0.007219135761260986,
      0.006399966310709715,
      0.006924505811184645,
      0.005416116211563349,
      0.005874963011592627,
      0.005839308258146048,
      0.005376923829317093,
      0.004999666009098291,
      0.006643833126872778,
      0.006003839895129204,
      0.006476632319390774,
      0.005487251095473766,
      0.005578210111707449,
      0.007200456690043211,
      0.0073148650117218494,
      0.007376276422291994,
      0.006381673272699118,
      0.007321136072278023,
      0.006021925713866949,
      0.0050372895784676075,
      0.006055667530745268,
      0.006002977956086397,
      0.005682079587131739,
      0.0031784125603735447,
      0.004650984425097704,
      0.005445834249258041,
      0.0059799677692353725,
      0.004812665283679962,
      0.005349063780158758,
      0.007802973035722971,
      0.005991110112518072,
      0.006376856472343206,
      0.0050993310287594795,
      0.007778610568493605,
      0.006187178194522858,
      0.004991308320313692,
      0.004419413395226002,
      0.004468909464776516,
      0.003817514283582568,
      0.006608424708247185,
      0.00576507905498147,
      0.005940258968621492,
      0.005334267392754555,
      0.004144458100199699,
      0.006379322148859501,
      0.0052626668475568295,
      0.0038580147083848715,
      0.004001340363174677,
      0.00451647350564599,
      0.004928006324917078,
      0.004746268969029188,
      0.007763769011944532,
      0.0067254407331347466,
      0.004144594538956881,
      0.0047762650065124035,
      0.004808923229575157,
      0.007350314408540726,
      0.005846449173986912,
      0.007675852160900831,
      0.005608723033219576,
      0.0067626237869262695,
      0.006663038861006498,
      0.004578697495162487,
      0.006788391154259443,
      0.005293035879731178,
      0.0050056325271725655,
      0.004134266171604395,
      0.005315331742167473,
      0.004414257127791643,
      0.004020188469439745,
      0.004463452845811844,
      0.0038473980966955423,
      0.0052020656876266,
      0.006481010001152754,
      0.004293691832572222,
      0.005238743498921394,
      0.0036623806226998568,
      0.004911455791443586,
      0.003922168165445328,
      0.005062316078692675,
      0.004311573226004839,
      0.004860644228756428,
      0.0039129178039729595,
      0.004067151341587305,
      0.004897092003375292,
