{
   "number_epochs": 500,
   "info_used": "partial info",
   "perc_full_data": 0.04,
   "n_epochs_no_selection": 0,
   "Frequency % cutoff": 0.33,
   "hidden_size": 32,
   "random_state": 11,
   "train_errors": [
      0.5399172306060791,
      0.4730173945426941,
      0.41262754797935486,
      0.35316142439842224,
      0.30015644431114197,
      0.25055402517318726,
      0.20336933434009552,
      0.16092880070209503,
      0.1255386471748352,
      0.09535782784223557,
      0.0713924840092659,
      0.052690766751766205,
      0.046593595296144485,
      0.03461754694581032,
      0.04326251894235611,
      0.05556776747107506,
      0.06580080837011337,
      0.06240147352218628,
      0.07083466649055481,
      0.07680772989988327,
      0.06688070297241211,
      0.06684616208076477,
      0.055505454540252686,
      0.05239468812942505,
      0.04748794063925743,
      0.038575105369091034,
      0.03840862214565277,
      0.034979213029146194,
      0.036555930972099304,
      0.032549548894166946,
      0.04035302624106407,
      0.03685791417956352,
      0.0388515368103981,
      0.04225015640258789,
      0.04650498926639557,
      0.04519759118556976,
      0.03919881209731102,
      0.04210195690393448,
      0.038485895842313766,
      0.03433346375823021,
      0.033525530248880386,
      0.039309192448854446,
      0.031630899757146835,
      0.03448767215013504,
      0.032038237899541855,
      0.029854081571102142,
      0.033194150775671005,
      0.036224719136953354,
      0.03497029095888138,
      0.03277023509144783,
      0.03323839604854584,
      0.03329974785447121,
      0.03419192507863045,
      0.028955401852726936,
      0.03079546056687832,
      0.03258410841226578,
      0.02879878506064415,
      0.03114504925906658,
      0.028439804911613464,
      0.03202633932232857,
      0.03055994212627411,
      0.030776750296354294,
      0.029251331463456154,
      0.029654109850525856,
      0.02877228707075119,
      0.030339347198605537,
      0.027784381061792374,
      0.02930142916738987,
      0.028787720948457718,
      0.02937718853354454,
      0.029759351164102554,
      0.02937520667910576,
      0.026583751663565636,
      0.02437819354236126,
      0.03189660236239433,
      0.026350148022174835,
      0.02558281272649765,
      0.029890691861510277,
      0.029337750747799873,
      0.02599768340587616,
      0.024558832868933678,
      0.025332415476441383,
      0.026995575055480003,
      0.027993077412247658,
      0.030599968507885933,
      0.02721600979566574,
      0.026984108611941338,
      0.026448963209986687,
      0.029133303090929985,
      0.028200887143611908,
      0.030596602708101273,
      0.029224755242466927,
      0.023666569963097572,
      0.025681903585791588,
      0.025821136310696602,
      0.025607574731111526,
      0.023663340136408806,
      0.023776661604642868,
      0.025411121547222137,
      0.025560950860381126,
      0.027673590928316116,
      0.024356581270694733,
      0.02377397194504738,
      0.02633012644946575,
      0.028335314244031906,
      0.026612257584929466,
      0.02593277208507061,
      0.025345658883452415,
      0.025782432407140732,
      0.024759026244282722,
      0.024370495229959488,
      0.021672077476978302,
      0.022572970017790794,
      0.027263015508651733,
      0.02249050885438919,
      0.021979333832859993,
      0.020330531522631645,
      0.023751208558678627,
      0.020847298204898834,
      0.02387888729572296,
      0.024898188188672066,
      0.021861832588911057,
      0.023975621908903122,
      0.026782620698213577,
      0.022519411519169807,
      0.019636694341897964,
      0.021557632833719254,
      0.018420102074742317,
      0.018924303352832794,
      0.02289241924881935,
      0.024231519550085068,
      0.02331111952662468,
      0.019887786358594894,
      0.02000989019870758,
      0.023358667269349098,
      0.024398764595389366,
      0.019552571699023247,
      0.019326619803905487,
      0.025115124881267548,
      0.021542202681303024,
      0.01677742414176464,
      0.020203864201903343,
      0.02175629884004593,
      0.01968204788863659,
      0.01897452585399151,
      0.019872156903147697,
      0.018997326493263245,
      0.019621768966317177,
      0.018549202010035515,
      0.022720756009221077,
      0.020200245082378387,
      0.018977385014295578,
      0.019174352288246155,
      0.015830935910344124,
      0.02025068923830986,
      0.01874823309481144,
      0.01829105243086815,
      0.01896730065345764,
      0.018890419974923134,
      0.01892477460205555,
      0.018115196377038956,
      0.017462434247136116,
      0.017822377383708954,
      0.014935665763914585,
      0.018375851213932037,
      0.0141960009932518,
      0.019286034628748894,
      0.01594848372042179,
      0.019223276525735855,
      0.01733907125890255,
      0.01647079363465309,
      0.01525354478508234,
      0.017634963616728783,
      0.018466204404830933,
      0.01737995818257332,
      0.020744280889630318,
      0.018414119258522987,
      0.017623377963900566,
      0.016776081174612045,
      0.016255367547273636,
      0.019684651866555214,
      0.01503893081098795,
      0.017777372151613235,
      0.017960410565137863,
      0.015884332358837128,
      0.013588769361376762,
      0.017855074256658554,
      0.01642642170190811,
      0.01577453315258026,
      0.019573809579014778,
      0.016238747164607048,
      0.01494930125772953,
      0.02002984657883644,
      0.016055414453148842,
      0.01719791814684868,
      0.01645241118967533,
      0.01445014774799347,
      0.01625726744532585,
      0.01567448489367962,
      0.016395794227719307,
      0.017220865935087204,
      0.016514938324689865,
      0.012969315983355045,
      0.01639709249138832,
      0.017026221379637718,
      0.01171792671084404,
      0.01273606438189745,
      0.013223341666162014,
      0.012577453628182411,
      0.011944853700697422,
      0.012481979094445705,
      0.01586982049047947,
      0.015429643914103508,
      0.01835615746676922,
      0.017555855214595795,
      0.01872994378209114,
      0.014093845151364803,
      0.014295225962996483,
      0.013216353952884674,
      0.01466570608317852,
      0.015694910660386086,
      0.01578531786799431,
      0.014640109613537788,
      0.014201541431248188,
      0.012399056926369667,
      0.01655246689915657,
      0.01406168658286333,
      0.0142985749989748,
      0.014673128724098206,
      0.014361206442117691,
      0.011810215190052986,
      0.012621065601706505,
      0.01550951786339283,
      0.017444629222154617,
      0.012725365348160267,
      0.013950453139841557,
      0.013998253270983696,
      0.013936159200966358,
      0.015458634123206139,
      0.015633685514330864,
      0.012429635040462017,
      0.014344400726258755,
      0.016323529183864594,
      0.014239651151001453,
      0.012578899040818214,
      0.012012254446744919,
      0.014745034277439117,
      0.014523432590067387,
      0.015478488989174366,
      0.014034687541425228,
      0.0136136868968606,
      0.013892784714698792,
      0.014222297817468643,
      0.015215054154396057,
      0.013218899257481098,
      0.01448948122560978,
      0.014591858722269535,
      0.013582121580839157,
      0.013699009083211422,
      0.013816317543387413,
      0.014205711893737316,
      0.012439897283911705,
      0.013125634752213955,
      0.010459521785378456,
      0.013695666566491127,
      0.01452013198286295,
      0.013728996738791466,
      0.014922741800546646,
      0.013595649972558022,
      0.011721774935722351,
      0.015039250254631042,
      0.011772598139941692,
      0.012821708805859089,
      0.015259779058396816,
      0.010553780943155289,
      0.011242000386118889,
      0.013849934563040733,
      0.012571831233799458,
      0.013497281819581985,
      0.01295124925673008,
      0.012988816946744919,
      0.013183563016355038,
