{
   "number_epochs": 60,
   "info_used": "use hypothesis",
   "perc_full_data": 0.3,
   "n_epochs_no_selection": 0,
   "Frequency % cutoff": 0.3,
   "hidden_size": 32,
   "random_state": 42,
   "train_errors": [
      0.0443960539996624,
      0.04100601747632027,
      0.037662606686353683,
      0.03524141013622284,
      0.03091771900653839,
      0.026166411116719246,
      0.022007472813129425,
      0.01868661493062973,
      0.016737230122089386,
      0.015214522369205952,
      0.014509585686028004,
      0.014163851737976074,
      0.01372489333152771,
      0.01325096096843481,
      0.012640809640288353,
      0.012393806129693985,
      0.012011702172458172,
      0.01176061574369669,
      0.011386322788894176,
      0.010817907750606537,
      0.010584729723632336,
      0.010050864890217781,
      0.00965249352157116,
      0.009306574240326881,
      0.009056569077074528,
      0.008789966814219952,
      0.008497579023241997,
      0.008404194377362728,
      0.00791593175381422,
      0.007712092250585556,
      0.007526872679591179,
      0.0073659103363752365,
      0.007302554324269295,
      0.007249664515256882,
      0.007145964540541172,
      0.0070128655061125755,
      0.007162968162447214,
      0.007233738899230957,
      0.007101996801793575,
      0.006967995315790176,
      0.006946966517716646,
      0.007131480611860752,
      0.00717968912795186,
      0.006947686430066824,
      0.006906314752995968,
      0.006991556379944086,
      0.007007488515228033,
      0.007066524121910334,
      0.006942505016922951,
      0.006950166542083025,
      0.006987331435084343,
      0.007102041970938444,
      0.006989192217588425,
      0.006957212463021278,
      0.006972597911953926,
      0.00688019348308444,
      0.006771737243980169,
      0.006862965878099203,
      0.006955897901207209,
      0.0069531649351119995
   ],
   "valid_errors": [
      0.0719049796462059,
      0.03936683014035225,
      0.02469162829220295,
      0.021986600011587143,
      0.02052653394639492,
      0.019125062972307205,
      0.017933066934347153,
      0.01735997013747692,
      0.016878826543688774,
      0.017012352123856544,
      0.016919046640396118,
      0.016888555139303207,
      0.016931194812059402
   ],
   "val_epochs": [
      0,
      5,
      10,
      15,
      20,
      25,
      30,
      35,
      40,
      45,
      50,
      55,
      59
   ],
   "input_data_path": "../data/photoredox_yield/photo_redox_merck2021_1649reactions.csv",
   "gradwcontext": true,
   "Encompassing Param": 0.1,
   "Normalize Grads & Contx": false,
   "cluster_all_classes": false,
   "imputation method": "",
   "model_dropout": 0.0
}