{
   "number_epochs": 120,
   "info_used": "use hypothesis",
   "perc_full_data": 0.3,
   "n_epochs_no_selection": 0,
   "Frequency % cutoff": 0.3,
   "hidden_size": 32,
   "random_state": 10,
   "train_errors": [
      0.0399455651640892,
      0.03764267638325691,
      0.03505728393793106,
      0.030576158314943314,
      0.02701275609433651,
      0.024000586941838264,
      0.021992938593029976,
      0.022483443841338158,
      0.02101021260023117,
      0.019621409475803375,
      0.019491367042064667,
      0.019519271329045296,
      0.01841096580028534,
      0.017895111814141273,
      0.018405284732580185,
      0.01725933514535427,
      0.01720433682203293,
      0.01739109680056572,
      0.015659848228096962,
      0.01585887186229229,
      0.016462981700897217,
      0.01399347186088562,
      0.016719335690140724,
      0.0146009661257267,
      0.014783644117414951,
      0.01600063033401966,
      0.015399291180074215,
      0.015400944277644157,
      0.01394649874418974,
      0.01334261242300272,
      0.01407601684331894,
      0.015224962495267391,
      0.014023893512785435,
      0.015166768804192543,
      0.014832912012934685,
      0.0135812321677804,
      0.013635248877108097,
      0.012957924045622349,
      0.014713723212480545,
      0.013884587213397026,
      0.01448753196746111,
      0.015386541374027729,
      0.01353681180626154,
      0.01361292228102684,
      0.013972209766507149,
      0.015385034494102001,
      0.015214268118143082,
      0.014864965341985226,
      0.014536602422595024,
      0.014394132420420647,
      0.015340425074100494,
      0.013197747990489006,
      0.01395472139120102,
      0.014265205711126328,
      0.013301067054271698,
      0.014517011120915413,
      0.015100269578397274,
      0.014038610272109509,
      0.014713088981807232,
      0.014398477971553802,
      0.014780000783503056,
      0.014576906338334084,
      0.015331224538385868,
      0.01506336685270071,
      0.016136659309267998,
      0.01396341435611248,
      0.014739245176315308,
      0.014277731999754906,
      0.015062863938510418,
      0.014198481105268002,
      0.015359412878751755,
      0.01498823706060648,
      0.01442974153906107,
      0.01480782963335514,
      0.014623728580772877,
      0.014692269265651703,
      0.014638562686741352,
      0.01601804606616497,
      0.01499687135219574,
      0.01579994708299637,
      0.014540218748152256,
      0.015462057664990425,
      0.0159288477152586,
      0.015241960994899273,
      0.015371567569673061,
      0.015177793800830841,
      0.015765991061925888,
      0.016437577083706856,
      0.015467965975403786,
      0.015415535308420658,
      0.014844289049506187,
      0.015494974330067635,
      0.01543280016630888,
      0.015742044895887375,
      0.015070981346070766,
      0.017079558223485947,
      0.014924014918506145,
      0.015226352028548717,
      0.01641935482621193,
      0.015433023683726788,
      0.015008972957730293,
      0.015427655540406704,
      0.01596367545425892,
      0.016156872734427452,
      0.014397626742720604,
      0.015259538777172565,
      0.014196431264281273,
      0.01579623483121395,
      0.015074421651661396,
      0.016213424503803253,
      0.014835605397820473,
      0.015588548965752125,
      0.016127241775393486,
      0.0161720160394907,
      0.015082694590091705,
      0.015859564766287804,
      0.014406939968466759,
      0.014946282841265202,
      0.0142805902287364,
      0.015065686777234077
   ],
   "valid_errors": [
      0.043655190616846085,
      0.02617804706096649,
      0.021899987012147903,
      0.020339321345090866,
      0.0181884728372097,
      0.0175984725356102,
      0.017027825117111206,
      0.017065051943063736,
      0.016921987757086754,
      0.016620950773358345,
      0.01618708297610283,
      0.01636243797838688,
      0.016254505142569542,
      0.01644129492342472,
      0.01629331149160862,
      0.016240375116467476,
      0.016354994848370552,
      0.01641523651778698,
      0.01628529652953148,
      0.016821637749671936,
      0.017030393704771996,
      0.016812093555927277,
      0.01677655428647995,
      0.016790958121418953,
      0.016678256914019585
   ],
   "val_epochs": [
      0,
      5,
      10,
      15,
      20,
      25,
      30,
      35,
      40,
      45,
      50,
      55,
      60,
      65,
      70,
      75,
      80,
      85,
      90,
      95,
      100,
      105,
      110,
      115,
      119
   ],
   "input_data_path": "../data/photoredox_yield/photo_redox_merck2021_1649reactions.csv",
   "gradwcontext": true,
   "Encompassing Param": 0.1,
   "Normalize Grads & Contx": false,
   "cluster_all_classes": false,
   "imputation method": "",
   "model_dropout": 0.05
}