{
   "number_epochs": 120,
   "info_used": "use hypothesis",
   "perc_full_data": 0.3,
   "n_epochs_no_selection": 0,
   "Frequency % cutoff": 0.3,
   "hidden_size": 32,
   "random_state": 13,
   "train_errors": [
      0.04751383140683174,
      0.04356756806373596,
      0.03908686339855194,
      0.03538621589541435,
      0.03210045397281647,
      0.03188420832157135,
      0.030178582295775414,
      0.030142219737172127,
      0.027272531762719154,
      0.027341855689883232,
      0.02490953542292118,
      0.025262529030442238,
      0.024668002501130104,
      0.02396167628467083,
      0.02586011029779911,
      0.023499077185988426,
      0.022923316806554794,
      0.0237136110663414,
      0.022943854331970215,
      0.022488130256533623,
      0.02245326153934002,
      0.021556969732046127,
      0.021678393706679344,
      0.021275492385029793,
      0.021827293559908867,
      0.021190950646996498,
      0.01977500692009926,
      0.02049429900944233,
      0.01904536783695221,
      0.020969800651073456,
      0.01829295977950096,
      0.01909632235765457,
      0.019895270466804504,
      0.01953733153641224,
      0.018986057490110397,
      0.019084814935922623,
      0.01849963702261448,
      0.019187716767191887,
      0.01834353804588318,
      0.017992908135056496,
      0.018681524321436882,
      0.018561331555247307,
      0.017555134370923042,
      0.017688365653157234,
      0.01711971126496792,
      0.017012305557727814,
      0.017282873392105103,
      0.017837349325418472,
      0.015862127766013145,
      0.017227310687303543,
      0.015871737152338028,
      0.01758861169219017,
      0.01608956605195999,
      0.015790197998285294,
      0.01633632741868496,
      0.015506807714700699,
      0.016383303329348564,
      0.01753833144903183,
      0.01719566434621811,
      0.015348277054727077,
      0.01731792464852333,
      0.017565153539180756,
      0.0170014426112175,
      0.015400317497551441,
      0.014354168437421322,
      0.01606966368854046,
      0.016381751745939255,
      0.01559834461659193,
      0.014782672747969627,
      0.015310857445001602,
      0.015057476237416267,
      0.015047729946672916,
      0.014536633156239986,
      0.014972108416259289,
      0.01562896929681301,
      0.014012427069246769,
      0.015006111934781075,
      0.014095263555645943,
      0.01564435288310051,
      0.015536542981863022,
      0.015332876704633236,
      0.014527163468301296,
      0.013874123804271221,
      0.013833568431437016,
      0.015294577926397324,
      0.014232383109629154,
      0.014979623258113861,
      0.013736640103161335,
      0.013363239355385303,
      0.014434336684644222,
      0.01516382209956646,
      0.014128210954368114,
      0.013627663254737854,
      0.012939516454935074,
      0.013620574958622456,
      0.013959025964140892,
      0.015246478840708733,
      0.01544240303337574,
      0.013627647422254086,
      0.01340943668037653,
      0.013226390816271305,
      0.013814353384077549,
      0.014064494520425797,
      0.012911608442664146,
      0.014647808857262135,
      0.013383755460381508,
      0.014703012071549892,
      0.014581790193915367,
      0.014649882912635803,
      0.013544436544179916,
      0.013214804232120514,
      0.01422938983887434,
      0.01414462924003601,
      0.014881739392876625,
      0.014710569754242897,
      0.013824572786688805,
      0.014606013894081116,
      0.013956934213638306,
      0.014178653247654438,
      0.01262135710567236
   ],
   "valid_errors": [
      0.05121675506234169,
      0.027978990226984024,
      0.022193124517798424,
      0.018376462161540985,
      0.01642395555973053,
      0.015430852770805359,
      0.014624622650444508,
      0.014258020557463169,
      0.013764618895947933,
      0.013727455399930477,
      0.01373198814690113,
      0.013568948954343796,
      0.013509610667824745,
      0.01363945659250021,
      0.01366095244884491,
      0.013560399413108826,
      0.013685514219105244,
      0.013679264113307,
      0.013610973954200745,
      0.013623666018247604,
      0.013845857232809067,
      0.013961785472929478,
      0.013872545212507248,
      0.013802547007799149,
      0.014021863229572773
   ],
   "val_epochs": [
      0,
      5,
      10,
      15,
      20,
      25,
      30,
      35,
      40,
      45,
      50,
      55,
      60,
      65,
      70,
      75,
      80,
      85,
      90,
      95,
      100,
      105,
      110,
      115,
      119
   ],
   "input_data_path": "../data/photoredox_yield/photo_redox_merck2021_1649reactions.csv",
   "gradwcontext": true,
   "Encompassing Param": 0.1,
   "Normalize Grads & Contx": false,
   "cluster_all_classes": false,
   "imputation method": "",
   "model_dropout": 0.05
}