{
   "number_epochs": 120,
   "info_used": "use hypothesis",
   "perc_full_data": 0.3,
   "n_epochs_no_selection": 0,
   "Frequency % cutoff": 0.3,
   "hidden_size": 32,
   "random_state": 2,
   "train_errors": [
      0.044318024069070816,
      0.030123712494969368,
      0.022073090076446533,
      0.019294248893857002,
      0.019788775593042374,
      0.017220521345734596,
      0.014026789925992489,
      0.013211464509367943,
      0.01244296133518219,
      0.012680399231612682,
      0.012601908296346664,
      0.012712150812149048,
      0.01237788051366806,
      0.012051578611135483,
      0.01154993288218975,
      0.012078491039574146,
      0.011129050515592098,
      0.010996286757290363,
      0.011098362505435944,
      0.011198175139725208,
      0.01047834474593401,
      0.010570073500275612,
      0.010483141988515854,
      0.009609734639525414,
      0.009509372524917126,
      0.009902803227305412,
      0.009049243293702602,
      0.009589078836143017,
      0.009199410676956177,
      0.009210147894918919,
      0.009505096822977066,
      0.009237783029675484,
      0.00959143228828907,
      0.009052886627614498,
      0.009268316440284252,
      0.00897782389074564,
      0.008531607687473297,
      0.00893017090857029,
      0.008916926570236683,
      0.009023014456033707,
      0.008925947360694408,
      0.008870994672179222,
      0.008588084951043129,
      0.00871890690177679,
      0.008384773507714272,
      0.008719310164451599,
      0.008920308202505112,
      0.009349333122372627,
      0.009121205657720566,
      0.008944950997829437,
      0.008885497227311134,
      0.008573170751333237,
      0.008820941671729088,
      0.008266573771834373,
      0.008553504012525082,
      0.008446802385151386,
      0.008192329667508602,
      0.008227240294218063,
      0.0077020395547151566,
      0.008250091224908829,
      0.008506236597895622,
      0.008188821375370026,
      0.008730472065508366,
      0.00803979393094778,
      0.008462038822472095,
      0.008288763463497162,
      0.008544564247131348,
      0.008235901594161987,
      0.008862174116075039,
      0.007904255762696266,
      0.008640923537313938,
      0.008470593951642513,
      0.007772304583340883,
      0.008398070931434631,
      0.008291135542094707,
      0.007942641153931618,
      0.008153636008501053,
      0.008235795423388481,
      0.0087345652282238,
      0.007914967834949493,
      0.00831137876957655,
      0.00785781629383564,
      0.008187944069504738,
      0.007903875783085823,
      0.007721243426203728,
      0.007740194909274578,
      0.007805136498063803,
      0.007677899673581123,
      0.007729282137006521,
      0.007456782273948193,
      0.0077424850314855576,
      0.007632851134985685,
      0.0078076585195958614,
      0.007988542318344116,
      0.007042809389531612,
      0.0075403861701488495,
      0.00794161669909954,
      0.007483162917196751,
      0.007607464212924242,
      0.007661433890461922,
      0.007300203666090965,
      0.008334659039974213,
      0.007784320507198572,
      0.007493935991078615,
      0.007460033055394888,
      0.007782866712659597,
      0.007823784835636616,
      0.007613676134496927,
      0.008578430861234665,
      0.007456143852323294,
      0.007836027070879936,
      0.007563737686723471,
      0.007349390536546707,
      0.008005368523299694,
      0.007208582945168018,
      0.007387256715446711,
      0.008264110423624516,
      0.007365966681391001,
      0.007650309707969427,
      0.007865618914365768
   ],
   "valid_errors": [
      0.08344950526952744,
      0.04272966459393501,
      0.03174857422709465,
      0.02967439405620098,
      0.02799317240715027,
      0.026075763627886772,
      0.02453688718378544,
      0.023253589868545532,
      0.022496547549962997,
      0.021971652284264565,
      0.02230818383395672,
      0.0218652356415987,
      0.02179466187953949,
      0.02189541794359684,
      0.02206132560968399,
      0.021818848326802254,
      0.021992940455675125,
      0.021829795092344284,
      0.022043975070118904,
      0.021839292719960213,
      0.022038470953702927,
      0.021880608052015305,
      0.021718816831707954,
      0.021823301911354065,
      0.02162124589085579
   ],
   "val_epochs": [
      0,
      5,
      10,
      15,
      20,
      25,
      30,
      35,
      40,
      45,
      50,
      55,
      60,
      65,
      70,
      75,
      80,
      85,
      90,
      95,
      100,
      105,
      110,
      115,
      119
   ],
   "input_data_path": "../data/photoredox_yield/photo_redox_merck2021_1649reactions.csv",
   "gradwcontext": true,
   "Encompassing Param": 0.1,
   "Normalize Grads & Contx": false,
   "cluster_all_classes": false,
   "imputation method": "",
   "model_dropout": 0.05
}