{
   "number_epochs": 120,
   "info_used": "use hypothesis",
   "perc_full_data": 0.3,
   "n_epochs_no_selection": 0,
   "Frequency % cutoff": 0.3,
   "hidden_size": 32,
   "random_state": 9,
   "train_errors": [
      0.058338213711977005,
      0.05421602353453636,
      0.05183078348636627,
      0.0476653166115284,
      0.04266499727964401,
      0.03692053630948067,
      0.029962779954075813,
      0.028223980218172073,
      0.023386122658848763,
      0.021671738475561142,
      0.019929561764001846,
      0.018972808495163918,
      0.018590757623314857,
      0.01763233169913292,
      0.017322398722171783,
      0.015779713168740273,
      0.015216091647744179,
      0.016211379319429398,
      0.014346256852149963,
      0.0141263697296381,
      0.012906045652925968,
      0.013493616133928299,
      0.012141178362071514,
      0.010923574678599834,
      0.010609639808535576,
      0.010926127433776855,
      0.010732976719737053,
      0.010056525468826294,
      0.010757380165159702,
      0.009936226531863213,
      0.009160684421658516,
      0.0095065264031291,
      0.009676849469542503,
      0.009329229593276978,
      0.008681531995534897,
      0.009505324997007847,
      0.009771682322025299,
      0.009306542575359344,
      0.009760727174580097,
      0.009593583643436432,
      0.009905409999191761,
      0.008577504195272923,
      0.010292073711752892,
      0.008135351352393627,
      0.008951515890657902,
      0.00893120002001524,
      0.008440343663096428,
      0.00887781661003828,
      0.008795504458248615,
      0.010179472155869007,
      0.008523920550942421,
      0.008421927690505981,
      0.00882664229720831,
      0.009379581548273563,
      0.008551574312150478,
      0.008563471026718616,
      0.008884229697287083,
      0.008065923117101192,
      0.008365647867321968,
      0.0088934525847435,
      0.00925010908395052,
      0.009937345050275326,
      0.009301984682679176,
      0.009490301832556725,
      0.008070195093750954,
      0.008245707489550114,
      0.009449130855500698,
      0.00874097365885973,
      0.008846855722367764,
      0.0088744992390275,
      0.008957910351455212,
      0.008940845727920532,
      0.008988277986645699,
      0.009977925568819046,
      0.008969905786216259,
      0.008984589949250221,
      0.009931826032698154,
      0.009687798097729683,
      0.008334560319781303,
      0.00941733829677105,
      0.009283900260925293,
      0.009921204298734665,
      0.009703651070594788,
      0.009408988989889622,
      0.008956129662692547,
      0.00924563966691494,
      0.00937622506171465,
      0.0095629608258605,
      0.009018258191645145,
      0.009493517689406872,
      0.010552491992712021,
      0.008998454548418522,
      0.009199145250022411,
      0.010739044286310673,
      0.010273415595293045,
      0.009318089112639427,
      0.008710265159606934,
      0.009052156470716,
      0.00964925717562437,
      0.008709459565579891,
      0.009306483902037144,
      0.009153388440608978,
      0.009764894843101501,
      0.009002982638776302,
      0.009002204984426498,
      0.00946231372654438,
      0.009442460723221302,
      0.008812257088720798,
      0.010173255577683449,
      0.010907918214797974,
      0.009832564741373062,
      0.010154281742870808,
      0.010539233684539795,
      0.009517638012766838,
      0.010103470645844936,
      0.010237454436719418,
      0.010328831151127815,
      0.010182133875787258,
      0.010185818187892437,
      0.010661245323717594
   ],
   "valid_errors": [
      0.04151734709739685,
      0.026223445311188698,
      0.02067812718451023,
      0.019273756071925163,
      0.01805862970650196,
      0.01754940114915371,
      0.01662646234035492,
      0.01669086329638958,
      0.016821855679154396,
      0.01654903031885624,
      0.0161041971296072,
      0.01605101116001606,
      0.01607496850192547,
      0.016464563086628914,
      0.016354665160179138,
      0.01620418205857277,
      0.016219209879636765,
      0.016044391319155693,
      0.015745721757411957,
      0.015999898314476013,
      0.015986116603016853,
      0.015924077481031418,
      0.015897149220108986,
      0.0155038395896554,
      0.015770047903060913
   ],
   "val_epochs": [
      0,
      5,
      10,
      15,
      20,
      25,
      30,
      35,
      40,
      45,
      50,
      55,
      60,
      65,
      70,
      75,
      80,
      85,
      90,
      95,
      100,
      105,
      110,
      115,
      119
   ],
   "input_data_path": "../data/photoredox_yield/photo_redox_merck2021_1649reactions.csv",
   "gradwcontext": true,
   "Encompassing Param": 0.1,
   "Normalize Grads & Contx": false,
   "cluster_all_classes": false,
   "imputation method": "",
   "model_dropout": 0.05
}