{
   "number_epochs": 120,
   "info_used": "use hypothesis",
   "perc_full_data": 0.3,
   "n_epochs_no_selection": 0,
   "Frequency % cutoff": 0.3,
   "hidden_size": 32,
   "random_state": 5,
   "train_errors": [
      0.046799011528491974,
      0.04398815706372261,
      0.04149453341960907,
      0.03891974315047264,
      0.03464242070913315,
      0.02950228564441204,
      0.022582560777664185,
      0.017882375046610832,
      0.014679855667054653,
      0.014111338183283806,
      0.01389819011092186,
      0.012754552997648716,
      0.013709761202335358,
      0.013857142999768257,
      0.01322644017636776,
      0.01347725372761488,
      0.01374037005007267,
      0.013897813856601715,
      0.014148651622235775,
      0.01405112724751234,
      0.013146516866981983,
      0.013944108039140701,
      0.013763063587248325,
      0.012482954189181328,
      0.013435110449790955,
      0.012695352546870708,
      0.01252015121281147,
      0.013575419783592224,
      0.012881051748991013,
      0.012702115811407566,
      0.012735546566545963,
      0.01290194969624281,
      0.012471036985516548,
      0.012350003235042095,
      0.01255098544061184,
      0.013863947242498398,
      0.012407287955284119,
      0.01258518360555172,
      0.012547504156827927,
      0.012381143867969513,
      0.012859870679676533,
      0.011949053034186363,
      0.012290004640817642,
      0.011795916594564915,
      0.011777438223361969,
      0.012497203424572945,
      0.012584435753524303,
      0.01225370541214943,
      0.012134214863181114,
      0.013628628104925156,
      0.013002746738493443,
      0.012522483244538307,
      0.011878885328769684,
      0.013447102159261703,
      0.012870296835899353,
      0.012719902209937572,
      0.011875100433826447,
      0.013017678633332253,
      0.012113257311284542,
      0.012318221852183342,
      0.013893493451178074,
      0.012037440203130245,
      0.01330501213669777,
      0.013673197478055954,
      0.013457225635647774,
      0.013481014408171177,
      0.012701054103672504,
      0.012335733510553837,
      0.012092586606740952,
      0.011880377307534218,
      0.013010446913540363,
      0.01221823412925005,
      0.010991794057190418,
      0.013282555155456066,
      0.012312641367316246,
      0.013506566174328327,
      0.012955490499734879,
      0.013095155358314514,
      0.011937463656067848,
      0.01259569637477398,
      0.012457568198442459,
      0.01373962126672268,
      0.013106207363307476,
      0.013216131366789341,
      0.013660196214914322,
      0.012863562442362309,
      0.012623925693333149,
      0.01259559579193592,
      0.01394046749919653,
      0.012095372192561626,
      0.01336450595408678,
      0.01347238291054964,
      0.013852459378540516,
      0.012593970634043217,
      0.013119923882186413,
      0.013032096438109875,
      0.013236433267593384,
      0.012580838985741138,
      0.011748014949262142,
      0.011666114442050457,
      0.01234331913292408,
      0.012409725226461887,
      0.012861458584666252,
      0.011808549053966999,
      0.012077206745743752,
      0.013602400198578835,
      0.01280625257641077,
      0.01187989767640829,
      0.012748326174914837,
      0.013212008401751518,
      0.013746342621743679,
      0.01196668203920126,
      0.012654127553105354,
      0.013594222255051136,
      0.013468882068991661,
      0.012867390178143978,
      0.013197575695812702,
      0.013215364888310432,
      0.012885455042123795,
      0.012943007051944733
   ],
   "valid_errors": [
      0.05014873668551445,
      0.03488774970173836,
      0.01899363100528717,
      0.015629630535840988,
      0.014531825669109821,
      0.013689964078366756,
      0.013108652085065842,
      0.012839104048907757,
      0.012856058776378632,
      0.01266041025519371,
      0.012873644940555096,
      0.012680992484092712,
      0.012918512336909771,
      0.012828053906559944,
      0.013337112963199615,
      0.013551349751651287,
      0.013755092397332191,
      0.01442601066082716,
      0.014485422521829605,
      0.014506212435662746,
      0.01483024563640356,
      0.015172187238931656,
      0.015387979336082935,
      0.01587729901075363,
      0.016241468489170074
   ],
   "val_epochs": [
      0,
      5,
      10,
      15,
      20,
      25,
      30,
      35,
      40,
      45,
      50,
      55,
      60,
      65,
      70,
      75,
      80,
      85,
      90,
      95,
      100,
      105,
      110,
      115,
      119
   ],
   "input_data_path": "../data/photoredox_yield/photo_redox_merck2021_1649reactions.csv",
   "gradwcontext": true,
   "Encompassing Param": 0.1,
   "Normalize Grads & Contx": false,
   "cluster_all_classes": false,
   "imputation method": "",
   "model_dropout": 0.05
}