{
   "number_epochs": 120,
   "info_used": "use hypothesis",
   "perc_full_data": 0.3,
   "n_epochs_no_selection": 0,
   "Frequency % cutoff": 0.3,
   "hidden_size": 32,
   "random_state": 1,
   "train_errors": [
      0.037058815360069275,
      0.034262705594301224,
      0.03234114125370979,
      0.02936730347573757,
      0.026199696585536003,
      0.02386513538658619,
      0.021532943472266197,
      0.018840935081243515,
      0.016588425263762474,
      0.016449255868792534,
      0.015386929735541344,
      0.01518738642334938,
      0.01403284166008234,
      0.013377905823290348,
      0.013760129921138287,
      0.012585089541971684,
      0.011819269508123398,
      0.011449110694229603,
      0.012220533564686775,
      0.012161357328295708,
      0.011376872658729553,
      0.01100654061883688,
      0.010945177637040615,
      0.011492997407913208,
      0.01090458407998085,
      0.010110040195286274,
      0.010238487273454666,
      0.009502440690994263,
      0.010218869894742966,
      0.009655715897679329,
      0.009592493064701557,
      0.010081179440021515,
      0.009687588550150394,
      0.008884561248123646,
      0.00888646487146616,
      0.008306589908897877,
      0.010274732485413551,
      0.008431218564510345,
      0.008379898965358734,
      0.009031347930431366,
      0.009099292568862438,
      0.009827710688114166,
      0.008686237037181854,
      0.008496240712702274,
      0.009069719351828098,
      0.007583369966596365,
      0.009405305609107018,
      0.00876172911375761,
      0.008303369395434856,
      0.008544277399778366,
      0.008240431547164917,
      0.007479989435523748,
      0.007758702151477337,
      0.00799957662820816,
      0.008039546199142933,
      0.007431456353515387,
      0.007689015474170446,
      0.00807281769812107,
      0.008248020894825459,
      0.007370524108409882,
      0.007580748293548822,
      0.0072643752209842205,
      0.00734733697026968,
      0.0071356394328176975,
      0.007391798309981823,
      0.0070222546346485615,
      0.00721121858805418,
      0.007363634649664164,
      0.00782699789851904,
      0.007005658466368914,
      0.00765576446428895,
      0.008108549751341343,
      0.007253650110214949,
      0.007458504755049944,
      0.007292577065527439,
      0.008481080643832684,
      0.007275836076587439,
      0.007184914313256741,
      0.007875421084463596,
      0.007934872061014175,
      0.006613793782889843,
      0.006475937552750111,
      0.007006598636507988,
      0.006975461728870869,
      0.007165777962654829,
      0.007373156026005745,
      0.007764668203890324,
      0.006992142181843519,
      0.007825768552720547,
      0.007690687198191881,
      0.008011185564100742,
      0.006112324073910713,
      0.0068233744241297245,
      0.007024676073342562,
      0.0072022401727736,
      0.007194952107965946,
      0.007745267823338509,
      0.00734002236276865,
      0.007577240001410246,
      0.007680798880755901,
      0.006688613910228014,
      0.007442240137606859,
      0.007150528021156788,
      0.008322457782924175,
      0.007015144918113947,
      0.007953527383506298,
      0.007228582166135311,
      0.007387048099189997,
      0.0073058754205703735,
      0.007436086889356375,
      0.00720776105299592,
      0.008533448912203312,
      0.008188844658434391,
      0.007325589191168547,
      0.007365284953266382,
      0.009463798254728317,
      0.00746620399877429,
      0.007430091034621,
      0.008130736649036407,
      0.008169351145625114
   ],
   "valid_errors": [
      0.058442432433366776,
      0.03928888961672783,
      0.025028113275766373,
      0.021571308374404907,
      0.019446609541773796,
      0.01841617561876774,
      0.017450064420700073,
      0.017428718507289886,
      0.01731393113732338,
      0.016919322311878204,
      0.016628151759505272,
      0.016471045091748238,
      0.01652699150145054,
      0.016162704676389694,
      0.01628839783370495,
      0.016465546563267708,
      0.01655343919992447,
      0.016805481165647507,
      0.017119275406003,
      0.016739102080464363,
      0.016427313908934593,
      0.01718883588910103,
      0.017104463651776314,
      0.017375033348798752,
      0.017180856317281723
   ],
   "val_epochs": [
      0,
      5,
      10,
      15,
      20,
      25,
      30,
      35,
      40,
      45,
      50,
      55,
      60,
      65,
      70,
      75,
      80,
      85,
      90,
      95,
      100,
      105,
      110,
      115,
      119
   ],
   "input_data_path": "../data/photoredox_yield/photo_redox_merck2021_1649reactions.csv",
   "gradwcontext": true,
   "Encompassing Param": 0.1,
   "Normalize Grads & Contx": false,
   "cluster_all_classes": false,
   "imputation method": "",
   "model_dropout": 0.05
}