{
   "number_epochs": 120,
   "info_used": "use hypothesis",
   "perc_full_data": 0.3,
   "n_epochs_no_selection": 0,
   "Frequency % cutoff": 0.3,
   "hidden_size": 32,
   "random_state": 6,
   "train_errors": [
      0.05888671055436134,
      0.05236436426639557,
      0.0490260012447834,
      0.044123705476522446,
      0.03965863585472107,
      0.03460676595568657,
      0.02922515943646431,
      0.02500884234905243,
      0.023164736106991768,
      0.0221941526979208,
      0.021295592188835144,
      0.021154947578907013,
      0.020097168162465096,
      0.020373094826936722,
      0.01877424865961075,
      0.018202774226665497,
      0.019762810319662094,
      0.01955137960612774,
      0.018164893612265587,
      0.01774490810930729,
      0.01678999699652195,
      0.018188517540693283,
      0.01715795136988163,
      0.017178760841488838,
      0.01607365906238556,
      0.01649409718811512,
      0.01697205752134323,
      0.016875922679901123,
      0.016689801588654518,
      0.015350762754678726,
      0.015956232324242592,
      0.017069969326257706,
      0.01681492291390896,
      0.017649078741669655,
      0.01578575186431408,
      0.017755897715687752,
      0.015357420779764652,
      0.01653948798775673,
      0.015495591796934605,
      0.01608858071267605,
      0.015199797227978706,
      0.01632707752287388,
      0.015618698671460152,
      0.015160846523940563,
      0.01643696241080761,
      0.014616626314818859,
      0.015384115278720856,
      0.014743814244866371,
      0.016196366399526596,
      0.014512503519654274,
      0.01549709215760231,
      0.01554614957422018,
      0.014571929350495338,
      0.014871007762849331,
      0.013600139878690243,
      0.013939757831394672,
      0.015665140002965927,
      0.015176981687545776,
      0.014550398103892803,
      0.013730742037296295,
      0.013444870710372925,
      0.014069203287363052,
      0.014864418655633926,
      0.014722278341650963,
      0.013802978210151196,
      0.01367130596190691,
      0.014754724688827991,
      0.014465832151472569,
      0.01362501922994852,
      0.013800245709717274,
      0.014183346182107925,
      0.014566891826689243,
      0.014181213453412056,
      0.014200801029801369,
      0.01341154519468546,
      0.014375174418091774,
      0.014368107542395592,
      0.01514655165374279,
      0.014527888037264347,
      0.014100429601967335,
      0.013597020879387856,
      0.01312448363751173,
      0.01575643941760063,
      0.013665411621332169,
      0.014195081777870655,
      0.014337139204144478,
      0.01372228842228651,
      0.013665501959621906,
      0.014952825382351875,
      0.014707358554005623,
      0.014090901240706444,
      0.013603136874735355,
      0.013686935417354107,
      0.012810830026865005,
      0.014523454010486603,
      0.013177064247429371,
      0.014507518149912357,
      0.01430462021380663,
      0.014427993446588516,
      0.013834520243108273,
      0.01397270429879427,
      0.013313889503479004,
      0.013462761417031288,
      0.013605301268398762,
      0.013889233581721783,
      0.013766994699835777,
      0.012538413517177105,
      0.013853366486728191,
      0.014193886891007423,
      0.013325351290404797,
      0.014988335780799389,
      0.013597548939287663,
      0.01357625238597393,
      0.014043796807527542,
      0.01471119374036789,
      0.013992568477988243,
      0.013573676347732544,
      0.014488990418612957,
      0.013726661913096905,
      0.013848533853888512
   ],
   "valid_errors": [
      0.04518922418355942,
      0.031194133684039116,
      0.022338060662150383,
      0.019274814054369926,
      0.016872001811861992,
      0.0157577246427536,
      0.015565825626254082,
      0.015506110154092312,
      0.015555125661194324,
      0.01568664237856865,
      0.0156451053917408,
      0.016340352594852448,
      0.01656264439225197,
      0.016609812155365944,
      0.016691923141479492,
      0.01702864281833172,
      0.017262635752558708,
      0.017487313598394394,
      0.017610639333724976,
      0.017770053818821907,
      0.017914678901433945,
      0.01839883252978325,
      0.01829732209444046,
      0.018687617033720016,
      0.018845556303858757
   ],
   "val_epochs": [
      0,
      5,
      10,
      15,
      20,
      25,
      30,
      35,
      40,
      45,
      50,
      55,
      60,
      65,
      70,
      75,
      80,
      85,
      90,
      95,
      100,
      105,
      110,
      115,
      119
   ],
   "input_data_path": "../data/photoredox_yield/photo_redox_merck2021_1649reactions.csv",
   "gradwcontext": true,
   "Encompassing Param": 0.1,
   "Normalize Grads & Contx": false,
   "cluster_all_classes": false,
   "imputation method": "",
   "model_dropout": 0.05
}