{
   "number_epochs": 120,
   "info_used": "use hypothesis",
   "perc_full_data": 0.3,
   "n_epochs_no_selection": 0,
   "Frequency % cutoff": 0.3,
   "hidden_size": 32,
   "random_state": 8,
   "train_errors": [
      0.04055865481495857,
      0.03467352315783501,
      0.03269828483462334,
      0.030927080661058426,
      0.02699108049273491,
      0.024646760895848274,
      0.02211858704686165,
      0.019724348559975624,
      0.018101073801517487,
      0.017589431256055832,
      0.016838468611240387,
      0.015973307192325592,
      0.015342923812568188,
      0.016518419608473778,
      0.01496191043406725,
      0.014584376476705074,
      0.013510998338460922,
      0.013695815578103065,
      0.013900211080908775,
      0.013057238422334194,
      0.012769456952810287,
      0.012906751595437527,
      0.011605801060795784,
      0.01204709056764841,
      0.012088203802704811,
      0.012770216912031174,
      0.01117018610239029,
      0.010680125094950199,
      0.010228454135358334,
      0.010651660151779652,
      0.010012933984398842,
      0.00994338933378458,
      0.0106371333822608,
      0.01062019169330597,
      0.009625690057873726,
      0.010064452886581421,
      0.009470340795814991,
      0.009502083994448185,
      0.010880746878683567,
      0.010108555667102337,
      0.00887096207588911,
      0.010034577921032906,
      0.009783090092241764,
      0.008213580586016178,
      0.008793137967586517,
      0.008996404707431793,
      0.008126262575387955,
      0.009518487378954887,
      0.008692475967109203,
      0.00933237187564373,
      0.009009378030896187,
      0.009406067430973053,
      0.00843972247093916,
      0.008214464411139488,
      0.008384983986616135,
      0.007606302388012409,
      0.008274730294942856,
      0.007786556147038937,
      0.008710121735930443,
      0.007712278049439192,
      0.00822347030043602,
      0.007127463351935148,
      0.008704591542482376,
      0.007439703680574894,
      0.007043104153126478,
      0.007555793970823288,
      0.007334133144468069,
      0.00792238861322403,
      0.0072056869976222515,
      0.007214148994535208,
      0.0072590988129377365,
      0.006071666721254587,
      0.006937925238162279,
      0.008067090064287186,
      0.00736252823844552,
      0.007440520916134119,
      0.008198309689760208,
      0.008242483250796795,
      0.007975124754011631,
      0.00745543884113431,
      0.00819126982241869,
      0.007225898560136557,
      0.00826028548181057,
      0.007171430625021458,
      0.008343135938048363,
      0.006634758319705725,
      0.008092689327895641,
      0.007706611417233944,
      0.00826295930892229,
      0.007128715515136719,
      0.007639212068170309,
      0.0076141864992678165,
      0.006886271759867668,
      0.007254145573824644,
      0.0073282369412481785,
      0.006718266289681196,
      0.007398545276373625,
      0.007932043634355068,
      0.007299316115677357,
      0.008454084396362305,
      0.0070476168766617775,
      0.007535417098551989,
      0.006409688852727413,
      0.007258278783410788,
      0.007321143988519907,
      0.00759460311383009,
      0.007732709404081106,
      0.007348787505179644,
      0.007724563125520945,
      0.007895734161138535,
      0.00724197318777442,
      0.0072227600030601025,
      0.0075255632400512695,
      0.006915793288499117,
      0.007611407432705164,
      0.0068960185162723064,
      0.007695491891354322,
      0.007244627922773361,
      0.006830684840679169,
      0.007284556515514851
   ],
   "valid_errors": [
      0.04157673940062523,
      0.02378970757126808,
      0.018114715814590454,
      0.015701355412602425,
      0.01412735041230917,
      0.013250201940536499,
      0.012257450260221958,
      0.01190221682190895,
      0.011732959188520908,
      0.011601556092500687,
      0.011353924870491028,
      0.01148054376244545,
      0.011560216546058655,
      0.011669683270156384,
      0.011475332081317902,
      0.01155313104391098,
      0.011607641354203224,
      0.011726516298949718,
      0.011528216302394867,
      0.011599712073802948,
      0.011480475775897503,
      0.011560562998056412,
      0.011645968072116375,
      0.01199127547442913,
      0.012065812945365906
   ],
   "val_epochs": [
      0,
      5,
      10,
      15,
      20,
      25,
      30,
      35,
      40,
      45,
      50,
      55,
      60,
      65,
      70,
      75,
      80,
      85,
      90,
      95,
      100,
      105,
      110,
      115,
      119
   ],
   "input_data_path": "../data/photoredox_yield/photo_redox_merck2021_1649reactions.csv",
   "gradwcontext": true,
   "Encompassing Param": 0.1,
   "Normalize Grads & Contx": false,
   "cluster_all_classes": false,
   "imputation method": "",
   "model_dropout": 0.05
}