{
   "number_epochs": 120,
   "info_used": "use hypothesis",
   "perc_full_data": 0.3,
   "n_epochs_no_selection": 0,
   "Frequency % cutoff": 0.3,
   "hidden_size": 32,
   "random_state": 14,
   "train_errors": [
      0.046574775129556656,
      0.04343694821000099,
      0.03919272497296333,
      0.03464667126536369,
      0.02993728592991829,
      0.026317114010453224,
      0.024349307641386986,
      0.023295363411307335,
      0.021590495482087135,
      0.01828603819012642,
      0.018743926659226418,
      0.016832882538437843,
      0.01667618565261364,
      0.01547440979629755,
      0.015210694633424282,
      0.014010581187903881,
      0.013473701663315296,
      0.013789993710815907,
      0.011945049278438091,
      0.013787830248475075,
      0.012258279137313366,
      0.01271295640617609,
      0.011814376339316368,
      0.011973611079156399,
      0.010490469634532928,
      0.01138048991560936,
      0.01157761737704277,
      0.011815533973276615,
      0.012273706495761871,
      0.011995170265436172,
      0.0125550152733922,
      0.012980874627828598,
      0.012470977380871773,
      0.012224746868014336,
      0.012704309076070786,
      0.013289070688188076,
      0.010659536346793175,
      0.012506501749157906,
      0.011319445446133614,
      0.012351219542324543,
      0.013034538365900517,
      0.011677183210849762,
      0.012430703267455101,
      0.012255150824785233,
      0.013662886805832386,
      0.012190169654786587,
      0.01245789509266615,
      0.012507264502346516,
      0.011687357909977436,
      0.012256444431841373,
      0.011395943351089954,
      0.01269146054983139,
      0.011426209472119808,
      0.011837058700621128,
      0.01153689157217741,
      0.011087153106927872,
      0.013006270863115788,
      0.011177029460668564,
      0.011107252910733223,
      0.011909322813153267,
      0.012241048738360405,
      0.012320526875555515,
      0.012281292118132114,
      0.011741411872208118,
      0.011042382568120956,
      0.010961717925965786,
      0.01102681364864111,
      0.012480471283197403,
      0.01149660162627697,
      0.010998244397342205,
      0.012244111858308315,
      0.011303862556815147,
      0.011426370590925217,
      0.011174901388585567,
      0.0113034937530756,
      0.012186486274003983,
      0.011830873787403107,
      0.01132187806069851,
      0.012514637783169746,
      0.011679512448608875,
      0.011600586585700512,
      0.011906363070011139,
      0.011923166923224926,
      0.012136898934841156,
      0.01073753647506237,
      0.01144904363900423,
      0.011541605927050114,
      0.010960332117974758,
      0.012043234892189503,
      0.01110918540507555,
      0.010597438551485538,
      0.011078143492341042,
      0.0108664371073246,
      0.011436928063631058,
      0.011239263229072094,
      0.012645428068935871,
      0.01148752961307764,
      0.01168076228350401,
      0.011180038563907146,
      0.011308792047202587,
      0.010386667214334011,
      0.011176294647157192,
      0.01120782271027565,
      0.011751309037208557,
      0.012599998153746128,
      0.012325839139521122,
      0.010894921608269215,
      0.011518368497490883,
      0.011686610989272594,
      0.010995008051395416,
      0.011155907064676285,
      0.01160991471260786,
      0.010714881122112274,
      0.01109305303543806,
      0.013221432454884052,
      0.01163634192198515,
      0.012324857525527477,
      0.012355235405266285,
      0.01236198004335165,
      0.01212356984615326
   ],
   "valid_errors": [
      0.03707126900553703,
      0.020771164447069168,
      0.015736447647213936,
      0.013816305436193943,
      0.013355177827179432,
      0.01252713706344366,
      0.012248149141669273,
      0.012252245098352432,
      0.012414992786943913,
      0.012527912855148315,
      0.012847810983657837,
      0.013040144927799702,
      0.013012873008847237,
      0.013306832872331142,
      0.013315778225660324,
      0.013590722344815731,
      0.013710877858102322,
      0.013761022128164768,
      0.014163515530526638,
      0.013941200450062752,
      0.013954827561974525,
      0.013943287543952465,
      0.014150254428386688,
      0.014020325616002083,
      0.014272239990532398
   ],
   "val_epochs": [
      0,
      5,
      10,
      15,
      20,
      25,
      30,
      35,
      40,
      45,
      50,
      55,
      60,
      65,
      70,
      75,
      80,
      85,
      90,
      95,
      100,
      105,
      110,
      115,
      119
   ],
   "input_data_path": "../data/photoredox_yield/photo_redox_merck2021_1649reactions.csv",
   "gradwcontext": true,
   "Encompassing Param": 0.1,
   "Normalize Grads & Contx": false,
   "cluster_all_classes": false,
   "imputation method": "",
   "model_dropout": 0.05
}