{
   "number_epochs": 120,
   "info_used": "use hypothesis",
   "perc_full_data": 0.3,
   "n_epochs_no_selection": 0,
   "Frequency % cutoff": 0.3,
   "hidden_size": 32,
   "random_state": 0,
   "train_errors": [
      0.057219572365283966,
      0.052253663539886475,
      0.04727067053318024,
      0.041950538754463196,
      0.03512867912650108,
      0.02949344366788864,
      0.02434023842215538,
      0.022922364994883537,
      0.019874518737196922,
      0.018486255779862404,
      0.018199564889073372,
      0.017577027902007103,
      0.017124110832810402,
      0.01630469225347042,
      0.014628625474870205,
      0.015985926613211632,
      0.014281397685408592,
      0.01474743615835905,
      0.014284861274063587,
      0.013894136063754559,
      0.014292415231466293,
      0.013966438360512257,
      0.012808415107429028,
      0.013738484121859074,
      0.013306643813848495,
      0.0130359698086977,
      0.011978068388998508,
      0.012716343626379967,
      0.012683652341365814,
      0.012715112417936325,
      0.01209923718124628,
      0.01300890278071165,
      0.011992673389613628,
      0.011525333859026432,
      0.01272513810545206,
      0.011491293087601662,
      0.01189000066369772,
      0.012994536198675632,
      0.013386973179876804,
      0.011223751120269299,
      0.010779919102787971,
      0.011332588270306587,
      0.012317011132836342,
      0.011455117724835873,
      0.0113664036616683,
      0.011335471644997597,
      0.01126745343208313,
      0.012197775766253471,
      0.010774243623018265,
      0.01151954848319292,
      0.010795550420880318,
      0.010827169753611088,
      0.01095240842550993,
      0.010123376734554768,
      0.010673720389604568,
      0.011154604144394398,
      0.01078698318451643,
      0.01094698254019022,
      0.010754384100437164,
      0.0109943812713027,
      0.011114207096397877,
      0.010836879722774029,
      0.011749319732189178,
      0.011030783876776695,
      0.011580139398574829,
      0.010806020349264145,
      0.011387643404304981,
      0.011645211838185787,
      0.009680881164968014,
      0.011644680052995682,
      0.011418206617236137,
      0.010981599800288677,
      0.010664382018148899,
      0.011069666594266891,
      0.01031810138374567,
      0.009612220339477062,
      0.011980382725596428,
      0.010035471990704536,
      0.010756597854197025,
      0.010661591775715351,
      0.009954196400940418,
      0.011061055585741997,
      0.010901828296482563,
      0.01090600248426199,
      0.010566051118075848,
      0.010804650373756886,
      0.010642128996551037,
      0.010130180977284908,
      0.010547406040132046,
      0.010266566649079323,
      0.010678633116185665,
      0.010266246274113655,
      0.011408887803554535,
      0.00999462604522705,
      0.009988446719944477,
      0.010781722143292427,
      0.009767512790858746,
      0.01179041899740696,
      0.00964769721031189,
      0.011470917612314224,
      0.010774240829050541,
      0.010614649392664433,
      0.011527450755238533,
      0.01056148111820221,
      0.01078527420759201,
      0.010458237491548061,
      0.010108858346939087,
      0.010447109118103981,
      0.01034735981374979,
      0.010068944655358791,
      0.010251774452626705,
      0.011302790604531765,
      0.010662222281098366,
      0.011423210613429546,
      0.009802879765629768,
      0.011521144770085812,
      0.01188517827540636,
      0.01126085501164198,
      0.01101907528936863,
      0.010742842219769955
   ],
   "valid_errors": [
      0.052772972732782364,
      0.030789216980338097,
      0.02000908926129341,
      0.017223943024873734,
      0.015998475253582,
      0.014670520089566708,
      0.014167937450110912,
      0.014204676263034344,
      0.013746555894613266,
      0.013337286189198494,
      0.013423225842416286,
      0.013484779745340347,
      0.01389050018042326,
      0.013570697978138924,
      0.01353822648525238,
      0.014032457023859024,
      0.01397727057337761,
      0.014141451567411423,
      0.013817623257637024,
      0.01384423952549696,
      0.01412391196936369,
      0.014014984481036663,
      0.013974014669656754,
      0.014034165069460869,
      0.014114484190940857
   ],
   "val_epochs": [
      0,
      5,
      10,
      15,
      20,
      25,
      30,
      35,
      40,
      45,
      50,
      55,
      60,
      65,
      70,
      75,
      80,
      85,
      90,
      95,
      100,
      105,
      110,
      115,
      119
   ],
   "input_data_path": "../data/photoredox_yield/photo_redox_merck2021_1649reactions.csv",
   "gradwcontext": true,
   "Encompassing Param": 0.1,
   "Normalize Grads & Contx": false,
   "cluster_all_classes": false,
   "imputation method": "",
   "model_dropout": 0.05
}