{
   "number_epochs": 120,
   "info_used": "use hypothesis",
   "perc_full_data": 0.3,
   "n_epochs_no_selection": 0,
   "Frequency % cutoff": 0.3,
   "hidden_size": 32,
   "random_state": 12,
   "train_errors": [
      0.03290393576025963,
      0.031379736959934235,
      0.029882770031690598,
      0.027761030942201614,
      0.025826843455433846,
      0.023458633571863174,
      0.02194816805422306,
      0.021422194316983223,
      0.01968088559806347,
      0.017992651090025902,
      0.017062241211533546,
      0.016924181953072548,
      0.016837790608406067,
      0.016059713438153267,
      0.014688541181385517,
      0.014800065197050571,
      0.014106902293860912,
      0.015694566071033478,
      0.01375645026564598,
      0.013202606700360775,
      0.013738390058279037,
      0.013527669943869114,
      0.012844248674809933,
      0.013122261501848698,
      0.013016333803534508,
      0.012992545031011105,
      0.013365384191274643,
      0.012968851253390312,
      0.012568209320306778,
      0.012189330533146858,
      0.012250730767846107,
      0.012535656802356243,
      0.011538548395037651,
      0.012488537468016148,
      0.011594722978770733,
      0.013056379742920399,
      0.012267106212675571,
      0.012637423351407051,
      0.012373565696179867,
      0.011520721018314362,
      0.011755392886698246,
      0.012205371633172035,
      0.01165164727717638,
      0.011630563996732235,
      0.011573774740099907,
      0.012434554286301136,
      0.011480054818093777,
      0.011520050466060638,
      0.011764267459511757,
      0.011708919890224934,
      0.011356617324054241,
      0.011675305664539337,
      0.011778265237808228,
      0.010901632718741894,
      0.011410835199058056,
      0.011576161719858646,
      0.011414612643420696,
      0.011135141365230083,
      0.011312411166727543,
      0.010829378850758076,
      0.011216535232961178,
      0.010920598171651363,
      0.011441616341471672,
      0.010378263890743256,
      0.01047816127538681,
      0.011325790546834469,
      0.011767239309847355,
      0.010586941614747047,
      0.011590620502829552,
      0.011160185560584068,
      0.010706920176744461,
      0.01136092934757471,
      0.011506638489663601,
      0.01049581728875637,
      0.010248334147036076,
      0.0109391575679183,
      0.010137345641851425,
      0.010657822713255882,
      0.010072031989693642,
      0.011446360498666763,
      0.010229246690869331,
      0.010793974623084068,
      0.010618009604513645,
      0.010522328317165375,
      0.010471545159816742,
      0.010723946616053581,
      0.01023027766495943,
      0.010438202880322933,
      0.010828466154634953,
      0.010416568256914616,
      0.01081849355250597,
      0.010191121138632298,
      0.01045150961726904,
      0.010480968281626701,
      0.010719366371631622,
      0.010032261721789837,
      0.009809848852455616,
      0.010140183381736279,
      0.010782306082546711,
      0.011868550442159176,
      0.010870633646845818,
      0.011096809059381485,
      0.011345112696290016,
      0.010445855557918549,
      0.010160201229155064,
      0.00989124458283186,
      0.011621974408626556,
      0.010291940532624722,
      0.011010381393134594,
      0.010520596988499165,
      0.010211479850113392,
      0.010339118540287018,
      0.00974570494145155,
      0.011018875055015087,
      0.010960383340716362,
      0.011212692596018314,
      0.01132137980312109,
      0.010499116964638233,
      0.011059951968491077,
      0.010283122770488262
   ],
   "valid_errors": [
      0.06450088322162628,
      0.04555626958608627,
      0.028278499841690063,
      0.020972032099962234,
      0.019590796902775764,
      0.019218845292925835,
      0.018755154684185982,
      0.01863138936460018,
      0.018376149237155914,
      0.01852853037416935,
      0.018581798300147057,
      0.018365999683737755,
      0.01812766119837761,
      0.01809646002948284,
      0.017988912761211395,
      0.018035680055618286,
      0.01768224872648716,
      0.01788168027997017,
      0.01763327792286873,
      0.017650796100497246,
      0.0176630187779665,
      0.01763748563826084,
      0.017592385411262512,
      0.01753506250679493,
      0.017080361023545265
   ],
   "val_epochs": [
      0,
      5,
      10,
      15,
      20,
      25,
      30,
      35,
      40,
      45,
      50,
      55,
      60,
      65,
      70,
      75,
      80,
      85,
      90,
      95,
      100,
      105,
      110,
      115,
      119
   ],
   "input_data_path": "../data/photoredox_yield/photo_redox_merck2021_1649reactions.csv",
   "gradwcontext": true,
   "Encompassing Param": 0.1,
   "Normalize Grads & Contx": false,
   "cluster_all_classes": false,
   "imputation method": "",
   "model_dropout": 0.05
}