{
   "number_epochs": 120,
   "info_used": "use hypothesis",
   "perc_full_data": 0.3,
   "n_epochs_no_selection": 0,
   "Frequency % cutoff": 0.3,
   "hidden_size": 32,
   "random_state": 3,
   "train_errors": [
      0.05275389179587364,
      0.05041443184018135,
      0.047474492341279984,
      0.04326396435499191,
      0.0380820669233799,
      0.032119642943143845,
      0.028320806100964546,
      0.025214897468686104,
      0.023045210167765617,
      0.02331647463142872,
      0.022340061143040657,
      0.02163519896566868,
      0.02149074897170067,
      0.021269915625452995,
      0.020715903490781784,
      0.020347844809293747,
      0.02078299969434738,
      0.019304698333144188,
      0.018756719306111336,
      0.01949131302535534,
      0.018478095531463623,
      0.017532579600811005,
      0.016743240877985954,
      0.01599695160984993,
      0.0158952996134758,
      0.01592378318309784,
      0.015248117968440056,
      0.01571797952055931,
      0.015489581041038036,
      0.015488672070205212,
      0.014972311444580555,
      0.014868521131575108,
      0.01467659417539835,
      0.013912591151893139,
      0.014292266219854355,
      0.014273007400333881,
      0.014938096515834332,
      0.014342832379043102,
      0.013939679600298405,
      0.013558137230575085,
      0.01467296201735735,
      0.013468503020703793,
      0.013405537232756615,
      0.013191522099077702,
      0.014303119853138924,
      0.013818232342600822,
      0.014405930414795876,
      0.013994358479976654,
      0.012535840272903442,
      0.013440152630209923,
      0.012447692453861237,
      0.013518440537154675,
      0.013495421037077904,
      0.013779227621853352,
      0.013794474303722382,
      0.012165488675236702,
      0.01422892790287733,
      0.012872908264398575,
      0.01306447945535183,
      0.01279132254421711,
      0.013150838203728199,
      0.014930414967238903,
      0.013234145008027554,
      0.012997115030884743,
      0.013853120617568493,
      0.012530994601547718,
      0.013613558374345303,
      0.013050923123955727,
      0.01339764054864645,
      0.013948187232017517,
      0.013966424390673637,
      0.01435043103992939,
      0.013703235425055027,
      0.013570166192948818,
      0.01379462517797947,
      0.013886273838579655,
      0.013419730588793755,
      0.013870492577552795,
      0.01329388190060854,
      0.012768015265464783,
      0.012463502585887909,
      0.012953057885169983,
      0.012342424131929874,
      0.011687872000038624,
      0.013174725696444511,
      0.012164214625954628,
      0.012090365402400494,
      0.013526023365557194,
      0.013494721613824368,
      0.014066745527088642,
      0.013263990171253681,
      0.012034985236823559,
      0.013790035620331764,
      0.01381046324968338,
      0.014627082273364067,
      0.013693268410861492,
      0.013815635815262794,
      0.01351905707269907,
      0.012210248969495296,
      0.011785115115344524,
      0.01306308526545763,
      0.012753083370625973,
      0.013134985230863094,
      0.013445775955915451,
      0.01470029354095459,
      0.013976759277284145,
      0.014797908253967762,
      0.01430975180119276,
      0.013331322930753231,
      0.013763636350631714,
      0.012395788915455341,
      0.013945295475423336,
      0.013263133354485035,
      0.01240475382655859,
      0.014506801962852478,
      0.0130957355722785,
      0.013590077869594097,
      0.014594662003219128,
      0.013693274930119514,
      0.01249968446791172
   ],
   "valid_errors": [
      0.04250985383987427,
      0.0255181472748518,
      0.017820941284298897,
      0.014555396512150764,
      0.012914610095322132,
      0.012039246037602425,
      0.011827011592686176,
      0.011867349967360497,
      0.011492885649204254,
      0.011318517848849297,
      0.011287839151918888,
      0.011047307401895523,
      0.01152091845870018,
      0.011464837938547134,
      0.011250188574194908,
      0.011575978249311447,
      0.011301595717668533,
      0.011310799047350883,
      0.011174092069268227,
      0.01096433587372303,
      0.011332588270306587,
      0.011600442230701447,
      0.011651767417788506,
      0.011426898650825024,
      0.011554929427802563
   ],
   "val_epochs": [
      0,
      5,
      10,
      15,
      20,
      25,
      30,
      35,
      40,
      45,
      50,
      55,
      60,
      65,
      70,
      75,
      80,
      85,
      90,
      95,
      100,
      105,
      110,
      115,
      119
   ],
   "input_data_path": "../data/photoredox_yield/photo_redox_merck2021_1649reactions.csv",
   "gradwcontext": true,
   "Encompassing Param": 0.1,
   "Normalize Grads & Contx": false,
   "cluster_all_classes": false,
   "imputation method": "",
   "model_dropout": 0.05
}