{
   "number_epochs": 300,
   "info_used": "use imputation",
   "perc_full_data": 0.3,
   "n_epochs_no_selection": 0,
   "Frequency % cutoff": 0.3,
   "hidden_size": 32,
   "random_state": 6,
   "train_errors": [
      0.07575590163469315,
      0.06503830850124359,
      0.05790458992123604,
      0.055671464651823044,
      0.05506635829806328,
      0.054440297186374664,
      0.052993059158325195,
      0.051139310002326965,
      0.05013812333345413,
      0.04664144665002823,
      0.04662733152508736,
      0.04422977194190025,
      0.043853651732206345,
      0.0411873385310173,
      0.04116690531373024,
      0.03925061225891113,
      0.0383300743997097,
      0.03635616600513458,
      0.03485735133290291,
      0.03360537812113762,
      0.032796457409858704,
      0.03162400424480438,
      0.030563250184059143,
      0.0278316717594862,
      0.026531219482421875,
      0.025556717067956924,
      0.025481248274445534,
      0.024355003610253334,
      0.023628326132893562,
      0.022840607911348343,
      0.022578902542591095,
      0.021512048318982124,
      0.021214226260781288,
      0.022181900218129158,
      0.021012062206864357,
      0.020614946261048317,
      0.02018161490559578,
      0.02037692442536354,
      0.01940278708934784,
      0.01778712309896946,
      0.018466616049408913,
      0.01728673279285431,
      0.017827395349740982,
      0.01744014210999012,
      0.01760256104171276,
      0.01799953728914261,
      0.017253635451197624,
      0.01760612241923809,
      0.017283448949456215,
      0.01775103248655796,
      0.017378373071551323,
      0.01628786325454712,
      0.015366943553090096,
      0.01618356816470623,
      0.01628366857767105,
      0.015459374524652958,
      0.014925830997526646,
      0.014965774491429329,
      0.013836302794516087,
      0.014204772189259529,
      0.014735894277691841,
      0.015193957835435867,
      0.013338282704353333,
      0.013504382222890854,
      0.014979885891079903,
      0.013674751855432987,
      0.01341309119015932,
      0.013943600468337536,
      0.012681841850280762,
      0.013757817447185516,
      0.013450131751596928,
      0.014662443660199642,
      0.013487903401255608,
      0.01310458779335022,
      0.0131289754062891,
      0.012876063585281372,
      0.011988853104412556,
      0.013047751039266586,
      0.012853686697781086,
      0.013492126017808914,
      0.01341987680643797,
      0.011840361170470715,
      0.013873318210244179,
      0.012384402565658092,
      0.011925452388823032,
      0.013337462209165096,
      0.011977682821452618,
      0.011242625303566456,
      0.011968165636062622,
      0.012168086133897305,
      0.012932953424751759,
      0.012690450064837933,
      0.011093231849372387,
      0.01345707755535841,
      0.012210446409881115,
      0.011092772707343102,
      0.011669239960610867,
      0.013216237537562847,
      0.011449574492871761,
      0.011587937362492085,
      0.011691856198012829,
      0.010766927152872086,
      0.011088966391980648,
      0.010793226771056652,
      0.01063617318868637,
      0.012058314867317677,
      0.011162771843373775,
      0.010849063284695148,
      0.012560062110424042,
      0.011189554817974567,
      0.011084099300205708,
      0.011775183491408825,
      0.01225912943482399,
      0.011581414379179478,
      0.011940937489271164,
      0.011828606016933918,
      0.012230431661009789,
      0.010518738999962807,
      0.011766638606786728,
      0.010876365005970001,
      0.011432381346821785,
      0.012243613600730896,
      0.01115434244275093,
      0.011433037929236889,
      0.012213882058858871,
      0.01191561110317707,
      0.010801461525261402,
      0.01234308909624815,
      0.012581572867929935,
      0.010906968265771866,
      0.011318439617753029,
      0.012012305669486523,
      0.010722251608967781,
      0.010237216018140316,
      0.011604156345129013,
      0.010769753716886044,
      0.010650847107172012,
      0.011093737557530403,
      0.010262682102620602,
      0.01059627253562212,
      0.011024395003914833,
      0.010130556300282478,
      0.011997904628515244,
      0.011030825786292553,
      0.010707123205065727,
      0.01077813096344471,
      0.011410248465836048,
      0.010930199176073074,
      0.01031404547393322,
      0.011464745737612247,
      0.012249553576111794,
      0.010461205616593361,
      0.010401817969977856,
      0.009955027140676975,
      0.011188357137143612,
      0.010053303092718124,
      0.010046061128377914,
      0.01101972907781601,
      0.010811520740389824,
      0.010775520466268063,
      0.010307147167623043,
      0.010766372084617615,
      0.01002795435488224,
      0.010813792236149311,
      0.010720855556428432,
      0.010965777561068535,
      0.010356534272432327,
      0.011147847399115562,
      0.010564670898020267,
      0.009434827603399754,
      0.01023416593670845,
      0.009728684090077877,
      0.012205134145915508,
      0.00947255827486515,
      0.010677272453904152,
      0.009729954414069653,
      0.010922816582024097,
      0.011871296912431717,
      0.01088012382388115,
      0.010008228942751884,
      0.010051705874502659,
      0.010008778423070908,
      0.009262261912226677,
      0.009389122948050499,
      0.010289759375154972,
      0.01070555578917265,
      0.009796216152608395,
      0.010085289366543293,
      0.009769809432327747,
      0.009784573689103127,
      0.009998972527682781,
      0.010909978300333023,
      0.010677882470190525,
      0.009314967319369316,
      0.009449117816984653,
      0.008728224784135818,
      0.009762952104210854,
      0.011033263988792896,
      0.009497959166765213,
      0.009790531359612942,
      0.008778831921517849,
      0.010333393700420856,
      0.010281314142048359,
      0.009995583444833755,
      0.01070474274456501,
      0.010367053560912609,
      0.008859280496835709,
      0.01025520358234644,
      0.00983669888228178,
      0.0096952635794878,
      0.008610120974481106,
      0.010952944867312908,
      0.010544133372604847,
      0.008985689841210842,
      0.00960044376552105,
      0.009588546119630337,
      0.008887122385203838,
      0.009255479089915752,
      0.009634501300752163,
      0.010478988289833069,
      0.00978069193661213,
      0.009680192917585373,
      0.009494329802691936,
      0.00938533153384924,
      0.009697480127215385,
      0.009286297485232353,
      0.008184651844203472,
      0.008561188355088234,
      0.009462094865739346,
      0.01129322312772274,
      0.010218191891908646,
      0.008381713181734085,
      0.009229709394276142,
      0.009886231273412704,
      0.010066996328532696,
      0.009008421562612057,
      0.010205825790762901,
      0.009916724637150764,
      0.009264843538403511,
      0.009043053723871708,
      0.009831740520894527,
      0.008457495830953121,
      0.01125162374228239,
      0.008883349597454071,
      0.008899983018636703,
      0.009876741096377373,
      0.009555505588650703,
      0.010867203585803509,
      0.008601565845310688,
      0.010185298509895802,
      0.009193961508572102,
      0.009691661223769188,
      0.009419858455657959,
      0.009720885194838047,
      0.009300194680690765,
      0.008811031468212605,
      0.008918617852032185,
      0.009399538859724998,
      0.008727391250431538,
      0.009359844960272312,
      0.009519454091787338,
      0.009151756763458252,
      0.009279835969209671,
      0.009902050718665123,
      0.008560043759644032,
      0.008844103664159775,
      0.009646368212997913,
      0.009450601413846016,
      0.00936613418161869,
      0.009550477378070354,
      0.00885291863232851,
      0.008915096521377563,
      0.009356379508972168,
      0.010069306939840317,
      0.009039660915732384,
      0.009549732320010662,
      0.007924560457468033,
      0.009366217069327831,
      0.008449049666523933,
      0.008903322741389275,
