{
   "number_epochs": 300,
   "info_used": "use imputation",
   "perc_full_data": 0.3,
   "n_epochs_no_selection": 0,
   "Frequency % cutoff": 0.3,
   "hidden_size": 32,
   "random_state": 7,
   "train_errors": [
      0.07244177907705307,
      0.06460681557655334,
      0.05776861682534218,
      0.05322683975100517,
      0.05072895437479019,
      0.04944021627306938,
      0.04792533814907074,
      0.04768655449151993,
      0.04619470238685608,
      0.04470294341444969,
      0.04260920360684395,
      0.040926992893218994,
      0.03949688374996185,
      0.038375452160835266,
      0.03782213106751442,
      0.03482085093855858,
      0.03382330760359764,
      0.0329095721244812,
      0.03082457184791565,
      0.030237963423132896,
      0.028222139924764633,
      0.02870839089155197,
      0.02687256783246994,
      0.02603938803076744,
      0.02397838421165943,
      0.024063840508461,
      0.022991912439465523,
      0.022115129977464676,
      0.021839309483766556,
      0.02283308655023575,
      0.021923232823610306,
      0.021352972835302353,
      0.02060043439269066,
      0.020847396925091743,
      0.020100751891732216,
      0.020080823451280594,
      0.019991951063275337,
      0.020871203392744064,
      0.020239802077412605,
      0.020878488197922707,
      0.01912515051662922,
      0.01946169137954712,
      0.019142502918839455,
      0.0188142042607069,
      0.01900426857173443,
      0.019148364663124084,
      0.01830911822617054,
      0.01700611785054207,
      0.01809696853160858,
      0.01820584014058113,
      0.016905056312680244,
      0.016700563952326775,
      0.015387894585728645,
      0.01653379201889038,
      0.01572842337191105,
      0.015555603429675102,
      0.015911893919110298,
      0.014681792818009853,
      0.01561442855745554,
      0.016238603740930557,
      0.016359630972146988,
      0.015487773343920708,
      0.01526337955147028,
      0.014716804027557373,
      0.013845259323716164,
      0.014060498215258121,
      0.01334473304450512,
      0.014496044255793095,
      0.014077027328312397,
      0.013078682124614716,
      0.0133043322712183,
      0.013006996363401413,
      0.012034948915243149,
      0.012203316204249859,
      0.012193742208182812,
      0.01177066471427679,
      0.01142770703881979,
      0.012657889164984226,
      0.01205359771847725,
      0.012176335789263248,
      0.010887013748288155,
      0.011788242496550083,
      0.011921782977879047,
      0.012536915950477123,
      0.012296091765165329,
      0.011523262597620487,
      0.010460144840180874,
      0.011681552045047283,
      0.011818156577646732,
      0.012258202768862247,
      0.011042538098990917,
      0.011421077884733677,
      0.01046839077025652,
      0.010074101388454437,
      0.010655602440237999,
      0.011147117242217064,
      0.010847159661352634,
      0.010740463621914387,
      0.01041326392441988,
      0.010966923087835312,
      0.010358833707869053,
      0.010185061022639275,
      0.010377391241490841,
      0.010885090567171574,
      0.010262371972203255,
      0.010724803432822227,
      0.01120512094348669,
      0.010498249903321266,
      0.010758311487734318,
      0.011756622232496738,
      0.009511619806289673,
      0.01067956443876028,
      0.010448027402162552,
      0.01089791115373373,
      0.010550151579082012,
      0.010095114819705486,
      0.010797802358865738,
      0.011041157878935337,
      0.01101028174161911,
      0.00951410923153162,
      0.009626958519220352,
      0.010610081255435944,
      0.010439648292958736,
      0.01052851788699627,
      0.009766091592609882,
      0.009825295768678188,
      0.009043820202350616,
      0.010447711683809757,
      0.009300412610173225,
      0.00934154074639082,
      0.010133793577551842,
      0.008783121593296528,
      0.009897995740175247,
      0.009850955568253994,
      0.008733817376196384,
      0.011128903366625309,
      0.00978002604097128,
      0.009804407134652138,
      0.008806014433503151,
      0.01013373862951994,
      0.009468600153923035,
      0.00950042624026537,
      0.009289735928177834,
      0.010117952711880207,
      0.011092320084571838,
      0.009672502987086773,
      0.009412909857928753,
      0.009172031655907631,
      0.009100895375013351,
      0.009758150205016136,
      0.009961807169020176,
      0.009683314710855484,
      0.011148189194500446,
      0.009450085461139679,
      0.009396008215844631,
      0.009459747932851315,
      0.009795330464839935,
      0.010083157569169998,
      0.009724725037813187,
      0.009452501311898232,
      0.008267290890216827,
      0.009593527764081955,
      0.009343033656477928,
      0.010240552946925163,
      0.010245968587696552,
      0.009144918993115425,
      0.010615267790853977,
      0.008786186575889587,
      0.010096905753016472,
      0.009545394219458103,
      0.010380856692790985,
      0.009310456924140453,
      0.009407717734575272,
      0.00956195592880249,
      0.010045192204415798,
      0.009283829480409622,
      0.010429359041154385,
      0.00949037168174982,
      0.009127593599259853,
      0.008970187045633793,
      0.008702609688043594,
      0.009380105882883072,
      0.01090930961072445,
      0.008870067074894905,
      0.008830709382891655,
      0.008961725048720837,
      0.008915640413761139,
      0.01024196669459343,
      0.009469888173043728,
      0.008382908999919891,
      0.008763857185840607,
      0.008860948495566845,
      0.009750740602612495,
      0.008773714303970337,
      0.009381789714097977,
      0.008809776045382023,
      0.00945314485579729,
      0.00972224771976471,
      0.008122720755636692,
      0.009042374789714813,
      0.010725096799433231,
      0.009076614864170551,
      0.008961738087236881,
      0.008020010776817799,
      0.008796662092208862,
      0.009060593321919441,
      0.009242958389222622,
      0.010012964718043804,
      0.008391182869672775,
      0.008613768965005875,
      0.008890429511666298,
      0.008674590848386288,
      0.008643192239105701,
      0.009753439575433731,
      0.010150857269763947,
      0.00831343699246645,
      0.008038771338760853,
      0.008714821189641953,
      0.009039455093443394,
      0.0082092909142375,
      0.008554366417229176,
      0.008779129944741726,
      0.009570305235683918,
      0.008533140644431114,
      0.007874357514083385,
      0.008373886346817017,
      0.00935819000005722,
      0.008634338155388832,
      0.008600556291639805,
      0.00822542142122984,
      0.008931093849241734,
      0.008591513149440289,
      0.008352759294211864,
      0.008098091930150986,
      0.00800440926104784,
      0.008268898352980614,
      0.009374874643981457,
      0.008526703342795372,
      0.010068481788039207,
      0.009274992160499096,
      0.008791305124759674,
      0.00819810014218092,
      0.008541381917893887,
      0.007678658235818148,
      0.008417774923145771,
      0.009295403957366943,
      0.008652163669466972,
      0.008644134737551212,
      0.008301522582769394,
      0.008734654635190964,
      0.008902236819267273,
      0.008830118924379349,
      0.008907996118068695,
      0.00813322700560093,
      0.009252467192709446,
      0.008155670948326588,
      0.008734350092709064,
      0.008909652009606361,
      0.007729995995759964,
      0.008044739253818989,
      0.008455590344965458,
      0.00876324251294136,
      0.008390455506742,
      0.007800594437867403,
      0.008182577788829803,
      0.00829587783664465,
      0.008214701898396015,
      0.008890503086149693,
      0.007827366702258587,
      0.008586665615439415,
      0.008326944895088673,
      0.008082480169832706,
      0.008072573691606522,
      0.008406412787735462,
      0.008806907571852207,
      0.007721318863332272,
      0.007706733420491219,
      0.008913390338420868,
      0.008138270117342472,
      0.008503971621394157,
