{
   "number_epochs": 300,
   "info_used": "use imputation",
   "perc_full_data": 0.3,
   "n_epochs_no_selection": 0,
   "Frequency % cutoff": 0.3,
   "hidden_size": 32,
   "random_state": 13,
   "train_errors": [
      0.05948019400238991,
      0.05676063150167465,
      0.05537064000964165,
      0.05409254506230354,
      0.0543057918548584,
      0.051914945244789124,
      0.05029071494936943,
      0.04939230903983116,
      0.04691600427031517,
      0.04594653472304344,
      0.043707504868507385,
      0.042243581265211105,
      0.03953225910663605,
      0.03717483952641487,
      0.03431854024529457,
      0.03334779292345047,
      0.03126690909266472,
      0.029694410040974617,
      0.02887795865535736,
      0.027136847376823425,
      0.024974126368761063,
      0.02490677684545517,
      0.024038126692175865,
      0.025177694857120514,
      0.02401859313249588,
      0.02413526363670826,
      0.0234087985008955,
      0.02070344053208828,
      0.020950399339199066,
      0.020994188264012337,
      0.020405953750014305,
      0.02112767845392227,
      0.019982991740107536,
      0.019848130643367767,
      0.018972225487232208,
      0.01802823878824711,
      0.01778811775147915,
      0.01785432919859886,
      0.017988745123147964,
      0.019299721345305443,
      0.017977414652705193,
      0.017350370064377785,
      0.016654519364237785,
      0.01725912280380726,
      0.016354700550436974,
      0.016828345134854317,
      0.016049383208155632,
      0.016375184059143066,
      0.01534563023597002,
      0.015394696034491062,
      0.016501784324645996,
      0.015683326870203018,
      0.015168854035437107,
      0.014684456400573254,
      0.014763270504772663,
      0.016002384945750237,
      0.013991089537739754,
      0.014305785298347473,
      0.014116566628217697,
      0.013500122353434563,
      0.013401279225945473,
      0.013225388713181019,
      0.014006401412189007,
      0.013767531141638756,
      0.013222130946815014,
      0.01437899749726057,
      0.013361536897718906,
      0.014705764129757881,
      0.014622597023844719,
      0.013483722694218159,
      0.012491497211158276,
      0.013050006702542305,
      0.012881922535598278,
      0.012736126780509949,
      0.012779547832906246,
      0.013978480361402035,
      0.013000443577766418,
      0.012303532101213932,
      0.012601924128830433,
      0.011024108156561852,
      0.012493183836340904,
      0.012787940911948681,
      0.014294848777353764,
      0.01237541064620018,
      0.011151148937642574,
      0.01030708383768797,
      0.012853872962296009,
      0.012582734227180481,
      0.011701586656272411,
      0.012526573613286018,
      0.0119410315528512,
      0.012127705849707127,
      0.01157289743423462,
      0.012101448141038418,
      0.012084155343472958,
      0.011626322753727436,
      0.013029522262513638,
      0.011538504622876644,
      0.012057933956384659,
      0.011051208712160587,
      0.012582520954310894,
      0.012133609503507614,
      0.012796150520443916,
      0.012484469451010227,
      0.012310058809816837,
      0.011356576345860958,
      0.011714275926351547,
      0.011146663688123226,
      0.011840999126434326,
      0.011436691507697105,
      0.011800659820437431,
      0.011261601001024246,
      0.012188793160021305,
      0.011694845743477345,
      0.010946829803287983,
      0.011791522614657879,
      0.011093425564467907,
      0.01179161574691534,
      0.01234806701540947,
      0.01108082290738821,
      0.011421109549701214,
      0.011019394733011723,
      0.010673366487026215,
      0.011443113908171654,
      0.010839099064469337,
      0.011259258724749088,
      0.011575883254408836,
      0.011281055398285389,
      0.01093214936554432,
      0.012179026380181313,
      0.011653376743197441,
      0.011817402206361294,
      0.011120690032839775,
      0.011339477263391018,
      0.0111105190590024,
      0.011406042613089085,
      0.011885294690728188,
      0.01053445041179657,
      0.01048869639635086,
      0.01242623571306467,
      0.010664978995919228,
      0.01038072444498539,
      0.009790620766580105,
      0.010571109130978584,
      0.012040692381560802,
      0.011777070350944996,
      0.011207371950149536,
      0.011276669800281525,
      0.009509352967143059,
      0.010691800154745579,
      0.010819529183208942,
      0.010557198897004128,
      0.010816382244229317,
      0.010481256991624832,
      0.01056534331291914,
      0.011387573555111885,
      0.010914326645433903,
      0.010837512090802193,
      0.010763599537312984,
      0.00993880070745945,
      0.012112559750676155,
      0.010548309423029423,
      0.010183035396039486,
      0.010278991423547268,
      0.011633782647550106,
      0.01111291442066431,
      0.010287928394973278,
      0.010682133957743645,
      0.011011718772351742,
      0.011714351363480091,
      0.011113547720015049,
      0.01091777440160513,
      0.010876824147999287,
      0.010993297211825848,
      0.011968460865318775,
      0.012677177786827087,
      0.011084147728979588,
      0.010471281595528126,
      0.010472659021615982,
      0.0117036122828722,
      0.011127911508083344,
      0.01160214189440012,
      0.011155074462294579,
      0.011320643126964569,
      0.010846071876585484,
      0.011242465116083622,
      0.011229277588427067,
      0.010351920500397682,
      0.010017197579145432,
      0.0115088801831007,
      0.01054046954959631,
      0.009383751079440117,
      0.01013766136020422,
      0.010657613165676594,
      0.009624907746911049,
      0.010428367182612419,
      0.011499767191708088,
      0.011802177876234055,
      0.010703922249376774,
      0.009785942733287811,
      0.010457223281264305,
      0.009897330775856972,
      0.01044525671750307,
      0.011029424145817757,
      0.010223204270005226,
      0.011118550784885883,
      0.010500242933630943,
      0.01080657821148634,
      0.01109977439045906,
      0.010560021735727787,
      0.011077885515987873,
      0.0106270220130682,
      0.009265618398785591,
      0.010517822578549385,
      0.009394357912242413,
      0.010543560609221458,
      0.0106295021250844,
      0.010537791065871716,
      0.010567639023065567,
      0.010750755667686462,
      0.010762340389192104,
      0.01115378551185131,
      0.010575007647275925,
      0.010673800483345985,
      0.00929825846105814,
      0.01010871585458517,
      0.01005555596202612,
      0.011241558007895947,
      0.010718721896409988,
      0.009889933280646801,
      0.009903330355882645,
      0.010591845028102398,
      0.010223164223134518,
      0.009889132343232632,
      0.010270856320858002,
      0.010540294460952282,
      0.01034656073898077,
      0.010710532777011395,
      0.010442474856972694,
      0.010825649835169315,
      0.009577464312314987,
      0.0106059480458498,
      0.01003305520862341,
      0.009204617701470852,
      0.010337856598198414,
      0.009980903938412666,
      0.00963074341416359,
      0.010218759067356586,
      0.009878184646368027,
      0.010469363071024418,
      0.009915596805512905,
      0.01017543114721775,
      0.010019606910645962,
      0.010734188370406628,
      0.010967989452183247,
      0.010623963549733162,
      0.010910053737461567,
      0.01019654143601656,
      0.009701319970190525,
      0.009931227192282677,
      0.009394347667694092,
      0.010371490381658077,
      0.010663937777280807,
      0.009372941218316555,
      0.009759899228811264,
      0.009624064899981022,
      0.00964086502790451,
      0.009579424746334553,
      0.01064392738044262,
      0.009854820556938648,
      0.010310421697795391,
      0.009133312851190567,
      0.010803096927702427,
      0.008747910149395466,
      0.009208898060023785,
      0.008954128250479698,
      0.00918184220790863,
      0.009298194199800491,
      0.009340011514723301,
      0.01001201942563057,
