{
   "number_epochs": 300,
   "info_used": "use imputation",
   "perc_full_data": 0.3,
   "n_epochs_no_selection": 0,
   "Frequency % cutoff": 0.3,
   "hidden_size": 32,
   "random_state": 5,
   "train_errors": [
      0.06202801316976547,
      0.056979503482580185,
      0.053310588002204895,
      0.050826460123062134,
      0.049507129937410355,
      0.04877087101340294,
      0.04830189421772957,
      0.04755187779664993,
      0.04716987535357475,
      0.046155285090208054,
      0.04525640979409218,
      0.04434036463499069,
      0.043374933302402496,
      0.042210377752780914,
      0.041160568594932556,
      0.039895281195640564,
      0.03818029910326004,
      0.036296017467975616,
      0.03419055417180061,
      0.03239113464951515,
      0.030469857156276703,
      0.028489137068390846,
      0.026286549866199493,
      0.025335602462291718,
      0.023546462878584862,
      0.02238902449607849,
      0.020465554669499397,
      0.01989072933793068,
      0.01939254440367222,
      0.018395299091935158,
      0.018173495307564735,
      0.017768189311027527,
      0.016952695325016975,
      0.016658298671245575,
      0.016675030812621117,
      0.015912458300590515,
      0.015381721779704094,
      0.015286557376384735,
      0.01427876204252243,
      0.014424088411033154,
      0.014092346653342247,
      0.01403719186782837,
      0.013939891941845417,
      0.014204776845872402,
      0.013592232018709183,
      0.01307686511427164,
      0.013753264211118221,
      0.012981037609279156,
      0.012844609096646309,
      0.01328369416296482,
      0.012710080482065678,
      0.012592819519340992,
      0.012859532609581947,
      0.012496303766965866,
      0.013258964754641056,
      0.012345629744231701,
      0.01234455220401287,
      0.012026951648294926,
      0.01185899693518877,
      0.012015429325401783,
      0.010536366142332554,
      0.012253893539309502,
      0.011770321987569332,
      0.011024735867977142,
      0.010408337228000164,
      0.011159109883010387,
      0.010937562212347984,
      0.01102494727820158,
      0.010539920069277287,
      0.01061700377613306,
      0.010709057562053204,
      0.011328024789690971,
      0.010861195623874664,
      0.010459907352924347,
      0.010540108196437359,
      0.01092411670833826,
      0.01031169481575489,
      0.010315255261957645,
      0.010072841309010983,
      0.010424606502056122,
      0.010088007897138596,
      0.009879225865006447,
      0.01030888594686985,
      0.010239213705062866,
      0.009163604117929935,
      0.01067263726145029,
      0.00960872694849968,
      0.010659875348210335,
      0.009503851644694805,
      0.009628322906792164,
      0.009458117187023163,
      0.008735062554478645,
      0.009976941160857677,
      0.009981997311115265,
      0.009846094064414501,
      0.009180168621242046,
      0.009829655289649963,
      0.009256234392523766,
      0.009153761900961399,
      0.00911045167595148,
      0.008913069032132626,
      0.00926589872688055,
      0.009762299247086048,
      0.009059231728315353,
      0.009242599830031395,
      0.009356360882520676,
      0.009595965035259724,
      0.008767899125814438,
      0.009452013298869133,
      0.009747307747602463,
      0.009134280495345592,
      0.008816326968371868,
      0.009712434373795986,
      0.00909718032926321,
      0.008396615274250507,
      0.009429512545466423,
      0.009296149015426636,
      0.008746743202209473,
      0.009198700077831745,
      0.008733714930713177,
      0.009051473811268806,
      0.008333063684403896,
      0.008930576965212822,
      0.008232311345636845,
      0.008639855310320854,
      0.008729727938771248,
      0.008657618425786495,
      0.009193720296025276,
      0.008549612946808338,
      0.00829945970326662,
      0.00892622023820877,
      0.009644336067140102,
      0.009075108915567398,
      0.009210309013724327,
      0.008444048464298248,
      0.00899985246360302,
      0.007918601855635643,
      0.00879685953259468,
      0.008138823322951794,
      0.008984586223959923,
      0.008593608625233173,
      0.008892168290913105,
      0.0091093173250556,
      0.007667194120585918,
      0.008656109683215618,
      0.009042037650942802,
      0.0078332694247365,
      0.00901767797768116,
      0.008347681723535061,
      0.009087365120649338,
      0.008186379447579384,
      0.00865856185555458,
      0.007502924185246229,
      0.00888599082827568,
      0.007812009193003178,
      0.008029745891690254,
      0.00880227331072092,
      0.008309822529554367,
      0.00842160452157259,
      0.008582629263401031,
      0.007773370947688818,
      0.007913673296570778,
      0.00839513260871172,
      0.008959480561316013,
      0.0077135576866567135,
      0.007942134514451027,
      0.00880502164363861,
      0.008117550052702427,
      0.007651457097381353,
      0.007888467982411385,
      0.007982577197253704,
      0.008094561286270618,
      0.008452269248664379,
      0.008443123660981655,
      0.008503265678882599,
      0.008065581321716309,
      0.00873453076928854,
      0.008201541379094124,
      0.007604503072798252,
      0.008780980482697487,
      0.008040329441428185,
      0.007717674598097801,
      0.008222068659961224,
      0.008446434512734413,
      0.008247585967183113,
      0.008658894337713718,
      0.00845077820122242,
      0.007998540066182613,
      0.008451701141893864,
      0.007615100592374802,
      0.007759490516036749,
      0.007734688464552164,
      0.006927484180778265,
      0.007723693735897541,
      0.008054223842918873,
      0.007494085934013128,
      0.008142790757119656,
      0.007909285835921764,
      0.008165297098457813,
      0.008915549144148827,
      0.008343495428562164,
      0.008146758191287518,
      0.00835715513676405,
      0.008489456959068775,
      0.00785112101584673,
      0.008204018697142601,
      0.008012727834284306,
      0.008196850307285786,
      0.008700721897184849,
      0.008012738078832626,
      0.007178656291216612,
      0.007948433049023151,
      0.00875198096036911,
      0.008548377081751823,
      0.008039689622819424,
      0.007442927919328213,
      0.007305236998945475,
      0.008620907552540302,
      0.007178129628300667,
      0.007730476092547178,
      0.00805553887039423,
      0.007925942540168762,
      0.008610017597675323,
      0.0073928735218942165,
      0.007612945046275854,
      0.007044006139039993,
      0.007339864037930965,
      0.007231400813907385,
      0.00720193050801754,
      0.00804764125496149,
      0.007796811871230602,
      0.009113132022321224,
      0.007526819594204426,
      0.008161681704223156,
      0.006999310106039047,
      0.0071020908653736115,
      0.00745380437001586,
      0.008026114664971828,
      0.008029979653656483,
      0.008487580344080925,
      0.007287084124982357,
      0.008882567286491394,
      0.006945062428712845,
      0.0072973077185451984,
      0.007857108488678932,
      0.0070859892293810844,
      0.007528664078563452,
      0.007130410522222519,
      0.007412700913846493,
      0.007331312634050846,
      0.007154130842536688,
      0.00745126698166132,
      0.0073952325619757175,
      0.0073951780796051025,
      0.0071896743029356,
      0.007811795920133591,
      0.007838875986635685,
      0.007829356007277966,
      0.007560007739812136,
      0.007424691691994667,
      0.006986220832914114,
      0.007618572562932968,
      0.007682322058826685,
      0.00817444920539856,
      0.008539502508938313,
      0.006986428517848253,
      0.007214205339550972,
      0.007599241100251675,
      0.007927588187158108,
      0.008191091008484364,
      0.0076039014384150505,
      0.007372695952653885,
      0.007174780126661062,
      0.007360282354056835,
      0.007665893062949181,
      0.007486759219318628,
      0.006726013496518135,
      0.0067900107242167,
      0.007575151044875383,
