{
   "number_epochs": 300,
   "info_used": "use imputation",
   "perc_full_data": 0.3,
   "n_epochs_no_selection": 0,
   "Frequency % cutoff": 0.3,
   "hidden_size": 32,
   "random_state": 0,
   "train_errors": [
      0.05735357850790024,
      0.05385442078113556,
      0.051346249878406525,
      0.051051147282123566,
      0.04967759549617767,
      0.048695508390665054,
      0.047938279807567596,
      0.0460822656750679,
      0.044882070273160934,
      0.04389122128486633,
      0.04251742362976074,
      0.040690891444683075,
      0.039721615612506866,
      0.03735758736729622,
      0.035487208515405655,
      0.03327866643667221,
      0.0315086804330349,
      0.030224312096834183,
      0.027875730767846107,
      0.026531431823968887,
      0.025514420121908188,
      0.023033343255519867,
      0.022061409428715706,
      0.02126455120742321,
      0.019872047007083893,
      0.019394345581531525,
      0.019760483875870705,
      0.017828648909926414,
      0.018769003450870514,
      0.018030863255262375,
      0.018615111708641052,
      0.017634358257055283,
      0.017152581363916397,
      0.01701064221560955,
      0.01624426804482937,
      0.015851890668272972,
      0.016375433653593063,
      0.015544040128588676,
      0.014992588199675083,
      0.014499579556286335,
      0.014700928702950478,
      0.014679689891636372,
      0.01415125373750925,
      0.013499126769602299,
      0.014017351903021336,
      0.014329715631902218,
      0.013014781288802624,
      0.013397365808486938,
      0.013276718556880951,
      0.012144782580435276,
      0.013149951584637165,
      0.01206031534820795,
      0.0123692462220788,
      0.011909224092960358,
      0.0123435128480196,
      0.011682585813105106,
      0.01164479460567236,
      0.011927817948162556,
      0.012408772483468056,
      0.012097637169063091,
      0.011755691841244698,
      0.010472767986357212,
      0.011716761626303196,
      0.010443126782774925,
      0.010370373725891113,
      0.011332682333886623,
      0.010203300975263119,
      0.011355969123542309,
      0.011020919308066368,
      0.010447785258293152,
      0.009863338433206081,
      0.010741695761680603,
      0.010813476517796516,
      0.010816319845616817,
      0.010575642809271812,
      0.00971872080117464,
      0.010182120837271214,
      0.010037150233983994,
      0.010259467177093029,
      0.009866852313280106,
      0.008866087533533573,
      0.009127647615969181,
      0.008783883415162563,
      0.009818115271627903,
      0.009318608790636063,
      0.009295477531850338,
      0.010201143100857735,
      0.009169049561023712,
      0.00940618570894003,
      0.009411551989614964,
      0.00976821593940258,
      0.0088910898193717,
      0.009753265418112278,
      0.009431243874132633,
      0.009071792475879192,
      0.008527937345206738,
      0.00889681652188301,
      0.009044261649250984,
      0.009146912023425102,
      0.008905257098376751,
      0.009407777339220047,
      0.00889823492616415,
      0.009028006345033646,
      0.009734700433909893,
      0.009377880021929741,
      0.00868111290037632,
      0.009000195190310478,
      0.009621300734579563,
      0.008473213762044907,
      0.009892528876662254,
      0.008329451084136963,
      0.009331229142844677,
      0.008101601153612137,
      0.00879500899463892,
      0.008174692280590534,
      0.008483772166073322,
      0.009516221471130848,
      0.00888135563582182,
      0.00810585543513298,
      0.008868093602359295,
      0.008096521720290184,
      0.00859049241989851,
      0.008678317070007324,
      0.008365493267774582,
      0.008197998628020287,
      0.008518361486494541,
      0.008648330345749855,
      0.008163160644471645,
      0.007762164808809757,
      0.009398052468895912,
      0.007802803535014391,
      0.00866243988275528,
      0.008085275068879128,
      0.0074329674243927,
      0.00789232924580574,
      0.0073601738549768925,
      0.007399094291031361,
      0.00779819255694747,
      0.008263361640274525,
      0.008820629678666592,
      0.008398786187171936,
      0.009549262002110481,
      0.007704423274844885,
      0.008494415320456028,
      0.00811484083533287,
      0.008209998719394207,
      0.00825846940279007,
      0.006903613917529583,
      0.008165604434907436,
      0.00793478824198246,
      0.008061215281486511,
      0.008340018801391125,
      0.007373306900262833,
      0.007924350909888744,
      0.008545777760446072,
      0.008896919898688793,
      0.00806401390582323,
      0.00796249508857727,
      0.007996519096195698,
      0.007266557309776545,
      0.008395030163228512,
      0.007367002312093973,
      0.007249169051647186,
      0.0072534289211034775,
      0.007554466836154461,
      0.007703097071498632,
      0.0075262985192239285,
      0.007319181691855192,
      0.008274860680103302,
      0.008060669526457787,
      0.006755100097507238,
      0.007187024690210819,
      0.007532163523137569,
      0.007862948812544346,
      0.007643098942935467,
      0.0073069254867732525,
      0.007083228789269924,
      0.007004234939813614,
      0.008580372668802738,
      0.007688854821026325,
      0.007508163806051016,
      0.007078215014189482,
      0.008044718764722347,
      0.007613996509462595,
      0.007121098227798939,
      0.007103475742042065,
      0.006915323901921511,
      0.006601812317967415,
      0.007876160554587841,
      0.007258500438183546,
      0.007578122429549694,
      0.007444198243319988,
      0.007854500785470009,
      0.006978436838835478,
      0.006963791325688362,
      0.007187317591160536,
      0.0074749961495399475,
      0.007581597659736872,
      0.0064908885397017,
      0.006621482316404581,
      0.006779154296964407,
      0.006997318938374519,
      0.007478813640773296,
      0.007999093271791935,
      0.007638828828930855,
      0.007393697742372751,
      0.0070858667604625225,
      0.006668828893452883,
      0.006776412948966026,
      0.007796770427376032,
      0.007101716939359903,
      0.006848401855677366,
      0.007135951891541481,
      0.005963586270809174,
      0.00727857043966651,
      0.006159049924463034,
      0.006174460053443909,
      0.007393730338662863,
      0.006130701396614313,
      0.006752325221896172,
      0.006937363184988499,
      0.006641075015068054,
      0.00629010796546936,
      0.006840928457677364,
      0.006298143416643143,
      0.006587594747543335,
      0.006929811090230942,
      0.006955765187740326,
      0.006863582879304886,
      0.005825098138302565,
      0.00595778226852417,
      0.006912920158356428,
      0.005533874500542879,
      0.005696792621165514,
      0.005851246416568756,
      0.006869495380669832,
      0.0068056597374379635,
      0.00664373766630888,
      0.007626780774444342,
      0.007029970642179251,
      0.0058873482048511505,
      0.006255173124372959,
      0.005971860606223345,
      0.006329888943582773,
      0.006547986529767513,
      0.007010231725871563,
      0.005790526978671551,
      0.006960913073271513,
      0.006092899478971958,
      0.006173522677272558,
      0.006008153781294823,
      0.006644444074481726,
      0.0062769316136837006,
      0.006412044633179903,
      0.006993202492594719,
      0.007200401276350021,
      0.005843697115778923,
      0.006017257459461689,
      0.005567942280322313,
      0.006259681191295385,
      0.00619440246373415,
      0.006281121633946896,
      0.006429128348827362,
      0.006331741809844971,
      0.006042605731636286,
      0.005767515394836664,
      0.006497117690742016,
      0.005429365206509829,
      0.006909517105668783,
      0.006313377525657415,
      0.006700805854052305,
      0.0061272261664271355,
      0.005589673761278391,
      0.005618005525320768,
      0.005732261575758457,
      0.005391648970544338,
      0.0055550686083734035,
      0.006621434818953276,
      0.005676580127328634,
