{
   "number_epochs": 300,
   "info_used": "use imputation",
   "perc_full_data": 0.3,
   "n_epochs_no_selection": 0,
   "Frequency % cutoff": 0.3,
   "hidden_size": 32,
   "random_state": 10,
   "train_errors": [
      0.04291754215955734,
      0.041767071932554245,
      0.04128146916627884,
      0.04032127186655998,
      0.03925169259309769,
      0.038691576570272446,
      0.03829468786716461,
      0.03734612837433815,
      0.03626173734664917,
      0.03481210023164749,
      0.03324373811483383,
      0.03286482021212578,
      0.03173663839697838,
      0.030737251043319702,
      0.028950819745659828,
      0.02752765081822872,
      0.027081450447440147,
      0.025793135166168213,
      0.02563081495463848,
      0.023839304223656654,
      0.023450063541531563,
      0.023769162595272064,
      0.02268371544778347,
      0.022435015067458153,
      0.02190815657377243,
      0.021561913192272186,
      0.020594045519828796,
      0.019915902987122536,
      0.020425383001565933,
      0.020214850082993507,
      0.018930062651634216,
      0.019633222371339798,
      0.018546126782894135,
      0.01958250254392624,
      0.019654883071780205,
      0.01969873532652855,
      0.018865931779146194,
      0.019229652360081673,
      0.018298139795660973,
      0.019225411117076874,
      0.018117502331733704,
      0.017431924119591713,
      0.01712600700557232,
      0.016460536047816277,
      0.016559980809688568,
      0.017033161595463753,
      0.016628146171569824,
      0.016684360802173615,
      0.015988469123840332,
      0.015498298220336437,
      0.01692672073841095,
      0.015245230868458748,
      0.016086256131529808,
      0.0161565113812685,
      0.015745989978313446,
      0.015305479988455772,
      0.014485265128314495,
      0.015660736709833145,
      0.014464562758803368,
      0.013790196739137173,
      0.01387975737452507,
      0.014945133589208126,
      0.014210620895028114,
      0.014107380993664265,
      0.013232004828751087,
      0.01321924664080143,
      0.01404607854783535,
      0.01296548917889595,
      0.013741198927164078,
      0.014718204736709595,
      0.013783532194793224,
      0.013663066551089287,
      0.0129006989300251,
      0.014049136079847813,
      0.014147397130727768,
      0.01389309298247099,
      0.0130221052095294,
      0.013221941888332367,
      0.01415331568568945,
      0.012828998267650604,
      0.013192414306104183,
      0.014532279223203659,
      0.013534936122596264,
      0.013175000436604023,
      0.013331982307136059,
      0.012838630005717278,
      0.013122664764523506,
      0.012100125662982464,
      0.013312720693647861,
      0.012457305565476418,
      0.012357670813798904,
      0.012208041734993458,
      0.01303023099899292,
      0.012592179700732231,
      0.012426258996129036,
      0.01202384103089571,
      0.012194095179438591,
      0.01248439121991396,
      0.012571234256029129,
      0.013605969026684761,
      0.01284467987716198,
      0.012242874130606651,
      0.012014941312372684,
      0.012183929793536663,
      0.01194340642541647,
      0.01227672677487135,
      0.011520675383508205,
      0.012255623005330563,
      0.011641970835626125,
      0.011062601581215858,
      0.01182220783084631,
      0.01143313106149435,
      0.011754357255995274,
      0.012307293713092804,
      0.01206093467772007,
      0.01173942070454359,
      0.011675318703055382,
      0.011943649500608444,
      0.011795944534242153,
      0.011886760592460632,
      0.011204619891941547,
      0.0115739107131958,
      0.01166025921702385,
      0.011213053949177265,
      0.011333038099110126,
      0.010945689864456654,
      0.011533324606716633,
      0.010748700238764286,
      0.011389252729713917,
      0.010909048840403557,
      0.011559536680579185,
      0.011301569640636444,
      0.010624721646308899,
      0.01180164236575365,
      0.010837075300514698,
      0.011274105869233608,
      0.010628108866512775,
      0.01119956560432911,
      0.010985443368554115,
      0.011112874373793602,
      0.011067810468375683,
      0.010493583045899868,
      0.011379781179130077,
      0.011124842800199986,
      0.011182536371052265,
      0.010932281613349915,
      0.011712771840393543,
      0.011292858049273491,
      0.010933108627796173,
      0.0115281380712986,
      0.011397961527109146,
      0.010426766239106655,
      0.010542088188230991,
      0.011354101821780205,
      0.010401683859527111,
      0.012211490422487259,
      0.01069052517414093,
      0.011229689233005047,
      0.011169396340847015,
      0.01201276108622551,
      0.010541745461523533,
      0.01044068019837141,
      0.010271786712110043,
      0.011668681167066097,
      0.01052230317145586,
      0.010859000496566296,
      0.010682396590709686,
      0.01086757518351078,
      0.011552052572369576,
      0.010479358024895191,
      0.010715775191783905,
      0.010574940592050552,
      0.011056185699999332,
      0.010904139839112759,
      0.010514620691537857,
      0.011025174520909786,
      0.010876278392970562,
      0.011101451702415943,
      0.011484416201710701,
      0.009804493747651577,
      0.009953661821782589,
      0.010534130968153477,
      0.010860253125429153,
      0.010646621696650982,
      0.010345440357923508,
      0.010985289700329304,
      0.009470336139202118,
      0.010924633592367172,
      0.009613034315407276,
      0.010918989777565002,
      0.01110648363828659,
      0.010610697790980339,
      0.010661065578460693,
      0.010266472585499287,
      0.010373630560934544,
      0.010670341551303864,
      0.009978055022656918,
      0.01051573920994997,
      0.010711577720940113,
      0.009756598621606827,
      0.011053202673792839,
      0.010499595664441586,
      0.010796982795000076,
      0.010646249167621136,
      0.010579163208603859,
      0.010358387604355812,
      0.011190786957740784,
      0.01068361196666956,
      0.010362047702074051,
      0.009849620051681995,
      0.010236475616693497,
      0.009241710416972637,
      0.009956675581634045,
      0.010768619365990162,
      0.009683673270046711,
      0.010427100583910942,
      0.010072608478367329,
      0.010439591482281685,
      0.010839710012078285,
      0.009619413875043392,
      0.009596386924386024,
      0.00916567724198103,
      0.010312233120203018,
      0.010510663501918316,
      0.009866173379123211,
      0.00925667304545641,
      0.009965920820832253,
      0.011093712411820889,
      0.010372843593358994,
      0.00996699184179306,
      0.008917564526200294,
      0.009890927001833916,
      0.010427380912005901,
      0.009993412531912327,
      0.009919987991452217,
      0.01061988715082407,
      0.01072822604328394,
      0.010470881126821041,
      0.009662789292633533,
      0.009552658535540104,
      0.01136837899684906,
      0.009389890357851982,
      0.009643014520406723,
      0.0095618711784482,
      0.010408413596451283,
      0.010023225098848343,
      0.009604747407138348,
      0.009273535571992397,
      0.010372227989137173,
      0.009999966248869896,
      0.009120018221437931,
      0.010019440203905106,
      0.010196155868470669,
      0.010398165322840214,
      0.01055243331938982,
      0.009244936518371105,
      0.009965640492737293,
      0.009541206993162632,
      0.009810211136937141,
      0.009593081660568714,
      0.00902374368160963,
      0.00975250918418169,
      0.010179341770708561,
      0.008923535235226154,
      0.009802339598536491,
      0.00910109095275402,
      0.00955257285386324,
      0.009124805219471455,
      0.010332148522138596,
      0.009248300455510616,
      0.009884142316877842,
      0.011031745932996273,
      0.008821594528853893,
      0.009282016195356846,
      0.009058337658643723,
      0.009343183599412441,
      0.009135174565017223,
      0.009237310849130154,
      0.008795952424407005,
      0.009226500988006592,
