{
   "number_epochs": 300,
   "info_used": "use imputation",
   "perc_full_data": 0.3,
   "n_epochs_no_selection": 0,
   "Frequency % cutoff": 0.3,
   "hidden_size": 32,
   "random_state": 12,
   "train_errors": [
      0.04757145792245865,
      0.042611103504896164,
      0.040860723704099655,
      0.040319204330444336,
      0.039703935384750366,
      0.0389879010617733,
      0.03827231377363205,
      0.037487439811229706,
      0.03728391230106354,
      0.03688785433769226,
      0.03518378734588623,
      0.0347299687564373,
      0.033683162182569504,
      0.032155003398656845,
      0.03171158209443092,
      0.030161652714014053,
      0.029411399737000465,
      0.028087636455893517,
      0.028010711073875427,
      0.026430411264300346,
      0.02510860376060009,
      0.024763323366642,
      0.023066991940140724,
      0.022314690053462982,
      0.021945958957076073,
      0.022154103964567184,
      0.019885888323187828,
      0.020543262362480164,
      0.018976515159010887,
      0.01776089332997799,
      0.018086811527609825,
      0.01737130805850029,
      0.016535185277462006,
      0.016536567360162735,
      0.016419406980276108,
      0.014747550711035728,
      0.015123661607503891,
      0.014334036968648434,
      0.014407447539269924,
      0.014069724828004837,
      0.014511493034660816,
      0.013283398002386093,
      0.013923618011176586,
      0.012371024116873741,
      0.012559203431010246,
      0.012566880322992802,
      0.011986518278717995,
      0.012666447088122368,
      0.011345717124640942,
      0.01274267490953207,
      0.011240718886256218,
      0.011923897080123425,
      0.01040163915604353,
      0.010236771777272224,
      0.012032857164740562,
      0.011425059288740158,
      0.010973225347697735,
      0.01052777748554945,
      0.010791264474391937,
      0.010654334910213947,
      0.010272555984556675,
      0.010909255594015121,
      0.010445713065564632,
      0.009962698444724083,
      0.010484925471246243,
      0.010251105763018131,
      0.010098660364747047,
      0.009376472793519497,
      0.00956561416387558,
      0.009713691659271717,
      0.009935399517416954,
      0.009471931494772434,
      0.00920703075826168,
      0.009254013188183308,
      0.008956191129982471,
      0.00939229130744934,
      0.009637664072215557,
      0.009258408099412918,
      0.009042332880198956,
      0.009256694465875626,
      0.008696753531694412,
      0.008316770195960999,
      0.009299672208726406,
      0.009124331176280975,
      0.008510032668709755,
      0.008250389248132706,
      0.008441424928605556,
      0.009276878088712692,
      0.008795213885605335,
      0.008880071341991425,
      0.009108992293477058,
      0.008480057120323181,
      0.008552368730306625,
      0.010025090537965298,
      0.008756676688790321,
      0.00853902380913496,
      0.0081032058224082,
      0.008398544043302536,
      0.008009770885109901,
      0.008457179181277752,
      0.008762105368077755,
      0.008590121753513813,
      0.008222776465117931,
      0.008564427495002747,
      0.008091394789516926,
      0.009131656028330326,
      0.007945140823721886,
      0.008863146416842937,
      0.007402861025184393,
      0.0074696228839457035,
      0.009043742902576923,
      0.007778523024171591,
      0.008083843626081944,
      0.009303059428930283,
      0.007983134128153324,
      0.008175683207809925,
      0.007413866464048624,
      0.008119236677885056,
      0.00863652303814888,
      0.008029480464756489,
      0.007878548465669155,
      0.007891782559454441,
      0.008294071070849895,
      0.007863163948059082,
      0.007734269835054874,
      0.007763167843222618,
      0.007318376563489437,
      0.007454343605786562,
      0.007128377910703421,
      0.00878672394901514,
      0.008046824485063553,
      0.00820362102240324,
      0.0086430124938488,
      0.008039957843720913,
      0.007630669977515936,
      0.007712699472904205,
      0.007735323626548052,
      0.008004826493561268,
      0.007779568433761597,
      0.007310104556381702,
      0.007824660278856754,
      0.007443155627697706,
      0.007480365224182606,
      0.006175672169774771,
      0.007525402121245861,
      0.006881149020045996,
      0.007447652518749237,
      0.006828933954238892,
      0.007694462314248085,
      0.006884467788040638,
      0.007643396966159344,
      0.007679895963519812,
      0.00846963282674551,
      0.007378830574452877,
      0.008724614046514034,
      0.007645612582564354,
      0.008636072278022766,
      0.007695370353758335,
      0.007279186509549618,
      0.007127892225980759,
      0.007684200536459684,
      0.007617764174938202,
      0.006714969873428345,
      0.006734035909175873,
      0.007753124460577965,
      0.006989412475377321,
      0.0072028120048344135,
      0.007284055929630995,
      0.007572328206151724,
      0.007654631044715643,
      0.006871990859508514,
      0.006869116332381964,
      0.007067746948450804,
      0.006921004969626665,
      0.00789989996701479,
      0.0077081662602722645,
      0.007035898510366678,
      0.007503810338675976,
      0.006924949586391449,
      0.007219946011900902,
      0.006625059526413679,
      0.006659394595772028,
      0.00719181215390563,
      0.006598537787795067,
      0.007508932612836361,
      0.006924725137650967,
      0.006989654153585434,
      0.007255914621055126,
      0.007766474038362503,
      0.007635052315890789,
      0.007197082974016666,
      0.0076788305304944515,
      0.007292466703802347,
      0.007292399648576975,
      0.006212751846760511,
      0.007166574243456125,
      0.006850565318018198,
      0.007977386005222797,
      0.006925784982740879,
      0.007483786903321743,
      0.006284542381763458,
      0.0075987535528838634,
      0.0075728935189545155,
      0.006797464098781347,
      0.006983986124396324,
      0.006324045825749636,
      0.007505968678742647,
      0.006267591379582882,
      0.006434421520680189,
      0.0071326689794659615,
      0.006504841148853302,
      0.00596936559304595,
      0.0068713282234966755,
      0.0070982323959469795,
      0.006789344362914562,
      0.007599069271236658,
      0.006307902745902538,
      0.0073588453233242035,
      0.0063230120576918125,
      0.006640355568379164,
      0.006767074577510357,
      0.006651696749031544,
      0.006219221744686365,
      0.006423246581107378,
      0.0062920511700212955,
      0.0070637548342347145,
      0.0065371571108698845,
      0.00808312464505434,
      0.006208779755979776,
      0.006069696042686701,
      0.0067269569262862206,
      0.006669687572866678,
      0.006936503108590841,
      0.007098329719156027,
      0.0061457534320652485,
      0.006925365887582302,
      0.007036501541733742,
      0.007059146650135517,
      0.006606813054531813,
      0.007328197825700045,
      0.006702704820781946,
      0.006493135821074247,
      0.00717252679169178,
      0.006742709781974554,
      0.006697669625282288,
      0.006477763410657644,
      0.006596358958631754,
      0.006587039679288864,
      0.005649198777973652,
      0.005321201402693987,
      0.006400936283171177,
      0.007475818041712046,
      0.005899957846850157,
      0.006521363742649555,
      0.006171729415655136,
      0.005874308291822672,
      0.006439193617552519,
      0.006895895581692457,
      0.006223240401595831,
      0.006611356977373362,
      0.007088144775480032,
      0.0060296570882201195,
      0.006522039417177439,
      0.006735153030604124,
      0.006659095175564289,
      0.006435892079025507,
      0.005591672379523516,
      0.006830684840679169,
      0.00561038963496685,
      0.006355869118124247,
      0.0060461596585810184,
      0.006102691404521465,
      0.006252252031117678,
      0.0059770760126411915,
      0.007570541463792324,
      0.005824146326631308,
      0.006070620846003294,
      0.00622775312513113,
