{
   "number_epochs": 300,
   "info_used": "use imputation",
   "perc_full_data": 0.3,
   "n_epochs_no_selection": 0,
   "Frequency % cutoff": 0.3,
   "hidden_size": 32,
   "random_state": 8,
   "train_errors": [
      0.08583267033100128,
      0.07536836713552475,
      0.06833655387163162,
      0.06304991245269775,
      0.06044745445251465,
      0.05851329490542412,
      0.05769548565149307,
      0.056478455662727356,
      0.057027801871299744,
      0.05422807112336159,
      0.052235960960388184,
      0.05103956162929535,
      0.05078106373548508,
      0.048524241894483566,
      0.04746658354997635,
      0.04475811496376991,
      0.04272192716598511,
      0.04081214591860771,
      0.03925883024930954,
      0.037643834948539734,
      0.03565439209342003,
      0.033242519944906235,
      0.03174063563346863,
      0.03094763122498989,
      0.030627913773059845,
      0.028033042326569557,
      0.028830109164118767,
      0.027301056310534477,
      0.027872856706380844,
      0.027452735230326653,
      0.025855178013443947,
      0.026461394503712654,
      0.026415634900331497,
      0.02549862675368786,
      0.02379871904850006,
      0.02362532913684845,
      0.02396996133029461,
      0.025719527155160904,
      0.024352554231882095,
      0.02343982458114624,
      0.0235431008040905,
      0.02303898334503174,
      0.0232999324798584,
      0.020145120099186897,
      0.02194279432296753,
      0.020448163151741028,
      0.02079075761139393,
      0.020015407353639603,
      0.020744092762470245,
      0.019938992336392403,
      0.020088190212845802,
      0.01924857497215271,
      0.019409064203500748,
      0.020451193675398827,
      0.01772536337375641,
      0.017963465303182602,
      0.017399771139025688,
      0.019335446879267693,
      0.017207486554980278,
      0.017201604321599007,
      0.01821807399392128,
      0.017950840294361115,
      0.016470573842525482,
      0.017646677792072296,
      0.016432354226708412,
      0.01594695635139942,
      0.016733886674046516,
      0.016257673501968384,
      0.016153523698449135,
      0.01628103107213974,
      0.015871809795498848,
      0.015548011288046837,
      0.016036035493016243,
      0.015334665775299072,
      0.015711167827248573,
      0.01499935146421194,
      0.014351286925375462,
      0.015008972957730293,
      0.013594084419310093,
      0.014425918459892273,
      0.01563883386552334,
      0.014512854628264904,
      0.014509380795061588,
      0.014823535457253456,
      0.014208420179784298,
      0.014608943834900856,
      0.014581799507141113,
      0.014826763421297073,
      0.014046926982700825,
      0.014385807327926159,
      0.014768468216061592,
      0.013797188177704811,
      0.013358726166188717,
      0.013756236992776394,
      0.014571323990821838,
      0.013185764662921429,
      0.0134657621383667,
      0.012939253821969032,
      0.013383843004703522,
      0.013358697295188904,
      0.012792691588401794,
      0.014535426162183285,
      0.012388346716761589,
      0.012385002337396145,
      0.013681801036000252,
      0.013882244005799294,
      0.011627666652202606,
      0.01339603029191494,
      0.013147300109267235,
      0.013591136783361435,
      0.011908297426998615,
      0.013014466501772404,
      0.012211962603032589,
      0.012057517655193806,
      0.013116829097270966,
      0.012561386451125145,
      0.012837683781981468,
      0.012155380100011826,
      0.011958703398704529,
      0.012530036270618439,
      0.012633572332561016,
      0.012558693997561932,
      0.011493181809782982,
      0.012597949244081974,
      0.012254958041012287,
      0.011006755754351616,
      0.012894992716610432,
      0.012002178467810154,
      0.012132668867707253,
      0.012065947987139225,
      0.01203898899257183,
      0.012369196861982346,
      0.011561797000467777,
      0.013179177418351173,
      0.011406630277633667,
      0.011366024613380432,
      0.011675314977765083,
      0.011663753539323807,
      0.011953611858189106,
      0.011529803276062012,
      0.011324222199618816,
      0.011298836208879948,
      0.011472702026367188,
      0.011804166249930859,
      0.011474273167550564,
      0.011231284588575363,
      0.012250991538167,
      0.011768786236643791,
      0.012684760615229607,
      0.010747799649834633,
      0.01112218014895916,
      0.012100284919142723,
      0.010936729609966278,
      0.010354981757700443,
      0.01077869813889265,
      0.012042050249874592,
      0.0119114825502038,
      0.010677444748580456,
      0.010424653068184853,
      0.011262106709182262,
      0.010746913962066174,
      0.010183222591876984,
      0.010420037433505058,
      0.010209077037870884,
      0.012058883905410767,
      0.010495273396372795,
      0.010588245466351509,
      0.009899585507810116,
      0.010548397898674011,
      0.011097651906311512,
      0.011135240085422993,
      0.010434120893478394,
      0.011028341948986053,
      0.010609583929181099,
      0.010103852488100529,
      0.010015725158154964,
      0.00999465212225914,
      0.010446025058627129,
      0.010378086939454079,
      0.010058926418423653,
      0.010489875450730324,
      0.008558004163205624,
      0.011726138181984425,
      0.010112832300364971,
      0.011397179216146469,
      0.01006981823593378,
      0.010497077368199825,
      0.011558524332940578,
      0.010984118096530437,
      0.009846946224570274,
      0.01003580167889595,
      0.009438388980925083,
      0.010266667231917381,
      0.009939875453710556,
      0.010409542359411716,
      0.010138096287846565,
      0.010565148666501045,
      0.009239566512405872,
      0.009915600530803204,
      0.01116208266466856,
      0.011463097296655178,
      0.00960563961416483,
      0.009934596717357635,
      0.009285113774240017,
      0.008981953375041485,
      0.010333810932934284,
      0.009694317355751991,
      0.009888031519949436,
      0.00936201773583889,
      0.010259820148348808,
      0.009254245087504387,
      0.00917841773480177,
      0.009984198957681656,
      0.009927252307534218,
      0.009210092946887016,
      0.01015638466924429,
      0.009333225898444653,
      0.00946863740682602,
      0.00984256248921156,
      0.009686470031738281,
      0.009614959359169006,
      0.009234169498085976,
      0.008544091135263443,
      0.009046735242009163,
      0.009442631155252457,
      0.009050303138792515,
      0.009322659112513065,
      0.008732705377042294,
      0.009103306569159031,
      0.009623509831726551,
      0.009049090556800365,
      0.00950829777866602,
      0.008529216051101685,
      0.00877472199499607,
      0.009212438948452473,
      0.009538314305245876,
      0.009225928224623203,
      0.0092164920642972,
      0.008768021129071712,
      0.009171792306005955,
      0.008685355074703693,
      0.0087113156914711,
      0.008713746443390846,
      0.008736565709114075,
      0.009224574081599712,
      0.008048102259635925,
      0.009970570914447308,
      0.009067940525710583,
      0.008808018639683723,
      0.008084401488304138,
      0.008758984506130219,
      0.007998768240213394,
      0.008957646787166595,
      0.009152076207101345,
      0.00796807836741209,
      0.008630326017737389,
      0.007987940683960915,
      0.008424973115324974,
      0.00870181992650032,
      0.008543768897652626,
      0.008447617292404175,
      0.008858868852257729,
      0.008285902440547943,
      0.008404294028878212,
      0.008701139129698277,
      0.00813722051680088,
      0.008118169382214546,
      0.007978505454957485,
      0.007962815463542938,
      0.00891881249845028,
      0.00836485531181097,
      0.008706357330083847,
      0.008399147540330887,
      0.008020617067813873,
      0.008605025708675385,
      0.008645795285701752,
      0.009448118507862091,
      0.00757035193964839,
      0.0076335733756423,
      0.00836906861513853,
