{
   "number_epochs": 300,
   "info_used": "use imputation",
   "perc_full_data": 0.3,
   "n_epochs_no_selection": 0,
   "Frequency % cutoff": 0.3,
   "hidden_size": 32,
   "random_state": 11,
   "train_errors": [
      0.059549879282712936,
      0.058024585247039795,
      0.057099200785160065,
      0.055755309760570526,
      0.05487161502242088,
      0.05346928536891937,
      0.05212699994444847,
      0.05084666609764099,
      0.0488106943666935,
      0.04731374979019165,
      0.04539771005511284,
      0.043086305260658264,
      0.041370559483766556,
      0.0389142669737339,
      0.03716977313160896,
      0.033659785985946655,
      0.03142162784934044,
      0.02958565391600132,
      0.02855641394853592,
      0.026856843382120132,
      0.026744386181235313,
      0.024478474631905556,
      0.02333814464509487,
      0.023269545286893845,
      0.02244671806693077,
      0.023089157417416573,
      0.020600462332367897,
      0.022351393476128578,
      0.020477743819355965,
      0.01914023980498314,
      0.019656691700220108,
      0.018344085663557053,
      0.017550501972436905,
      0.017733357846736908,
      0.01773054525256157,
      0.01859283447265625,
      0.016190867871046066,
      0.01715215854346752,
      0.0166923925280571,
      0.015431788749992847,
      0.015647443011403084,
      0.015395649708807468,
      0.016422975808382034,
      0.015189439058303833,
      0.014766224659979343,
      0.015064257197082043,
      0.013492956757545471,
      0.014000007882714272,
      0.013889605179429054,
      0.012955432757735252,
      0.014149541035294533,
      0.013327019289135933,
      0.01316231582313776,
      0.013098685070872307,
      0.01415681466460228,
      0.012889922596514225,
      0.012241486459970474,
      0.012795920483767986,
      0.012930302880704403,
      0.011830376461148262,
      0.012571919709444046,
      0.011768595315515995,
      0.01285390742123127,
      0.011148324236273766,
      0.011767084710299969,
      0.010640528984367847,
      0.011572714895009995,
      0.01132975798100233,
      0.011348671279847622,
      0.011053336784243584,
      0.011579220183193684,
      0.012075335718691349,
      0.01045813038945198,
      0.011315836571156979,
      0.01084810495376587,
      0.011675967834889889,
      0.010460293851792812,
      0.01085500419139862,
      0.011143605224788189,
      0.011687198653817177,
      0.010670077055692673,
      0.010024148039519787,
      0.010689133778214455,
      0.010053797625005245,
      0.010738784447312355,
      0.010001620277762413,
      0.008787348866462708,
      0.01004362478852272,
      0.009928588755428791,
      0.009639325551688671,
      0.010024058632552624,
      0.009067807346582413,
      0.010304586961865425,
      0.009216043166816235,
      0.00985112413764,
      0.009911350905895233,
      0.0091558787971735,
      0.009705103933811188,
      0.009754584170877934,
      0.009241726249456406,
      0.008818588219583035,
      0.008663929998874664,
      0.010226019658148289,
      0.00928536243736744,
      0.009755004197359085,
      0.008956637233495712,
      0.010048848576843739,
      0.008416062220931053,
      0.009285494685173035,
      0.009238733910024166,
      0.008699270896613598,
      0.008946023881435394,
      0.00967446994036436,
      0.009379195049405098,
      0.009190995246171951,
      0.009461705572903156,
      0.009654469788074493,
      0.010140330530703068,
      0.009022747166454792,
      0.009061918593943119,
      0.00869509857147932,
      0.008463005535304546,
      0.008898449130356312,
      0.008449005894362926,
      0.008173479698598385,
      0.009016052819788456,
      0.00878006312996149,
      0.008899986743927002,
      0.008050523698329926,
      0.00887340772897005,
      0.008420035243034363,
      0.009391644038259983,
      0.008212316781282425,
      0.008755135349929333,
      0.008756385184824467,
      0.008640122599899769,
      0.007967730984091759,
      0.008285068906843662,
      0.009875436313450336,
      0.0072547150775790215,
      0.008328493684530258,
      0.00817064382135868,
      0.00825454294681549,
      0.008096447214484215,
      0.00785769708454609,
      0.008321977220475674,
      0.008437064476311207,
      0.008303934708237648,
      0.00712673319503665,
      0.008149121887981892,
      0.00784419383853674,
      0.008275936357676983,
      0.007898695766925812,
      0.007847381755709648,
      0.007729784585535526,
      0.00820073764771223,
      0.008915521204471588,
      0.007575566880404949,
      0.008122813887894154,
      0.0073644486255943775,
      0.00807842519134283,
      0.008269770070910454,
      0.007485644891858101,
      0.007699713110923767,
      0.008298657834529877,
      0.0074394335970282555,
      0.007824389263987541,
      0.007632192224264145,
      0.007474662736058235,
      0.0072077801451087,
      0.00775881577283144,
      0.007633645553141832,
      0.006985257845371962,
      0.00802885927259922,
      0.008434340357780457,
      0.00797342974692583,
      0.008177012205123901,
      0.008457011543214321,
      0.00835518166422844,
      0.00799027644097805,
      0.008009647950530052,
      0.007671560160815716,
      0.007526931818574667,
      0.00803828053176403,
      0.007377543020993471,
      0.00821014679968357,
      0.007992002181708813,
      0.008101622574031353,
      0.006930208299309015,
      0.007193766999989748,
      0.007072342559695244,
      0.00736058596521616,
      0.008217953145503998,
      0.007906066253781319,
      0.0074248346500098705,
      0.00780688039958477,
      0.0076347580179572105,
      0.0066820112988352776,
      0.00786749180406332,
      0.007186277769505978,
      0.006596887018531561,
      0.00850316509604454,
      0.007393518928438425,
      0.008785800077021122,
      0.008369066752493382,
      0.007677888497710228,
      0.00666842982172966,
      0.007632995489984751,
      0.007678918540477753,
      0.006780646741390228,
      0.007898924872279167,
      0.007855732925236225,
      0.007387773133814335,
      0.0072358171455562115,
      0.007058219518512487,
      0.0072182114236056805,
      0.006893088575452566,
      0.006948984228074551,
      0.0071484679356217384,
      0.007957711815834045,
      0.007420683279633522,
      0.007157023996114731,
      0.00766265532001853,
      0.007138727232813835,
      0.007821579463779926,
      0.007943387143313885,
      0.006989501416683197,
      0.00799188856035471,
      0.007388770580291748,
      0.006515561603009701,
      0.0065797194838523865,
      0.007425554562360048,
      0.00755284121260047,
      0.0075959376990795135,
      0.006629507057368755,
      0.007353601511567831,
      0.006775387097150087,
      0.006898556370288134,
      0.0069570825435221195,
      0.006899616681039333,
      0.007131912745535374,
      0.008222836069762707,
      0.0077742631547153,
      0.006384995765984058,
      0.008306331932544708,
      0.007581453770399094,
      0.00719596678391099,
      0.0071892524138092995,
      0.006441993173211813,
      0.007366901263594627,
      0.007055262103676796,
      0.007802790030837059,
      0.006576807703822851,
      0.006164691410958767,
      0.008143906481564045,
      0.007362320553511381,
      0.006676765158772469,
      0.007105902303010225,
      0.00690697506070137,
      0.006862831301987171,
      0.00656772218644619,
      0.00687590753659606,
      0.00725761242210865,
      0.0077634695917367935,
      0.007128851022571325,
      0.006416736636310816,
      0.007293408736586571,
      0.007070539053529501,
      0.007843581959605217,
      0.007280060090124607,
      0.007767294533550739,
      0.0066223242320120335,
      0.006991352420300245,
      0.00676758261397481,
      0.007611121982336044,
      0.006674714386463165,
      0.00659345556050539,
      0.007253135088831186,
      0.0066871028393507,
      0.008311876095831394,
