{
   "number_epochs": 300,
   "info_used": "use imputation",
   "perc_full_data": 0.3,
   "n_epochs_no_selection": 0,
   "Frequency % cutoff": 0.3,
   "hidden_size": 32,
   "random_state": 4,
   "train_errors": [
      0.05464525148272514,
      0.05016259849071503,
      0.04778178408741951,
      0.04757682606577873,
      0.0474274568259716,
      0.04726862534880638,
      0.046121761202812195,
      0.04531415179371834,
      0.04393249750137329,
      0.04277421161532402,
      0.04228026792407036,
      0.039983466267585754,
      0.03850984200835228,
      0.037396930158138275,
      0.03610667958855629,
      0.034625276923179626,
      0.033333100378513336,
      0.03129349276423454,
      0.030170854181051254,
      0.02902909927070141,
      0.028446687385439873,
      0.02633369341492653,
      0.025259781628847122,
      0.023792993277311325,
      0.023860666900873184,
      0.0218796543776989,
      0.021338820457458496,
      0.020730676129460335,
      0.018974853679537773,
      0.01928316242992878,
      0.01874501258134842,
      0.018665337935090065,
      0.017579831182956696,
      0.017298128455877304,
      0.017436740919947624,
      0.016194650903344154,
      0.016564957797527313,
      0.015370577573776245,
      0.015727804973721504,
      0.015781724825501442,
      0.015020884573459625,
      0.014696535654366016,
      0.014630051329731941,
      0.013868221081793308,
      0.01518585067242384,
      0.013423172757029533,
      0.01361634861677885,
      0.01369759812951088,
      0.013758126646280289,
      0.013108596205711365,
      0.012390894815325737,
      0.012131464667618275,
      0.012559926137328148,
      0.012874321080744267,
      0.012961563654243946,
      0.012048376724123955,
      0.01250289287418127,
      0.011753256432712078,
      0.012306313030421734,
      0.011428198777139187,
      0.012104388326406479,
      0.011594605632126331,
      0.011035564355552197,
      0.011958463117480278,
      0.011836830526590347,
      0.01117004919797182,
      0.01115444116294384,
      0.011548125185072422,
      0.010425938293337822,
      0.010168035514652729,
      0.011380955576896667,
      0.011680630035698414,
      0.01018366776406765,
      0.010407917201519012,
      0.010621284134685993,
      0.010592241771519184,
      0.010186894796788692,
      0.010526351630687714,
      0.010721447877585888,
      0.010255630128085613,
      0.010627933777868748,
      0.010865689255297184,
      0.010807579383254051,
      0.010302064009010792,
      0.010308511555194855,
      0.01042321790009737,
      0.010166806168854237,
      0.010379299521446228,
      0.00998593494296074,
      0.010350462980568409,
      0.010254817083477974,
      0.010548077523708344,
      0.009426316246390343,
      0.009860065765678883,
      0.0096499128267169,
      0.010904842056334019,
      0.009439642541110516,
      0.010171949863433838,
      0.01057372149080038,
      0.009576569311320782,
      0.01021850761026144,
      0.009730163030326366,
      0.010414737276732922,
      0.009783577173948288,
      0.00972717721015215,
      0.009443847462534904,
      0.009845803491771221,
      0.009340324439108372,
      0.010553620755672455,
      0.01013481616973877,
      0.010106892324984074,
      0.010032392106950283,
      0.010031870566308498,
      0.009708798490464687,
      0.008138302713632584,
      0.009690823964774609,
      0.009300014935433865,
      0.009160582907497883,
      0.009896228089928627,
      0.009494172409176826,
      0.008477939292788506,
      0.009443073533475399,
      0.009767670184373856,
      0.010175392031669617,
      0.00957233551889658,
      0.009373660199344158,
      0.008797011338174343,
      0.009093903005123138,
      0.008976826444268227,
      0.009240536950528622,
      0.009066344238817692,
      0.009757076390087605,
      0.00898239016532898,
      0.009354613721370697,
      0.00925607793033123,
      0.00809554010629654,
      0.009173169732093811,
      0.008784265257418156,
      0.00918382778763771,
      0.009212171658873558,
      0.00916198454797268,
      0.008856825530529022,
      0.00916849635541439,
      0.008993787690997124,
      0.008443976752460003,
      0.009186617098748684,
      0.008182406425476074,
      0.009740876965224743,
      0.008710394613444805,
      0.009279247373342514,
      0.008391957730054855,
      0.008863812312483788,
      0.008692271076142788,
      0.008437924087047577,
      0.009296799078583717,
      0.008548285812139511,
      0.008356467820703983,
      0.009100754745304585,
      0.009129548445343971,
      0.00863609928637743,
      0.00915529951453209,
      0.008495114743709564,
      0.008616427890956402,
      0.00891607441008091,
      0.00807518046349287,
      0.008725265972316265,
      0.008399038575589657,
      0.007797899190336466,
      0.008850117214024067,
      0.008222713135182858,
      0.00884133018553257,
      0.00835628155618906,
      0.00748775340616703,
      0.008732729591429234,
      0.008428647182881832,
      0.00840162206441164,
      0.008903092704713345,
      0.007935100235044956,
      0.008985129185020924,
      0.009078942239284515,
      0.008973104879260063,
      0.007893103174865246,
      0.008986396715044975,
      0.007735219318419695,
      0.008575820364058018,
      0.007938352413475513,
      0.008793484419584274,
      0.009078924544155598,
      0.007883578538894653,
      0.009279994294047356,
      0.007702259346842766,
      0.007947911508381367,
      0.007966582663357258,
      0.0076351473107934,
      0.007977492175996304,
      0.008310589008033276,
      0.007701847702264786,
      0.00836906023323536,
      0.007910492829978466,
      0.008350778371095657,
      0.008536583743989468,
      0.007607076317071915,
      0.007491563446819782,
      0.007432045415043831,
      0.007930983789265156,
      0.008507630787789822,
      0.007402150891721249,
      0.008485387079417706,
      0.007802887354046106,
      0.007687749806791544,
      0.008173082955181599,
      0.008050662465393543,
      0.007436552084982395,
      0.008043412119150162,
      0.008216438814997673,
      0.008025513030588627,
      0.007519224658608437,
      0.008775723166763783,
      0.007347128354012966,
      0.007897983305156231,
      0.007115870714187622,
      0.007542379666119814,
      0.0070473914965987206,
      0.007615210954099894,
      0.007950250059366226,
      0.007573639042675495,
      0.0075280931778252125,
      0.0073023694567382336,
      0.008291334845125675,
      0.008371214382350445,
      0.007153741549700499,
      0.0074239918030798435,
      0.007456145714968443,
      0.008252473548054695,
      0.007529549300670624,
      0.007665554527193308,
      0.008196120150387287,
      0.007845555432140827,
      0.007284513674676418,
      0.00778760714456439,
      0.007026308216154575,
      0.007739826571196318,
      0.007198687177151442,
      0.0077966428361833096,
      0.007538313511759043,
      0.007554303854703903,
      0.007326451595872641,
      0.006946921814233065,
      0.006762062199413776,
      0.006655464414507151,
      0.008070813491940498,
      0.007168038748204708,
      0.007176666054874659,
      0.006778921466320753,
      0.007941169664263725,
      0.007430628407746553,
      0.006864986848086119,
      0.007991768419742584,
      0.008034003898501396,
      0.007276451680809259,
      0.007772950921207666,
      0.007466916460543871,
      0.006777801085263491,
      0.007691448088735342,
      0.007582706864923239,
      0.007450133562088013,
      0.0065944562666118145,
      0.007641812786459923,
      0.007265731226652861,
      0.008237088099122047,
      0.00855992455035448,
      0.006996877957135439,
      0.006969443056732416,
      0.007628301158547401,
      0.006969501730054617,
      0.006854841951280832,
      0.006590675562620163,
      0.0065481169149279594,
      0.006974648218601942,
