{
   "number_epochs": 300,
   "info_used": "use imputation",
   "perc_full_data": 0.3,
   "n_epochs_no_selection": 0,
   "Frequency % cutoff": 0.3,
   "hidden_size": 32,
   "random_state": 1,
   "train_errors": [
      0.05123326554894447,
      0.04991347715258598,
      0.04888885095715523,
      0.04827016219496727,
      0.04753611609339714,
      0.046067073941230774,
      0.04534269496798515,
      0.044058989733457565,
      0.043284352868795395,
      0.041946109384298325,
      0.04108173027634621,
      0.039489954710006714,
      0.037816211581230164,
      0.03666653484106064,
      0.03595589101314545,
      0.034540221095085144,
      0.03288527950644493,
      0.029883189126849174,
      0.02882315218448639,
      0.028219103813171387,
      0.027930106967687607,
      0.02552308700978756,
      0.024129990488290787,
      0.02359464205801487,
      0.022435257211327553,
      0.02268148772418499,
      0.021263932809233665,
      0.021418500691652298,
      0.020006945356726646,
      0.01962057501077652,
      0.019633818417787552,
      0.018684186041355133,
      0.019430816173553467,
      0.018239732831716537,
      0.019014250487089157,
      0.01783234253525734,
      0.017290771007537842,
      0.017646020278334618,
      0.01740451529622078,
      0.01674189232289791,
      0.016249043866991997,
      0.01604381389915943,
      0.01576721854507923,
      0.01587570831179619,
      0.014904665760695934,
      0.015060394071042538,
      0.015239902772009373,
      0.014445849694311619,
      0.014569378457963467,
      0.013761604204773903,
      0.014351596124470234,
      0.013209427706897259,
      0.013124638237059116,
      0.012811452150344849,
      0.01286202110350132,
      0.012566037476062775,
      0.012395131401717663,
      0.012816691771149635,
      0.012644065544009209,
      0.011884573847055435,
      0.012319404631853104,
      0.011867481283843517,
      0.012645617127418518,
      0.012966301292181015,
      0.012080474756658077,
      0.013154960237443447,
      0.012359252199530602,
      0.011749159544706345,
      0.012019551359117031,
      0.011638754978775978,
      0.012341463938355446,
      0.012410729192197323,
      0.011857920326292515,
      0.011938754469156265,
      0.012464614585042,
      0.01176630798727274,
      0.011620640754699707,
      0.011186274699866772,
      0.011623429134488106,
      0.01144186407327652,
      0.011263306252658367,
      0.01131508219987154,
      0.012343427166342735,
      0.012266692705452442,
      0.010983250103890896,
      0.011067431420087814,
      0.011969268321990967,
      0.011233147233724594,
      0.012237880378961563,
      0.011892837472259998,
      0.011135200038552284,
      0.011648562736809254,
      0.010813651606440544,
      0.011035625822842121,
      0.010788429528474808,
      0.01077926717698574,
      0.011194721795618534,
      0.011068339459598064,
      0.011630965396761894,
      0.010800525546073914,
      0.011642138473689556,
      0.01061826292425394,
      0.01118473894894123,
      0.01021033525466919,
      0.010771568864583969,
      0.011381970718502998,
      0.010673348791897297,
      0.010730544105172157,
      0.010329197160899639,
      0.010749409906566143,
      0.010368788614869118,
      0.01079727616161108,
      0.011209041811525822,
      0.011017055250704288,
      0.010307961143553257,
      0.010146575048565865,
      0.010525946505367756,
      0.010384459979832172,
      0.011021037586033344,
      0.010265059769153595,
      0.010666018351912498,
      0.010178130120038986,
      0.010890986770391464,
      0.01135379821062088,
      0.010239684022963047,
      0.010217804461717606,
      0.010025744326412678,
      0.009849170222878456,
      0.010599042288959026,
      0.01090299617499113,
      0.011659556068480015,
      0.011088100261986256,
      0.009828589856624603,
      0.009312188252806664,
      0.010104651562869549,
      0.010288668796420097,
      0.011589867994189262,
      0.010117346420884132,
      0.010467206127941608,
      0.011204497888684273,
      0.009071516804397106,
      0.009797290898859501,
      0.010148728266358376,
      0.010368128307163715,
      0.009771430864930153,
      0.010385101661086082,
      0.010416503995656967,
      0.010028177872300148,
      0.009548945352435112,
      0.010009589605033398,
      0.009836607612669468,
      0.01027346309274435,
      0.010522753931581974,
      0.009485187940299511,
      0.01127801463007927,
      0.00968586839735508,
      0.00991831161081791,
      0.010335300117731094,
      0.010101747699081898,
      0.010421548038721085,
      0.009709924459457397,
      0.009434799663722515,
      0.009736946783959866,
      0.009486492723226547,
      0.010200693272054195,
      0.009483101777732372,
      0.01018065121024847,
      0.010161692276597023,
      0.009719714522361755,
      0.009854335337877274,
      0.011260146275162697,
      0.010243121534585953,
      0.009937596507370472,
      0.008863064460456371,
      0.009043904021382332,
      0.009930318221449852,
      0.009156784974038601,
      0.010269111022353172,
      0.009536879137158394,
      0.009259182959794998,
      0.010098052211105824,
      0.009490261785686016,
      0.010356099344789982,
      0.009704556316137314,
      0.010060440748929977,
      0.009989293292164803,
      0.009554291144013405,
      0.009372093714773655,
      0.009613334201276302,
      0.009269698522984982,
      0.009461062029004097,
      0.009703355841338634,
      0.009980626404285431,
      0.010255415923893452,
      0.009038646705448627,
      0.009433979168534279,
      0.009670077823102474,
      0.009468498639762402,
      0.00870682392269373,
      0.00936861988157034,
      0.00909881666302681,
      0.008971917442977428,
      0.009905493818223476,
      0.010320832021534443,
      0.00900128111243248,
      0.00999046303331852,
      0.009472442790865898,
      0.009753688238561153,
      0.009205824695527554,
      0.009712696075439453,
      0.008607315830886364,
      0.009053226560354233,
      0.010143035091459751,
      0.009239085018634796,
      0.00938905868679285,
      0.009149010293185711,
      0.00897215586155653,
      0.009630845859646797,
      0.00946171022951603,
      0.009074131026864052,
      0.009672221727669239,
      0.009390467777848244,
      0.010356765240430832,
      0.009423389099538326,
      0.008511248975992203,
      0.009437816217541695,
      0.00896964967250824,
      0.008969943970441818,
      0.008909327909350395,
      0.00966691691428423,
      0.00930500216782093,
      0.009769314900040627,
      0.009434682317078114,
      0.009186392650008202,
      0.009063023142516613,
      0.009136027656495571,
      0.009891955181956291,
      0.009108331985771656,
      0.008676190860569477,
      0.009092060849070549,
      0.009662150405347347,
      0.009548828937113285,
      0.008850940503180027,
      0.009177226573228836,
      0.009946492500603199,
      0.009089387021958828,
      0.009314614348113537,
      0.00894375704228878,
      0.008638621307909489,
      0.008753702975809574,
      0.008452546782791615,
      0.008446070365607738,
      0.008526635356247425,
      0.009111959487199783,
      0.009442253969609737,
      0.008944809436798096,
      0.009295717813074589,
      0.008650166913866997,
      0.009587997570633888,
      0.008777093142271042,
      0.00960414670407772,
      0.009215159341692924,
      0.008969271555542946,
      0.008696343749761581,
      0.009446961805224419,
      0.008946689777076244,
      0.008578610606491566,
      0.008921489119529724,
      0.00804383959621191,
      0.008642342872917652,
      0.009398126043379307,
      0.008216025307774544,
      0.008982758037745953,
      0.009046711027622223,
      0.008617904037237167,
      0.008588820695877075,
      0.009031105786561966,
      0.007745267357677221,
      0.008376694284379482,
      0.008917521685361862,
