{
   "number_epochs": 400,
   "info_used": "use imputation",
   "perc_full_data": 0.04,
   "n_epochs_no_selection": 0,
   "Frequency % cutoff": 0.33,
   "hidden_size": 32,
   "random_state": 7,
   "train_errors": [
      0.3628466725349426,
      0.26883798837661743,
      0.1850472092628479,
      0.11397969722747803,
      0.06287853419780731,
      0.03563178703188896,
      0.03767284005880356,
      0.05335039272904396,
      0.057262059301137924,
      0.049374885857105255,
      0.03830404952168465,
      0.031724296510219574,
      0.03154557943344116,
      0.032891739159822464,
      0.03506309539079666,
      0.03644562512636185,
      0.03603281453251839,
      0.03478248417377472,
      0.03193584457039833,
      0.02982916310429573,
      0.028695592656731606,
      0.028622126206755638,
      0.029158418998122215,
      0.029164515435695648,
      0.029438471421599388,
      0.028481846675276756,
      0.02833518013358116,
      0.02788379415869713,
      0.027021517977118492,
      0.02720775082707405,
      0.02713961713016033,
      0.026543043553829193,
      0.026913661509752274,
      0.027291515842080116,
      0.02622782438993454,
      0.02655915543437004,
      0.025977464392781258,
      0.025651084259152412,
      0.02515755593776703,
      0.02552657760679722,
      0.024629075080156326,
      0.024845613166689873,
      0.024555720388889313,
      0.024152522906661034,
      0.024051910266280174,
      0.023673782125115395,
      0.02340002916753292,
      0.02319597825407982,
      0.02285713143646717,
      0.022715389728546143,
      0.022722333669662476,
      0.022038208320736885,
      0.021664422005414963,
      0.021278660744428635,
      0.021171066910028458,
      0.02119266800582409,
      0.021152615547180176,
      0.021076299250125885,
      0.020478682592511177,
      0.020276451483368874,
      0.019790202379226685,
      0.01963789202272892,
      0.019971296191215515,
      0.019646598026156425,
      0.018804408609867096,
      0.017933839932084084,
      0.01764300838112831,
      0.01666920632123947,
      0.01655079610645771,
      0.017231034114956856,
      0.015360170044004917,
      0.015245309099555016,
      0.014929655939340591,
      0.015188471414148808,
      0.014519480057060719,
      0.01439473032951355,
      0.012906834483146667,
      0.012913591228425503,
      0.013540096580982208,
      0.011698566377162933,
      0.012337613850831985,
      0.011281551793217659,
      0.011870131827890873,
      0.012050796300172806,
      0.011392159387469292,
      0.01070234552025795,
      0.0110072772949934,
      0.010849084705114365,
      0.01091779489070177,
      0.011187825351953506,
      0.010238593444228172,
      0.010531749576330185,
      0.010071609169244766,
      0.010022764094173908,
      0.00909323152154684,
      0.0093464320525527,
      0.009199387393891811,
      0.009177595376968384,
      0.009053029119968414,
      0.008947255089879036,
      0.008005591109395027,
      0.0076093222014606,
      0.00832035206258297,
      0.008563882671296597,
      0.008279313333332539,
      0.008282458409667015,
      0.007349580992013216,
      0.007488860283046961,
      0.00726313004270196,
      0.007838036864995956,
      0.007774122525006533,
      0.007528953719884157,
      0.007348241284489632,
      0.007308754604309797,
      0.006631993688642979,
      0.007410068064928055,
      0.007114201318472624,
      0.007005319464951754,
      0.006588236428797245,
      0.007057038135826588,
      0.0069118947722017765,
      0.007241075858473778,
      0.006869001314043999,
      0.006794889457523823,
      0.0071068014949560165,
      0.007153490092605352,
      0.006966189946979284,
      0.006345512345433235,
      0.006349810864776373,
      0.006469291169196367,
      0.0067347995936870575,
      0.006446760147809982,
      0.006182617973536253,
      0.006594498176127672,
      0.006216160487383604,
      0.00628251675516367,
      0.0060900417156517506,
      0.006207243539392948,
      0.006236935965716839,
      0.0060715945437550545,
      0.0064452579244971275,
      0.006512761116027832,
      0.006496736314147711,
      0.006496562156826258,
      0.00565653620287776,
      0.006034860387444496,
      0.005606587044894695,
      0.005742539651691914,
      0.0058342511765658855,
      0.0059025585651397705,
      0.006092831026762724,
      0.00600808160379529,
      0.006012795493006706,
      0.006414487492293119,
      0.005560109857469797,
      0.00568882841616869,
      0.005613947287201881,
      0.005978891160339117,
      0.00608192291110754,
      0.0058438596315681934,
      0.005622769705951214,
      0.006393216550350189,
      0.005720099434256554,
      0.005947329103946686,
      0.005773606710135937,
      0.005752939265221357,
      0.0056726206094026566,
      0.005693154875189066,
      0.0058803497813642025,
      0.0050544035620987415,
      0.005791516043245792,
      0.005787717644125223,
      0.00563773512840271,
      0.005281578283756971,
      0.005630097351968288,
      0.005779846105724573,
      0.005435069557279348,
      0.006017051171511412,
      0.005874141119420528,
      0.005696691107004881,
      0.005430989433079958,
      0.005409051198512316,
      0.005676698870956898,
      0.005811248440295458,
      0.0058812606148421764,
      0.005353315733373165,
      0.005622989032417536,
      0.005475728772580624,
      0.0053612180054187775,
      0.005305045284330845,
      0.0056018829345703125,
      0.0054408409632742405,
      0.005615665577352047,
      0.005503370892256498,
      0.005521852057427168,
      0.005547110922634602,
      0.0055533829145133495,
      0.0052865338511765,
      0.005508797243237495,
      0.0052989162504673,
      0.005215304438024759,
      0.005636382382363081,
      0.0058720530942082405,
      0.005050265230238438,
      0.005239208694547415,
      0.0053271944634616375,
      0.005676953587681055,
      0.005667711142450571,
      0.005452906712889671,
      0.005058215465396643,
      0.005581334233283997,
      0.005242913495749235,
      0.004941476508975029,
      0.0047556450590491295,
      0.0053504593670368195,
      0.0047601438127458096,
      0.004713004920631647,
      0.005840218625962734,
      0.005322767421603203,
      0.0054398938082158566,
      0.004819527734071016,
      0.005296064540743828,
      0.005464049521833658,
      0.005035818088799715,
      0.005338270217180252,
      0.005138492677360773,
      0.004826062358915806,
      0.005138219799846411,
      0.005230055656284094,
      0.004904573317617178,
      0.004647218156605959,
      0.0050819385796785355,
      0.004874251317232847,
      0.004899175837635994,
      0.005441723857074976,
      0.004835294093936682,
      0.005107884760946035,
      0.005056017078459263,
      0.0054021780379116535,
      0.004752085078507662,
      0.0050884634256362915,
      0.004552254918962717,
      0.005391892045736313,
      0.004973893519490957,
      0.005129412282258272,
      0.004776463378220797,
      0.004728530999273062,
      0.0044947341084480286,
      0.004683490842580795,
      0.004858721513301134,
      0.005101094953715801,
      0.00571272149682045,
      0.00492593739181757,
      0.005094699561595917,
      0.00489178579300642,
      0.0048704370856285095,
      0.005062493961304426,
      0.005215522833168507,
      0.004969913512468338,
      0.004900653380900621,
      0.004866963252425194,
      0.005198709201067686,
      0.005079712253063917,
      0.004877814091742039,
      0.004564979579299688,
      0.0049320412799716,
      0.005050593987107277,
      0.004535319283604622,
      0.0052431500516831875,
      0.004779834300279617,
      0.0048975092358887196,
      0.004970644135028124,
      0.004837959073483944,
      0.004738711751997471,
      0.004996508825570345,
      0.004711288958787918,
      0.005037328228354454,
      0.0047931675799191,
      0.004861636087298393,
