{
   "number_epochs": 400,
   "info_used": "use imputation",
   "perc_full_data": 0.04,
   "n_epochs_no_selection": 0,
   "Frequency % cutoff": 0.33,
   "hidden_size": 32,
   "random_state": 8,
   "train_errors": [
      0.3121258616447449,
      0.2065272033214569,
      0.1307293325662613,
      0.07698531448841095,
      0.04566243290901184,
      0.042945198714733124,
      0.05620584264397621,
      0.06262484192848206,
      0.0556039959192276,
      0.04541333019733429,
      0.038690172135829926,
      0.0352424718439579,
      0.03656423091888428,
      0.038109779357910156,
      0.03784540295600891,
      0.03733169287443161,
      0.03636736422777176,
      0.03523135930299759,
      0.0337245799601078,
      0.033466145396232605,
      0.03228042274713516,
      0.03263967111706734,
      0.03285866230726242,
      0.032406069338321686,
      0.03193898871541023,
      0.03079800494015217,
      0.0311723742634058,
      0.03030034899711609,
      0.030098242685198784,
      0.02948489412665367,
      0.02857423946261406,
      0.028839249163866043,
      0.028096750378608704,
      0.028039563447237015,
      0.027529217302799225,
      0.027118369936943054,
      0.027211952954530716,
      0.02607315219938755,
      0.02629036456346512,
      0.026086581870913506,
      0.02555033192038536,
      0.025076141580939293,
      0.023883674293756485,
      0.023920636624097824,
      0.024076363071799278,
      0.023288749158382416,
      0.02381099760532379,
      0.023185783997178078,
      0.022619590163230896,
      0.02188635803759098,
      0.02221035398542881,
      0.021503720432519913,
      0.021400736644864082,
      0.02092815935611725,
      0.019995886832475662,
      0.019269324839115143,
      0.01907278783619404,
      0.018901336938142776,
      0.019251355901360512,
      0.01864572800695896,
      0.018908699974417686,
      0.0183506291359663,
      0.018008505925536156,
      0.01702394150197506,
      0.01624942012131214,
      0.016944369301199913,
      0.015870636329054832,
      0.01556838396936655,
      0.015552216209471226,
      0.01496424712240696,
      0.014610477723181248,
      0.014801806770265102,
      0.013888055458664894,
      0.014573974534869194,
      0.013080256059765816,
      0.01293910387903452,
      0.012616162188351154,
      0.012919158674776554,
      0.01243665162473917,
      0.011591610498726368,
      0.010659806430339813,
      0.011893322691321373,
      0.011359112337231636,
      0.010378069244325161,
      0.01113560888916254,
      0.010058696381747723,
      0.010150361806154251,
      0.010863874107599258,
      0.010125436820089817,
      0.010688760317862034,
      0.009975159540772438,
      0.009470385499298573,
      0.009817919693887234,
      0.009763635694980621,
      0.010413549840450287,
      0.009299787692725658,
      0.009970273822546005,
      0.00981455110013485,
      0.009260301478207111,
      0.009488648734986782,
      0.009497403167188168,
      0.009065410122275352,
      0.00934185367077589,
      0.00903817918151617,
      0.009305005893111229,
      0.009811359457671642,
      0.009292365051805973,
      0.009554857388138771,
      0.009381690062582493,
      0.009993835352361202,
      0.009081315249204636,
      0.009077656082808971,
      0.00871927198022604,
      0.008460515178740025,
      0.00864050630480051,
      0.008748327381908894,
      0.008388658985495567,
      0.008377905935049057,
      0.008423913270235062,
      0.00806587003171444,
      0.008716648444533348,
      0.00842018611729145,
      0.008414406329393387,
      0.00953858532011509,
      0.008674667216837406,
      0.007372147869318724,
      0.008142055943608284,
      0.00833053607493639,
      0.008629693649709225,
      0.008601014502346516,
      0.008428843691945076,
      0.007844865322113037,
      0.008046252653002739,
      0.009331891313195229,
      0.007984799332916737,
      0.008448385633528233,
      0.008821353316307068,
      0.009633073583245277,
      0.007924086414277554,
      0.008086808025836945,
      0.00905150268226862,
      0.008058947511017323,
      0.008119199424982071,
      0.0078166164457798,
      0.008338715881109238,
      0.0075655002146959305,
      0.008355043828487396,
      0.00754318293184042,
      0.007548486813902855,
      0.009073086082935333,
      0.007846438325941563,
      0.007698562927544117,
      0.008136345073580742,
      0.008670000359416008,
      0.007335030473768711,
      0.007306418847292662,
      0.007659467402845621,
      0.00812435057014227,
      0.0071159047074615955,
      0.007318808231502771,
      0.0078054736368358135,
      0.007468644063919783,
      0.008223975077271461,
      0.007680573966354132,
      0.007698457222431898,
      0.00729290209710598,
      0.007002649363130331,
      0.007375712040811777,
      0.007912743836641312,
      0.007005117833614349,
      0.007299540098756552,
      0.007544137071818113,
      0.007759068626910448,
      0.007890627719461918,
      0.007180044427514076,
      0.007407480850815773,
      0.006413578987121582,
      0.007398278918117285,
      0.006488800514489412,
      0.007757486775517464,
      0.006794970948249102,
      0.006951746065169573,
      0.0074702417477965355,
      0.00730882165953517,
      0.0066332463175058365,
      0.006903319153934717,
      0.005795277189463377,
      0.006299078930169344,
      0.006274566985666752,
      0.006120580248534679,
      0.0064225150272250175,
      0.006901802495121956,
      0.007220301311463118,
      0.006686083041131496,
      0.006613845005631447,
      0.00667183194309473,
      0.00606837822124362,
      0.00728697469457984,
      0.006912928074598312,
      0.0078316954895854,
      0.007577269803732634,
      0.005999838933348656,
      0.006433782633394003,
      0.006117543205618858,
      0.006773628294467926,
      0.006451913621276617,
      0.006342887878417969,
      0.006316493730992079,
      0.0063884505070745945,
      0.005676555447280407,
      0.00587796326726675,
      0.006138341035693884,
      0.006064099259674549,
      0.00526592368260026,
      0.006436496041715145,
      0.005464885383844376,
      0.006125009618699551,
      0.006218911614269018,
      0.005752194207161665,
      0.0053097642958164215,
      0.005761575419455767,
      0.005172956734895706,
      0.005379829090088606,
      0.005827745422720909,
      0.005167971830815077,
      0.005783620290458202,
      0.005526758264750242,
      0.004758136346936226,
      0.005453111603856087,
      0.005690924823284149,
      0.005620880518108606,
      0.005457326769828796,
      0.005698855500668287,
      0.005151262041181326,
      0.005905867554247379,
      0.006277778651565313,
      0.005791259929537773,
      0.005443695466965437,
      0.004889805801212788,
      0.007123456336557865,
      0.005449474789202213,
      0.0049005355685949326,
      0.005568583495914936,
      0.005002392455935478,
      0.005075214430689812,
      0.005549001507461071,
      0.005511143710464239,
      0.004232827574014664,
      0.004766744561493397,
      0.004495827481150627,
      0.004878319799900055,
      0.005134527571499348,
      0.0048794313333928585,
      0.004537586122751236,
      0.004906574729830027,
      0.0047072977758944035,
      0.004680768121033907,
      0.004647347144782543,
      0.0052850809879601,
      0.0048953271470963955,
      0.004776773974299431,
      0.004098003730177879,
      0.0038513161707669497,
      0.004387182183563709,
      0.004285232163965702,
      0.004168769344687462,
      0.0037533261347562075,
      0.0036548683419823647,
      0.004110147710889578,
      0.005201647989451885,
      0.004162848927080631,
      0.00410131411626935,
      0.003971699625253677,
      0.0038544044364243746,
      0.003941059112548828,
      0.0037430915981531143,
      0.0037356549873948097,
      0.003619326977059245,
      0.004502233117818832,
      0.003937320783734322,
