{
   "number_epochs": 400,
   "info_used": "use imputation",
   "perc_full_data": 0.04,
   "n_epochs_no_selection": 0,
   "Frequency % cutoff": 0.33,
   "hidden_size": 32,
   "random_state": 3,
   "train_errors": [
      0.2592891752719879,
      0.17134904861450195,
      0.10301896929740906,
      0.05976445600390434,
      0.04251741245388985,
      0.049313101917505264,
      0.06496119499206543,
      0.0642303004860878,
      0.0536019541323185,
      0.044383350759744644,
      0.03950674831867218,
      0.03832625597715378,
      0.040647607296705246,
      0.040707338601350784,
      0.0416548028588295,
      0.04007735475897789,
      0.038547333329916,
      0.03599705919623375,
      0.03490014001727104,
      0.03444749489426613,
      0.035322196781635284,
      0.03543888404965401,
      0.03450361266732216,
      0.03387940302491188,
      0.03236757218837738,
      0.031195100396871567,
      0.03140388801693916,
      0.029757436364889145,
      0.029403366148471832,
      0.030337214469909668,
      0.028396282345056534,
      0.028279775753617287,
      0.02713819406926632,
      0.02699674665927887,
      0.025791192427277565,
      0.026008443906903267,
      0.02510995976626873,
      0.025438392534852028,
      0.024414455518126488,
      0.023732032626867294,
      0.022728867828845978,
      0.02185354195535183,
      0.022872433066368103,
      0.02168367989361286,
      0.020427461713552475,
      0.02158927544951439,
      0.020644202828407288,
      0.02048228308558464,
      0.020349502563476562,
      0.019842252135276794,
      0.01942659541964531,
      0.019579410552978516,
      0.018676409497857094,
      0.01809397153556347,
      0.01795472390949726,
      0.01706831343472004,
      0.01761731319129467,
      0.016512809321284294,
      0.016316896304488182,
      0.016678273677825928,
      0.015788068994879723,
      0.015183772891759872,
      0.014858515001833439,
      0.01391051709651947,
      0.01361102145165205,
      0.014014162123203278,
      0.013646911829710007,
      0.012213687412440777,
      0.012927166186273098,
      0.011601926758885384,
      0.01162121631205082,
      0.010656841099262238,
      0.0100219352170825,
      0.010274776257574558,
      0.00976214837282896,
      0.010596939362585545,
      0.008377380669116974,
      0.008377435617148876,
      0.007773063611239195,
      0.009195536375045776,
      0.008151370100677013,
      0.007457240018993616,
      0.007997422479093075,
      0.00797368586063385,
      0.007770434487611055,
      0.007239313330501318,
      0.0077022043988108635,
      0.007748807314783335,
      0.007587447762489319,
      0.006754374131560326,
      0.007150524295866489,
      0.007549156900495291,
      0.00723981810733676,
      0.006484078709036112,
      0.007105203811079264,
      0.0073411655612289906,
      0.006988976616412401,
      0.006562664173543453,
      0.00672917952761054,
      0.007001582067459822,
      0.0065327961929142475,
      0.006361071951687336,
      0.006070113740861416,
      0.006850539706647396,
      0.006628160830587149,
      0.006373664364218712,
      0.006633170414716005,
      0.006779143121093512,
      0.006329265423119068,
      0.006371827330440283,
      0.006524323020130396,
      0.006559711415320635,
      0.006519699469208717,
      0.006682197097688913,
      0.006656977813690901,
      0.0057062567211687565,
      0.006180646363645792,
      0.0062315152026712894,
      0.0066418834030628204,
      0.006243315525352955,
      0.006550773046910763,
      0.006428566295653582,
      0.005427243188023567,
      0.006532966624945402,
      0.006438158452510834,
      0.006671308074146509,
      0.006906494963914156,
      0.006289346609264612,
      0.006421989295631647,
      0.00617138110101223,
      0.006268012803047895,
      0.006045477464795113,
      0.006462898571044207,
      0.00648939935490489,
      0.005699741188436747,
      0.00659960089251399,
      0.006237972993403673,
      0.006321836728602648,
      0.005979175679385662,
      0.006505995057523251,
      0.00654219463467598,
      0.006138710770756006,
      0.006245739758014679,
      0.006355179939419031,
      0.005792326759546995,
      0.0061746458522975445,
      0.00633796863257885,
      0.006267090328037739,
      0.005925359670072794,
      0.005928275175392628,
      0.00632508797571063,
      0.005468406714498997,
      0.00662265345454216,
      0.0058852750808000565,
      0.006407348904758692,
      0.005809474736452103,
      0.005912230350077152,
      0.006118163000792265,
      0.006249747239053249,
      0.005862358957529068,
      0.00599071616306901,
      0.006240885704755783,
      0.0063027567230165005,
      0.00579543923959136,
      0.0057757943868637085,
      0.005894514266401529,
      0.00580591382458806,
      0.005376238375902176,
      0.006574529688805342,
      0.0056744725443422794,
      0.005905256140977144,
      0.005392427556216717,
      0.00559881841763854,
      0.006056806072592735,
      0.005213446915149689,
      0.005798520520329475,
      0.005903357639908791,
      0.005856234114617109,
      0.005837345030158758,
      0.006174101494252682,
      0.005677487701177597,
      0.0054761492647230625,
      0.006262398324906826,
      0.005513582844287157,
      0.006278306245803833,
      0.005592773202806711,
      0.005728277377784252,
      0.005514520686119795,
      0.005798090249300003,
      0.0057485951110720634,
      0.005764177069067955,
      0.005829614121466875,
      0.0058218445628881454,
      0.005334840156137943,
      0.005967860110104084,
      0.005325359757989645,
      0.006240864284336567,
      0.0063586365431547165,
      0.005449030082672834,
      0.006019578315317631,
      0.0057305749505758286,
      0.006084498018026352,
      0.005773365031927824,
      0.005498974118381739,
      0.005812065210193396,
      0.005768608767539263,
      0.006132372189313173,
      0.005683241877704859,
      0.0053142947144806385,
      0.005791117437183857,
      0.005612104199826717,
      0.005621853284537792,
      0.005938465241342783,
      0.005745220929384232,
      0.005307501181960106,
      0.0056664058938622475,
      0.005751548334956169,
      0.005357792135328054,
      0.005608054343611002,
      0.00570092536509037,
      0.005751265212893486,
      0.00577161181718111,
      0.006015869788825512,
      0.0053230952471494675,
      0.005253600422292948,
      0.0056911916472017765,
      0.0055983285419642925,
      0.005451851524412632,
      0.005357237998396158,
      0.0051855966448783875,
      0.005764755420386791,
      0.005892565473914146,
      0.00526705477386713,
      0.0051526571623981,
      0.0053641898557543755,
      0.005362340249121189,
      0.005409357603639364,
      0.005211781244724989,
      0.00549659738317132,
      0.005087313242256641,
      0.005677160806953907,
      0.005048671271651983,
      0.005165161099284887,
      0.005565199069678783,
      0.005194094963371754,
      0.005210708826780319,
      0.005620327778160572,
      0.005128662101924419,
      0.004974888637661934,
      0.005587330088019371,
      0.005058676470071077,
      0.0049290782772004604,
      0.005323630757629871,
      0.005470877978950739,
      0.005242963321506977,
      0.005309424363076687,
      0.005010442342609167,
      0.005549836903810501,
      0.005573393777012825,
      0.005143844522535801,
      0.0051836431957781315,
      0.004782987292855978,
      0.0052546169608831406,
      0.005130076315253973,
      0.004968716762959957,
      0.005350818391889334,
      0.004856501705944538,
      0.005519211757928133,
      0.004967330489307642,
      0.00453609274700284,
      0.004738526418805122,
      0.005177444312721491,
      0.005477276165038347,
      0.004869095049798489,
      0.004566641058772802,
      0.0048025865107774734,
      0.004675975069403648,
      0.004654804244637489,
      0.004821399226784706,
