{
   "number_epochs": 400,
   "info_used": "use imputation",
   "perc_full_data": 0.04,
   "n_epochs_no_selection": 0,
   "Frequency % cutoff": 0.33,
   "hidden_size": 32,
   "random_state": 9,
   "train_errors": [
      0.1793835461139679,
      0.12049754709005356,
      0.07412651926279068,
      0.04543562978506088,
      0.03988582268357277,
      0.051360808312892914,
      0.05665207654237747,
      0.05004808306694031,
      0.041194941848516464,
      0.03605107218027115,
      0.03567840903997421,
      0.03634795919060707,
      0.03728358820080757,
      0.03688452020287514,
      0.03603567183017731,
      0.03353039175271988,
      0.032515618950128555,
      0.03219436854124069,
      0.03218866512179375,
      0.032418422400951385,
      0.03229363262653351,
      0.030656859278678894,
      0.02998421899974346,
      0.028751200065016747,
      0.02796643227338791,
      0.027787581086158752,
      0.027411939576268196,
      0.026957759633660316,
      0.026193976402282715,
      0.025874003767967224,
      0.02515478990972042,
      0.02578970603644848,
      0.024734247475862503,
      0.023328425362706184,
      0.023522358387708664,
      0.022350402548909187,
      0.022488456219434738,
      0.0220141913741827,
      0.0218120776116848,
      0.020925423130393028,
      0.021328583359718323,
      0.021629733964800835,
      0.01982198841869831,
      0.01883685775101185,
      0.019626589491963387,
      0.018608644604682922,
      0.01854882948100567,
      0.018099648877978325,
      0.018748296424746513,
      0.017624294385313988,
      0.017504094168543816,
      0.01779758557677269,
      0.016941361129283905,
      0.017245206981897354,
      0.016237450763583183,
      0.0158892422914505,
      0.016010427847504616,
      0.01530445646494627,
      0.014937803149223328,
      0.01472992729395628,
      0.014271799474954605,
      0.013290788047015667,
      0.013409264385700226,
      0.012566598132252693,
      0.013264845125377178,
      0.01228370238095522,
      0.011196864768862724,
      0.011287038214504719,
      0.010843702591955662,
      0.01041011605411768,
      0.01004544273018837,
      0.009905041195452213,
      0.008646341972053051,
      0.007948245853185654,
      0.008092177100479603,
      0.00825940165668726,
      0.006945280823856592,
      0.007388160098344088,
      0.00752666313201189,
      0.006970056798309088,
      0.006826773751527071,
      0.00693717785179615,
      0.0063978987745940685,
      0.005849519278854132,
      0.006439687218517065,
      0.005465938244014978,
      0.005422361195087433,
      0.004805499687790871,
      0.004906224086880684,
      0.005380488466471434,
      0.005032979883253574,
      0.0050435746088624,
      0.004939677659422159,
      0.00517222611233592,
      0.004621437750756741,
      0.004882053937762976,
      0.004779375623911619,
      0.004793074447661638,
      0.004433237016201019,
      0.005294828210026026,
      0.004275165498256683,
      0.005199472885578871,
      0.00465757492929697,
      0.004157837945967913,
      0.005230378359556198,
      0.005391603801399469,
      0.004280921537429094,
      0.004695392679423094,
      0.0049385568127036095,
      0.004846855998039246,
      0.0047419099137187,
      0.00525972293689847,
      0.004520846996456385,
      0.004576968029141426,
      0.0046507627703249454,
      0.004931536968797445,
      0.004904243629425764,
      0.004749296233057976,
      0.005124461371451616,
      0.004468719009310007,
      0.004613619297742844,
      0.004837470594793558,
      0.004695543088018894,
      0.004357886966317892,
      0.004485731944441795,
      0.004571996629238129,
      0.003931046929210424,
      0.003614261979237199,
      0.004238393623381853,
      0.004201114643365145,
      0.004635548684746027,
      0.0042612385004758835,
      0.0041731297969818115,
      0.004359713289886713,
      0.0038105910643935204,
      0.0046034688130021095,
      0.004431076347827911,
      0.004410688299685717,
      0.0035852587316185236,
      0.004461279604583979,
      0.00396502111107111,
      0.003622667631134391,
      0.0042610433883965015,
      0.00423020962625742,
      0.004077390301972628,
      0.004229195415973663,
      0.004190990701317787,
      0.0037995576858520508,
      0.003902208060026169,
      0.0035647586919367313,
      0.003642750671133399,
      0.00400879792869091,
      0.004267810378223658,
      0.004013169091194868,
      0.003984417766332626,
      0.004535378888249397,
      0.003877784591168165,
      0.004398011136800051,
      0.004034606274217367,
      0.00416578259319067,
      0.004028205294162035,
      0.004051743075251579,
      0.004224937409162521,
      0.0038390965200960636,
      0.003783059073612094,
      0.003943388815969229,
      0.003663775511085987,
      0.004041634500026703,
      0.004007452167570591,
      0.004537065047770739,
      0.0045391893945634365,
      0.003406400792300701,
      0.004305474925786257,
      0.004591360222548246,
      0.004051143769174814,
      0.00430748425424099,
      0.003828139975667,
      0.0041857147589325905,
      0.0039617582224309444,
      0.003897151444107294,
      0.0037200860679149628,
      0.002840636996552348,
      0.0036275279708206654,
      0.003566274419426918,
      0.004056207370012999,
      0.003968927543610334,
      0.004575691651552916,
      0.004294814076274633,
      0.003881273092702031,
      0.0041576228104531765,
      0.004064700100570917,
      0.003827712731435895,
      0.0037605632096529007,
      0.0037583806551992893,
      0.0035850515123456717,
      0.003581480821594596,
      0.004106577951461077,
      0.003938182722777128,
      0.003848886117339134,
      0.0036130172666162252,
      0.003651268780231476,
      0.0038405489176511765,
      0.0033789195585995913,
      0.004229346755892038,
      0.003889841726049781,
      0.003896219190210104,
      0.0032883661333471537,
      0.0036583910696208477,
      0.0040100640617311,
      0.003991497680544853,
      0.003755810670554638,
      0.003535663243383169,
      0.003926645498722792,
      0.0038347248919308186,
      0.003923660609871149,
      0.003898386377841234,
      0.003582686884328723,
      0.004797077737748623,
      0.004243048839271069,
      0.0034582698717713356,
      0.0038492598105221987,
      0.0038280803710222244,
      0.004058010410517454,
      0.003818013472482562,
      0.0035355123691260815,
      0.003474592696875334,
      0.0036015366204082966,
      0.003981629852205515,
      0.00332737248390913,
      0.0039739967323839664,
      0.0036754626780748367,
      0.0036853726487606764,
      0.0033461812417954206,
      0.003687465563416481,
      0.0035694558173418045,
      0.00341778970323503,
      0.0034560293424874544,
      0.0036720021162182093,
      0.0031557457987219095,
      0.0035773911513388157,
      0.0036136966664344072,
      0.0037695495411753654,
      0.004030599724501371,
      0.004387804307043552,
      0.0035077484790235758,
      0.0032107154838740826,
      0.0034445475321263075,
      0.0037725160364061594,
      0.003472664626315236,
      0.0038561769761145115,
      0.0037193549796938896,
      0.0037471645046025515,
      0.0030763756949454546,
      0.00316799059510231,
      0.0035878736525774,
      0.0034424858167767525,
      0.0033479053527116776,
      0.003175201592966914,
      0.0037089064717292786,
      0.0032989061437547207,
      0.003579244716092944,
      0.004021399188786745,
      0.0036315161269158125,
      0.003519939025864005,
      0.003909214865416288,
      0.0034501126501709223,
      0.00354224001057446,
      0.003462450113147497,
      0.00303043145686388,
      0.003413543337956071,
      0.0035786228254437447,
      0.003672944149002433,
      0.003145435359328985,
      0.0037923729978501797,
      0.0034896701108664274,
      0.0038964764680713415,
      0.0035581057891249657,
      0.003197675570845604,
