{
   "number_epochs": 400,
   "info_used": "use imputation",
   "perc_full_data": 0.04,
   "n_epochs_no_selection": 0,
   "Frequency % cutoff": 0.33,
   "hidden_size": 32,
   "random_state": 4,
   "train_errors": [
      0.28376808762550354,
      0.20599789917469025,
      0.13950414955615997,
      0.09003978967666626,
      0.06387988477945328,
      0.06227431073784828,
      0.07091578841209412,
      0.07238490134477615,
      0.06420525163412094,
      0.053606972098350525,
      0.04682629927992821,
      0.04567282274365425,
      0.04549598693847656,
      0.04500824213027954,
      0.044042546302080154,
      0.04189678281545639,
      0.04039643332362175,
      0.03754591569304466,
      0.036086734384298325,
      0.03528454899787903,
      0.03553355112671852,
      0.03549177199602127,
      0.03417958319187164,
      0.03258815407752991,
      0.03207143396139145,
      0.032017990946769714,
      0.031208889558911324,
      0.030529405921697617,
      0.030883125960826874,
      0.029790159314870834,
      0.029567725956439972,
      0.02840507961809635,
      0.028645111247897148,
      0.028507767245173454,
      0.027216000482439995,
      0.02684541791677475,
      0.026699915528297424,
      0.026409653946757317,
      0.025872323662042618,
      0.025959137827157974,
      0.02551303803920746,
      0.024513890966773033,
      0.02489442564547062,
      0.02436678670346737,
      0.024805791676044464,
      0.023928962647914886,
      0.02357695810496807,
      0.022775091230869293,
      0.022609934210777283,
      0.022686943411827087,
      0.022962074726819992,
      0.022181911394000053,
      0.022579852491617203,
      0.021265346556901932,
      0.021252280101180077,
      0.020813602954149246,
      0.020779380574822426,
      0.02080841362476349,
      0.021123919636011124,
      0.020873641595244408,
      0.01993616111576557,
      0.019738387316465378,
      0.01938854157924652,
      0.01979806274175644,
      0.01977415755391121,
      0.019624684005975723,
      0.018920734524726868,
      0.01934116892516613,
      0.01877213828265667,
      0.018433213233947754,
      0.018285665661096573,
      0.018851153552532196,
      0.01844954676926136,
      0.018202761188149452,
      0.017659014090895653,
      0.01788746938109398,
      0.017401954159140587,
      0.016583507880568504,
      0.017177456989884377,
      0.016933783888816833,
      0.015892911702394485,
      0.016196271404623985,
      0.015399563126266003,
      0.0157556664198637,
      0.01566634513437748,
      0.015083265490829945,
      0.013871986418962479,
      0.013381484895944595,
      0.0141677251085639,
      0.014549600891768932,
      0.013652859255671501,
      0.012863732874393463,
      0.012672636657953262,
      0.01373370923101902,
      0.012369011528789997,
      0.01213372778147459,
      0.011318458244204521,
      0.011482138186693192,
      0.01163178589195013,
      0.011202759109437466,
      0.011622771620750427,
      0.011263035237789154,
      0.010559850372374058,
      0.010586137883365154,
      0.010233325883746147,
      0.010885641910135746,
      0.009693309664726257,
      0.009631453081965446,
      0.009815288707613945,
      0.009564864449203014,
      0.009246472269296646,
      0.009195603430271149,
      0.00919200386852026,
      0.008853590115904808,
      0.00855594128370285,
      0.009065854363143444,
      0.009264488704502583,
      0.008883608505129814,
      0.009429403580725193,
      0.008828921243548393,
      0.008758220821619034,
      0.008391042239964008,
      0.007898912765085697,
      0.00855481717735529,
      0.008088961243629456,
      0.008549200370907784,
      0.008447357453405857,
      0.008723845705389977,
      0.008308326825499535,
      0.00845803041011095,
      0.007945536635816097,
      0.008469500578939915,
      0.007652039639651775,
      0.007724253926426172,
      0.008033369667828083,
      0.00767566729336977,
      0.007897121831774712,
      0.007227640133351088,
      0.007678047753870487,
      0.007656766567379236,
      0.006927153095602989,
      0.007085871417075396,
      0.007786407135426998,
      0.007335451897233725,
      0.007800491526722908,
      0.007621030788868666,
      0.007562309503555298,
      0.00689741550013423,
      0.007553938310593367,
      0.007194485515356064,
      0.0075198570266366005,
      0.007649665232747793,
      0.007352867163717747,
      0.0067873322404921055,
      0.00715293362736702,
      0.00691441772505641,
      0.007828166708350182,
      0.007661702577024698,
      0.007050270680338144,
      0.006815726403146982,
      0.006912615150213242,
      0.006955099757760763,
      0.006755536887794733,
      0.007347071543335915,
      0.007011809386312962,
      0.00712186936289072,
      0.00686069019138813,
      0.007110905833542347,
      0.00671392260119319,
      0.007162134163081646,
      0.007083400152623653,
      0.0066937790252268314,
      0.007192306220531464,
      0.006573222111910582,
      0.006844604853540659,
      0.007223833352327347,
      0.0069643184542655945,
      0.006923200562596321,
      0.00682788947597146,
      0.006420116405934095,
      0.006725895684212446,
      0.006750359665602446,
      0.00691343704238534,
      0.007091783452779055,
      0.0069555677473545074,
      0.006649242248386145,
      0.006311197765171528,
      0.006359389051795006,
      0.006976948585361242,
      0.006759083829820156,
      0.0065807802602648735,
      0.006721821613609791,
      0.006897670682519674,
      0.006494714412838221,
      0.0068503995425999165,
      0.006437554955482483,
      0.0063432492315769196,
      0.00619520666077733,
      0.006608246825635433,
      0.00691746873781085,
      0.00617913156747818,
      0.006267626769840717,
      0.006404486950486898,
      0.006274252198636532,
      0.0063306414522230625,
      0.006323209032416344,
      0.006597547791898251,
      0.006339818239212036,
      0.006371950265020132,
      0.006328974384814501,
      0.0065157911740243435,
      0.006439587101340294,
      0.0066598826088011265,
      0.005908231716603041,
      0.006467923056334257,
      0.006411225069314241,
      0.006388675421476364,
      0.006627846043556929,
      0.006111340131610632,
      0.006632893346250057,
      0.006327936891466379,
      0.005812607239931822,
      0.005959229078143835,
      0.006101470440626144,
      0.005902736913412809,
      0.00616640318185091,
      0.0059962025843560696,
      0.006044809706509113,
      0.00625208904966712,
      0.006356867961585522,
      0.006273842882364988,
      0.006218725349754095,
      0.00666539091616869,
      0.005959414876997471,
      0.006143984850496054,
      0.006643559783697128,
      0.006230968050658703,
      0.006083387415856123,
      0.005907341372221708,
      0.005936778150498867,
      0.005981145426630974,
      0.006263102870434523,
      0.006004791706800461,
      0.005948257632553577,
      0.006044142879545689,
      0.006183585152029991,
      0.0059541622176766396,
      0.006292411126196384,
      0.006201275158673525,
      0.006023004651069641,
      0.0058006588369607925,
      0.006338854320347309,
      0.006032549310475588,
      0.005675351247191429,
      0.006092308089137077,
      0.006139189004898071,
      0.006036360282450914,
      0.0058562615886330605,
      0.005931012332439423,
      0.005657179281115532,
      0.005974040366709232,
      0.005803312174975872,
      0.006059627514332533,
      0.0057302541099488735,
      0.005934127606451511,
      0.0058876327238976955,
      0.005845317617058754,
      0.005951729137450457,
      0.006122665014117956,
      0.006116050761193037,
      0.005769719835370779,
      0.006050869822502136,
      0.0064875418320298195,
      0.005903481040149927,
      0.006011409219354391,
      0.005921770352870226,
      0.005978533532470465,
      0.005875001195818186,
      0.0056018829345703125,
