{
   "number_epochs": 400,
   "info_used": "use imputation",
   "perc_full_data": 0.04,
   "n_epochs_no_selection": 0,
   "Frequency % cutoff": 0.33,
   "hidden_size": 32,
   "random_state": 5,
   "train_errors": [
      0.4466629922389984,
      0.37021443247795105,
      0.3031650185585022,
      0.2376638799905777,
      0.1795860081911087,
      0.12364859879016876,
      0.07977510243654251,
      0.05053109675645828,
      0.04222777113318443,
      0.05106213316321373,
      0.06312088668346405,
      0.06713734567165375,
      0.05730320140719414,
      0.04874032735824585,
      0.04068088158965111,
      0.037413157522678375,
      0.03738123178482056,
      0.037516046315431595,
      0.03830879554152489,
      0.03915923088788986,
      0.035842981189489365,
      0.034420453011989594,
      0.03278952091932297,
      0.03086075372993946,
      0.030247561633586884,
      0.03121686354279518,
      0.029916975647211075,
      0.02974887564778328,
      0.027363481000065804,
      0.027453888207674026,
      0.028918566182255745,
      0.026829533278942108,
      0.026172880083322525,
      0.025899097323417664,
      0.025577129796147346,
      0.02608347125351429,
      0.023962805047631264,
      0.024251773953437805,
      0.024947693571448326,
      0.024498946964740753,
      0.022855035960674286,
      0.02224802039563656,
      0.022796303033828735,
      0.021168731153011322,
      0.021545210853219032,
      0.021043481305241585,
      0.020334070548415184,
      0.019664492458105087,
      0.02127862349152565,
      0.018883541226387024,
      0.019059134647250175,
      0.018662944436073303,
      0.01913072168827057,
      0.01859004981815815,
      0.018747735768556595,
      0.0178670696914196,
      0.017767267301678658,
      0.016368266195058823,
      0.015812896192073822,
      0.015156744979321957,
      0.015808764845132828,
      0.015019351616501808,
      0.014004357159137726,
      0.015583164989948273,
      0.013438035733997822,
      0.013131891377270222,
      0.012396472506225109,
      0.012978755868971348,
      0.011734884232282639,
      0.011363714002072811,
      0.01057239156216383,
      0.01101592369377613,
      0.011175303719937801,
      0.010585305280983448,
      0.01011231355369091,
      0.009659573435783386,
      0.008735297247767448,
      0.00967730488628149,
      0.008484969846904278,
      0.008964036591351032,
      0.009200690314173698,
      0.008479983545839787,
      0.008029545657336712,
      0.008854124695062637,
      0.008295763283967972,
      0.008071960881352425,
      0.0072279758751392365,
      0.007051066029816866,
      0.007922401651740074,
      0.007858083583414555,
      0.007335116155445576,
      0.007691292557865381,
      0.006915224716067314,
      0.006814808584749699,
      0.007464803289622068,
      0.006290322169661522,
      0.006591482553631067,
      0.006808433681726456,
      0.006974372081458569,
      0.006795843597501516,
      0.007001965306699276,
      0.006373770534992218,
      0.006782119162380695,
      0.00677113002166152,
      0.006539792288094759,
      0.006261706352233887,
      0.0067572989501059055,
      0.006750568747520447,
      0.005861856043338776,
      0.0051422687247395515,
      0.006396348122507334,
      0.006408081389963627,
      0.005522120278328657,
      0.006415795534849167,
      0.005716003943234682,
      0.0056854248978197575,
      0.006086260545998812,
      0.00599890248849988,
      0.005735091865062714,
      0.005440749228000641,
      0.005848167464137077,
      0.0065304129384458065,
      0.005095100495964289,
      0.005449239630252123,
      0.0056106699630618095,
      0.005722096189856529,
      0.006768004968762398,
      0.005896224640309811,
      0.005728266667574644,
      0.00572184706106782,
      0.0061898380517959595,
      0.005564206279814243,
      0.005767554976046085,
      0.006239618174731731,
      0.0054386374540627,
      0.005006341729313135,
      0.006250852718949318,
      0.005456146784126759,
      0.005669794045388699,
      0.005875259172171354,
      0.005096946377307177,
      0.005388868972659111,
      0.005512449890375137,
      0.005570592824369669,
      0.0052265264093875885,
      0.0055499388836324215,
      0.005249996203929186,
      0.005559817887842655,
      0.00560191972181201,
      0.005531058646738529,
      0.005285751074552536,
      0.0052607315592467785,
      0.005529678892344236,
      0.005439279600977898,
      0.004759497009217739,
      0.0047886427491903305,
      0.004987139720469713,
      0.005570567212998867,
      0.005066611338406801,
      0.0049823555164039135,
      0.005117228254675865,
      0.0050425478257238865,
      0.005780226085335016,
      0.004977061878889799,
      0.005421068519353867,
      0.005050141829997301,
      0.005336804781109095,
      0.004380909726023674,
      0.004677565768361092,
      0.004808766767382622,
      0.0047200447879731655,
      0.004624779336154461,
      0.004834016785025597,
      0.0051269978284835815,
      0.004678415600210428,
      0.004516265820711851,
      0.005069700535386801,
      0.004758736118674278,
      0.0044731092639267445,
      0.00464630825445056,
      0.004940715618431568,
      0.004326452501118183,
      0.005023322533816099,
      0.004783404991030693,
      0.005015995819121599,
      0.004812153521925211,
      0.004783470183610916,
      0.00469335587695241,
      0.0048000989481806755,
      0.004924653097987175,
      0.004636531230062246,
      0.00450130645185709,
      0.004172624088823795,
      0.0045640128664672375,
      0.0038683214224874973,
      0.004189490340650082,
      0.004585623275488615,
      0.00462806411087513,
      0.004056201316416264,
      0.0041253045201301575,
      0.0039701927453279495,
      0.004210161045193672,
      0.004222206771373749,
      0.00362517056055367,
      0.00436463812366128,
      0.004458580166101456,
      0.004336451180279255,
      0.004531743936240673,
      0.004652428440749645,
      0.003960546106100082,
      0.00442092539742589,
      0.004283166490495205,
      0.0043052430264651775,
      0.004044199362397194,
      0.0041640992276370525,
      0.004176819697022438,
      0.00457829749211669,
      0.004424345213919878,
      0.004343964159488678,
      0.004080721642822027,
      0.0038742332253605127,
      0.0042541660368442535,
      0.004314497113227844,
      0.0041386885568499565,
      0.0037934700958430767,
      0.0038414595182985067,
      0.004282884765416384,
      0.004298617597669363,
      0.0041137514635920525,
      0.004419533535838127,
      0.004128238186240196,
      0.003852147376164794,
      0.00416124751791358,
      0.004218657501041889,
      0.0040924944914877415,
      0.004228025209158659,
      0.0040751793421804905,
      0.00406250823289156,
      0.0038454290479421616,
      0.003986736759543419,
      0.0040693688206374645,
      0.004069349262863398,
      0.003845525672659278,
      0.004072993528097868,
      0.004237483721226454,
      0.0036096489056944847,
      0.004419854376465082,
      0.003905300283804536,
      0.003961438313126564,
      0.004250586964190006,
      0.0038999279495328665,
      0.00421916926279664,
      0.0036206545773893595,
      0.0038937570061534643,
      0.0038512384053319693,
      0.004316024482250214,
      0.003985912073403597,
      0.0037373302038758993,
      0.004126324318349361,
      0.003742524888366461,
      0.003719531698152423,
      0.0038872479926794767,
      0.004230048973113298,
      0.003781648352742195,
      0.0038273187819868326,
      0.004391733556985855,
      0.004167700186371803,
      0.004222158342599869,
      0.003775232471525669,
      0.0037161989603191614,
      0.0038824535440653563,
      0.0036074116360396147,
      0.003913251217454672,
      0.0037069832906126976,
      0.003896981943398714,
      0.0038827487733215094,
      0.0037918961606919765,
      0.003644642885774374,
