{
   "number_epochs": 400,
   "info_used": "use imputation",
   "perc_full_data": 0.04,
   "n_epochs_no_selection": 0,
   "Frequency % cutoff": 0.33,
   "hidden_size": 32,
   "random_state": 2,
   "train_errors": [
      0.218650221824646,
      0.17545779049396515,
      0.13528133928775787,
      0.0984874814748764,
      0.06641514599323273,
      0.044419873505830765,
      0.03441931679844856,
      0.040461670607328415,
      0.04712546989321709,
      0.046904582530260086,
      0.04172104224562645,
      0.034571148455142975,
      0.032968420535326004,
      0.03204276040196419,
      0.03360786288976669,
      0.03427935019135475,
      0.03413888439536095,
      0.03286827355623245,
      0.0314636193215847,
      0.030710261315107346,
      0.029600979760289192,
      0.029371803626418114,
      0.02880866825580597,
      0.02886882796883583,
      0.02827681601047516,
      0.027140090242028236,
      0.02678866870701313,
      0.026407403871417046,
      0.026418576017022133,
      0.025431476533412933,
      0.024287182837724686,
      0.024079488590359688,
      0.0227612666785717,
      0.022671272978186607,
      0.022490279749035835,
      0.02154010534286499,
      0.02168765291571617,
      0.021165240556001663,
      0.02111893706023693,
      0.021079912781715393,
      0.02019619010388851,
      0.020373839884996414,
      0.01964561641216278,
      0.02032962441444397,
      0.018883487209677696,
      0.01892148330807686,
      0.018815549090504646,
      0.017368853092193604,
      0.016996389254927635,
      0.018241247162222862,
      0.017837567254900932,
      0.016451217234134674,
      0.014534947462379932,
      0.015650346875190735,
      0.014696956612169743,
      0.014378252439200878,
      0.013987422920763493,
      0.012766823172569275,
      0.013589713722467422,
      0.012286637909710407,
      0.011906877160072327,
      0.012028350494801998,
      0.01215855311602354,
      0.012098751030862331,
      0.011233472265303135,
      0.010935957543551922,
      0.011262082494795322,
      0.011028098873794079,
      0.010552806779742241,
      0.011065601371228695,
      0.010322623886168003,
      0.010149572044610977,
      0.01006593182682991,
      0.009398513473570347,
      0.010119898244738579,
      0.009312923066318035,
      0.010294081643223763,
      0.00953887589275837,
      0.009484592825174332,
      0.009328312240540981,
      0.00955844298005104,
      0.009326954372227192,
      0.009134185500442982,
      0.00903346762061119,
      0.008479456417262554,
      0.008867411874234676,
      0.00865096878260374,
      0.009212604723870754,
      0.008708062581717968,
      0.00850736629217863,
      0.008687022142112255,
      0.00912598054856062,
      0.00977613776922226,
      0.0076828221790492535,
      0.007907675579190254,
      0.008528927341103554,
      0.009169607423245907,
      0.0081763481721282,
      0.009262741543352604,
      0.007797519210726023,
      0.008236370049417019,
      0.009175813756883144,
      0.007126201875507832,
      0.008683684282004833,
      0.008368296548724174,
      0.007923794910311699,
      0.00796925462782383,
      0.006889097858220339,
      0.00830711331218481,
      0.008180041797459126,
      0.007982401177287102,
      0.008151492103934288,
      0.0077357045374810696,
      0.007597588002681732,
      0.008075151592493057,
      0.008047866635024548,
      0.007641811389476061,
      0.007946242578327656,
      0.007834527641534805,
      0.0077240802347660065,
      0.0069631305523216724,
      0.008115612901747227,
      0.007543516810983419,
      0.007732233963906765,
      0.007906399667263031,
      0.00809786468744278,
      0.007123380433768034,
      0.007321266923099756,
      0.007026168052107096,
      0.007337881717830896,
      0.007792763877660036,
      0.006500821094959974,
      0.007078249007463455,
      0.007515554316341877,
      0.0076424432918429375,
      0.00728911068290472,
      0.00693141296505928,
      0.007472887169569731,
      0.006805882789194584,
      0.006771978456526995,
      0.006918999366462231,
      0.0068512181751430035,
      0.007635208778083324,
      0.006964046508073807,
      0.006886305287480354,
      0.007235428784042597,
      0.0068014017306268215,
      0.006619472522288561,
      0.0070397090166807175,
      0.006877662148326635,
      0.006869421806186438,
      0.006783644203096628,
      0.007294889539480209,
      0.0071715014055371284,
      0.0070100086741149426,
      0.006753916852176189,
      0.006875986233353615,
      0.006948025897145271,
      0.006708746775984764,
      0.006631821393966675,
      0.006891146302223206,
      0.006391618400812149,
      0.006605630274862051,
      0.0068641770631074905,
      0.006523287855088711,
      0.006567796226590872,
      0.006379254162311554,
      0.006550190970301628,
      0.006024536676704884,
      0.007025947328656912,
      0.006427712272852659,
      0.006786883343011141,
      0.007004984654486179,
      0.005971779115498066,
      0.006477114278823137,
      0.006357277277857065,
      0.00675391498953104,
      0.00655615096911788,
      0.006613677833229303,
      0.006453053560107946,
      0.006586234085261822,
      0.006312067620456219,
      0.006341082509607077,
      0.006745058577507734,
      0.00652678357437253,
      0.006675833370536566,
      0.006696394644677639,
      0.006722370628267527,
      0.006369318813085556,
      0.0070728217251598835,
      0.006213340908288956,
      0.006277455482631922,
      0.006435483694076538,
      0.006225042510777712,
      0.006700195372104645,
      0.006319824606180191,
      0.005578190553933382,
      0.006039045751094818,
      0.005992264021188021,
      0.005825509317219257,
      0.005909610539674759,
      0.006019634194672108,
      0.006299073342233896,
      0.005987863522022963,
      0.005828083027154207,
      0.005818799138069153,
      0.0058943238109350204,
      0.005813037510961294,
      0.005946522578597069,
      0.005960238631814718,
      0.006129312328994274,
      0.006405665073543787,
      0.005725090857595205,
      0.006073270458728075,
      0.005775642581284046,
      0.005773716140538454,
      0.00597029784694314,
      0.005732327699661255,
      0.005871920380741358,
      0.005903300363570452,
      0.005593874491751194,
      0.006007136777043343,
      0.005886438302695751,
      0.0054533821530640125,
      0.005970795173197985,
      0.005953465588390827,
      0.005656341090798378,
      0.0058113462291657925,
      0.00553462840616703,
      0.005735804792493582,
      0.005785672925412655,
      0.005900654010474682,
      0.0065297698602080345,
      0.006022583693265915,
      0.005402160342782736,
      0.0057112425565719604,
      0.005731953773647547,
      0.005577477160841227,
      0.0056355115957558155,
      0.005927020683884621,
      0.005499296355992556,
      0.005632439628243446,
      0.005728385876864195,
      0.00564943440258503,
      0.005728784017264843,
      0.00574956089258194,
      0.005724628455936909,
      0.005268471781164408,
      0.005496475845575333,
      0.005546269007027149,
      0.005458123981952667,
      0.005604311358183622,
      0.005625501275062561,
      0.005547923967242241,
      0.00518978014588356,
      0.005336707923561335,
      0.005480901338160038,
      0.005498999729752541,
      0.005376601126044989,
      0.005297030787914991,
      0.005443790461868048,
      0.0051421672105789185,
      0.00534582044929266,
      0.0053601511754095554,
      0.005398190580308437,
      0.005478214006870985,
      0.0053070057183504105,
      0.005478308070451021,
      0.00497843325138092,
      0.005337960086762905,
      0.005218632519245148,
      0.005257070530205965,
      0.0054607815109193325,
      0.004962334409356117,
      0.005396280437707901,
      0.005073038395494223,
      0.005245305132120848,
      0.005127377808094025,
      0.005196273792535067,
