{
   "number_epochs": 400,
   "info_used": "use imputation",
   "perc_full_data": 0.04,
   "n_epochs_no_selection": 0,
   "Frequency % cutoff": 0.33,
   "hidden_size": 32,
   "random_state": 12,
   "train_errors": [
      0.24550633132457733,
      0.1663249135017395,
      0.10360085219144821,
      0.05986649915575981,
      0.03812827169895172,
      0.03614185377955437,
      0.046055927872657776,
      0.051161207258701324,
      0.045322250574827194,
      0.03870285302400589,
      0.03318362310528755,
      0.031546395272016525,
      0.03256168216466904,
      0.03311476483941078,
      0.03383219614624977,
      0.03277121111750603,
      0.03124515525996685,
      0.030551515519618988,
      0.02882724069058895,
      0.02828960120677948,
      0.02855086140334606,
      0.02853970415890217,
      0.028150081634521484,
      0.02685932070016861,
      0.026828832924365997,
      0.02643519453704357,
      0.026286054402589798,
      0.02630218118429184,
      0.0245139729231596,
      0.024759111925959587,
      0.024648698046803474,
      0.024403676390647888,
      0.02411762624979019,
      0.02345479466021061,
      0.023511020466685295,
      0.02248077280819416,
      0.022842543199658394,
      0.022088458761572838,
      0.02227865904569626,
      0.02133301831781864,
      0.020626749843358994,
      0.02090200036764145,
      0.020110594108700752,
      0.02010604925453663,
      0.019093070179224014,
      0.01985388994216919,
      0.018838686868548393,
      0.0183180533349514,
      0.018243184313178062,
      0.017959024757146835,
      0.01760966144502163,
      0.017441555857658386,
      0.017160383984446526,
      0.01590162329375744,
      0.016636304557323456,
      0.016014063730835915,
      0.015964584425091743,
      0.014620565809309483,
      0.015597177669405937,
      0.01492402795702219,
      0.015260051004588604,
      0.013848558999598026,
      0.013775589875876904,
      0.013794217258691788,
      0.013140509836375713,
      0.01344041433185339,
      0.01279530767351389,
      0.012813949026167393,
      0.012265220284461975,
      0.011730569414794445,
      0.01221246737986803,
      0.012343273498117924,
      0.012705348432064056,
      0.012213123962283134,
      0.01267700083553791,
      0.011711002327501774,
      0.012618928216397762,
      0.011717250570654869,
      0.011744153685867786,
      0.012646284885704517,
      0.012498198077082634,
      0.011450106278061867,
      0.012317088432610035,
      0.011338841170072556,
      0.010657376609742641,
      0.010592267848551273,
      0.010628328658640385,
      0.012043090537190437,
      0.011431229300796986,
      0.012365764938294888,
      0.012706154026091099,
      0.011868022382259369,
      0.012537643313407898,
      0.010820011608302593,
      0.011104809120297432,
      0.011679251678287983,
      0.011406617239117622,
      0.01210751198232174,
      0.011597596108913422,
      0.011757642962038517,
      0.011705945245921612,
      0.011611983180046082,
      0.011590828187763691,
      0.010236693546175957,
      0.012915575876832008,
      0.011264105327427387,
      0.011497164145112038,
      0.011281347833573818,
      0.011429861187934875,
      0.01129924412816763,
      0.0115966210141778,
      0.011305434629321098,
      0.010834285989403725,
      0.010932228527963161,
      0.01128760538995266,
      0.011895855888724327,
      0.010937394574284554,
      0.011157887987792492,
      0.01024694461375475,
      0.011534764431416988,
      0.010578828863799572,
      0.011735527776181698,
      0.01150546781718731,
      0.010276803746819496,
      0.010745902545750141,
      0.01213284581899643,
      0.010984408669173717,
      0.011329669505357742,
      0.011430022306740284,
      0.011670434847474098,
      0.010889407247304916,
      0.010815106332302094,
      0.009456057101488113,
      0.010437212884426117,
      0.01147138886153698,
      0.009597518481314182,
      0.011791305616497993,
      0.010845647193491459,
      0.011490116827189922,
      0.01250327005982399,
      0.010803604498505592,
      0.011641721241176128,
      0.011477929539978504,
      0.01081217173486948,
      0.011462220922112465,
      0.01104964129626751,
      0.010537202470004559,
      0.010886948555707932,
      0.010540410876274109,
      0.010824701748788357,
      0.010511458851397038,
      0.01012654323130846,
      0.00970460381358862,
      0.010762784630060196,
      0.009465900249779224,
      0.010471244342625141,
      0.009539022110402584,
      0.010737543925642967,
      0.01113008800894022,
      0.01108087319880724,
      0.01019161008298397,
      0.011296212673187256,
      0.010306529700756073,
      0.009807859547436237,
      0.009727148339152336,
      0.010692882351577282,
      0.010160590521991253,
      0.009109744802117348,
      0.010313572362065315,
      0.009969744831323624,
      0.010060025379061699,
      0.008688786067068577,
      0.009669238701462746,
      0.009923046454787254,
      0.010259021073579788,
      0.01016185898333788,
      0.01069207675755024,
      0.010429374873638153,
      0.009327352978289127,
      0.009128803387284279,
      0.009763036854565144,
      0.008747640065848827,
      0.009455837309360504,
      0.010290859267115593,
      0.009573745541274548,
      0.009398587048053741,
      0.009360069409012794,
      0.010347415693104267,
      0.008654357865452766,
      0.009859862737357616,
      0.009338729083538055,
      0.00946578849107027,
      0.00902232900261879,
      0.008337007835507393,
      0.009638202376663685,
      0.008803937584161758,
      0.009043571539223194,
      0.008854509331285954,
      0.009305652230978012,
      0.0082478579133749,
      0.008936310186982155,
      0.008141685277223587,
      0.007502795662730932,
      0.008399300277233124,
      0.009081315249204636,
      0.008802016265690327,
      0.008698816411197186,
      0.008719990961253643,
      0.008794418536126614,
      0.008444015868008137,
      0.008083879947662354,
      0.008661697618663311,
      0.008928893133997917,
      0.0086347172036767,
      0.008175204508006573,
      0.008143124170601368,
      0.00798344798386097,
      0.007957668043673038,
      0.00844593346118927,
      0.00903637520968914,
      0.007784163113683462,
      0.007802791427820921,
      0.008267863653600216,
      0.008247938007116318,
      0.008014102466404438,
      0.008334001526236534,
      0.007821227423846722,
      0.00815341155976057,
      0.007534849923104048,
      0.008714317344129086,
      0.008195185102522373,
      0.00779580557718873,
      0.0081024169921875,
      0.007953276857733727,
      0.007838205434381962,
      0.007986369542777538,
      0.007824630476534367,
      0.007709756959229708,
      0.008452331647276878,
      0.008034207858145237,
      0.007928025908768177,
      0.007797042839229107,
      0.007588190957903862,
      0.00796015840023756,
      0.007286850828677416,
      0.007524427492171526,
      0.007111912593245506,
      0.00742385582998395,
      0.007790558971464634,
      0.0068954043090343475,
      0.007866788655519485,
      0.00762009946629405,
      0.007519174367189407,
      0.007958270609378815,
      0.006938430014997721,
      0.007074798922985792,
      0.007634295616298914,
      0.006906572729349136,
      0.008554280735552311,
      0.00793099869042635,
      0.007979164831340313,
      0.0073703583329916,
      0.007031971588730812,
      0.007193480618298054,
      0.007707654964178801,
      0.007537706755101681,
      0.006794595159590244,
      0.0070334021002054214,
      0.00764849316328764,
      0.007354730274528265,
      0.008054972626268864,
      0.007538897451013327,
      0.007353086490184069,
      0.006856697611510754,
      0.008007492870092392,
      0.00690172566100955,
      0.00891672819852829,
      0.007746917195618153,
      0.006890894379466772,
      0.006673898547887802,
