{
   "number_epochs": 400,
   "info_used": "use imputation",
   "perc_full_data": 0.04,
   "n_epochs_no_selection": 0,
   "Frequency % cutoff": 0.33,
   "hidden_size": 32,
   "random_state": 14,
   "train_errors": [
      0.41145461797714233,
      0.30860283970832825,
      0.22056396305561066,
      0.14745377004146576,
      0.08813361823558807,
      0.05277593433856964,
      0.04590198025107384,
      0.05899635702371597,
      0.07256332784891129,
      0.0667695477604866,
      0.05477770417928696,
      0.04427722096443176,
      0.037812940776348114,
      0.036444056779146194,
      0.03770538046956062,
      0.039131104946136475,
      0.03924763947725296,
      0.03740212693810463,
      0.03468339517712593,
      0.03165825456380844,
      0.030575985088944435,
      0.030054399743676186,
      0.030008429661393166,
      0.02927030250430107,
      0.02868029475212097,
      0.02786104939877987,
      0.02745060622692108,
      0.028065942227840424,
      0.02685854770243168,
      0.026313643902540207,
      0.02506396174430847,
      0.024257855489850044,
      0.023626232519745827,
      0.023884255439043045,
      0.022402001544833183,
      0.02278425358235836,
      0.02221551723778248,
      0.02266787923872471,
      0.02204916626214981,
      0.021389909088611603,
      0.021812913939356804,
      0.02027243748307228,
      0.020418494939804077,
      0.020774349570274353,
      0.01901436597108841,
      0.019171083346009254,
      0.019215434789657593,
      0.019210277125239372,
      0.01876220479607582,
      0.018848538398742676,
      0.018419619649648666,
      0.01843692921102047,
      0.017867377027869225,
      0.01783890835940838,
      0.01687736064195633,
      0.016286971047520638,
      0.016717955470085144,
      0.015690725296735764,
      0.015797939151525497,
      0.015512395650148392,
      0.015425357036292553,
      0.014607621356844902,
      0.014574043452739716,
      0.014680333435535431,
      0.013925105333328247,
      0.013750247657299042,
      0.013974770903587341,
      0.012803570367395878,
      0.012689393945038319,
      0.01277065183967352,
      0.011750577948987484,
      0.011153627187013626,
      0.011874932795763016,
      0.010625042021274567,
      0.010839177295565605,
      0.010293410159647465,
      0.009874572977423668,
      0.009140022099018097,
      0.00942403357475996,
      0.009797847829759121,
      0.009677460417151451,
      0.009515106678009033,
      0.009138365276157856,
      0.010399306192994118,
      0.009243587963283062,
      0.009519744664430618,
      0.00854326318949461,
      0.009185227565467358,
      0.008601565845310688,
      0.008182470686733723,
      0.009054234251379967,
      0.0088828569278121,
      0.008413353934884071,
      0.009147183038294315,
      0.00808299332857132,
      0.007765697315335274,
      0.008606495335698128,
      0.008809388615190983,
      0.008013293147087097,
      0.008169316686689854,
      0.0081168869510293,
      0.007607800420373678,
      0.008032621815800667,
      0.00731404684484005,
      0.007625182159245014,
      0.007216021418571472,
      0.006801456678658724,
      0.007798799779266119,
      0.0076111480593681335,
      0.007522345520555973,
      0.007242914754897356,
      0.007535229437053204,
      0.0074617499485611916,
      0.008184745907783508,
      0.007000260055065155,
      0.007664896547794342,
      0.006611019838601351,
      0.007747556082904339,
      0.007164116948843002,
      0.007663538679480553,
      0.007010342087596655,
      0.0072047533467411995,
      0.007335048634558916,
      0.007301396690309048,
      0.006984460633248091,
      0.0063515398651361465,
      0.007128556724637747,
      0.006393528077751398,
      0.007178089115768671,
      0.007463423535227776,
      0.007370617240667343,
      0.006779805291444063,
      0.006666063796728849,
      0.0069717890582978725,
      0.006680396851152182,
      0.006738550495356321,
      0.007160709705203772,
      0.007226134184747934,
      0.0068923006765544415,
      0.007318002637475729,
      0.007573114242404699,
      0.0073114014230668545,
      0.0069453115575015545,
      0.006891684606671333,
      0.007261720485985279,
      0.0067857843823730946,
      0.006951040122658014,
      0.007137291599065065,
      0.006786506623029709,
      0.006139633245766163,
      0.006769948173314333,
      0.006428334396332502,
      0.006830264814198017,
      0.006670108065009117,
      0.006928049959242344,
      0.0067361388355493546,
      0.0068071032874286175,
      0.006541885435581207,
      0.006426883861422539,
      0.006413671653717756,
      0.006551961414515972,
      0.006951909512281418,
      0.006617864593863487,
      0.007302457001060247,
      0.006324288435280323,
      0.006091424264013767,
      0.0067825219593942165,
      0.006604879163205624,
      0.006609931588172913,
      0.006269131321460009,
      0.006511261221021414,
      0.0063329096883535385,
      0.006752397865056992,
      0.006229077931493521,
      0.006430568173527718,
      0.006397222634404898,
      0.006509528495371342,
      0.007338169030845165,
      0.006433750968426466,
      0.006579413544386625,
      0.006728431209921837,
      0.006580173037946224,
      0.006152551621198654,
      0.006523503456264734,
      0.0062618437223136425,
      0.00624720798805356,
      0.006276065483689308,
      0.006109555717557669,
      0.005898120813071728,
      0.006194981746375561,
      0.006412455812096596,
      0.006371918134391308,
      0.006246486678719521,
      0.0063152676448225975,
      0.006327447947114706,
      0.006127794273197651,
      0.0058746556751430035,
      0.006286451127380133,
      0.0060653844848275185,
      0.006270298268646002,
      0.006514614447951317,
      0.006272252183407545,
      0.006162087433040142,
      0.0061300997622311115,
      0.006059031467884779,
      0.006358996033668518,
      0.0063891843892633915,
      0.006449577864259481,
      0.00603683665394783,
      0.0065178158693015575,
      0.006114337593317032,
      0.00625722948461771,
      0.006697649601846933,
      0.006052505690604448,
      0.005846919491887093,
      0.00584373390302062,
      0.005863863509148359,
      0.005767131224274635,
      0.005187162198126316,
      0.006319411564618349,
      0.005983033217489719,
      0.005936773959547281,
      0.006370224989950657,
      0.00604230584576726,
      0.006356681231409311,
      0.005949833430349827,
      0.006219103001058102,
      0.006261092610657215,
      0.005516944453120232,
      0.006289304234087467,
      0.005708171986043453,
      0.005912939086556435,
      0.005976115819066763,
      0.005793586373329163,
      0.005935118068009615,
      0.006090410053730011,
      0.005618276074528694,
      0.005773632787168026,
      0.005670286249369383,
      0.0057638646103441715,
      0.005778081249445677,
      0.00645522540435195,
      0.005532966926693916,
      0.005694704130291939,
      0.005724760238081217,
      0.0059698279947042465,
      0.0057630231603980064,
      0.00611822260543704,
      0.005833624862134457,
      0.005725740455091,
      0.005841665435582399,
      0.005641603842377663,
      0.006160436198115349,
      0.005773057229816914,
      0.006045904941856861,
      0.005794443655759096,
      0.0060136690735816956,
      0.0058335959911346436,
      0.005337452981621027,
      0.005219297017902136,
      0.005836668889969587,
      0.005788104142993689,
      0.005833623930811882,
      0.005858049262315035,
      0.005317287053912878,
      0.005819250829517841,
      0.005715486593544483,
      0.0057647088542580605,
      0.005987952463328838,
      0.005881461314857006,
      0.005539449397474527,
      0.005632580723613501,
      0.0054164729081094265,
      0.005165744107216597,
      0.005792456679046154,
      0.005892581306397915,
      0.005657830275595188,
      0.005411873571574688,
