{
   "number_epochs": 400,
   "info_used": "use imputation",
   "perc_full_data": 0.04,
   "n_epochs_no_selection": 0,
   "Frequency % cutoff": 0.33,
   "hidden_size": 32,
   "random_state": 13,
   "train_errors": [
      0.10804419219493866,
      0.05003252997994423,
      0.03626847639679909,
      0.04830717295408249,
      0.05009891465306282,
      0.04292934760451317,
      0.03375302627682686,
      0.031392451375722885,
      0.03180336207151413,
      0.0327032096683979,
      0.03295471891760826,
      0.031963106244802475,
      0.030199365690350533,
      0.028366634622216225,
      0.028282852843403816,
      0.028124993667006493,
      0.028789285570383072,
      0.028225259855389595,
      0.027322273701429367,
      0.026629015803337097,
      0.024206455796957016,
      0.024587372317910194,
      0.02477654255926609,
      0.023213746026158333,
      0.023035500198602676,
      0.022585555911064148,
      0.02307036705315113,
      0.021881472319364548,
      0.022040536627173424,
      0.020434074103832245,
      0.02051512524485588,
      0.01999496854841709,
      0.019945088773965836,
      0.019335372373461723,
      0.019091282039880753,
      0.0187526922672987,
      0.01806752011179924,
      0.017771108075976372,
      0.018206307664513588,
      0.017042452469468117,
      0.016391709446907043,
      0.016153087839484215,
      0.015293576754629612,
      0.015163956210017204,
      0.015221120789647102,
      0.014163831248879433,
      0.01353182177990675,
      0.012702945619821548,
      0.01209352258592844,
      0.011394403874874115,
      0.011776009574532509,
      0.012030206620693207,
      0.010657787322998047,
      0.01015174575150013,
      0.009751719422638416,
      0.009176085703074932,
      0.010128709487617016,
      0.009048230946063995,
      0.009194138459861279,
      0.008323187939822674,
      0.0077528213150799274,
      0.007882735691964626,
      0.007777960039675236,
      0.008271533995866776,
      0.007628108374774456,
      0.007230352144688368,
      0.00786032248288393,
      0.0072200968861579895,
      0.007552762050181627,
      0.006646588444709778,
      0.0071817124262452126,
      0.0068648746237158775,
      0.006128422915935516,
      0.00637783482670784,
      0.006948108319193125,
      0.006104470696300268,
      0.005979759618639946,
      0.0059776343405246735,
      0.005973150487989187,
      0.005902041215449572,
      0.006401561666280031,
      0.006013266276568174,
      0.005527281202375889,
      0.006204263772815466,
      0.006158390082418919,
      0.005698444787412882,
      0.0056448401883244514,
      0.005631899926811457,
      0.005855557508766651,
      0.006131619215011597,
      0.005295331124216318,
      0.0057194167748093605,
      0.00606414582580328,
      0.005520818755030632,
      0.0046032629907131195,
      0.00618446059525013,
      0.00602460652589798,
      0.005362789146602154,
      0.005009125918149948,
      0.005312265828251839,
      0.005305598955601454,
      0.005123873241245747,
      0.005145085509866476,
      0.005154435057193041,
      0.00517381401732564,
      0.004825493320822716,
      0.005478754639625549,
      0.004878900479525328,
      0.005068900063633919,
      0.005219756159931421,
      0.0051128556951880455,
      0.005143000744283199,
      0.00479151401668787,
      0.004883811343461275,
      0.004362867679446936,
      0.0052638668566942215,
      0.004793976433575153,
      0.004870344419032335,
      0.003866560524329543,
      0.004876087419688702,
      0.0047041927464306355,
      0.004470437299460173,
      0.004770820960402489,
      0.005105969961732626,
      0.0050892396830022335,
      0.004419242963194847,
      0.004162787925451994,
      0.004734728951007128,
      0.0046561099588871,
      0.004540826193988323,
      0.004280333407223225,
      0.005020221695303917,
      0.004308905452489853,
      0.00406409427523613,
      0.004578012973070145,
      0.004128836560994387,
      0.004351494368165731,
      0.004391789436340332,
      0.004641659092158079,
      0.004514944273978472,
      0.0046080066822469234,
      0.004621905740350485,
      0.004563597496598959,
      0.0047310409136116505,
      0.00449029915034771,
      0.004216211847960949,
      0.0041974694468081,
      0.00429869256913662,
      0.0038317807484418154,
      0.004479740280658007,
      0.0041428860276937485,
      0.00449631130322814,
      0.004541302099823952,
      0.004305163398385048,
      0.003924774471670389,
      0.00432332931086421,
      0.004348600748926401,
      0.003922873176634312,
      0.004112962167710066,
      0.004062610678374767,
      0.0038412928115576506,
      0.004250594414770603,
      0.004187353421002626,
      0.004368112422525883,
      0.004507150035351515,
      0.0039079757407307625,
      0.004130277782678604,
      0.0043432749807834625,
      0.003525593550875783,
      0.004188690334558487,
      0.004291655495762825,
      0.003597883740440011,
      0.0038881623186171055,
      0.003992598503828049,
      0.004045107867568731,
      0.004205651115626097,
      0.004029193427413702,
      0.003497476689517498,
      0.0037980133201926947,
      0.003871450200676918,
      0.003796469885855913,
      0.0038857702165842056,
      0.003808744717389345,
      0.004162412602454424,
      0.0039328401908278465,
      0.0037120685447007418,
      0.00344987865537405,
      0.003612078493461013,
      0.003692884463816881,
      0.0035832307767122984,
      0.0038338101003319025,
      0.003837325843051076,
      0.0036247915122658014,
      0.003212544834241271,
      0.0038197720423340797,
      0.0036177262663841248,
      0.003423763206228614,
      0.003895654808729887,
      0.0037277601659297943,
      0.0033428200986236334,
      0.0035798070020973682,
      0.003526207758113742,
      0.0034564752131700516,
      0.0036382589023560286,
      0.003563568228855729,
      0.0032681943848729134,
      0.0032547926530241966,
      0.003291116561740637,
      0.0037072000559419394,
      0.003348835976794362,
      0.0032960947137326,
      0.003382605966180563,
      0.0035454132594168186,
      0.003444237168878317,
      0.003557162592187524,
      0.0032603887375444174,
      0.0033504932653158903,
      0.0032149816397577524,
      0.0031154644675552845,
      0.0035301214084029198,
      0.003452709410339594,
      0.003077220404520631,
      0.0035399359185248613,
      0.0030024342704564333,
      0.0035950345918536186,
      0.003241791855543852,
      0.0030970696825534105,
      0.0032137020025402308,
      0.0031254354398697615,
      0.003186379559338093,
      0.003163015702739358,
      0.0031063177157193422,
      0.003313708119094372,
      0.0031640948727726936,
      0.002816029591485858,
      0.0027732360176742077,
      0.0032971191685646772,
      0.002891086507588625,
      0.003136478830128908,
      0.0029598488472402096,
      0.003125544870272279,
      0.0030004805885255337,
      0.0031981749925762415,
      0.003074240405112505,
      0.0029483449179679155,
      0.002671658294275403,
      0.002843159716576338,
      0.0028508331160992384,
      0.0027778937947005033,
      0.0029787735547870398,
      0.0029113092459738255,
      0.0030425412114709616,
      0.002829913981258869,
      0.002880854532122612,
      0.0028436125721782446,
      0.002938338788226247,
      0.0027840840630233288,
      0.002655636053532362,
      0.0028710695914924145,
      0.0028088162653148174,
      0.0023835955653339624,
      0.002964404644444585,
      0.0029602956492453814,
      0.0029422608204185963,
      0.0029188392218202353,
      0.0029419700149446726,
      0.0027086171321570873,
      0.002298968378454447,
      0.002900467487052083,
      0.0027491040527820587,
      0.002583257621154189,
      0.0026739276945590973,
      0.0027740197256207466,
      0.002481301547959447,
      0.002851709723472595,
      0.002512431237846613,
