{
   "number_epochs": 400,
   "info_used": "use imputation",
   "perc_full_data": 0.04,
   "n_epochs_no_selection": 0,
   "Frequency % cutoff": 0.33,
   "hidden_size": 32,
   "random_state": 11,
   "train_errors": [
      0.4557095170021057,
      0.33484354615211487,
      0.23112955689430237,
      0.14771030843257904,
      0.08572187274694443,
      0.049763280898332596,
      0.04965236037969589,
      0.07140861451625824,
      0.08144800364971161,
      0.07667215168476105,
      0.061265602707862854,
      0.04581379145383835,
      0.039248157292604446,
      0.038708534091711044,
      0.03875378891825676,
      0.04126124456524849,
      0.039510536938905716,
      0.038507699966430664,
      0.035821232944726944,
      0.034032613039016724,
      0.03321334347128868,
      0.033714715391397476,
      0.03357971832156181,
      0.03375416621565819,
      0.033561792224645615,
      0.033112406730651855,
      0.030309531837701797,
      0.0301158856600523,
      0.02983839437365532,
      0.02820725552737713,
      0.02862776443362236,
      0.028265181928873062,
      0.027653802186250687,
      0.027405651286244392,
      0.028121953830122948,
      0.026225145906209946,
      0.024838147684931755,
      0.026094239205121994,
      0.02550760842859745,
      0.024533817544579506,
      0.02438519150018692,
      0.02329367958009243,
      0.02449026145040989,
      0.023970704525709152,
      0.023164166137576103,
      0.02289554476737976,
      0.0226539708673954,
      0.0215525571256876,
      0.02279929630458355,
      0.021588440984487534,
      0.021785961464047432,
      0.0213632732629776,
      0.020952999591827393,
      0.020772520452737808,
      0.02108471468091011,
      0.020696960389614105,
      0.02074139378964901,
      0.019783582538366318,
      0.020529577508568764,
      0.018291279673576355,
      0.01937241666018963,
      0.019477665424346924,
      0.017952922731637955,
      0.018303392454981804,
      0.01874368265271187,
      0.01926133595407009,
      0.017863977700471878,
      0.017629919573664665,
      0.01912796124815941,
      0.016883788630366325,
      0.01730991154909134,
      0.016582943499088287,
      0.017082370817661285,
      0.01590193808078766,
      0.016704531386494637,
      0.01532918680459261,
      0.014916673302650452,
      0.014764747582376003,
      0.013257480226457119,
      0.012987385503947735,
      0.012085546739399433,
      0.012087857350707054,
      0.01228474173694849,
      0.012758513912558556,
      0.010850156657397747,
      0.010046174749732018,
      0.011420085094869137,
      0.011148467659950256,
      0.011553576216101646,
      0.009674828499555588,
      0.010694810189306736,
      0.009992796927690506,
      0.011282514780759811,
      0.009574501775205135,
      0.009323488920927048,
      0.009087562561035156,
      0.008267643861472607,
      0.009177160449326038,
      0.008518370799720287,
      0.009474962949752808,
      0.008501780219376087,
      0.009430120699107647,
      0.008971883915364742,
      0.007458445616066456,
      0.008958954364061356,
      0.009978678077459335,
      0.009089806117117405,
      0.009423716925084591,
      0.008459149859845638,
      0.008630724623799324,
      0.007975350134074688,
      0.008333883248269558,
      0.008113720454275608,
      0.008835761807858944,
      0.007961370050907135,
      0.00779354851692915,
      0.008251442573964596,
      0.007737186271697283,
      0.008321894332766533,
      0.008275989443063736,
      0.00800243392586708,
      0.007989604026079178,
      0.008247144520282745,
      0.007986496202647686,
      0.008567197248339653,
      0.009272193536162376,
      0.007738072425127029,
      0.008293075487017632,
      0.007964198477566242,
      0.008361262269318104,
      0.008147146552801132,
      0.007882355712354183,
      0.0070000602863729,
      0.008018486201763153,
      0.00738028809428215,
      0.008237658068537712,
      0.008773661218583584,
      0.0068914443254470825,
      0.008945382200181484,
      0.009082518517971039,
      0.0076393866911530495,
      0.00876577664166689,
      0.00867436919361353,
      0.007268756628036499,
      0.007284611463546753,
      0.00843812432140112,
      0.00864401739090681,
      0.007485171779990196,
      0.00790578406304121,
      0.007763637229800224,
      0.006745647639036179,
      0.008704542182385921,
      0.00852093007415533,
      0.008763059973716736,
      0.0081415344029665,
      0.007983633317053318,
      0.007167133968323469,
      0.00782102346420288,
      0.008362247608602047,
      0.007888833992183208,
      0.007809178903698921,
      0.007501678541302681,
      0.00740397721529007,
      0.007272934541106224,
      0.007844237610697746,
      0.0076762037351727486,
      0.008129565045237541,
      0.008178330026566982,
      0.008332930505275726,
      0.008778312243521214,
      0.007543125189840794,
      0.008129461668431759,
      0.007790434639900923,
      0.007896444760262966,
      0.008084669709205627,
      0.007240931503474712,
      0.007490021642297506,
      0.007480311673134565,
      0.008753969334065914,
      0.00790647603571415,
      0.007832183502614498,
      0.0074357399716973305,
      0.007412976585328579,
      0.007905247621238232,
      0.007434908766299486,
      0.007614428643137217,
      0.0072326622903347015,
      0.008052699267864227,
      0.007736274506896734,
      0.008160123601555824,
      0.007972544059157372,
      0.007795209996402264,
      0.007558553013950586,
      0.008116742596030235,
      0.007833772338926792,
      0.008555274456739426,
      0.007690302561968565,
      0.00815211795270443,
      0.007654660381376743,
      0.008279669098556042,
      0.006896647624671459,
      0.0077728405594825745,
      0.007314987480640411,
      0.007886257022619247,
      0.008029927499592304,
      0.006310008000582457,
      0.007734418846666813,
      0.007122599519789219,
      0.0071527003310620785,
      0.0067367455922067165,
      0.006957629229873419,
      0.0075132097117602825,
      0.0075788311660289764,
      0.0066378298215568066,
      0.007643015589565039,
      0.0074531324207782745,
      0.006881939712911844,
      0.007556266151368618,
      0.006797362118959427,
      0.007594233378767967,
      0.007273739203810692,
      0.007706573698669672,
      0.007158792577683926,
      0.00709524704143405,
      0.007672150619328022,
      0.007826453074812889,
      0.007902871817350388,
      0.0070412373170256615,
      0.006848463788628578,
      0.007543397136032581,
      0.007169035729020834,
      0.006585186813026667,
      0.006751253269612789,
      0.007411761209368706,
      0.006739703472703695,
      0.007462581619620323,
      0.007083735428750515,
      0.00615248316898942,
      0.007112305145710707,
      0.006763853132724762,
      0.006392400711774826,
      0.006803656928241253,
      0.0069113741628825665,
      0.007182076573371887,
      0.005914159119129181,
      0.00696753803640604,
      0.006557483691722155,
      0.0067553273402154446,
      0.006224753800779581,
      0.00711298082023859,
      0.007760015781968832,
      0.006810674909502268,
      0.006992950104176998,
      0.006067506968975067,
      0.006373670883476734,
      0.006839515175670385,
      0.0066674863919615746,
      0.005691101774573326,
      0.005474789999425411,
      0.0066131604835391045,
      0.0061675263568758965,
      0.005554197821766138,
      0.006110297981649637,
      0.006640034262090921,
      0.006240757182240486,
      0.0057723443023860455,
      0.006154332309961319,
      0.006147640757262707,
      0.005151345860213041,
      0.006152056157588959,
      0.0052437251433730125,
      0.005693430081009865,
      0.0061377715319395065,
      0.006013494450598955,
      0.0058555868454277515,
      0.005632378626614809,
      0.005743808578699827,
      0.005625865422189236,
      0.006252385675907135,
