{
   "number_epochs": 400,
   "info_used": "use imputation",
   "perc_full_data": 0.04,
   "n_epochs_no_selection": 0,
   "Frequency % cutoff": 0.33,
   "hidden_size": 32,
   "random_state": 1,
   "train_errors": [
      0.28222307562828064,
      0.19307483732700348,
      0.11928413808345795,
      0.06692931801080704,
      0.04328479617834091,
      0.05250350758433342,
      0.06231289356946945,
      0.05892849713563919,
      0.04797406122088432,
      0.03921705111861229,
      0.03559296578168869,
      0.03532020375132561,
      0.036077436059713364,
      0.036288775503635406,
      0.035393163561820984,
      0.034036289900541306,
      0.03151293843984604,
      0.029904134571552277,
      0.02791881188750267,
      0.02814473956823349,
      0.02740367315709591,
      0.027253426611423492,
      0.02626887336373329,
      0.02585800364613533,
      0.026097234338521957,
      0.02667359821498394,
      0.025317354127764702,
      0.024991357699036598,
      0.0244978629052639,
      0.024062125012278557,
      0.02298062853515148,
      0.02353198081254959,
      0.022262316197156906,
      0.022227460518479347,
      0.020853033289313316,
      0.020996948704123497,
      0.020658088847994804,
      0.02028788812458515,
      0.019330138340592384,
      0.02016408182680607,
      0.019593331962823868,
      0.02041057124733925,
      0.019344696775078773,
      0.019472574815154076,
      0.0193625595420599,
      0.018767300993204117,
      0.01912880688905716,
      0.01840275339782238,
      0.018246227875351906,
      0.017995847389101982,
      0.017552178353071213,
      0.01772330328822136,
      0.01727125234901905,
      0.017173487693071365,
      0.016384169459342957,
      0.017035966739058495,
      0.01593898795545101,
      0.01633981429040432,
      0.014988134615123272,
      0.014799721539020538,
      0.015336396172642708,
      0.014399857260286808,
      0.015697579830884933,
      0.013644247315824032,
      0.013422830030322075,
      0.013312343508005142,
      0.012349165976047516,
      0.012697030790150166,
      0.012067199684679508,
      0.012556526809930801,
      0.011244494467973709,
      0.011644878424704075,
      0.01163917500525713,
      0.011124189011752605,
      0.011270470917224884,
      0.011374861933290958,
      0.01001677569001913,
      0.010393470525741577,
      0.009455949999392033,
      0.010102968662977219,
      0.010294695384800434,
      0.00979817658662796,
      0.009328742511570454,
      0.00941707007586956,
      0.010228357277810574,
      0.009373494423925877,
      0.010081500746309757,
      0.008899700827896595,
      0.0094226635992527,
      0.00954267755150795,
      0.008819877170026302,
      0.007750042714178562,
      0.009040738455951214,
      0.008229742757976055,
      0.008891807869076729,
      0.008946233429014683,
      0.008646534755825996,
      0.008802364580333233,
      0.009412520565092564,
      0.008919299580156803,
      0.008700178936123848,
      0.009075977839529514,
      0.008252796716988087,
      0.008955798111855984,
      0.008399903774261475,
      0.008278165012598038,
      0.006206650752574205,
      0.008278146386146545,
      0.00832197442650795,
      0.007904660888016224,
      0.008265449665486813,
      0.009354987181723118,
      0.00828014500439167,
      0.008195793256163597,
      0.007596179377287626,
      0.00805599894374609,
      0.00720824534073472,
      0.008387423120439053,
      0.00817912444472313,
      0.007957943715155125,
      0.007946084253489971,
      0.007785452995449305,
      0.008484124206006527,
      0.00738746952265501,
      0.007744473870843649,
      0.007953900843858719,
      0.007223261520266533,
      0.007690636441111565,
      0.007093957159668207,
      0.0070556350983679295,
      0.007114531937986612,
      0.007882880978286266,
      0.0070950970984995365,
      0.0074689434841275215,
      0.007116447668522596,
      0.007204878609627485,
      0.007490767166018486,
      0.007332539185881615,
      0.007345435209572315,
      0.007171907927840948,
      0.006467026192694902,
      0.007286709733307362,
      0.007260465063154697,
      0.007509883493185043,
      0.0070554292760789394,
      0.007305169012397528,
      0.006854264065623283,
      0.006910040974617004,
      0.0068224393762648106,
      0.006857876665890217,
      0.006630254443734884,
      0.006688186898827553,
      0.006737734191119671,
      0.006695843301713467,
      0.00660222303122282,
      0.006751359440386295,
      0.005981641821563244,
      0.007231463212519884,
      0.006892282981425524,
      0.006622117478400469,
      0.006790508981794119,
      0.006966602522879839,
      0.0070243836380541325,
      0.006730991881340742,
      0.006308536510914564,
      0.005239817779511213,
      0.006825140677392483,
      0.006329747382551432,
      0.006721680052578449,
      0.00622175307944417,
      0.0063898516818881035,
      0.006269796285778284,
      0.006739521399140358,
      0.0064826589077711105,
      0.005843325983732939,
      0.006106223911046982,
      0.006584429182112217,
      0.005811166483908892,
      0.006579468958079815,
      0.006182484328746796,
      0.006242329254746437,
      0.005899839568883181,
      0.006145548075437546,
      0.00645182142034173,
      0.0061693438328802586,
      0.005799309350550175,
      0.006143275182694197,
      0.00588584179058671,
      0.006435225252062082,
      0.00595092261210084,
      0.006009737029671669,
      0.006562599912285805,
      0.00588349299505353,
      0.006140979006886482,
      0.006489981897175312,
      0.0060522244311869144,
      0.005898650269955397,
      0.006096787750720978,
      0.006428292952477932,
      0.005939778871834278,
      0.005917536094784737,
      0.005735955201089382,
      0.0058628567494452,
      0.005813717842102051,
      0.005696588195860386,
      0.006056453101336956,
      0.005861041136085987,
      0.005704983603209257,
      0.00605138810351491,
      0.005761183798313141,
      0.005952630192041397,
      0.00536450557410717,
      0.005327941384166479,
      0.0061434851959347725,
      0.0058549270033836365,
      0.006628311239182949,
      0.006440164055675268,
      0.006180328316986561,
      0.00563467713072896,
      0.005858104210346937,
      0.005697146989405155,
      0.0056145344860851765,
      0.005199955776333809,
      0.004862084519118071,
      0.0050350455567240715,
      0.006357421167194843,
      0.005733247846364975,
      0.005594008136540651,
      0.005220379214733839,
      0.00542819406837225,
      0.005559390410780907,
      0.005381918512284756,
      0.005950096063315868,
      0.005754068028181791,
      0.005898688454180956,
      0.005725613329559565,
      0.005630395840853453,
      0.004937363788485527,
      0.0053984615951776505,
      0.004923676606267691,
      0.005354797001928091,
      0.00528683140873909,
      0.005396198946982622,
      0.006101321429014206,
      0.005177520215511322,
      0.005407105665653944,
      0.0057560158893466,
      0.005506624933332205,
      0.005158174782991409,
      0.005548646207898855,
      0.005494965240359306,
      0.005563042592257261,
      0.00575152738019824,
      0.005633822176605463,
      0.004753143992275,
      0.005237627308815718,
      0.005292418412864208,
      0.005504378117620945,
      0.004751848988234997,
      0.005572922062128782,
      0.005965613294392824,
      0.005299000535160303,
      0.0053255269303917885,
      0.006156004033982754,
      0.005103379487991333,
      0.004887547343969345,
      0.005053687375038862,
      0.004343883600085974,
      0.005181627348065376,
      0.00572556909173727,
      0.0049873050302267075,
      0.005012524779886007,
      0.005310544278472662,
      0.005280422978103161,
      0.005189888644963503,
      0.004898545332252979,
      0.005009183194488287,
      0.004984850995242596,
      0.005295419134199619,
