{
   "number_epochs": 300,
   "info_used": "known info noisy simulation",
   "perc_full_data": 0.3,
   "n_epochs_no_selection": 0,
   "Frequency % cutoff": 0.3,
   "hidden_size": 32,
   "random_state": 11,
   "train_errors": [
      0.01952485367655754,
      0.0182306170463562,
      0.017366763204336166,
      0.016686860471963882,
      0.016942672431468964,
      0.0164028313010931,
      0.015789221972227097,
      0.015159627422690392,
      0.01477830484509468,
      0.01431183610111475,
      0.013424691744148731,
      0.013059467077255249,
      0.012100731953978539,
      0.011649573221802711,
      0.011053532361984253,
      0.010777588933706284,
      0.010105026885867119,
      0.009394028224050999,
      0.00925848726183176,
      0.009014368988573551,
      0.008852248080074787,
      0.008613432757556438,
      0.008530808612704277,
      0.007883470505475998,
      0.007765376009047031,
      0.006807233672589064,
      0.006891865283250809,
      0.006658582482486963,
      0.006778256502002478,
      0.007195557467639446,
      0.006607352755963802,
      0.006036029662936926,
      0.005450517404824495,
      0.005742580629885197,
      0.005112171173095703,
      0.0056643737480044365,
      0.004936798010021448,
      0.004418367985635996,
      0.004613177850842476,
      0.0043868147768080235,
      0.004448039457201958,
      0.004862393718212843,
      0.004096189048141241,
      0.003379307221621275,
      0.003639993956312537,
      0.004073089454323053,
      0.0030103831086307764,
      0.0034629888832569122,
      0.003673266852274537,
      0.0030842411797493696,
      0.0034145188983529806,
      0.003077995264902711,
      0.0031764800660312176,
      0.003462360706180334,
      0.0032809399999678135,
      0.003287466010078788,
      0.0030593913979828358,
      0.00316676520742476,
      0.003146977396681905,
      0.003000053344294429,
      0.002467178041115403,
      0.0026627962943166494,
      0.0025768745690584183,
      0.0025423718616366386,
      0.0025592532474547625,
      0.0026630391366779804,
      0.0024850363843142986,
      0.0028071939013898373,
      0.0021361587569117546,
      0.002655523829162121,
      0.0023984303697943687,
      0.002554085571318865,
      0.0020638564601540565,
      0.002546928124502301,
      0.002277299528941512,
      0.0020324415527284145,
      0.0024367552250623703,
      0.002402982907369733,
      0.001846805214881897,
      0.002395202638581395,
      0.0024625842925161123,
      0.0021800610702484846,
      0.0019357590936124325,
      0.0019461303018033504,
      0.0018376065418124199,
      0.0021800256799906492,
      0.0013710751663893461,
      0.0018064688192680478,
      0.0017323342617601156,
      0.0018053537933155894,
      0.0016257279785349965,
      0.0015658886404708028,
      0.0018635318847373128,
      0.0019835825078189373,
      0.001669371617026627,
      0.0018417584942653775,
      0.0016169457230716944,
      0.0016423346241936088,
      0.0014521656557917595,
      0.0020020161755383015,
      0.0018762857653200626,
      0.0013704912271350622,
      0.0015609045512974262,
      0.001508532208390534,
      0.0014706025831401348,
      0.001280677504837513,
      0.0015316129429265857,
      0.001787328626960516,
      0.0015905603067949414,
      0.0012321193935349584,
      0.0015557167353108525,
      0.001501126796938479,
      0.0011334841838106513,
      0.001373213599435985,
      0.0011882542166858912,
      0.0012238883646205068,
      0.0018591481493785977,
      0.001377296750433743,
      0.001736467587761581,
      0.0010702895233407617,
      0.0015516092535108328,
      0.001223367522470653,
      0.001405951101332903,
      0.0013299051206558943,
      0.00134435691870749,
      0.0011990255443379283,
      0.0010366200003772974,
      0.0015671075088903308,
      0.0012709768489003181,
      0.0012745627900585532,
      0.0012672188458964229,
      0.001029114588163793,
      0.0015474074753001332,
      0.0015228100819513202,
      0.00164277374278754,
      0.0011015774216502905,
      0.0013139601796865463,
      0.0014048132579773664,
      0.0015408726176247,
      0.0009645299287512898,
      0.0013830293901264668,
      0.0014637545682489872,
      0.0014956463128328323,
      0.0014131992356851697,
      0.000977196148596704,
      0.001085535273887217,
      0.001110196579247713,
      0.0012351768091320992,
      0.0012219831114634871,
      0.0009343659621663392,
      0.001139835105277598,
      0.0011106528108939528,
      0.0011061709374189377,
      0.0010554189793765545,
      0.001500763581134379,
      0.0008402452222071588,
      0.0013490522978827357,
      0.000864962232299149,
      0.0010161878308281302,
      0.001062980154529214,
      0.001121481996960938,
      0.0013390813255682588,
      0.0014920749235898256,
      0.0011659999145194888,
      0.0007360541494563222,
      0.0008288444369100034,
      0.0010120891965925694,
      0.000734838075004518,
      0.0012691366719081998,
      0.0011611577356234193,
      0.001526731881313026,
      0.001095714746043086,
      0.0007739147986285388,
      0.0010228654136881232,
      0.0009178254986181855,
      0.0008461062097921968,
      0.0008161571458913386,
      0.0008210516534745693,
      0.0008726700325496495,
      0.000929006899241358,
      0.0012242795201018453,
      0.0009417955880053341,
      0.0007043232908472419,
      0.0013772973325103521,
      0.0013483359944075346,
      0.0008670418756082654,
      0.0014731705887243152,
      0.0009234161698259413,
      0.0009244532557204366,
      0.0009596520103514194,
      0.001014941604807973,
      0.001120317610912025,
      0.0007973879692144692,
      0.0011244416236877441,
      0.0010620849207043648,
      0.0010385835776105523,
      0.0009245212422683835,
      0.000918389530852437,
      0.0012160976184532046,
      0.0010594367049634457,
      0.0007463429938070476,
      0.0006521266768686473,
      0.0008228872902691364,
      0.001107655349187553,
      0.0008338859770447016,
      0.000961997895501554,
      0.0007329297950491309,
      0.000828341580927372,
      0.0011145201278850436,
      0.0008985744207166135,
      0.0009367828024551272,
      0.0009053064859472215,
      0.001290986780077219,
      0.001219770172610879,
      0.0010036641033366323,
      0.0010073109297081828,
      0.0009920962620526552,
      0.0006499507580883801,
      0.0007295075338333845,
      0.0009708873694762588,
      0.0009446330950595438,
      0.0005465697613544762,
      0.0009095862042158842,
      0.0009078434086404741,
      0.0009728386648930609,
      0.0008818338392302394,
      0.0007936039473861456,
      0.0008190268999896944,
      0.0008756355964578688,
      0.0006655443576164544,
      0.0010343263857066631,
      0.0008198310970328748,
      0.0005293155554682016,
      0.0007740609580650926,
      0.0007585494895465672,
      0.0007140306988731027,
      0.0010601618560031056,
      0.0007136070635169744,
      0.000884425186086446,
      0.0008080694824457169,
      0.0009582091006450355,
      0.0005903412238694727,
      0.0007999371155165136,
      0.0007116665365174413,
      0.0008252214756794274,
      0.0005748473922722042,
      0.0008472834015265107,
      0.0008019565721042454,
      0.0009331092587672174,
      0.0008112774230539799,
      0.0009100728784687817,
      0.0008214017143473029,
      0.0006718144868500531,
      0.000609898881521076,
      0.0017213082173839211,
      0.0009147825767286122,
      0.0007490146090276539,
      0.0006424759048968554,
      0.0007138742366805673,
      0.0011511975899338722,
      0.0006631998694501817,
      0.0006803682190366089,
      0.00046922266483306885,
      0.0008134658564813435,
      0.0008525046287104487,
      0.0006219213828444481,
      0.0005802212399430573,
      0.0006805465091019869,
      0.0006088364752940834,
      0.0006704871775582433,
      0.0006808230536989868,
