{
   "number_epochs": 300,
   "info_used": "known info noisy simulation",
   "perc_full_data": 0.3,
   "n_epochs_no_selection": 0,
   "Frequency % cutoff": 0.3,
   "hidden_size": 32,
   "random_state": 10,
   "train_errors": [
      0.019336998462677002,
      0.01672573946416378,
      0.01674671284854412,
      0.016293594613671303,
      0.015506009571254253,
      0.015420387499034405,
      0.015373189002275467,
      0.015037642791867256,
      0.014872729778289795,
      0.01487614493817091,
      0.014260572381317616,
      0.013403576798737049,
      0.013583575375378132,
      0.013101242482662201,
      0.012515339069068432,
      0.012264696881175041,
      0.01159633044153452,
      0.011465859599411488,
      0.01151107344776392,
      0.010764414444565773,
      0.010795376263558865,
      0.00991801731288433,
      0.010130642913281918,
      0.009982950985431671,
      0.009687492623925209,
      0.009156392887234688,
      0.00844239629805088,
      0.00858616828918457,
      0.008579296991229057,
      0.008083769120275974,
      0.007619728799909353,
      0.00804438628256321,
      0.007560828700661659,
      0.007109634578227997,
      0.00732538104057312,
      0.007500902749598026,
      0.0064438022673130035,
      0.006640011444687843,
      0.0069390288554131985,
      0.0062529416754841805,
      0.006062172818928957,
      0.00608024699613452,
      0.006168318446725607,
      0.00638209842145443,
      0.005214310251176357,
      0.005290419794619083,
      0.005298003554344177,
      0.005378446541726589,
      0.005117937922477722,
      0.005169463809579611,
      0.00483710179105401,
      0.004435600247234106,
      0.0045363157987594604,
      0.004582531750202179,
      0.0038765580393373966,
      0.004465832840651274,
      0.00415436178445816,
      0.003991201985627413,
      0.004327422007918358,
      0.0036165518686175346,
      0.0037780916318297386,
      0.004054979886859655,
      0.0032717545982450247,
      0.003385143354535103,
      0.003370254300534725,
      0.002930175745859742,
      0.0038525620475411415,
      0.0032773506827652454,
      0.0028504072688519955,
      0.0027821187395602465,
      0.002758599352091551,
      0.002812311053276062,
      0.0028767541516572237,
      0.0026225249748677015,
      0.003062596544623375,
      0.002578779123723507,
      0.0028908562380820513,
      0.002922727959230542,
      0.0024829627946019173,
      0.002325559500604868,
      0.002931395545601845,
      0.0025399725418537855,
      0.002972505521029234,
      0.0025013412814587355,
      0.002469086553901434,
      0.0023126599844545126,
      0.0022204527631402016,
      0.0019457116723060608,
      0.0021595677826553583,
      0.0019058154430240393,
      0.002327901544049382,
      0.0018178443424403667,
      0.00190535478759557,
      0.0018082023598253727,
      0.0019974259193986654,
      0.0020040387753397226,
      0.0019224248826503754,
      0.0017392273293808103,
      0.0017806004034355283,
      0.002261027693748474,
      0.0018369893077760935,
      0.0018178350292146206,
      0.0018401407869532704,
      0.0018688383279368281,
      0.0021572974510490894,
      0.0015323195839300752,
      0.0021237279288470745,
      0.0015016758115962148,
      0.0026356568560004234,
      0.001623543445020914,
      0.001878072158433497,
      0.0017917818622663617,
      0.0017409734427928925,
      0.0018351267790421844,
      0.002644048538058996,
      0.0015433633234351873,
      0.0013905538944527507,
      0.001854324946179986,
      0.0015155920991674066,
      0.001357903704047203,
      0.0013729691272601485,
      0.0016053029103204608,
      0.0014459327794611454,
      0.0014724795473739505,
      0.0012688058195635676,
      0.0012331698089838028,
      0.001239810953848064,
      0.0016861440381035209,
      0.001480319770053029,
      0.0015627071261405945,
      0.0012216514442116022,
      0.0011992219369858503,
      0.002546190284192562,
      0.002102035330608487,
      0.0010420451872050762,
      0.0010549674043431878,
      0.0015295601915568113,
      0.0009611124405637383,
      0.0013185751158744097,
      0.0014577993424609303,
      0.0012561542680487037,
      0.0013441775226965547,
      0.0013494050363078713,
      0.0011921077966690063,
      0.0014605936594307423,
      0.0012398649705573916,
      0.0021498557180166245,
      0.0012786852894350886,
      0.0011546288151293993,
      0.0011357474140822887,
      0.0011713756248354912,
      0.0012243124656379223,
      0.0016594798071309924,
      0.0009339733514934778,
      0.0014028408331796527,
      0.0011832958552986383,
      0.0017152918735519052,
      0.001526009407825768,
      0.0016695231897756457,
      0.0008074524812400341,
      0.0009526207577437162,
      0.0009821262210607529,
      0.0009884890168905258,
      0.001009042258374393,
      0.0009745104471221566,
      0.0014459667727351189,
      0.0013633808121085167,
      0.001143227913416922,
      0.0009624272352084517,
      0.0007412657141685486,
      0.0008076283847913146,
      0.0009296846692450345,
      0.0009928549407050014,
      0.0009645905811339617,
      0.0009211261058226228,
      0.0014199945144355297,
      0.0010881924536079168,
      0.0014215612318366766,
      0.0016334335086867213,
      0.0008342313813045621,
      0.001836680807173252,
      0.0010541938245296478,
      0.0009051598026417196,
      0.0012588250683620572,
      0.0008152173249982297,
      0.0011417060159146786,
      0.0009543228079564869,
      0.001993625657632947,
      0.0009943401673808694,
      0.0011425430420786142,
      0.000769200676586479,
      0.000876723148394376,
      0.0009502783068455756,
      0.0007589570013806224,
      0.0011703561758622527,
      0.0009924464393407106,
      0.0009363298886455595,
      0.000862016633618623,
      0.0010525158140808344,
      0.0009684903779998422,
      0.0009653463494032621,
      0.0009660619543865323,
      0.0008609569631516933,
      0.0007907282561063766,
      0.0009352088090963662,
      0.0008390561561100185,
      0.0010407635709270835,
      0.0008902609115466475,
      0.0006098542362451553,
      0.0007550832233391702,
      0.0012761647813022137,
      0.0012336872750893235,
      0.0008439269149675965,
      0.0012730758171528578,
      0.0011739955516532063,
      0.001205682521685958,
      0.0008043950656428933,
      0.001173831638880074,
      0.0007118768990039825,
      0.0011830352013930678,
      0.0006672118324786425,
      0.0005873437621630728,
      0.0009274545591324568,
      0.0007137417560443282,
      0.0007649209583178163,
      0.0009911188390105963,
      0.0015523388283327222,
      0.0009626376559026539,
      0.000956219679210335,
      0.000632726529147476,
      0.0009072587708942592,
      0.0013981410302221775,
      0.0006865006871521473,
      0.0014342953218147159,
      0.0008031671168282628,
      0.0008061223779805005,
      0.0010670970659703016,
      0.0011039701057597995,
      0.0010222570272162557,
      0.0017540231347084045,
      0.0006823071162216365,
      0.0008344883099198341,
      0.0007266090833581984,
      0.0009154787985607982,
      0.0010041065979748964,
      0.0013502547517418861,
      0.0006232555024325848,
      0.0007486448157578707,
      0.001048558740876615,
      0.0005559283890761435,
      0.0007866508094593883,
      0.0007021219935268164,
      0.0007486275280825794,
      0.0006492159445770085,
      0.000829462893307209,
      0.0013891389826312661,
      0.0007586315623484552,
      0.0010907019022852182,
      0.0007168331649154425,
      0.0008569752681069076,
      0.0007108103600330651,
      0.0010437851306051016,
      0.0007510049035772681,
      0.0009725050767883658,
      0.001059476169757545,
      0.0011495189974084496,
      0.0009312962065450847,
      0.0006838038680143654,
      0.0008927584858611226,
      0.0007374246488325298,
      0.0007707062177360058,
