{
   "number_epochs": 300,
   "info_used": "known info noisy simulation",
   "perc_full_data": 0.3,
   "n_epochs_no_selection": 0,
   "Frequency % cutoff": 0.3,
   "hidden_size": 32,
   "random_state": 8,
   "train_errors": [
      0.03237377107143402,
      0.026053456589579582,
      0.02315017394721508,
      0.02213015966117382,
      0.021294891834259033,
      0.021532325074076653,
      0.02013448253273964,
      0.018968211486935616,
      0.01760082319378853,
      0.017166774719953537,
      0.016287844628095627,
      0.01573236472904682,
      0.015713093802332878,
      0.014636488631367683,
      0.0138064194470644,
      0.012923403643071651,
      0.012616664171218872,
      0.012113839387893677,
      0.012270123697817326,
      0.010492438450455666,
      0.010495615191757679,
      0.009796219877898693,
      0.008969423361122608,
      0.008472924120724201,
      0.009640909731388092,
      0.007864640094339848,
      0.0075606792233884335,
      0.007482755929231644,
      0.00677454425022006,
      0.0061777513474226,
      0.006338689010590315,
      0.005656757391989231,
      0.005364384967833757,
      0.0044951667077839375,
      0.0056463307701051235,
      0.004914445336908102,
      0.0047033317387104034,
      0.004688453394919634,
      0.0044182175770401955,
      0.004453516565263271,
      0.004394188988953829,
      0.004465583711862564,
      0.004022391978651285,
      0.003545487066730857,
      0.0035110246390104294,
      0.003718836698681116,
      0.003969701938331127,
      0.004247123375535011,
      0.003365791169926524,
      0.0035530393943190575,
      0.0034777121618390083,
      0.0031348159536719322,
      0.002542439615353942,
      0.002855913946405053,
      0.0031903230119496584,
      0.0024762507528066635,
      0.0027387754525989294,
      0.002899901708588004,
      0.003287727013230324,
      0.002682778052985668,
      0.0029046775307506323,
      0.001737598329782486,
      0.0025079387705773115,
      0.002078830963000655,
      0.0017859952058643103,
      0.0019356294069439173,
      0.0018770715687423944,
      0.002740317489951849,
      0.002291974611580372,
      0.002443585079163313,
      0.0016926410607993603,
      0.001770728500559926,
      0.002175683621317148,
      0.0017827264964580536,
      0.00141654082108289,
      0.0016229734756052494,
      0.001778617617674172,
      0.0013600779930129647,
      0.0018455366371199489,
      0.0012587091187015176,
      0.001665315474383533,
      0.0015384671278297901,
      0.0016757126431912184,
      0.0019570281729102135,
      0.0017122149001806974,
      0.0016107596457004547,
      0.0010940897045657039,
      0.0018609598046168685,
      0.0017514117062091827,
      0.0018241319339722395,
      0.0014575235545635223,
      0.0018258730415254831,
      0.0013598697260022163,
      0.001358126406557858,
      0.0012976785656064749,
      0.0013582204701378942,
      0.0016066576354205608,
      0.001227800501510501,
      0.001421677297912538,
      0.0016991487937048078,
      0.001163051463663578,
      0.0014249641681089997,
      0.0011810526484623551,
      0.0010720706777647138,
      0.0008767215767875314,
      0.0009793781209737062,
      0.001701082568615675,
      0.0011785756796598434,
      0.0016485123196616769,
      0.001597443362697959,
      0.0010012470884248614,
      0.0010108824353665113,
      0.0013112095184624195,
      0.0012556198053061962,
      0.0011351299472153187,
      0.0017324811778962612,
      0.0009352149209007621,
      0.0011448326986283064,
      0.0013384100748226047,
      0.0013397588627412915,
      0.0015128088416531682,
      0.0011356626637279987,
      0.0010550722945481539,
      0.0008768365951254964,
      0.0016535950126126409,
      0.0012504359474405646,
      0.0012945975176990032,
      0.0009297123178839684,
      0.001082823728211224,
      0.000713207118678838,
      0.0009412802173756063,
      0.001077171415090561,
      0.0009849012130871415,
      0.0012570717372000217,
      0.001014109468087554,
      0.0014742589555680752,
      0.0009811657946556807,
      0.0009526782087050378,
      0.0008212373941205442,
      0.0008595139370299876,
      0.000869004346895963,
      0.0008430010639131069,
      0.0009770203614607453,
      0.0006297594518400729,
      0.0011505797738209367,
      0.0010294343810528517,
      0.000736167305149138,
      0.0009047764469869435,
      0.001415934762917459,
      0.0010101820807904005,
      0.0007991259917616844,
      0.0007814723649062216,
      0.0007557108765468001,
      0.0006479318835772574,
      0.0017540676053613424,
      0.0005926184821873903,
      0.000944097526371479,
      0.000984864542260766,
      0.0008039246313273907,
      0.0006458951393142343,
      0.0010767955100163817,
      0.0010215212823823094,
      0.000823034904897213,
      0.0008009971352294087,
      0.0007902258075773716,
      0.0007644292199984193,
      0.0008120342972688377,
      0.0007491119322367013,
      0.0007181306718848646,
      0.0007391470717266202,
      0.0006715586641803384,
      0.001287309336476028,
      0.0012445200700312853,
      0.0004648930043913424,
      0.0006792822387069464,
      0.0012317327782511711,
      0.0010967034613713622,
      0.0009800600819289684,
      0.0010022964561358094,
      0.0008104181615635753,
      0.0005974158993922174,
      0.0007951032021082938,
      0.00046766147715970874,
      0.0005822174134664237,
      0.0010257245739921927,
      0.0008664324996061623,
      0.001045810990035534,
      0.001085083233192563,
      0.0005622784956358373,
      0.0005841819802299142,
      0.0007977554341778159,
      0.0006102306651882827,
      0.0006079282611608505,
      0.000688285450451076,
      0.0006853509694337845,
      0.0010381804313510656,
      0.0007665366865694523,
      0.0006325166905298829,
      0.0005624687182717025,
      0.0006989568937569857,
      0.00041551931644789875,
      0.0004646141023840755,
      0.0008963403524830937,
      0.0006351506453938782,
      0.0006056482088752091,
      0.0005221539759077132,
      0.00040360449929721653,
      0.0007588370353914797,
      0.0005653821281157434,
      0.000436506379628554,
      0.0005885024438612163,
      0.0005104419542476535,
      0.001135749858804047,
      0.0008426813292317092,
      0.0003900168521795422,
      0.0007371294777840376,
      0.0010668712202459574,
      0.0008216598653234541,
      0.0005410739104263484,
      0.000530433258973062,
      0.0004962367238476872,
      0.000805626914370805,
      0.00043347300379537046,
      0.0009615094750188291,
      0.0006382791907526553,
      0.0007484052330255508,
      0.0009170924313366413,
      0.00032458442728966475,
      0.0005477277445606887,
      0.0003745144640561193,
      0.0004949289723299444,
      0.0005436690989881754,
      0.0006808434263803065,
      0.0007191267213784158,
      0.0006497566355392337,
      0.0006236299523152411,
      0.0012042172020301223,
      0.0005521728890016675,
      0.000448455975856632,
      0.0005260452744551003,
      0.0019314740784466267,
      0.0005409485893324018,
      0.0010498316260054708,
      0.0010393273551017046,
      0.00028141040820628405,
      0.00041914047324098647,
      0.000508396711666137,
      0.0010423403000459075,
      0.0006129389512352645,
      0.0007200553081929684,
      0.000565066933631897,
      0.0007744395406916738,
      0.0010944207897409797,
      0.0008380486979149282,
      0.0006639442872256041,
      0.0010025475639849901,
      0.0007159035885706544,
      0.0004993018228560686,
      0.0003733718185685575,
      0.0005107418983243406,
      0.0004990033921785653,
      0.0007560830563306808,
      0.0007179667591117322,
      0.0010677914833649993,
      0.000445484445663169,
      0.00042069441406056285,
      0.0002841584209818393,
      0.0005290159024298191,
      0.00034737642272375524,
      0.0006060462328605354,
      0.0004970699083060026,
