{
   "number_epochs": 300,
   "info_used": "known info noisy simulation",
   "perc_full_data": 0.3,
   "n_epochs_no_selection": 0,
   "Frequency % cutoff": 0.3,
   "hidden_size": 32,
   "random_state": 6,
   "train_errors": [
      0.01541105192154646,
      0.014056690037250519,
      0.013482928276062012,
      0.013170775026082993,
      0.01274644210934639,
      0.013695444911718369,
      0.01344997063279152,
      0.012338017113506794,
      0.012378380633890629,
      0.011795434169471264,
      0.010658657178282738,
      0.01014671940356493,
      0.010244874283671379,
      0.01002694945782423,
      0.009800693020224571,
      0.009988999925553799,
      0.009468060918152332,
      0.008701947517693043,
      0.008220781572163105,
      0.007652393542230129,
      0.007363374810665846,
      0.006532803177833557,
      0.0071824598126113415,
      0.006448021158576012,
      0.007999662309885025,
      0.006121085491031408,
      0.0074044279754161835,
      0.0051806275732815266,
      0.006543531082570553,
      0.005389467813074589,
      0.006093778647482395,
      0.005649451166391373,
      0.005389786791056395,
      0.004494982305914164,
      0.004201116971671581,
      0.004467617720365524,
      0.004195771645754576,
      0.0036656875163316727,
      0.004115113988518715,
      0.004763484466820955,
      0.003692895406857133,
      0.0034482162445783615,
      0.003939838148653507,
      0.0029314286075532436,
      0.003229670226573944,
      0.0034757298417389393,
      0.0032773951534181833,
      0.002626416739076376,
      0.002803980140015483,
      0.0024068383499979973,
      0.0023583255242556334,
      0.0020325586665421724,
      0.002153783105313778,
      0.0017765210941433907,
      0.001632199389860034,
      0.002227277494966984,
      0.0015224952949211001,
      0.0015328548615798354,
      0.002086656168103218,
      0.0023953018244355917,
      0.0016235035145655274,
      0.001760290702804923,
      0.001569082378409803,
      0.0015450717182829976,
      0.001509397872723639,
      0.001674271421507001,
      0.0021367156878113747,
      0.0019099159399047494,
      0.0013338839635252953,
      0.001263447105884552,
      0.00122368847951293,
      0.0016081492649391294,
      0.001065848977304995,
      0.0011445870622992516,
      0.001768600195646286,
      0.001065092976205051,
      0.0013322560116648674,
      0.0010115267941728234,
      0.001005810685455799,
      0.0010006340453401208,
      0.0009455147082917392,
      0.0016445056535303593,
      0.0007147875730879605,
      0.0008798821363598108,
      0.0010067003313452005,
      0.00123465561773628,
      0.001146328984759748,
      0.001344091258943081,
      0.0012577434536069632,
      0.0010245783487334847,
      0.001349615748040378,
      0.0009204650414176285,
      0.0011889339657500386,
      0.0008820542716421187,
      0.0011213291436433792,
      0.0006070976960472763,
      0.0007442163187079132,
      0.0011219377629458904,
      0.0008411394665017724,
      0.0008371335570700467,
      0.0010621027322486043,
      0.0010286442702636123,
      0.0012011672370135784,
      0.0007698177942074835,
      0.0010509071871638298,
      0.0008412308525294065,
      0.0007359669543802738,
      0.0010540155926719308,
      0.0010370451491326094,
      0.0007183697307482362,
      0.0006462359451688826,
      0.0007165257702581584,
      0.0007671871571801603,
      0.0006190669373609126,
      0.0006593605503439903,
      0.0011081219417974353,
      0.0006896608974784613,
      0.0008065138245001435,
      0.0004447396786417812,
      0.000807947653811425,
      0.000973649846855551,
      0.0006910882657393813,
      0.0006218752241693437,
      0.0007675862871110439,
      0.0004527253331616521,
      0.0005911148036830127,
      0.00046193512389436364,
      0.00037728625466115773,
      0.0007620920077897608,
      0.0008359485073015094,
      0.0005594107205979526,
      0.000943048158660531,
      0.0005153167876414955,
      0.0003435310209169984,
      0.0004964645486325026,
      0.0007602336117997766,
      0.000889298680704087,
      0.0008869652519933879,
      0.0005170141812413931,
      0.0005375599721446633,
      0.0004657000827137381,
      0.0008440144010819495,
      0.0005105553427711129,
      0.000627429923042655,
      0.000877808895893395,
      0.0005204416811466217,
      0.0005418132641352713,
      0.001413889811374247,
      0.0004982845857739449,
      0.0009677265770733356,
      0.0004198053211439401,
      0.0005966387689113617,
      0.00042109593050554395,
      0.0009465104667469859,
      0.0006832987419329584,
      0.0004953878815285861,
      0.0006335449870675802,
      0.0006369029288180172,
      0.0007847015513107181,
      0.00039797916542738676,
      0.00038311659591272473,
      0.0006542383343912661,
      0.0004896211321465671,
      0.0003818043624050915,
      0.0004964991239830852,
      0.0005818907520733774,
      0.0005362129886634648,
      0.0003418945998419076,
      0.0008169327629730105,
      0.0008237138390541077,
      0.0007288207998499274,
      0.0005863957921974361,
      0.0005969810299575329,
      0.00034637495991773903,
      0.0005281249177642167,
      0.00047876345342956483,
      0.0010310116922482848,
      0.0006926885107532144,
      0.0005971658974885941,
      0.0004423724894877523,
      0.0007522186497226357,
      0.0004910903517156839,
      0.00030218897154554725,
      0.00037017272552475333,
      0.000599946768488735,
      0.00039521712460555136,
      0.0003696947533171624,
      0.00045230588875710964,
      0.0009325750870630145,
      0.000504371477290988,
      0.00039006458246149123,
      0.0005560579593293369,
      0.0003524889179971069,
      0.0008272616541944444,
      0.0005173124372959137,
      0.0005158563144505024,
      0.0008874981431290507,
      0.0007344486657530069,
      0.0007255016826093197,
      0.00044631760101765394,
      0.0007005367078818381,
      0.00042347784619778395,
      0.00028290535556152463,
      0.0005795351462438703,
      0.0008289034594781697,
      0.0004285514005459845,
      0.00031093883444555104,
      0.000486672215629369,
      0.00034493260318413377,
      0.000399910903070122,
      0.00038641205173917115,
      0.000688900297973305,
      0.0005278963944874704,
      0.000553610734641552,
      0.0008928574388846755,
      0.00026679906295612454,
      0.0005186389316804707,
      0.00041562391561456025,
      0.0004990191664546728,
      0.00044179658289067447,
      0.0005300737684592605,
      0.0005760708008892834,
      0.0005861341487616301,
      0.0003909754741471261,
      0.0003280393430031836,
      0.00045031067566014826,
      0.00045818762737326324,
      0.0004917853511869907,
      0.0002504191070329398,
      0.0003931430110242218,
      0.00039674676372669637,
      0.0004068106645718217,
      0.0006682347739115357,
      0.00037878978764638305,
      0.00042953394586220384,
      0.0003944172349292785,
      0.0002925385779235512,
      0.00025978084886446595,
      0.0007602209225296974,
      0.0005521462298929691,
      0.00039742779335938394,
      0.0006677662022411823,
      0.00022904618526808918,
      0.00038198873517103493,
      0.0007756897248327732,
      0.0003318089875392616,
      0.0002795805921778083,
      0.0003876170958392322,
      0.000492646882776171,
      0.000503315357491374,
      0.0007105778786353767,
      0.0003640854556579143,
      0.00043824882595799863,
      0.0002814374747686088,
      0.00039899078547023237,
      0.0001719196152407676,
      0.00034667045110836625,
      0.0007055842434056103,
      0.00024768355069682,
      0.0004641253035515547,
      0.0005212966934777796,
      0.0004653640789911151,
      0.0005663573974743485,
      0.0003049032820854336,
      0.0003638329217210412,
      0.0007877845200709999,
      0.0005068891332484782,
      0.0003015804395545274,
      0.0003743340785149485,
