{
   "number_epochs": 300,
   "info_used": "known info noisy simulation",
   "perc_full_data": 0.3,
   "n_epochs_no_selection": 0,
   "Frequency % cutoff": 0.3,
   "hidden_size": 32,
   "random_state": 5,
   "train_errors": [
      0.02018020488321781,
      0.019353827461600304,
      0.019002044573426247,
      0.01853596791625023,
      0.018092993646860123,
      0.017675254493951797,
      0.017660876736044884,
      0.017299385741353035,
      0.01632486656308174,
      0.01631629280745983,
      0.015639783814549446,
      0.015292800962924957,
      0.014530281536281109,
      0.013725648634135723,
      0.013256195932626724,
      0.013071427121758461,
      0.012730658054351807,
      0.012093115597963333,
      0.010880342684686184,
      0.010963079519569874,
      0.010242674499750137,
      0.009811129420995712,
      0.010535328648984432,
      0.009680887684226036,
      0.008707637898623943,
      0.009151236154139042,
      0.008426173590123653,
      0.007864145562052727,
      0.008158832788467407,
      0.007886985316872597,
      0.007613427471369505,
      0.007733101956546307,
      0.007090538740158081,
      0.007171987555921078,
      0.006866168696433306,
      0.0068598175421357155,
      0.0061864713206887245,
      0.005587720312178135,
      0.005420711822807789,
      0.0054879626259207726,
      0.004663270432502031,
      0.004440998658537865,
      0.004923088476061821,
      0.0041523040272295475,
      0.0046271756291389465,
      0.004112414084374905,
      0.00327864196151495,
      0.0036874362267553806,
      0.002895042300224304,
      0.0033708782866597176,
      0.0035218128468841314,
      0.0027808796148747206,
      0.002745218575000763,
      0.0028841374441981316,
      0.0027879781555384398,
      0.003289766376838088,
      0.002732072491198778,
      0.00264300056733191,
      0.00237466162070632,
      0.0023891788441687822,
      0.00217384728603065,
      0.002362073166295886,
      0.002168992767110467,
      0.002265850082039833,
      0.0019849715754389763,
      0.00297528225928545,
      0.0024321014061570168,
      0.002238644752651453,
      0.0017962686251848936,
      0.0017648570938035846,
      0.0016167678404599428,
      0.002050986047834158,
      0.0015230188146233559,
      0.0018855681410059333,
      0.0016074953600764275,
      0.002072568517178297,
      0.0019156169146299362,
      0.0019583639223128557,
      0.0015437413239851594,
      0.0015954513801261783,
      0.0017933764029294252,
      0.002296651480719447,
      0.0013440552866086364,
      0.001594648347236216,
      0.0022934582084417343,
      0.001932621351443231,
      0.0015489296056330204,
      0.001606510253623128,
      0.0021536725107580423,
      0.0012587804812937975,
      0.0011801444925367832,
      0.001437696977518499,
      0.0014507140731438994,
      0.0015527589712291956,
      0.0013804716290906072,
      0.0010648405877873302,
      0.0012635808670893312,
      0.0010623265989124775,
      0.00156334787607193,
      0.0012759576784446836,
      0.0011211324017494917,
      0.0011039606761187315,
      0.001285651233047247,
      0.0013173292391002178,
      0.0009480353910475969,
      0.001227836823090911,
      0.001622862066142261,
      0.0014950408367440104,
      0.0017230384983122349,
      0.001205498119816184,
      0.001047120662406087,
      0.0012056749546900392,
      0.0021190352272242308,
      0.001066997996531427,
      0.0009919321164488792,
      0.00106620485894382,
      0.0008109014597721398,
      0.0011570143979042768,
      0.0011114840162917972,
      0.0013292046496644616,
      0.001339782029390335,
      0.0012528816005215049,
      0.0009063019533641636,
      0.0010002467315644026,
      0.0009023186285048723,
      0.001367430784739554,
      0.0010783686302602291,
      0.0008111863862723112,
      0.0010698566911742091,
      0.00108819839078933,
      0.0012562191113829613,
      0.0010101919760927558,
      0.0009584535146132112,
      0.0013954855967313051,
      0.001081586699001491,
      0.0010108406422659755,
      0.0009698848007246852,
      0.0010413008276373148,
      0.0012081587919965386,
      0.000707904517184943,
      0.001216891803778708,
      0.001268101274035871,
      0.0006822750438004732,
      0.0008381179650314152,
      0.0011371920118108392,
      0.0011841836385428905,
      0.0012836201349273324,
      0.0009377392707392573,
      0.0008502836572006345,
      0.0006457135896198452,
      0.0012285507982596755,
      0.0010667139431461692,
      0.0016384953632950783,
      0.001036456087604165,
      0.0008837134810164571,
      0.0008429085137322545,
      0.0010372139513492584,
      0.0006743409321643412,
      0.0008849845617078245,
      0.0007817786536179483,
      0.0009329980821348727,
      0.0007714140811003745,
      0.0007234010845422745,
      0.0006552084814757109,
      0.00069824093952775,
      0.0015478718560189009,
      0.0010709117632359266,
      0.0011589254718273878,
      0.0006602603243663907,
      0.0009229411953128874,
      0.000810329569503665,
      0.0008245683275163174,
      0.0008544723968952894,
      0.0009292896138504148,
      0.0008894818020053208,
      0.0007404483039863408,
      0.0008437163196504116,
      0.00126146140974015,
      0.0006200025090947747,
      0.0005699055036529899,
      0.0006689878646284342,
      0.0006581752095371485,
      0.0008664491469971836,
      0.0006704343832097948,
      0.000711175031028688,
      0.001127920113503933,
      0.0007311739027500153,
      0.0006807071622461081,
      0.0007271540234796703,
      0.0006949472008273005,
      0.0009030178771354258,
      0.0010724479798227549,
      0.0006129613611847162,
      0.0009501281310804188,
      0.0004940305952914059,
      0.0007129086297936738,
      0.0007598462980240583,
      0.000970572407823056,
      0.0005666678189300001,
      0.0007254938245750964,
      0.0006305281422100961,
      0.0007617220398969948,
      0.0005786658730357885,
      0.0007781911408528686,
      0.0005044882418587804,
      0.0006886998889967799,
      0.0007028603577055037,
      0.000996648333966732,
      0.0009249498834833503,
      0.0009643069352023304,
      0.0005853387992829084,
      0.0005999250570312142,
      0.0007770079537294805,
      0.0007812365074642003,
      0.0005929492181167006,
      0.0007613128400407732,
      0.0008732228307053447,
      0.0007070716819725931,
      0.0005483925924636424,
      0.0006628358387388289,
      0.0008999627316370606,
      0.0008796877227723598,
      0.0008185617043636739,
      0.0006539819296449423,
      0.0006358459359034896,
      0.0005853918264620006,
      0.0005972412182018161,
      0.000732244283426553,
      0.0006552255363203585,
      0.0006676407647319138,
      0.0007786882924847305,
      0.0005105071468278766,
      0.0007135017076507211,
      0.0005638401489704847,
      0.0005231697577983141,
      0.0006333581986837089,
      0.0005067922174930573,
      0.0006416214746423066,
      0.0006044962210580707,
      0.0010211598128080368,
      0.0008074704091995955,
      0.0007321944576688111,
      0.0009228112176060677,
      0.0006434558308683336,
      0.000796817650552839,
      0.000540565000846982,
      0.0005524965235963464,
      0.0006009718053974211,
      0.0006002334994263947,
      0.001179945538751781,
      0.0006529262755066156,
      0.0006545492797158659,
      0.0006925451452843845,
      0.0004951324663124979,
      0.0007987141143530607,
      0.000876737292855978,
      0.0005930568440817297,
      0.00042309396667405963,
      0.0007495410973206162,
      0.0007030717097222805,
      0.00071199971716851,
      0.0007438125321641564,
      0.0007214934448711574,
      0.0005525669548660517,
      0.0007034779991954565,
      0.0006728108273819089,
      0.0006682917010039091,
      0.000548365234863013,
      0.0006120834732428193,
      0.0007215972291305661,
      0.0007313680252991617,
