{
   "number_epochs": 300,
   "info_used": "known info noisy simulation",
   "perc_full_data": 0.3,
   "n_epochs_no_selection": 0,
   "Frequency % cutoff": 0.3,
   "hidden_size": 32,
   "random_state": 13,
   "train_errors": [
      0.040816109627485275,
      0.04029137268662453,
      0.039233237504959106,
      0.038849517703056335,
      0.037822358310222626,
      0.037060923874378204,
      0.03489113226532936,
      0.0345129556953907,
      0.033447615802288055,
      0.032734934240579605,
      0.030404457822442055,
      0.029488850384950638,
      0.028845110908150673,
      0.028229689225554466,
      0.02641315944492817,
      0.025871295481920242,
      0.02439938485622406,
      0.02420993521809578,
      0.022269682958722115,
      0.021701650694012642,
      0.02151009999215603,
      0.019495395943522453,
      0.01899171620607376,
      0.017687173560261726,
      0.01840711385011673,
      0.01779300719499588,
      0.016159364953637123,
      0.01665465533733368,
      0.015041527338325977,
      0.014158831909298897,
      0.014392510056495667,
      0.013243256136775017,
      0.011616651900112629,
      0.01163524854928255,
      0.011385753750801086,
      0.010850691236555576,
      0.009622549638152122,
      0.009788176976144314,
      0.009243747219443321,
      0.008634637109935284,
      0.008047906681895256,
      0.009388105012476444,
      0.006422044709324837,
      0.006585693918168545,
      0.006914282217621803,
      0.006729804445058107,
      0.00651771854609251,
      0.005587018560618162,
      0.006310502532869577,
      0.005427672062069178,
      0.004842031747102737,
      0.0052455938421189785,
      0.003918153699487448,
      0.004835730418562889,
      0.004242117516696453,
      0.004184541758149862,
      0.003915860317647457,
      0.004475926514714956,
      0.00402031047269702,
      0.0038074313197284937,
      0.0035547029692679644,
      0.0036835093051195145,
      0.004180324263870716,
      0.003304115030914545,
      0.0037135251332074404,
      0.0034339886624366045,
      0.004781486000865698,
      0.0035528356675058603,
      0.004309774376451969,
      0.003515572054311633,
      0.0034601676743477583,
      0.0035647600889205933,
      0.0026195617392659187,
      0.0025247735902667046,
      0.002856445498764515,
      0.0025338539853692055,
      0.0029552511405199766,
      0.0018438922706991434,
      0.002261098939925432,
      0.002157054375857115,
      0.002411330584436655,
      0.002499135909602046,
      0.0032225993927568197,
      0.002521325834095478,
      0.003474666504189372,
      0.0027148171793669462,
      0.00217446219176054,
      0.002273031510412693,
      0.002322959015145898,
      0.0018714128527790308,
      0.002452306216582656,
      0.002393202157691121,
      0.002340673701837659,
      0.002682635560631752,
      0.002089176792651415,
      0.002057128120213747,
      0.002330781426280737,
      0.0020222654566168785,
      0.002310132374987006,
      0.00245157303288579,
      0.0030230064876377583,
      0.002215547952800989,
      0.002023011213168502,
      0.0021259014029055834,
      0.0022261827252805233,
      0.0025929633993655443,
      0.0025278404355049133,
      0.002203830983489752,
      0.001821913756430149,
      0.0018220522906631231,
      0.002462016884237528,
      0.002039157785475254,
      0.0015288181602954865,
      0.0018315566703677177,
      0.001737122074700892,
      0.0020031994208693504,
      0.0021879447158426046,
      0.001923412666656077,
      0.002203122479841113,
      0.0017674991395324469,
      0.001922207185998559,
      0.0014252385590225458,
      0.002624638145789504,
      0.002327775349840522,
      0.0016974771860986948,
      0.0020186135079711676,
      0.002115973038598895,
      0.0026119386311620474,
      0.001888815313577652,
      0.001639769528992474,
      0.0015334740746766329,
      0.0016562327509745955,
      0.0019861888140439987,
      0.0018654781160876155,
      0.0020147990435361862,
      0.0015755243366584182,
      0.0015275832265615463,
      0.001226854627020657,
      0.0017751159612089396,
      0.0014307319652289152,
      0.0017719465540722013,
      0.001729834359139204,
      0.0012317955261096358,
      0.002005120972171426,
      0.0018089419463649392,
      0.0017896225908771157,
      0.0014119581319391727,
      0.0017200347501784563,
      0.002163028111681342,
      0.0021652558352798223,
      0.0013084892416372895,
      0.0012369933538138866,
      0.0014320624759420753,
      0.0015666538383811712,
      0.0016220887191593647,
      0.0013989853905513883,
      0.0016010451363399625,
      0.0017336353193968534,
      0.001353627652861178,
      0.0012012317311018705,
      0.0011250086827203631,
      0.0016390267992392182,
      0.0016127295093610883,
      0.001716319820843637,
      0.0014635997358709574,
      0.0013771489029750228,
      0.0014813634334132075,
      0.002141691977158189,
      0.001352035440504551,
      0.0010182312689721584,
      0.0015737361973151565,
      0.001649417681619525,
      0.0008641742169857025,
      0.001594086643308401,
      0.0012398716062307358,
      0.0014747781679034233,
      0.0011243042536079884,
      0.0015342191327363253,
      0.0014479848323389888,
      0.0010397020960226655,
      0.0009596310555934906,
      0.0017659554723650217,
      0.0016889944672584534,
      0.0021490133367478848,
      0.0016715530073270202,
      0.0012840410927310586,
      0.0012344878632575274,
      0.001305235200561583,
      0.0016814369009807706,
      0.001565818558447063,
      0.001251865760423243,
      0.001122848130762577,
      0.0014753780560567975,
      0.0011436872882768512,
      0.0011395479086786509,
      0.001116510364226997,
      0.0018178591271862388,
      0.0012763479026034474,
      0.0013959157513454556,
      0.0010391594842076302,
      0.001551009831018746,
      0.000883840664755553,
      0.0011745147639885545,
      0.0017120045376941562,
      0.0013124968390911818,
      0.0009599976474419236,
      0.0016185262938961387,
      0.0010002191411331296,
      0.0014230824308469892,
      0.0014015653869137168,
      0.0011069796746596694,
      0.0010416499571874738,
      0.0009506068890914321,
      0.000941090052947402,
      0.0013147465651854873,
      0.0013190180761739612,
      0.0010760980658233166,
      0.0010059510823339224,
      0.0012436819961294532,
      0.0013432556297630072,
      0.0008970663766376674,
      0.0015289357397705317,
      0.0018335320055484772,
      0.0011479944223538041,
      0.0011592030059546232,
      0.0010681062703952193,
      0.0012229224666953087,
      0.000969291606452316,
      0.0011439761146903038,
      0.0009387847385369241,
      0.0011554465163499117,
      0.0008605378679931164,
      0.0010416463483124971,
      0.0009429416968487203,
      0.0012829202460125089,
      0.0009640251519158483,
      0.0014453658368438482,
      0.0010750802466645837,
      0.0008599104476161301,
      0.001711933291517198,
      0.001823324360884726,
      0.0009195336024276912,
      0.0010574199259281158,
      0.000914599746465683,
      0.000948380387853831,
      0.0013506446266546845,
      0.0010153824696317315,
      0.001264106947928667,
      0.0012917360290884972,
      0.0005794829921796918,
      0.0011977264657616615,
      0.0008589297067373991,
      0.0009739837259985507,
      0.0009294920600950718,
      0.0011601492296904325,
      0.0008816380868665874,
      0.001393152168020606,
      0.0010318264830857515,
      0.0009159370674751699,
      0.0007911236607469618,
      0.0010140358936041594,
      0.0010536204790696502,
      0.0007395638967864215,
      0.0009504228364676237,
      0.0019863052293658257,
      0.001011533779092133,
      0.0014061901019886136,
      0.000655319367069751,
      0.0011831194860860705,
      0.0014843818498775363,
      0.0012552947737276554,
      0.00139047356788069,
