{
   "number_epochs": 300,
   "info_used": "known info noisy simulation",
   "perc_full_data": 0.3,
   "n_epochs_no_selection": 0,
   "Frequency % cutoff": 0.3,
   "hidden_size": 32,
   "random_state": 1,
   "train_errors": [
      0.03762732446193695,
      0.03566871955990791,
      0.03472837060689926,
      0.034158919006586075,
      0.03421059623360634,
      0.0333549901843071,
      0.03307228907942772,
      0.03175356611609459,
      0.031021980568766594,
      0.029890894889831543,
      0.029781455174088478,
      0.028943704441189766,
      0.027966897934675217,
      0.026969565078616142,
      0.025781257078051567,
      0.024692416191101074,
      0.023951666429638863,
      0.023011060431599617,
      0.021853940561413765,
      0.02102290466427803,
      0.019720565527677536,
      0.019001316279172897,
      0.017589835450053215,
      0.01635519601404667,
      0.016285572201013565,
      0.015189179219305515,
      0.014280528761446476,
      0.012771155685186386,
      0.012080472894012928,
      0.011965286917984486,
      0.01073006447404623,
      0.00983024388551712,
      0.010684152133762836,
      0.00961685087531805,
      0.00903200451284647,
      0.008204302750527859,
      0.008180025033652782,
      0.007452013902366161,
      0.006505375728011131,
      0.006001420319080353,
      0.005687277298420668,
      0.005972857587039471,
      0.005494979210197926,
      0.005057355854660273,
      0.0058131651021540165,
      0.005218442529439926,
      0.005390575621277094,
      0.005906116683036089,
      0.00436705257743597,
      0.004016817081719637,
      0.004207796882838011,
      0.004255997017025948,
      0.004386110231280327,
      0.003963782452046871,
      0.004385879263281822,
      0.004472244065254927,
      0.004176287446171045,
      0.003851826535537839,
      0.004540996626019478,
      0.0041788299567997456,
      0.0035302822943776846,
      0.003553943242877722,
      0.0034552530851215124,
      0.0032815581653267145,
      0.0036671056877821684,
      0.003133958438411355,
      0.0034713668283075094,
      0.002814340405166149,
      0.0035128293093293905,
      0.003033996559679508,
      0.0034923963248729706,
      0.003250883426517248,
      0.0034111186396330595,
      0.002883937442675233,
      0.004050181247293949,
      0.002699680859223008,
      0.0030374154448509216,
      0.0023160248529165983,
      0.0027007367461919785,
      0.0029889075085520744,
      0.0030942747835069895,
      0.0027185191866010427,
      0.0026933052577078342,
      0.0027794830966740847,
      0.002391084795817733,
      0.0026490972377359867,
      0.003089912934228778,
      0.002321165055036545,
      0.0023537331726402044,
      0.002670635236427188,
      0.0022142271045595407,
      0.0021807204466313124,
      0.0025571640580892563,
      0.002721433760598302,
      0.002469148486852646,
      0.0021961613092571497,
      0.002273280406370759,
      0.0025390794035047293,
      0.0022717230021953583,
      0.0027026101015508175,
      0.00247765239328146,
      0.002124224789440632,
      0.002021480817347765,
      0.001957750180736184,
      0.0024416432715952396,
      0.0018088496290147305,
      0.0020764218643307686,
      0.0026385358069092035,
      0.002152816392481327,
      0.0017834461759775877,
      0.0021315179765224457,
      0.0022412175312638283,
      0.002093552378937602,
      0.001810720656067133,
      0.0027196018490940332,
      0.0019434608984738588,
      0.002385422820225358,
      0.001960025168955326,
      0.0019498745677992702,
      0.0016225493745878339,
      0.0016445402288809419,
      0.0017497785156592727,
      0.002053897362202406,
      0.001589907449670136,
      0.0019393686670809984,
      0.0028336511459201574,
      0.002249830635264516,
      0.0018892100779339671,
      0.0017666510539129376,
      0.0016260523116216063,
      0.001932198996655643,
      0.001891035120934248,
      0.0013986197300255299,
      0.00195537437684834,
      0.0016102568479254842,
      0.0017702801851555705,
      0.0015700828516855836,
      0.0022833766415715218,
      0.002137148752808571,
      0.0016558972420170903,
      0.001913846586830914,
      0.0021438943222165108,
      0.0024969768710434437,
      0.001436617341823876,
      0.0017305060755461454,
      0.0015286407433450222,
      0.0020894163753837347,
      0.001977174077183008,
      0.0016269776970148087,
      0.001398906228132546,
      0.0014082365669310093,
      0.0018434778321534395,
      0.0017140270210802555,
      0.0015964619815349579,
      0.0013929768465459347,
      0.0019871299155056477,
      0.0015953091206029058,
      0.0014330883277580142,
      0.001283442135900259,
      0.0017523602582514286,
      0.001544143189676106,
      0.0013201104011386633,
      0.0015423237346112728,
      0.0011666812933981419,
      0.00102542235981673,
      0.001517432276159525,
      0.0014292699052020907,
      0.0011004452826455235,
      0.0012447412591427565,
      0.002343759872019291,
      0.0017009396106004715,
      0.0018219888443127275,
      0.0013401302276179194,
      0.001350017380900681,
      0.001118361484259367,
      0.0015675182221457362,
      0.0015568555099889636,
      0.0014604012249037623,
      0.0020429787691682577,
      0.0016076181782409549,
      0.0014128533657640219,
      0.0010677679674699903,
      0.0013998362701386213,
      0.0013283452717587352,
      0.001323181320913136,
      0.0011933541391044855,
      0.0011470627505332232,
      0.001116337371058762,
      0.0016968484269455075,
      0.0010496029863134027,
      0.0010425812797620893,
      0.001074666273780167,
      0.0014559850096702576,
      0.0013906016247346997,
      0.002096352865919471,
      0.001926836441271007,
      0.0012958687730133533,
      0.0012866065371781588,
      0.0011064390419051051,
      0.0013717986876145005,
      0.001137771992944181,
      0.0016609728336334229,
      0.001750472467392683,
      0.0014865309931337833,
      0.0015354271745309234,
      0.0012211635475978255,
      0.0009885195177048445,
      0.001241136807948351,
      0.0009860649006441236,
      0.0011625661281868815,
      0.0010797467548400164,
      0.0016212865011766553,
      0.0012833111686632037,
      0.0014041204703971744,
      0.0016338333953171968,
      0.0013360197190195322,
      0.0014853314496576786,
      0.0013675752561539412,
      0.001442703534848988,
      0.0012125595239922404,
      0.0013796266866847873,
      0.001062078750692308,
      0.0009222596418112516,
      0.000998572912067175,
      0.0018028056947514415,
      0.0010141172679141164,
      0.001226728898473084,
      0.0009770056931301951,
      0.0009398292750120163,
      0.001047519501298666,
      0.0009747173171490431,
      0.0011460867244750261,
      0.0011071276385337114,
      0.0010426907101646066,
      0.0009328717715106905,
      0.001243560342118144,
      0.0010016061132773757,
      0.0013439836911857128,
      0.0012931585079059005,
      0.0009450508514419198,
      0.0011284048669040203,
      0.0011792234145104885,
      0.0011664115590974689,
      0.0012142712948843837,
      0.0010427589295431972,
      0.0010242165299132466,
      0.0012424496235325933,
      0.0025809863582253456,
      0.0007329112268052995,
      0.0009249747381545603,
      0.0006959908059798181,
      0.0010290112113580108,
      0.0016719262348487973,
      0.0017546474700793624,
      0.001755614997819066,
      0.001010873238556087,
      0.0012509304797276855,
      0.0010737107368186116,
      0.0012090960517525673,
      0.0017834645695984364,
      0.0011428042780607939,
      0.0010258686961606145,
      0.00131386483553797,
      0.0008252402767539024,
      0.0009435350075364113,
      0.0013376764254644513,
      0.000919502810575068,
      0.0008230889216065407,
      0.0010355274425819516,
      0.0011152909137308598,
      0.0011631284141913056,
      0.0009704107069410384,
