{
   "number_epochs": 300,
   "info_used": "known info noisy simulation",
   "perc_full_data": 0.3,
   "n_epochs_no_selection": 0,
   "Frequency % cutoff": 0.3,
   "hidden_size": 32,
   "random_state": 14,
   "train_errors": [
      0.020340600982308388,
      0.01963885873556137,
      0.01845882274210453,
      0.018276724964380264,
      0.01783796027302742,
      0.01783270575106144,
      0.0171735268086195,
      0.016726026311516762,
      0.01610046625137329,
      0.01585945300757885,
      0.0151312705129385,
      0.015095478855073452,
      0.014693979173898697,
      0.013944919221103191,
      0.01404702477157116,
      0.013051630929112434,
      0.012394825927913189,
      0.011945502832531929,
      0.011167645454406738,
      0.011318236589431763,
      0.011455684900283813,
      0.009904630482196808,
      0.008825461380183697,
      0.009265998378396034,
      0.008333614096045494,
      0.008459742181003094,
      0.008149552159011364,
      0.008277039974927902,
      0.007953464053571224,
      0.007815570570528507,
      0.007474151905626059,
      0.007235978730022907,
      0.006882507354021072,
      0.006868836935609579,
      0.007033581845462322,
      0.006398444063961506,
      0.005942953750491142,
      0.0058203088119626045,
      0.005814569536596537,
      0.005323296878486872,
      0.005134494509547949,
      0.005555223673582077,
      0.005524542648345232,
      0.00498769897967577,
      0.005184052046388388,
      0.004627053160220385,
      0.004518044646829367,
      0.005479747895151377,
      0.004672809038311243,
      0.004938496742397547,
      0.004101563710719347,
      0.004125392995774746,
      0.00411458732560277,
      0.003996923100203276,
      0.004264217801392078,
      0.004216167610138655,
      0.003703779773786664,
      0.003872657660394907,
      0.004755559843033552,
      0.0038999966345727444,
      0.004056939855217934,
      0.004626627545803785,
      0.0037632849998772144,
      0.0038125368300825357,
      0.0036707462277263403,
      0.0037563724908977747,
      0.0031445156782865524,
      0.0035392986610531807,
      0.0034741959534585476,
      0.0034555590245872736,
      0.003373426152393222,
      0.0034020072780549526,
      0.0035437867045402527,
      0.003347241086885333,
      0.002856098348274827,
      0.0029151402413845062,
      0.0028898839373141527,
      0.004257273860275745,
      0.0032703604083508253,
      0.003451139898970723,
      0.0028285940643399954,
      0.0029508953448385,
      0.002989419735968113,
      0.0025746519677340984,
      0.0030630319379270077,
      0.003177776699885726,
      0.0033464180305600166,
      0.002819780493155122,
      0.0038384366780519485,
      0.0038153398782014847,
      0.002543006557971239,
      0.0032710807863622904,
      0.0027801571413874626,
      0.0031406127382069826,
      0.003059787442907691,
      0.002755997236818075,
      0.0027984394691884518,
      0.0025354214012622833,
      0.0025026414077728987,
      0.0027527182828634977,
      0.0022827761713415384,
      0.002455164212733507,
      0.0025609994772821665,
      0.0032302173785865307,
      0.0020610312931239605,
      0.002633438678458333,
      0.0020692222751677036,
      0.0022450967226177454,
      0.002570564392954111,
      0.002616370329633355,
      0.0026247163768857718,
      0.002471084240823984,
      0.0026393812149763107,
      0.002029973082244396,
      0.0021821099799126387,
      0.0018713526660576463,
      0.0023904305417090654,
      0.0027529429644346237,
      0.002226191805675626,
      0.0023674508556723595,
      0.0019617367070168257,
      0.002506856806576252,
      0.002021964406594634,
      0.002945931861177087,
      0.00216581579297781,
      0.0019460654584690928,
      0.0019383573671802878,
      0.002627206966280937,
      0.0020769997499883175,
      0.002196038607507944,
      0.0020281102042645216,
      0.0021968225482851267,
      0.0017802090151235461,
      0.002076041651889682,
      0.0020429682917892933,
      0.001969292527064681,
      0.0022904889192432165,
      0.0019681614357978106,
      0.0018099664011970162,
      0.0020850731525570154,
      0.0022650479804724455,
      0.0017862458480522037,
      0.0016840094467625022,
      0.002219941932708025,
      0.0018359508831053972,
      0.002451705513522029,
      0.0014934889040887356,
      0.0024922536686062813,
      0.0014073264319449663,
      0.0013571188319474459,
      0.001811497611925006,
      0.001806994783692062,
      0.0016095624305307865,
      0.0017316321609541774,
      0.001326153171248734,
      0.002198954112827778,
      0.00219425605610013,
      0.0018022293224930763,
      0.0015744493575766683,
      0.0015419838018715382,
      0.0018025689059868455,
      0.0016878071473911405,
      0.002395814983174205,
      0.0012687431881204247,
      0.0012365783331915736,
      0.001491989940404892,
      0.0015735600609332323,
      0.0014895355561748147,
      0.0020076401997357607,
      0.0019871704280376434,
      0.002084020059555769,
      0.0018941848538815975,
      0.0013185737188905478,
      0.0022518113255500793,
      0.0013692278880625963,
      0.0015333760529756546,
      0.0013819221640005708,
      0.001414782484062016,
      0.0019476839806884527,
      0.00213803444057703,
      0.001342275645583868,
      0.001409981050528586,
      0.0016506408574059606,
      0.001728323521092534,
      0.0015509715303778648,
      0.001577346003614366,
      0.0013098890194669366,
      0.001623830758035183,
      0.0013635777868330479,
      0.0014927966985851526,
      0.0016868727980181575,
      0.0016722445143386722,
      0.0013191272737458348,
      0.0017905432032421231,
      0.0013139895163476467,
      0.0014227164210751653,
      0.0011825980618596077,
      0.001280691009014845,
      0.001255152514204383,
      0.0014741923660039902,
      0.001358895911835134,
      0.0013582112733274698,
      0.001381416106596589,
      0.0016746863257139921,
      0.001802738755941391,
      0.0015263049863278866,
      0.0012752644252032042,
      0.0015735940542072058,
      0.0018316188361495733,
      0.0011845134431496263,
      0.001431137090548873,
      0.0009945041965693235,
      0.0013893794966861606,
      0.0011347527615725994,
      0.001929009216837585,
      0.0013862624764442444,
      0.0022897995077073574,
      0.001725633512251079,
      0.001070100930519402,
      0.0007377209840342402,
      0.0010720412246882915,
      0.0012394296936690807,
      0.001406994415447116,
      0.001426149858161807,
      0.0017429713625460863,
      0.0008227271609939635,
      0.0017600563587620854,
      0.0012551285326480865,
      0.001711883582174778,
      0.0008012885227799416,
      0.0011088467435911298,
      0.0010180436074733734,
      0.0014549794141203165,
      0.0012643629452213645,
      0.0010483989026397467,
      0.0013391055399551988,
      0.001656066975556314,
      0.0010312555823475122,
      0.0015705733094364405,
      0.0009254822507500648,
      0.0023819212801754475,
      0.001248594606295228,
      0.0011769512202590704,
      0.0017956735100597143,
      0.0011063484707847238,
      0.0013197558000683784,
      0.001241242396645248,
      0.0014732946874573827,
      0.0008463169215247035,
      0.0011810524156317115,
      0.0011014598421752453,
      0.0010332108940929174,
      0.001153050223365426,
      0.001570365740917623,
      0.0015795357758179307,
      0.0011655018897727132,
      0.0011725110234692693,
      0.0010521853109821677,
      0.0010223847348242998,
      0.00102248415350914,
      0.0014450044836848974,
      0.0010427443776279688,
      0.0010423272615298629,
      0.0015068042557686567,
      0.0013829359086230397,
      0.001121627283282578,
      0.0010073737939819694,
      0.0008551768260076642,
      0.0011382705997675657,
      0.0009003621526062489,
      0.001054244814440608,
      0.0008333263685926795,
