{
   "number_epochs": 300,
   "info_used": "known info noisy simulation",
   "perc_full_data": 0.3,
   "n_epochs_no_selection": 0,
   "Frequency % cutoff": 0.3,
   "hidden_size": 32,
   "random_state": 4,
   "train_errors": [
      0.028292248025536537,
      0.02439756877720356,
      0.023526035249233246,
      0.02419860288500786,
      0.023210089653730392,
      0.022310947999358177,
      0.020980000495910645,
      0.020380955189466476,
      0.019803736358880997,
      0.019547238945961,
      0.01899988204240799,
      0.01796620339155197,
      0.017097994685173035,
      0.016558822244405746,
      0.015463104471564293,
      0.014732536859810352,
      0.013668184168636799,
      0.013034902513027191,
      0.011237767525017262,
      0.011347008869051933,
      0.009908713400363922,
      0.009254930540919304,
      0.008657962083816528,
      0.007934745401144028,
      0.007084972225129604,
      0.006888908334076405,
      0.005978340283036232,
      0.006014612503349781,
      0.005555964075028896,
      0.005527646746486425,
      0.005255572963505983,
      0.004753483925014734,
      0.004018411040306091,
      0.003720229957252741,
      0.0033788131549954414,
      0.0043673524633049965,
      0.0038346073124557734,
      0.00394249614328146,
      0.00286843441426754,
      0.0030261105857789516,
      0.0024405859876424074,
      0.0026073616463690996,
      0.0028103783261030912,
      0.0024850163608789444,
      0.0028939994517713785,
      0.001943865092471242,
      0.0024311309680342674,
      0.002024589106440544,
      0.002299305982887745,
      0.0028314897790551186,
      0.001756782177835703,
      0.0018765542190521955,
      0.0017487044679000974,
      0.001795953488908708,
      0.001975321676582098,
      0.0016516644973307848,
      0.0012187646934762597,
      0.0018246077233925462,
      0.001406570547260344,
      0.002600504085421562,
      0.0014460994862020016,
      0.0014259282033890486,
      0.0015068385982885957,
      0.0016309480415657163,
      0.0014194909017533064,
      0.0016843746416270733,
      0.0012220041826367378,
      0.0015707126585766673,
      0.0013656074879691005,
      0.0011181015288457274,
      0.0014707185328006744,
      0.0016092801233753562,
      0.0010399629827588797,
      0.0013183871051296592,
      0.001373004517517984,
      0.001131934579461813,
      0.001312172506004572,
      0.001298612216487527,
      0.0012129482347518206,
      0.0012418744154274464,
      0.0015111012617126107,
      0.0011203133035451174,
      0.001589289284311235,
      0.0008382961386814713,
      0.0015274189645424485,
      0.0010784665355458856,
      0.0010002367198467255,
      0.0007656671805307269,
      0.0008385949768126011,
      0.0006943478947505355,
      0.0006424238672479987,
      0.0007987248245626688,
      0.0009919521398842335,
      0.0013130074366927147,
      0.0010987832210958004,
      0.0009251033770851791,
      0.0009142476483248174,
      0.0008670201641507447,
      0.0008144268649630249,
      0.0008059091051109135,
      0.0011143215233460069,
      0.0005573754315264523,
      0.0006621698848903179,
      0.0005441528046503663,
      0.0008778249612078071,
      0.0012770742177963257,
      0.0015109952073544264,
      0.0010842616902664304,
      0.0009189858101308346,
      0.0011266994988545775,
      0.0009333875495940447,
      0.0007284456514753401,
      0.0008691761759109795,
      0.0009551101829856634,
      0.0007695063832215965,
      0.0010937291663140059,
      0.0008388142450712621,
      0.0010565442498773336,
      0.0012958601582795382,
      0.0007531845476478338,
      0.000952228729147464,
      0.0009086887584999204,
      0.0007536672055721283,
      0.0009975895518437028,
      0.0011233167024329305,
      0.0008435113704763353,
      0.00066992366919294,
      0.0007986654527485371,
      0.0008248203084804118,
      0.000880153093021363,
      0.0006238305941224098,
      0.0009662184165790677,
      0.0011326188687235117,
      0.0006922669126652181,
      0.000800980837084353,
      0.0009901709854602814,
      0.0010346537455916405,
      0.0006492382963187993,
      0.00065990089206025,
      0.0005253608687780797,
      0.0008257274166680872,
      0.0006972972769290209,
      0.0009594557923264802,
      0.0006710331072099507,
      0.0010181863326579332,
      0.0008719395264051855,
      0.0009214549791067839,
      0.0008661521133035421,
      0.0007653834181837738,
      0.0008299274486489594,
      0.000706230232026428,
      0.0006580144399777055,
      0.0005414423067122698,
      0.0008326491806656122,
      0.0007220826228149235,
      0.0006605460657738149,
      0.0008528075995855033,
      0.0009264322579838336,
      0.000704630627296865,
      0.00130266766063869,
      0.0007509634597226977,
      0.0007115793414413929,
      0.0009722537361085415,
      0.000944123137742281,
      0.0010143284453079104,
      0.0007074441527947783,
      0.0006776365917176008,
      0.0007591682951897383,
      0.0006225020624697208,
      0.0006392494542524219,
      0.0008912701741792262,
      0.0007897840696386993,
      0.0004272664664313197,
      0.0008234166889451444,
      0.0004556681960821152,
      0.0008204355835914612,
      0.0008934259531088173,
      0.0012912740930914879,
      0.00080974365118891,
      0.0008559121051803231,
      0.0008571390644647181,
      0.0006030995864421129,
      0.0007122226525098085,
      0.0006370468181557953,
      0.0005938962567597628,
      0.000454924360383302,
      0.0006361284758895636,
      0.0005271814879961312,
      0.0007654684013687074,
      0.0007043544901534915,
      0.0004928341368213296,
      0.0006647984846495092,
      0.0005614407127723098,
      0.0010498655028641224,
      0.0006093172123655677,
      0.0009452088852412999,
      0.0005273467977531254,
      0.0008720217156223953,
      0.0006709200679324567,
      0.0008511475753039122,
      0.0007881594938226044,
      0.0006192939472384751,
      0.0008262773626483977,
      0.0004422841302584857,
      0.0012341918190941215,
      0.000656125892419368,
      0.0008121689897961915,
      0.0006222421070560813,
      0.000655901210848242,
      0.001145370420999825,
      0.0004553882172331214,
      0.0006126201478764415,
      0.0008036114159040153,
      0.0008976790122687817,
      0.0007351311505772173,
      0.0011751174461096525,
      0.0009225402609445155,
      0.000598806596826762,
      0.0006498023867607117,
      0.0007411281112581491,
      0.000506406300701201,
      0.0005400840891525149,
      0.0005469910684041679,
      0.00061929872026667,
      0.0006818025722168386,
      0.0003293126937933266,
      0.0009921086020767689,
      0.0006703332765027881,
      0.0007432341808453202,
      0.00041214298107661307,
      0.0008939726394601166,
      0.0005041302647441626,
      0.00047136613284237683,
      0.0006510452949441969,
      0.0005584177561104298,
      0.00046555273002013564,
      0.0005683130584657192,
      0.0005995049141347408,
      0.0006522358162328601,
      0.0006254611653275788,
      0.0005356820183806121,
      0.0007311568479053676,
      0.0007795806159265339,
      0.00037907931255176663,
      0.0005703283241018653,
      0.0005578648997470737,
      0.0007084703538566828,
      0.0004963190876878798,
      0.0003305826394353062,
      0.00038918369682505727,
      0.0006609069532714784,
      0.0008165495819412172,
      0.0005657965666614473,
      0.0006016090628691018,
      0.0006242588278837502,
      0.0005517021054401994,
      0.0006294704508036375,
      0.0006727022118866444,
      0.0007469242555089295,
      0.001018088310956955,
      0.0005938478279858828,
      0.0005253733252175152,
      0.00040983804501593113,
      0.000809264020062983,
      0.0005002430407330394,
      0.00042160379234701395,
      0.000581695232540369,
      0.0005855812923982739,
      0.0005020088865421712,
      0.0007074365857988596,
