{
   "number_epochs": 400,
   "info_used": "use imputation",
   "perc_full_data": 0.04,
   "n_epochs_no_selection": 0,
   "Frequency % cutoff": 0.33,
   "hidden_size": 32,
   "random_state": 7,
   "train_errors": [
      0.3631516396999359,
      0.26922181248664856,
      0.18536876142024994,
      0.11465761065483093,
      0.06366582959890366,
      0.03687526285648346,
      0.03893797844648361,
      0.054110314697027206,
      0.058038074523210526,
      0.05044427141547203,
      0.03950818255543709,
      0.032526127994060516,
      0.0320030152797699,
      0.033152975142002106,
      0.03523790463805199,
      0.03661629930138588,
      0.03616885468363762,
      0.03480299562215805,
      0.031918253749608994,
      0.029865555465221405,
      0.028749387711286545,
      0.028491729870438576,
      0.029112912714481354,
      0.028910979628562927,
      0.02920573763549328,
      0.028326595202088356,
      0.028079263865947723,
      0.02766028791666031,
      0.02686220407485962,
      0.027098504826426506,
      0.026993023231625557,
      0.026360945776104927,
      0.026577524840831757,
      0.02696250006556511,
      0.02599828690290451,
      0.026293469592928886,
      0.025920839980244637,
      0.0253510270267725,
      0.02473120018839836,
      0.025076642632484436,
      0.024245629087090492,
      0.02449515461921692,
      0.023911772295832634,
      0.023467665538191795,
      0.023381032049655914,
      0.02297346107661724,
      0.02282179705798626,
      0.022400828078389168,
      0.022275885567069054,
      0.021931659430265427,
      0.022035209462046623,
      0.02146359160542488,
      0.02073517069220543,
      0.020529568195343018,
      0.020418161526322365,
      0.020805537700653076,
      0.020740145817399025,
      0.020307913422584534,
      0.019355343654751778,
      0.01936963014304638,
      0.018821051344275475,
      0.019020656123757362,
      0.019391853362321854,
      0.019081899896264076,
      0.01917199417948723,
      0.019035181030631065,
      0.01844301074743271,
      0.01858855038881302,
      0.01767447404563427,
      0.01862918958067894,
      0.017622942104935646,
      0.01793413981795311,
      0.01732587069272995,
      0.017589207738637924,
      0.018044861033558846,
      0.017730413004755974,
      0.016941742971539497,
      0.017115730792284012,
      0.01711895316839218,
      0.01650281809270382,
      0.01667897403240204,
      0.016827775165438652,
      0.01593504659831524,
      0.016745172441005707,
      0.01572984829545021,
      0.015506839379668236,
      0.015474416315555573,
      0.01655185967683792,
      0.01522243581712246,
      0.015914609655737877,
      0.015693675726652145,
      0.015767725184559822,
      0.01511625200510025,
      0.015510364435613155,
      0.016477009281516075,
      0.016148127615451813,
      0.015328903682529926,
      0.016570158302783966,
      0.015753090381622314,
      0.01529036182910204,
      0.01512909960001707,
      0.014774631708860397,
      0.015612299554049969,
      0.01524988655000925,
      0.015429328195750713,
      0.01611364260315895,
      0.015158974565565586,
      0.01530536636710167,
      0.015153332613408566,
      0.014549403451383114,
      0.01425604522228241,
      0.015657389536499977,
      0.015006344765424728,
      0.01523263193666935,
      0.015619064681231976,
      0.015563876368105412,
      0.014547131955623627,
      0.014852932654321194,
      0.01461943332105875,
      0.014668036252260208,
      0.015257616527378559,
      0.014780589379370213,
      0.014315618202090263,
      0.014711362309753895,
      0.014328887686133385,
      0.015406708233058453,
      0.01390017382800579,
      0.014613105915486813,
      0.014684926718473434,
      0.014009492471814156,
      0.014836172573268414,
      0.014075090177357197,
      0.0141356335952878,
      0.01484100054949522,
      0.01478135772049427,
      0.014653154648840427,
      0.01475496031343937,
      0.014583572745323181,
      0.014182457700371742,
      0.014742390252649784,
      0.014570362865924835,
      0.014101781882345676,
      0.013484190218150616,
      0.014478908851742744,
      0.014610815793275833,
      0.014470615424215794,
      0.014004772529006004,
      0.01443140022456646,
      0.014316489920020103,
      0.014173753559589386,
      0.015078354626893997,
      0.01407491136342287,
      0.014284864068031311,
      0.013896115124225616,
      0.013968802988529205,
      0.013918875716626644,
      0.01392151415348053,
      0.01379181258380413,
      0.014597593806684017,
      0.013920261524617672,
      0.014543820172548294,
      0.01417406927794218,
      0.014059263281524181,
      0.014376712962985039,
      0.01482346560806036,
      0.014095387421548367,
      0.015051081776618958,
      0.014642284251749516,
      0.013946610502898693,
      0.01397375576198101,
      0.013483880087733269,
      0.013542715460062027,
      0.014278527349233627,
      0.01430706586688757,
      0.013455236330628395,
      0.013822405599057674,
      0.013758641667664051,
      0.014203132130205631,
      0.014008979313075542,
      0.01362856850028038,
      0.015004985965788364,
      0.014017565175890923,
      0.013433598913252354,
      0.013813870027661324,
      0.013676649890840054,
      0.014533407986164093,
      0.013815191574394703,
      0.013766196556389332,
      0.014595973305404186,
      0.01491653360426426,
      0.013753965497016907,
      0.013963970355689526,
      0.013791042380034924,
      0.01474419329315424,
      0.014254719950258732,
      0.013409696519374847,
      0.013560825027525425,
      0.014008423313498497,
      0.012856372632086277,
      0.013998239301145077,
      0.013283882290124893,
      0.01374152209609747,
      0.014163446612656116,
      0.013330924324691296,
      0.013558770529925823,
      0.013911879621446133,
      0.01436248142272234,
      0.013733580708503723,
      0.014170405454933643,
      0.014198475517332554,
      0.013332664966583252,
      0.012983211316168308,
      0.01412600465118885,
      0.014030474238097668,
      0.012871574610471725,
      0.01319674402475357,
      0.013156317174434662,
      0.013708687387406826,
      0.01284047495573759,
      0.013750375248491764,
      0.01417648047208786,
      0.012651844881474972,
      0.012771767564117908,
      0.012720496393740177,
      0.013524239882826805,
      0.013936546631157398,
      0.012265428900718689,
      0.013402841985225677,
      0.01370993535965681,
      0.013658128678798676,
      0.012690368108451366,
      0.013265757821500301,
      0.013508345000445843,
      0.012943935580551624,
      0.012987238354980946,
      0.013088295236229897,
      0.013533114455640316,
      0.01356172189116478,
      0.013482670299708843,
      0.012636012397706509,
      0.014103950932621956,
      0.012111005373299122,
      0.012606559321284294,
      0.012930994853377342,
      0.013273617252707481,
      0.013243615627288818,
      0.012624992989003658,
      0.012968555092811584,
      0.012659826315939426,
      0.012703447602689266,
      0.012334940023720264,
      0.012606785632669926,
      0.012285787612199783,
      0.01262647844851017,
      0.012950345873832703,
      0.013033146969974041,
      0.012398571707308292,
      0.012718482874333858,
      0.012624305672943592,
      0.013509660959243774,
      0.012822066433727741,
      0.012538864277303219,
      0.01347566582262516,
      0.012686473317444324,
      0.012731989845633507,
      0.012244857847690582,
      0.012601232156157494,
      0.012338872067630291,
      0.01236735563725233,
      0.01300149317830801,
      0.012674730271100998,
      0.012047773227095604,
      0.013109011575579643,
      0.012003467418253422,
      0.012601115740835667,
      0.012187343090772629,
      0.012600514106452465,
      0.012342261150479317,
      0.012241014279425144,
      0.012351731769740582,
