{
   "number_epochs": 400,
   "info_used": "use imputation",
   "perc_full_data": 0.04,
   "n_epochs_no_selection": 0,
   "Frequency % cutoff": 0.33,
   "hidden_size": 32,
   "random_state": 10,
   "train_errors": [
      0.2951667606830597,
      0.1928066462278366,
      0.11230193823575974,
      0.06067409738898277,
      0.046486277133226395,
      0.06132667884230614,
      0.06941669434309006,
      0.05666613578796387,
      0.04538777470588684,
      0.04090658575296402,
      0.039449699223041534,
      0.04037763178348541,
      0.04222128540277481,
      0.04192440211772919,
      0.04058480262756348,
      0.0380336157977581,
      0.036889493465423584,
      0.0350893996655941,
      0.033963218331336975,
      0.03376268967986107,
      0.033240046352148056,
      0.03295755758881569,
      0.03167992830276489,
      0.03127501159906387,
      0.030099904164671898,
      0.02944902889430523,
      0.02910674549639225,
      0.029099872335791588,
      0.02803274616599083,
      0.02810554765164852,
      0.026840409263968468,
      0.027401678264141083,
      0.026398859918117523,
      0.02582908794283867,
      0.02580208145081997,
      0.025517087429761887,
      0.025590844452381134,
      0.025715485215187073,
      0.025156376883387566,
      0.024443408474326134,
      0.024464095011353493,
      0.024110885336995125,
      0.023395467549562454,
      0.023305073380470276,
      0.023304134607315063,
      0.023066842928528786,
      0.021995851770043373,
      0.02233930118381977,
      0.02264479547739029,
      0.02165152132511139,
      0.021337006241083145,
      0.021076032891869545,
      0.021998774260282516,
      0.02120732143521309,
      0.02128804847598076,
      0.02059417963027954,
      0.020536156371235847,
      0.01907780021429062,
      0.019564824178814888,
      0.020203491672873497,
      0.01963949389755726,
      0.018467668443918228,
      0.020199885591864586,
      0.018862752243876457,
      0.018355583772063255,
      0.018358245491981506,
      0.018257148563861847,
      0.018297480419278145,
      0.01831894926726818,
      0.018063444644212723,
      0.018334664404392242,
      0.017846347764134407,
      0.017492013052105904,
      0.017032654955983162,
      0.0171813927590847,
      0.01766350492835045,
      0.017194129526615143,
      0.017159469425678253,
      0.016282474622130394,
      0.017202172428369522,
      0.016770269721746445,
      0.016755485907197,
      0.0163277555257082,
      0.01667860895395279,
      0.015986939892172813,
      0.016925180330872536,
      0.01630864292383194,
      0.016650818288326263,
      0.015717266127467155,
      0.015702223405241966,
      0.01595746912062168,
      0.015889309346675873,
      0.015492754988372326,
      0.015475605614483356,
      0.015570513904094696,
      0.015849096700549126,
      0.015453492291271687,
      0.015515575185418129,
      0.015662338584661484,
      0.015506555326282978,
      0.015365253202617168,
      0.015287376940250397,
      0.01513548381626606,
      0.015852749347686768,
      0.01480853371322155,
      0.01526433601975441,
      0.015239507891237736,
      0.01553412340581417,
      0.015230659395456314,
      0.01424560695886612,
      0.014883379451930523,
      0.015082268044352531,
      0.015584934502840042,
      0.014578078873455524,
      0.014505946077406406,
      0.014471829868853092,
      0.014835120178759098,
      0.01472488883882761,
      0.01468359399586916,
      0.01498091034591198,
      0.015103111974895,
      0.014547131955623627,
      0.014600477181375027,
      0.014166433364152908,
      0.014441016130149364,
      0.014894823543727398,
      0.013803401030600071,
      0.01393189188092947,
      0.01459056418389082,
      0.013138613663613796,
      0.014824909158051014,
      0.014489062130451202,
      0.013697762973606586,
      0.013915158808231354,
      0.014449376612901688,
      0.01350158080458641,
      0.013973317109048367,
      0.014147172681987286,
      0.013828045688569546,
      0.014569803141057491,
      0.014045283198356628,
      0.013387074694037437,
      0.013609394431114197,
      0.014093440026044846,
      0.013697260059416294,
      0.013770338147878647,
      0.01457609049975872,
      0.01352695282548666,
      0.013496434316039085,
      0.013386867009103298,
      0.013832420110702515,
      0.013834476470947266,
      0.013811473734676838,
      0.012972117401659489,
      0.014258930459618568,
      0.013612491078674793,
      0.013849465176463127,
      0.013636671006679535,
      0.01331145316362381,
      0.013391665183007717,
      0.013132593594491482,
      0.013473191298544407,
      0.012762590311467648,
      0.013660339638590813,
      0.013041816651821136,
      0.013042786158621311,
      0.012684283778071404,
      0.012895222753286362,
      0.013057791627943516,
      0.012687225826084614,
      0.013620029203593731,
      0.013030760921537876,
      0.012668516486883163,
      0.013214013539254665,
      0.012774168513715267,
      0.013088952749967575,
      0.0133622195571661,
      0.012783180922269821,
      0.013116060756146908,
      0.012439685873687267,
      0.012273584492504597,
      0.011987452395260334,
      0.012994040735065937,
      0.01228462252765894,
      0.012852225452661514,
      0.012536808848381042,
      0.012531748041510582,
      0.012775500304996967,
      0.012960207648575306,
      0.012852376326918602,
      0.012257257476449013,
      0.012300710193812847,
      0.012782943435013294,
      0.012476242147386074,
      0.011487223207950592,
      0.011947624385356903,
      0.011710802093148232,
      0.012485386803746223,
      0.012895254418253899,
      0.012962887063622475,
      0.013660760596394539,
      0.012783502228558064,
      0.013326229527592659,
      0.012159445323050022,
      0.012609438970685005,
      0.012152477167546749,
      0.012724787928164005,
      0.012304387986660004,
      0.011802495457231998,
      0.013120005838572979,
      0.01199420541524887,
      0.011761428788304329,
      0.012511718086898327,
      0.011782878078520298,
      0.011955884285271168,
      0.013267767615616322,
      0.012770872563123703,
      0.01238603238016367,
      0.011482958681881428,
      0.01235238928347826,
      0.01213387493044138,
      0.012598116882145405,
      0.013038300909101963,
      0.012151104398071766,
      0.012385200709104538,
      0.012280331924557686,
      0.011759854853153229,
      0.012855635024607182,
      0.012127159163355827,
      0.011324469931423664,
      0.011735666543245316,
      0.01158357597887516,
      0.012584716081619263,
      0.012765636667609215,
      0.011987615376710892,
      0.012405977584421635,
      0.012137689627707005,
      0.012756076641380787,
      0.012228251434862614,
      0.011531594209372997,
      0.01175372488796711,
      0.01097148284316063,
      0.012143142521381378,
      0.010968334041535854,
      0.012026351876556873,
      0.011325155384838581,
      0.01237394753843546,
      0.011639443226158619,
      0.011927601881325245,
      0.011694765649735928,
      0.012191886082291603,
      0.01247373502701521,
      0.011633949354290962,
      0.012332775630056858,
      0.012065919116139412,
      0.011781520210206509,
      0.011571792885661125,
      0.011869666166603565,
      0.011561648920178413,
      0.011583872139453888,
      0.011183710768818855,
      0.011014824733138084,
      0.011002215556800365,
      0.012372040189802647,
      0.012181689962744713,
      0.012867296114563942,
      0.011954111978411674,
      0.011362816207110882,
      0.011935100890696049,
      0.011421632021665573,
      0.011743971146643162,
      0.011885633692145348,
      0.011924706399440765,
      0.012289748527109623,
      0.011368047446012497,
      0.01166540291160345,
      0.011601938866078854,
      0.011482070200145245,
      0.013442609459161758,
      0.011560832150280476,
