{
   "number_epochs": 400,
   "info_used": "use imputation",
   "perc_full_data": 0.04,
   "n_epochs_no_selection": 0,
   "Frequency % cutoff": 0.33,
   "hidden_size": 32,
   "random_state": 13,
   "train_errors": [
      0.10683097690343857,
      0.04888652637600899,
      0.03575506806373596,
      0.048588141798973083,
      0.05002303421497345,
      0.04258662089705467,
      0.033745814114809036,
      0.03177756071090698,
      0.032324668020009995,
      0.0332675538957119,
      0.033654291182756424,
      0.03276583179831505,
      0.03118457831442356,
      0.029155801981687546,
      0.029033085331320763,
      0.028190309181809425,
      0.02805023267865181,
      0.027131862938404083,
      0.02677820809185505,
      0.026606129482388496,
      0.024614369496703148,
      0.0245063453912735,
      0.025154292583465576,
      0.023990275338292122,
      0.023605627939105034,
      0.023535672575235367,
      0.02534857764840126,
      0.02380972169339657,
      0.02439626306295395,
      0.02303994446992874,
      0.023082420229911804,
      0.023038197308778763,
      0.0238853320479393,
      0.023221181705594063,
      0.023048430681228638,
      0.02289290726184845,
      0.023044586181640625,
      0.02269819937646389,
      0.02382432110607624,
      0.02307232841849327,
      0.022733453661203384,
      0.022892575711011887,
      0.022813713178038597,
      0.02248465269804001,
      0.022970715537667274,
      0.023168521001935005,
      0.02258448302745819,
      0.022171510383486748,
      0.02234824188053608,
      0.021909071132540703,
      0.021972239017486572,
      0.022481786087155342,
      0.022261790931224823,
      0.02161603793501854,
      0.021775538101792336,
      0.02200782112777233,
      0.021831659600138664,
      0.02158372290432453,
      0.02172895148396492,
      0.021196072921156883,
      0.021004078909754753,
      0.020871570333838463,
      0.020946769043803215,
      0.02052835002541542,
      0.02112329564988613,
      0.02093016728758812,
      0.021340837702155113,
      0.021758094429969788,
      0.0211318526417017,
      0.020932352170348167,
      0.02111518755555153,
      0.02050754986703396,
      0.020305337384343147,
      0.020036282017827034,
      0.021044136956334114,
      0.020604589954018593,
      0.02077806182205677,
      0.019950877875089645,
      0.020716138184070587,
      0.02076251059770584,
      0.02125183679163456,
      0.020695514976978302,
      0.020331520587205887,
      0.019644565880298615,
      0.019965944811701775,
      0.02046700194478035,
      0.020173193886876106,
      0.02039252407848835,
      0.020036917179822922,
      0.02068426087498665,
      0.019834838807582855,
      0.019818738102912903,
      0.02016909420490265,
      0.019559575244784355,
      0.020449455827474594,
      0.020877713337540627,
      0.02104092761874199,
      0.020129231736063957,
      0.019382821395993233,
      0.018933570012450218,
      0.019758647307753563,
      0.01959425024688244,
      0.01977439783513546,
      0.019693659618496895,
      0.02004677802324295,
      0.02011433243751526,
      0.01926671341061592,
      0.019651852548122406,
      0.01919711008667946,
      0.019181447103619576,
      0.01854998618364334,
      0.019061457365751266,
      0.019454477354884148,
      0.019370082765817642,
      0.020179349929094315,
      0.01909862644970417,
      0.018651390448212624,
      0.019133571535348892,
      0.01833426207304001,
      0.0184464193880558,
      0.018893657252192497,
      0.018498742952942848,
      0.018254956230521202,
      0.018659265711903572,
      0.01936282590031624,
      0.01845567487180233,
      0.018256697803735733,
      0.017917124554514885,
      0.018650241196155548,
      0.017973685637116432,
      0.01761925034224987,
      0.01809559389948845,
      0.017941201105713844,
      0.018676916137337685,
      0.01852353662252426,
      0.01678086444735527,
      0.018010789528489113,
      0.019113248214125633,
      0.016991987824440002,
      0.01757683977484703,
      0.016503017395734787,
      0.01816583052277565,
      0.01781008578836918,
      0.017008595168590546,
      0.017094271257519722,
      0.017200998961925507,
      0.01667480356991291,
      0.01774432137608528,
      0.016986681148409843,
      0.017539285123348236,
      0.016386866569519043,
      0.01640545390546322,
      0.017192160710692406,
      0.01670926623046398,
      0.015834150835871696,
      0.016806654632091522,
      0.017248651012778282,
      0.016998087987303734,
      0.016853824257850647,
      0.016496431082487106,
      0.01567157544195652,
      0.016112806275486946,
      0.016653671860694885,
      0.016648514196276665,
      0.017300721257925034,
      0.01569720357656479,
      0.016144312918186188,
      0.01796741411089897,
      0.01587166264653206,
      0.015833107754588127,
      0.015887007117271423,
      0.015770401805639267,
      0.017176711931824684,
      0.016308654099702835,
      0.015989026054739952,
      0.01609036698937416,
      0.01613014005124569,
      0.016468195244669914,
      0.016253339126706123,
      0.015957754105329514,
      0.01580118015408516,
      0.015599912032485008,
      0.015958013013005257,
      0.016809949651360512,
      0.016224119812250137,
      0.01581673137843609,
      0.01593940332531929,
      0.016145961359143257,
      0.01656540110707283,
      0.015907704830169678,
      0.01607716828584671,
      0.016137417405843735,
      0.016159849241375923,
      0.01608343981206417,
      0.01622966304421425,
      0.0157746784389019,
      0.015216575004160404,
      0.015529272146522999,
      0.016865402460098267,
      0.014955001883208752,
      0.016234897077083588,
      0.01574849896132946,
      0.015906376764178276,
      0.015373214147984982,
      0.015867894515395164,
      0.015785565599799156,
      0.015660619363188744,
      0.015581199899315834,
      0.015787461772561073,
      0.01517335046082735,
      0.015277589671313763,
      0.01569994166493416,
      0.014914898201823235,
      0.015421218238770962,
      0.015296170487999916,
      0.015324537642300129,
      0.015119562856853008,
      0.014784972183406353,
      0.014827114529907703,
      0.0163112860172987,
      0.01542521733790636,
      0.015412828885018826,
      0.015475007705390453,
      0.015075447969138622,
      0.015011041425168514,
      0.01672913320362568,
      0.015333502553403378,
      0.015420674346387386,
      0.015160514041781425,
      0.015546388924121857,
      0.01471091341227293,
      0.014953359961509705,
      0.015387707389891148,
      0.015536132268607616,
      0.01515919528901577,
      0.015601415187120438,
      0.015461764298379421,
      0.015269266441464424,
      0.01517732348293066,
      0.01555852685123682,
      0.014616026543080807,
      0.014852941036224365,
      0.015534935519099236,
      0.016245882958173752,
      0.015234286896884441,
      0.014692607335746288,
      0.01445500273257494,
      0.014742843806743622,
      0.015309013426303864,
      0.015060188248753548,
      0.015284370630979538,
      0.01587626338005066,
      0.015291338786482811,
      0.014994795434176922,
      0.015298950485885143,
      0.016003280878067017,
      0.014268655329942703,
      0.0141967898234725,
      0.015319637954235077,
      0.014768977649509907,
      0.015119786374270916,
      0.014934461563825607,
      0.014184227213263512,
      0.01436676550656557,
      0.015100477263331413,
      0.016134995967149734,
      0.014059598557651043,
      0.015140528790652752,
      0.014672225341200829,
      0.01439922396093607,
      0.013963618315756321,
      0.014880931004881859,
      0.014991383999586105,
      0.014187527820467949,
      0.01488496083766222,
      0.01342072430998087,
      0.014152538031339645,
      0.01479308120906353,
      0.013382327742874622,
      0.013919434510171413,
      0.014834764413535595,
