{
   "number_epochs": 400,
   "info_used": "use imputation",
   "perc_full_data": 0.04,
   "n_epochs_no_selection": 0,
   "Frequency % cutoff": 0.33,
   "hidden_size": 32,
   "random_state": 4,
   "train_errors": [
      0.28393134474754333,
      0.2058914303779602,
      0.1384388506412506,
      0.08866716176271439,
      0.06352566927671432,
      0.06374706327915192,
      0.07294148951768875,
      0.073183074593544,
      0.0635334849357605,
      0.05246242508292198,
      0.04612421244382858,
      0.04505753889679909,
      0.04453429579734802,
      0.043320182710886,
      0.041496846824884415,
      0.03911593556404114,
      0.03787858039140701,
      0.03588780760765076,
      0.03530103713274002,
      0.03452339395880699,
      0.0341637097299099,
      0.0338163822889328,
      0.032535746693611145,
      0.03144092485308647,
      0.031104732304811478,
      0.03144088760018349,
      0.030456066131591797,
      0.029758449643850327,
      0.030139753594994545,
      0.029380740597844124,
      0.02924482896924019,
      0.02803640626370907,
      0.028347814455628395,
      0.028574123978614807,
      0.027238408103585243,
      0.027031216770410538,
      0.027022749185562134,
      0.02675464190542698,
      0.026559503749012947,
      0.026704780757427216,
      0.026183445006608963,
      0.02527918480336666,
      0.025970999151468277,
      0.025385012850165367,
      0.026026412844657898,
      0.02487330697476864,
      0.0249306783080101,
      0.0237563643604517,
      0.023976102471351624,
      0.02407372184097767,
      0.024460792541503906,
      0.023790273815393448,
      0.024189474061131477,
      0.022917743772268295,
      0.023140015080571175,
      0.022372040897607803,
      0.022617394104599953,
      0.021987274289131165,
      0.02253659814596176,
      0.02234537899494171,
      0.020968381315469742,
      0.02079685777425766,
      0.020530998706817627,
      0.0206584595143795,
      0.020491890609264374,
      0.020197365432977676,
      0.019322248175740242,
      0.020003966987133026,
      0.019995901733636856,
      0.019042260944843292,
      0.019297515973448753,
      0.019567294046282768,
      0.019208189100027084,
      0.01867149956524372,
      0.019243812188506126,
      0.018040064722299576,
      0.018705926835536957,
      0.018035072833299637,
      0.01883317157626152,
      0.018289951607584953,
      0.017437342554330826,
      0.018362555652856827,
      0.01641451008617878,
      0.016581488773226738,
      0.017023907974362373,
      0.01776338927447796,
      0.01763107255101204,
      0.0164139773696661,
      0.017337074503302574,
      0.016835667192935944,
      0.017376570031046867,
      0.01743682101368904,
      0.01659977063536644,
      0.016767211258411407,
      0.017353467643260956,
      0.015933608636260033,
      0.016425881534814835,
      0.016274968162178993,
      0.016937891021370888,
      0.016659002751111984,
      0.01701527088880539,
      0.016167283058166504,
      0.01567905582487583,
      0.016049735248088837,
      0.016070229932665825,
      0.01607959158718586,
      0.01623646356165409,
      0.016393952071666718,
      0.015597635880112648,
      0.015796512365341187,
      0.01563252881169319,
      0.015775078907608986,
      0.016103360801935196,
      0.01566455326974392,
      0.016073405742645264,
      0.015322385355830193,
      0.014990606345236301,
      0.014980045147240162,
      0.016254741698503494,
      0.015311581082642078,
      0.015557203441858292,
      0.015317089855670929,
      0.015379694290459156,
      0.014564917422831059,
      0.01480045635253191,
      0.015892300754785538,
      0.015355342999100685,
      0.015104487538337708,
      0.016061177477240562,
      0.015529838390648365,
      0.016175992786884308,
      0.015613368712365627,
      0.015273799188435078,
      0.014428999274969101,
      0.015466812066733837,
      0.015640148892998695,
      0.014889652840793133,
      0.014962330460548401,
      0.01478548999875784,
      0.015002766624093056,
      0.015801047906279564,
      0.014872676692903042,
      0.015939535573124886,
      0.01551144476979971,
      0.014479057863354683,
      0.015732167288661003,
      0.015315570868551731,
      0.01486185658723116,
      0.014671195298433304,
      0.01511133648455143,
      0.014940295368432999,
      0.01490361150354147,
      0.015049249865114689,
      0.014600911177694798,
      0.014374627731740475,
      0.014414871111512184,
      0.014908988028764725,
      0.015106042847037315,
      0.014644661918282509,
      0.015343016013503075,
      0.015267017297446728,
      0.014938616193830967,
      0.014676819555461407,
      0.014575539156794548,
      0.014697523787617683,
      0.015030804090201855,
      0.014403050765395164,
      0.014781201258301735,
      0.014806118793785572,
      0.01441375445574522,
      0.014870972372591496,
      0.01454513892531395,
      0.01415986381471157,
      0.014623015187680721,
      0.01424519531428814,
      0.014143148437142372,
      0.0143111078068614,
      0.014683299697935581,
      0.014534742571413517,
      0.014262141659855843,
      0.014221270568668842,
      0.014962667599320412,
      0.014418852515518665,
      0.013911397196352482,
      0.014017361216247082,
      0.014112294651567936,
      0.014710110612213612,
      0.013765748590230942,
      0.014045991003513336,
      0.014145798049867153,
      0.014232782647013664,
      0.013896715827286243,
      0.014810641296207905,
      0.014162967912852764,
      0.014301431365311146,
      0.014177337288856506,
      0.014049028046429157,
      0.013784919865429401,
      0.014436041936278343,
      0.013782401569187641,
      0.01334338914602995,
      0.01378689520061016,
      0.013314024545252323,
      0.014268363825976849,
      0.013586610555648804,
      0.013355848379433155,
      0.013773499988019466,
      0.013859203085303307,
      0.013524713926017284,
      0.013551454991102219,
      0.013844292610883713,
      0.013655457645654678,
      0.013637224212288857,
      0.01376581285148859,
      0.014082036912441254,
      0.013722906820476055,
      0.01344992220401764,
      0.013425223529338837,
      0.01367738377302885,
      0.014607727527618408,
      0.013772614300251007,
      0.014318224042654037,
      0.013415373861789703,
      0.013445612974464893,
      0.013866989873349667,
      0.013477906584739685,
      0.013471629470586777,
      0.013531293720006943,
      0.01312993559986353,
      0.013102849014103413,
      0.013486686162650585,
      0.013986642472445965,
      0.013361936435103416,
      0.01313688699156046,
      0.013239101506769657,
      0.01291092298924923,
      0.013370994478464127,
      0.013383567333221436,
      0.013289544731378555,
      0.013695593923330307,
      0.013104927726089954,
      0.013004433363676071,
      0.013513123616576195,
      0.012738795019686222,
      0.012743045575916767,
      0.013834952376782894,
      0.013193872757256031,
      0.01277178805321455,
      0.01319641899317503,
      0.013460550457239151,
      0.01299447100609541,
      0.013407367281615734,
      0.01299294177442789,
      0.014139972627162933,
      0.013312701135873795,
      0.01331694982945919,
      0.013578128069639206,
      0.012949326075613499,
      0.012934858910739422,
      0.01303351204842329,
      0.012737671844661236,
      0.012794834561645985,
      0.012983289547264576,
      0.013629195280373096,
      0.012698603793978691,
      0.012960825115442276,
      0.012818765826523304,
      0.012617992237210274,
      0.012642882764339447,
      0.012823634780943394,
      0.013021185994148254,
      0.013218806125223637,
      0.01323658972978592,
      0.013213787227869034,
      0.013191821053624153,
      0.01309641357511282,
      0.013877268880605698,
      0.012974992394447327,
      0.012807391583919525,
      0.013095426373183727,
      0.012812422588467598,
