{
   "number_epochs": 400,
   "info_used": "use imputation",
   "perc_full_data": 0.04,
   "n_epochs_no_selection": 0,
   "Frequency % cutoff": 0.33,
   "hidden_size": 32,
   "random_state": 1,
   "train_errors": [
      0.28299084305763245,
      0.19332218170166016,
      0.11900734901428223,
      0.06617594510316849,
      0.0425054207444191,
      0.05190785974264145,
      0.06220854073762894,
      0.058532774448394775,
      0.04714087024331093,
      0.03843030333518982,
      0.03502507135272026,
      0.03506870195269585,
      0.0359656922519207,
      0.03647768869996071,
      0.03558175638318062,
      0.03446225821971893,
      0.032132573425769806,
      0.03068765439093113,
      0.029027298092842102,
      0.029575597494840622,
      0.029292181134223938,
      0.029593724757432938,
      0.0288030207157135,
      0.028441600501537323,
      0.02881142869591713,
      0.029517335817217827,
      0.028558986261487007,
      0.028692400082945824,
      0.028377143666148186,
      0.028022892773151398,
      0.027120858430862427,
      0.027877073734998703,
      0.026789281517267227,
      0.026958616450428963,
      0.025972682982683182,
      0.026422269642353058,
      0.026095299050211906,
      0.02574777975678444,
      0.025134412571787834,
      0.02607891708612442,
      0.025524070486426353,
      0.026481572538614273,
      0.025575364008545876,
      0.02610817737877369,
      0.026039935648441315,
      0.025621216744184494,
      0.026179306209087372,
      0.025677764788269997,
      0.0254655834287405,
      0.025792431086301804,
      0.02520616166293621,
      0.02575531043112278,
      0.025457123294472694,
      0.025614507496356964,
      0.02484850026667118,
      0.026112666353583336,
      0.025105813518166542,
      0.025337014347314835,
      0.024546368047595024,
      0.024883003905415535,
      0.025393996387720108,
      0.02424571104347706,
      0.025897685438394547,
      0.024301083758473396,
      0.024135557934641838,
      0.024294467642903328,
      0.024178477004170418,
      0.023721272125840187,
      0.023954659700393677,
      0.024866800755262375,
      0.023334534838795662,
      0.023530522361397743,
      0.02416004054248333,
      0.02422155998647213,
      0.024726029485464096,
      0.02423717826604843,
      0.023482326418161392,
      0.023422349244356155,
      0.022947322577238083,
      0.023704271763563156,
      0.023909317329525948,
      0.02380417473614216,
      0.022627901285886765,
      0.023033948615193367,
      0.022799385711550713,
      0.02274862676858902,
      0.023431431502103806,
      0.022908441722393036,
      0.02318730764091015,
      0.02255946397781372,
      0.02210385538637638,
      0.022563714534044266,
      0.022181538864970207,
      0.022128984332084656,
      0.02212420478463173,
      0.022439226508140564,
      0.021686794236302376,
      0.022646456956863403,
      0.022134285420179367,
      0.022211071103811264,
      0.02172224596142769,
      0.02201622910797596,
      0.02219451405107975,
      0.021996593102812767,
      0.02150503173470497,
      0.021403959020972252,
      0.021230224519968033,
      0.021762313321232796,
      0.021995261311531067,
      0.02113199792802334,
      0.020972024649381638,
      0.02170734480023384,
      0.021624794229865074,
      0.020991403609514236,
      0.02085205167531967,
      0.021611588075757027,
      0.020906800404191017,
      0.021344833076000214,
      0.02115054428577423,
      0.021163422614336014,
      0.020601646974682808,
      0.020518029108643532,
      0.02062486857175827,
      0.020464198663830757,
      0.021095167845487595,
      0.021087009459733963,
      0.020174194127321243,
      0.020668378099799156,
      0.019930165261030197,
      0.020342769101262093,
      0.02018716186285019,
      0.020845547318458557,
      0.02033357508480549,
      0.019802140071988106,
      0.019604403525590897,
      0.020446566864848137,
      0.020691493526101112,
      0.01944841630756855,
      0.01950393058359623,
      0.01957562565803528,
      0.020028619095683098,
      0.020281147211790085,
      0.020006313920021057,
      0.019297851249575615,
      0.019175410270690918,
      0.020004184916615486,
      0.01992619037628174,
      0.01994195766746998,
      0.019285127520561218,
      0.019479744136333466,
      0.018706193193793297,
      0.019528400152921677,
      0.019203156232833862,
      0.01972273737192154,
      0.019089749082922935,
      0.018622053787112236,
      0.01911860518157482,
      0.019104475155472755,
      0.019795505329966545,
      0.0186698529869318,
      0.019416192546486855,
      0.01962125115096569,
      0.019476240500807762,
      0.018927037715911865,
      0.018138667568564415,
      0.018888095393776894,
      0.01903163269162178,
      0.018528848886489868,
      0.017934462055563927,
      0.018985053524374962,
      0.018658477813005447,
      0.018672965466976166,
      0.019423767924308777,
      0.018924782052636147,
      0.018605146557092667,
      0.018996307626366615,
      0.019324669614434242,
      0.018767541274428368,
      0.01882149651646614,
      0.01857946068048477,
      0.018339859321713448,
      0.018176209181547165,
      0.01840437389910221,
      0.018267255276441574,
      0.01812613196671009,
      0.018826136365532875,
      0.017880728468298912,
      0.01854453980922699,
      0.017419865354895592,
      0.018857095390558243,
      0.018079416826367378,
      0.017875853925943375,
      0.018266988918185234,
      0.018041448667645454,
      0.018441326916217804,
      0.017160121351480484,
      0.01820436678826809,
      0.018399832770228386,
      0.018144095316529274,
      0.0179141778498888,
      0.01812048815190792,
      0.01814577914774418,
      0.017811289057135582,
      0.017697619274258614,
      0.017580876126885414,
      0.017880966886878014,
      0.017357466742396355,
      0.01799510046839714,
      0.01771421730518341,
      0.01796145737171173,
      0.01753421686589718,
      0.017830129712820053,
      0.017538655549287796,
      0.018270280212163925,
      0.017912788316607475,
      0.017903145402669907,
      0.017947614192962646,
      0.01770959049463272,
      0.018351750448346138,
      0.017848335206508636,
      0.017861951142549515,
      0.018344556912779808,
      0.01739378646016121,
      0.01746174320578575,
      0.017053697258234024,
      0.017813878133893013,
      0.016912225633859634,
      0.017886683344841003,
      0.01828000880777836,
      0.01737351529300213,
      0.017403941601514816,
      0.01795800030231476,
      0.018065910786390305,
      0.016712307929992676,
      0.017789430916309357,
      0.017385272309184074,
      0.017882609739899635,
      0.016931504011154175,
      0.01730632781982422,
      0.017305491492152214,
      0.01746329478919506,
      0.01692257635295391,
      0.01754077523946762,
      0.01717514358460903,
      0.017666444182395935,
      0.01704845204949379,
      0.01717451959848404,
      0.01744166575372219,
      0.01692356914281845,
      0.017336994409561157,
      0.018273524940013885,
      0.017002295702695847,
      0.017377344891428947,
      0.017258059233427048,
      0.016919288784265518,
      0.01666182279586792,
      0.017160817980766296,
      0.017321128398180008,
      0.0169691015034914,
      0.017211858183145523,
      0.01759996823966503,
      0.017104217782616615,
      0.016806600615382195,
      0.017612237483263016,
      0.017181918025016785,
      0.016578130424022675,
      0.01659664325416088,
      0.016796866431832314,
      0.017783870920538902,
      0.016532408073544502,
      0.01636788621544838,
      0.016225334256887436,
      0.016378935426473618,
      0.016221705824136734,
      0.01680569350719452,
      0.016911746934056282,
      0.016113225370645523,
      0.016179917380213737,
      0.016856523230671883,
      0.017927570268511772,
      0.01684376783668995,
