{
   "number_epochs": 400,
   "info_used": "use imputation",
   "perc_full_data": 0.04,
   "n_epochs_no_selection": 0,
   "Frequency % cutoff": 0.33,
   "hidden_size": 32,
   "random_state": 9,
   "train_errors": [
      0.17890959978103638,
      0.11995065957307816,
      0.07338333129882812,
      0.044741857796907425,
      0.0394471250474453,
      0.05093939229846001,
      0.05634434521198273,
      0.04971872270107269,
      0.040802665054798126,
      0.03563574701547623,
      0.03529291972517967,
      0.0360330194234848,
      0.03702221438288689,
      0.03668558970093727,
      0.03599410876631737,
      0.03365606814622879,
      0.03269685059785843,
      0.03227926045656204,
      0.03215072676539421,
      0.03234121948480606,
      0.03234683722257614,
      0.030933691188693047,
      0.030206210911273956,
      0.02880915254354477,
      0.02805023081600666,
      0.027735622599720955,
      0.027560586109757423,
      0.02707720920443535,
      0.026332221925258636,
      0.025970494374632835,
      0.02527146227657795,
      0.025656649842858315,
      0.024655457586050034,
      0.02357606589794159,
      0.024073196575045586,
      0.022914515808224678,
      0.02335306629538536,
      0.022638866677880287,
      0.022847581654787064,
      0.022217608988285065,
      0.022977430373430252,
      0.023061249405145645,
      0.021982599049806595,
      0.02122999168932438,
      0.02210179716348648,
      0.0212590079754591,
      0.0217263326048851,
      0.021544836461544037,
      0.022130370140075684,
      0.021150639280676842,
      0.021633120253682137,
      0.022630156949162483,
      0.02130872569978237,
      0.02202196978032589,
      0.021225448697805405,
      0.021234193816781044,
      0.021631954237818718,
      0.021129252389073372,
      0.021098759025335312,
      0.021053636446595192,
      0.021330198273062706,
      0.020564841106534004,
      0.020971234887838364,
      0.020942017436027527,
      0.021673893555998802,
      0.020534588024020195,
      0.02016589418053627,
      0.020079225301742554,
      0.02058686502277851,
      0.02025371603667736,
      0.020416252315044403,
      0.02115347795188427,
      0.02004951238632202,
      0.019703052937984467,
      0.020090751349925995,
      0.02049144171178341,
      0.020434562116861343,
      0.020482918247580528,
      0.020547229796648026,
      0.019849717617034912,
      0.019805053249001503,
      0.02004883624613285,
      0.020344840362668037,
      0.01993378810584545,
      0.019634919241070747,
      0.01967000402510166,
      0.020169688388705254,
      0.01984654925763607,
      0.01976255513727665,
      0.019945155829191208,
      0.019089482724666595,
      0.01945851556956768,
      0.01894424296915531,
      0.01971811056137085,
      0.020641939714550972,
      0.019844049587845802,
      0.019228097051382065,
      0.019690588116645813,
      0.019970186054706573,
      0.0194039735943079,
      0.019099079072475433,
      0.019648341462016106,
      0.018761776387691498,
      0.019274020567536354,
      0.01940123736858368,
      0.019332444295287132,
      0.01862643100321293,
      0.019079061225056648,
      0.019038528203964233,
      0.019180534407496452,
      0.0196747537702322,
      0.019257239997386932,
      0.01953093148767948,
      0.0188189335167408,
      0.019344832748174667,
      0.01899426057934761,
      0.019534407183527946,
      0.019000908359885216,
      0.01881166361272335,
      0.018910164013504982,
      0.019361961632966995,
      0.01917755976319313,
      0.018652325496077538,
      0.01872815191745758,
      0.018481478095054626,
      0.019168514758348465,
      0.018723003566265106,
      0.01841808669269085,
      0.01834854856133461,
      0.01845506578683853,
      0.018875600770115852,
      0.01861916109919548,
      0.018587902188301086,
      0.018574925139546394,
      0.018149111419916153,
      0.018850762397050858,
      0.01832747645676136,
      0.018739864230155945,
      0.01900087296962738,
      0.01864081621170044,
      0.018307587131857872,
      0.018256867304444313,
      0.018279531970620155,
      0.017888840287923813,
      0.018951324746012688,
      0.018121808767318726,
      0.018915625289082527,
      0.017858771607279778,
      0.01799027994275093,
      0.017985034734010696,
      0.017903896048665047,
      0.01842118240892887,
      0.018081357702612877,
      0.017969129607081413,
      0.01811436377465725,
      0.01826801337301731,
      0.01803034543991089,
      0.018038198351860046,
      0.018094047904014587,
      0.01807035319507122,
      0.01832948997616768,
      0.01800404116511345,
      0.018416916951537132,
      0.017851704731583595,
      0.01850007101893425,
      0.017983023077249527,
      0.017990851774811745,
      0.017661957070231438,
      0.018092315644025803,
      0.01839526556432247,
      0.01867213472723961,
      0.017393365502357483,
      0.01805325783789158,
      0.01757858321070671,
      0.017367228865623474,
      0.017572399228811264,
      0.017109258100390434,
      0.017887532711029053,
      0.01765872910618782,
      0.018413707613945007,
      0.018080145120620728,
      0.017345590516924858,
      0.017777303233742714,
      0.016861341893672943,
      0.017214903607964516,
      0.01831192523241043,
      0.017741812393069267,
      0.017779383808374405,
      0.017407026141881943,
      0.017930684611201286,
      0.017429707571864128,
      0.017741840332746506,
      0.017360394820570946,
      0.01765574887394905,
      0.01726401597261429,
      0.017221316695213318,
      0.017852282151579857,
      0.01802094839513302,
      0.01792111061513424,
      0.017402762547135353,
      0.017849046736955643,
      0.017571358010172844,
      0.01739681139588356,
      0.01851498894393444,
      0.017196059226989746,
      0.018127579241991043,
      0.017190085723996162,
      0.017180465161800385,
      0.01754932850599289,
      0.01718493178486824,
      0.017078634351491928,
      0.016885239630937576,
      0.01712002418935299,
      0.01743929833173752,
      0.01697348617017269,
      0.01735309325158596,
      0.017730718478560448,
      0.017384622246026993,
      0.017857661470770836,
      0.017107857391238213,
      0.017686951905488968,
      0.01738377846777439,
      0.017504874616861343,
      0.016782505437731743,
      0.016636881977319717,
      0.017367513850331306,
      0.018081344664096832,
      0.01724497228860855,
      0.017130756750702858,
      0.01775342784821987,
      0.017040982842445374,
      0.017579734325408936,
      0.016957594081759453,
      0.01699814386665821,
      0.016615821048617363,
      0.016874071210622787,
      0.016970042139291763,
      0.017670758068561554,
      0.01668618433177471,
      0.01740119978785515,
      0.017356503754854202,
      0.017225291579961777,
      0.017502980306744576,
      0.01756732352077961,
      0.017513656988739967,
      0.01704128459095955,
      0.017369333654642105,
      0.017068881541490555,
      0.016732800751924515,
      0.016761543229222298,
      0.016661295667290688,
      0.016128387302160263,
      0.0171365849673748,
      0.017339879646897316,
      0.0167726781219244,
      0.016466129571199417,
      0.016835855320096016,
      0.017336826771497726,
      0.01696687750518322,
      0.017018895596265793,
      0.01684020273387432,
      0.016454307362437248,
      0.01667039655148983,
      0.016597868874669075,
      0.017604457214474678,
      0.0163606945425272,
      0.016745302826166153,
      0.017006801441311836,
      0.016793053597211838,
      0.01679467037320137,
      0.016275018453598022,
      0.016863565891981125,
      0.01630517467856407,
      0.01696859300136566,
      0.016028400510549545,
      0.016566202044487,
      0.016292234882712364,
      0.01640152558684349,
      0.017124010249972343,
      0.016101790592074394,
      0.016429083421826363,
      0.016408691182732582,
