{
   "number_epochs": 400,
   "info_used": "use imputation",
   "perc_full_data": 0.04,
   "n_epochs_no_selection": 0,
   "Frequency % cutoff": 0.33,
   "hidden_size": 32,
   "random_state": 2,
   "train_errors": [
      0.21847958862781525,
      0.17554885149002075,
      0.13573218882083893,
      0.09938837587833405,
      0.06738056242465973,
      0.045109786093235016,
      0.03472523018717766,
      0.040588900446891785,
      0.047412361949682236,
      0.04717788100242615,
      0.041952136904001236,
      0.03475343808531761,
      0.03325241431593895,
      0.03241494297981262,
      0.03391256928443909,
      0.03455916792154312,
      0.034459833055734634,
      0.03322431072592735,
      0.03184844180941582,
      0.031061634421348572,
      0.029942551627755165,
      0.029669413343071938,
      0.029259376227855682,
      0.02949429303407669,
      0.029375838115811348,
      0.028344960883259773,
      0.02840903215110302,
      0.027787454426288605,
      0.028002344071865082,
      0.027401236817240715,
      0.02692706510424614,
      0.0265203844755888,
      0.025926627218723297,
      0.02580948919057846,
      0.025959989055991173,
      0.025134915485978127,
      0.025359343737363815,
      0.02530539408326149,
      0.024931585416197777,
      0.02482731081545353,
      0.02465907111763954,
      0.02439490333199501,
      0.024058347567915916,
      0.02411201223731041,
      0.02384609542787075,
      0.024055784568190575,
      0.023769503459334373,
      0.022776789963245392,
      0.022782644256949425,
      0.023790333420038223,
      0.023843413218855858,
      0.02284262143075466,
      0.022607827559113503,
      0.023051349446177483,
      0.022748636081814766,
      0.02183416858315468,
      0.022170281037688255,
      0.02240149863064289,
      0.021990561857819557,
      0.02219937928020954,
      0.022525476291775703,
      0.02177451364696026,
      0.021677816286683083,
      0.022285643965005875,
      0.02164938859641552,
      0.021747898310422897,
      0.022091224789619446,
      0.02175677940249443,
      0.02152298390865326,
      0.02174844592809677,
      0.021717717871069908,
      0.02165980450809002,
      0.021535582840442657,
      0.021151103079319,
      0.021077293902635574,
      0.020763268694281578,
      0.02185320109128952,
      0.02120211534202099,
      0.021266506984829903,
      0.020569337531924248,
      0.021632106974720955,
      0.020985983312129974,
      0.02103729173541069,
      0.021233921870589256,
      0.02056184597313404,
      0.020946720615029335,
      0.020652614533901215,
      0.02077541872859001,
      0.02021707594394684,
      0.02085559442639351,
      0.020865600556135178,
      0.020364388823509216,
      0.020072191953659058,
      0.020118745043873787,
      0.019811566919088364,
      0.019965333864092827,
      0.01991165615618229,
      0.019931402057409286,
      0.020405644550919533,
      0.01926342211663723,
      0.02029457874596119,
      0.020473025739192963,
      0.019451674073934555,
      0.018822306767106056,
      0.019890431314706802,
      0.019190160557627678,
      0.01928587071597576,
      0.018935492262244225,
      0.0184614397585392,
      0.01967223733663559,
      0.018845124170184135,
      0.0184197835624218,
      0.018262425437569618,
      0.01782512292265892,
      0.01863964833319187,
      0.01784583367407322,
      0.018506795167922974,
      0.018961429595947266,
      0.018296804279088974,
      0.018058063462376595,
      0.018997881561517715,
      0.01843664050102234,
      0.017317524179816246,
      0.01747264340519905,
      0.017352772876620293,
      0.01823361963033676,
      0.017375918105244637,
      0.01664273627102375,
      0.0172266885638237,
      0.017991818487644196,
      0.01755644753575325,
      0.017085354775190353,
      0.017101217061281204,
      0.01741955429315567,
      0.017390912398695946,
      0.01687784492969513,
      0.016282962635159492,
      0.016285045072436333,
      0.017112866044044495,
      0.016870439052581787,
      0.01683284156024456,
      0.016388675197958946,
      0.016409756615757942,
      0.016638003289699554,
      0.016657628118991852,
      0.017140347510576248,
      0.01634940505027771,
      0.015575786121189594,
      0.017681226134300232,
      0.01596241444349289,
      0.015763990581035614,
      0.01653851382434368,
      0.01595713570713997,
      0.016168970614671707,
      0.016122467815876007,
      0.016307497397065163,
      0.01575189083814621,
      0.01566644385457039,
      0.01581188291311264,
      0.01544935442507267,
      0.016072457656264305,
      0.01578317955136299,
      0.015330327674746513,
      0.016806716099381447,
      0.015537962317466736,
      0.016127314418554306,
      0.015783434733748436,
      0.015359509736299515,
      0.01492510549724102,
      0.015998903661966324,
      0.015849487856030464,
      0.016035335138440132,
      0.01592876948416233,
      0.015616471879184246,
      0.015819381922483444,
      0.015818262472748756,
      0.01564689725637436,
      0.015307288616895676,
      0.01546209491789341,
      0.015045286156237125,
      0.015491785481572151,
      0.015615949407219887,
      0.01559634692966938,
      0.016540460288524628,
      0.015417126007378101,
      0.016251716762781143,
      0.01564023643732071,
      0.015350764617323875,
      0.015476979315280914,
      0.016000105068087578,
      0.015162903815507889,
      0.015331382863223553,
      0.015414734371006489,
      0.01599234528839588,
      0.016062241047620773,
      0.015539698302745819,
      0.015206734649837017,
      0.01595667004585266,
      0.014487991109490395,
      0.015264120884239674,
      0.01483242865651846,
      0.014891786500811577,
      0.015084604732692242,
      0.015027227811515331,
      0.014751926995813847,
      0.014682664535939693,
      0.014741132035851479,
      0.014872237108647823,
      0.015462126582860947,
      0.014840223826467991,
      0.015368210151791573,
      0.014948762021958828,
      0.015122411772608757,
      0.014397541992366314,
      0.014836112037301064,
      0.014079178683459759,
      0.014548413455486298,
      0.014305801130831242,
      0.015032562427222729,
      0.014143012464046478,
      0.014398953877389431,
      0.014515327289700508,
      0.014665808528661728,
      0.0146750183776021,
      0.01459310483187437,
      0.014474481344223022,
      0.014360707253217697,
      0.014286202378571033,
      0.014616156928241253,
      0.014382559806108475,
      0.014768010005354881,
      0.01422230526804924,
      0.014850313775241375,
      0.014335875399410725,
      0.014991583302617073,
      0.014777248725295067,
      0.014429333619773388,
      0.014119965024292469,
      0.01412379089742899,
      0.014630448073148727,
      0.013971580192446709,
      0.013949081301689148,
      0.014014620333909988,
      0.014927113428711891,
      0.01401780266314745,
      0.014826557599008083,
      0.013803966343402863,
      0.013888468034565449,
      0.013675914146006107,
      0.01420585811138153,
      0.013663683086633682,
      0.013925224542617798,
      0.014369911514222622,
      0.014527416788041592,
      0.014349402859807014,
      0.013700518757104874,
      0.013808969408273697,
      0.013691356405615807,
      0.013616695068776608,
      0.013543636538088322,
      0.013423859141767025,
      0.01410805992782116,
      0.01343265175819397,
      0.01402819063514471,
      0.013639669865369797,
      0.013040350750088692,
      0.013820193707942963,
      0.013699071481823921,
      0.013229507021605968,
      0.013624545186758041,
      0.013483984395861626,
      0.013578287325799465,
      0.013461092486977577,
      0.013855800032615662,
      0.013484419323503971,
      0.013295789249241352,
      0.01362132839858532,
      0.013210784643888474,
      0.013387705199420452,
      0.013441049493849277,
      0.013560752384364605,
