{
   "number_epochs": 400,
   "info_used": "use imputation",
   "perc_full_data": 0.04,
   "n_epochs_no_selection": 0,
   "Frequency % cutoff": 0.33,
   "hidden_size": 32,
   "random_state": 5,
   "train_errors": [
      0.4493679106235504,
      0.37238872051239014,
      0.30472877621650696,
      0.2386990338563919,
      0.18042710423469543,
      0.12410307675600052,
      0.08020684123039246,
      0.05110199376940727,
      0.043024830520153046,
      0.05205220729112625,
      0.06442137062549591,
      0.06862834095954895,
      0.059408605098724365,
      0.050866033881902695,
      0.042388852685689926,
      0.038596898317337036,
      0.03823915868997574,
      0.03797362372279167,
      0.03858363255858421,
      0.039212532341480255,
      0.03613117337226868,
      0.03480315953493118,
      0.03392735496163368,
      0.032183144241571426,
      0.031579289585351944,
      0.03175709769129753,
      0.030433882027864456,
      0.03017282858490944,
      0.02833016775548458,
      0.028383899480104446,
      0.02936071716248989,
      0.027623692527413368,
      0.027688782662153244,
      0.027181444689631462,
      0.02732551470398903,
      0.027590498328208923,
      0.02655627392232418,
      0.026391364634037018,
      0.027078093960881233,
      0.026890283450484276,
      0.02613072842359543,
      0.025358112528920174,
      0.026749521493911743,
      0.02536173351109028,
      0.02584737539291382,
      0.025485429912805557,
      0.025743728503584862,
      0.024983543902635574,
      0.02625373564660549,
      0.02467671036720276,
      0.025362653657794,
      0.024968726560473442,
      0.02566816844046116,
      0.024958087131381035,
      0.02530505135655403,
      0.02522677555680275,
      0.02480008639395237,
      0.0248024333268404,
      0.024452516809105873,
      0.024233810603618622,
      0.024853169918060303,
      0.02467220462858677,
      0.02375682257115841,
      0.025200672447681427,
      0.02406100556254387,
      0.023465976119041443,
      0.023591481149196625,
      0.02452377788722515,
      0.023089036345481873,
      0.02345006726682186,
      0.02290431410074234,
      0.024054087698459625,
      0.023016832768917084,
      0.023720398545265198,
      0.022555069997906685,
      0.022765183821320534,
      0.022711465135216713,
      0.02245512045919895,
      0.022258484736084938,
      0.02315409481525421,
      0.022636249661445618,
      0.022228112444281578,
      0.022104650735855103,
      0.02186480537056923,
      0.021719591692090034,
      0.02136993035674095,
      0.02139788120985031,
      0.020963508635759354,
      0.02152070216834545,
      0.02184266783297062,
      0.021192874759435654,
      0.021524447947740555,
      0.020154520869255066,
      0.021345017477869987,
      0.020913099870085716,
      0.020929435268044472,
      0.020651262253522873,
      0.020382078364491463,
      0.020187055692076683,
      0.019863707944750786,
      0.02002696692943573,
      0.01991262473165989,
      0.019986944273114204,
      0.01989467442035675,
      0.02050098404288292,
      0.019276486709713936,
      0.01932913437485695,
      0.019821248948574066,
      0.019569486379623413,
      0.01865638606250286,
      0.01839158870279789,
      0.019022539258003235,
      0.01932564191520214,
      0.018581505864858627,
      0.018721722066402435,
      0.018738023936748505,
      0.019885266199707985,
      0.018645571544766426,
      0.01878707855939865,
      0.01955372467637062,
      0.018252713605761528,
      0.018535858020186424,
      0.019049527123570442,
      0.018719056621193886,
      0.01773882284760475,
      0.018386662006378174,
      0.01979329250752926,
      0.01815769262611866,
      0.019559580832719803,
      0.018840022385120392,
      0.01778266578912735,
      0.018277766183018684,
      0.018802378326654434,
      0.017783787101507187,
      0.018713785335421562,
      0.018444430083036423,
      0.018725143745541573,
      0.018583672121167183,
      0.017466984689235687,
      0.01855667680501938,
      0.01854608580470085,
      0.01795567385852337,
      0.017672518268227577,
      0.018582189455628395,
      0.01821543648838997,
      0.01864245906472206,
      0.01836891658604145,
      0.01917020045220852,
      0.01870281994342804,
      0.019036900252103806,
      0.018186092376708984,
      0.018261684104800224,
      0.017653916031122208,
      0.018320899456739426,
      0.01768282614648342,
      0.018239853903651237,
      0.01789839193224907,
      0.01817842572927475,
      0.018404411152005196,
      0.01760764792561531,
      0.017384424805641174,
      0.018574975430965424,
      0.018214073032140732,
      0.017940307036042213,
      0.018654901534318924,
      0.018195373937487602,
      0.01816634088754654,
      0.017486248165369034,
      0.0174695011228323,
      0.016959557309746742,
      0.017492080107331276,
      0.017284100875258446,
      0.018334222957491875,
      0.01817762851715088,
      0.01779147982597351,
      0.01747455820441246,
      0.018704529851675034,
      0.017089463770389557,
      0.018605029210448265,
      0.01780821569263935,
      0.0180805753916502,
      0.017966683954000473,
      0.018534138798713684,
      0.01856793649494648,
      0.017522644251585007,
      0.018560685217380524,
      0.017468640580773354,
      0.01784970797598362,
      0.01750686764717102,
      0.017904132604599,
      0.017981961369514465,
      0.017883693799376488,
      0.017862798646092415,
      0.018020188435912132,
      0.017473017796874046,
      0.017125748097896576,
      0.017816387116909027,
      0.017058709636330605,
      0.017130140215158463,
      0.017497291788458824,
      0.01783662475645542,
      0.01736271008849144,
      0.017927754670381546,
      0.017288612201809883,
      0.017399286851286888,
      0.017765382304787636,
      0.017969273030757904,
      0.018073007464408875,
      0.01775605045258999,
      0.01737362891435623,
      0.017507947981357574,
      0.01772981509566307,
      0.018273919820785522,
      0.01793220080435276,
      0.018033934757113457,
      0.017277808859944344,
      0.017855985090136528,
      0.0170957800000906,
      0.017317386344075203,
      0.01775694079697132,
      0.017361754551529884,
      0.01775055192410946,
      0.017428874969482422,
      0.017871107906103134,
      0.016701258718967438,
      0.018211599439382553,
      0.01822143979370594,
      0.0171191543340683,
      0.0174374058842659,
      0.01849859021604061,
      0.018851114436984062,
      0.01724149100482464,
      0.01662055030465126,
      0.017079459503293037,
      0.01812761090695858,
      0.017511967569589615,
      0.016799170523881912,
      0.01705675944685936,
      0.017781170085072517,
      0.01759377308189869,
      0.01726655662059784,
      0.017392857000231743,
      0.016851285472512245,
      0.017780199646949768,
      0.01754480041563511,
      0.016741011291742325,
      0.01734078861773014,
      0.017681142315268517,
      0.016937406733632088,
      0.0177322831004858,
      0.017304399982094765,
      0.01800083927810192,
      0.017125247046351433,
      0.017501376569271088,
      0.017357179895043373,
      0.017305651679635048,
      0.017897699028253555,
      0.01736782118678093,
      0.01778874732553959,
      0.017584573477506638,
      0.016825059428811073,
      0.017288584262132645,
      0.017112070694565773,
      0.01699487864971161,
      0.017452003434300423,
      0.01711864583194256,
      0.01757214590907097,
      0.01796342432498932,
      0.016509685665369034,
      0.018098091706633568,
      0.017208131030201912,
      0.017459316179156303,
      0.017628967761993408,
      0.017071479931473732,
      0.01710781268775463,
      0.016763048246502876,
      0.017296597361564636,
      0.016761919483542442,
      0.01722114346921444,
      0.017242444679141045,
      0.01732654497027397,
      0.017561426386237144,
