{
   "number_epochs": 400,
   "info_used": "use imputation",
   "perc_full_data": 0.04,
   "n_epochs_no_selection": 0,
   "Frequency % cutoff": 0.33,
   "hidden_size": 32,
   "random_state": 12,
   "train_errors": [
      0.24528832733631134,
      0.16632859408855438,
      0.10376504808664322,
      0.06027672067284584,
      0.0385575108230114,
      0.03610025718808174,
      0.046154893934726715,
      0.0515870563685894,
      0.04595409333705902,
      0.03951987251639366,
      0.033777330070734024,
      0.03212283179163933,
      0.032928675413131714,
      0.033454470336437225,
      0.03406032547354698,
      0.03294871002435684,
      0.03152701258659363,
      0.031135663390159607,
      0.029601186513900757,
      0.029121363535523415,
      0.029402602463960648,
      0.029196836054325104,
      0.028828948736190796,
      0.027683574706315994,
      0.0275056604295969,
      0.02706746570765972,
      0.027245908975601196,
      0.027063420042395592,
      0.0252262931317091,
      0.025695456191897392,
      0.025460416451096535,
      0.025104055181145668,
      0.024936631321907043,
      0.024175144731998444,
      0.023961486294865608,
      0.02331661246716976,
      0.023830702528357506,
      0.02280195988714695,
      0.02313060499727726,
      0.02278776653110981,
      0.022268280386924744,
      0.02226739376783371,
      0.021856162697076797,
      0.02166682295501232,
      0.020961962640285492,
      0.022026613354682922,
      0.020555749535560608,
      0.02033255621790886,
      0.020465942099690437,
      0.020467553287744522,
      0.02002921886742115,
      0.01982237957417965,
      0.019693350419402122,
      0.018397770822048187,
      0.019561663269996643,
      0.01904427260160446,
      0.01864352449774742,
      0.01808641292154789,
      0.01860622689127922,
      0.018441153690218925,
      0.018702594563364983,
      0.017849063500761986,
      0.018765967339277267,
      0.017980679869651794,
      0.017413990572094917,
      0.017692146822810173,
      0.01745733432471752,
      0.01724199391901493,
      0.01697087660431862,
      0.016379736363887787,
      0.01706959307193756,
      0.016799332574009895,
      0.017910469323396683,
      0.017364392057061195,
      0.017141610383987427,
      0.016434399411082268,
      0.01773699000477791,
      0.01672394946217537,
      0.016487251967191696,
      0.016369711607694626,
      0.015938375145196915,
      0.016407640650868416,
      0.01655796729028225,
      0.016108347102999687,
      0.016283497214317322,
      0.016960181295871735,
      0.016453817486763,
      0.01561552844941616,
      0.015890860930085182,
      0.01604967750608921,
      0.01631634309887886,
      0.016178982332348824,
      0.016867943108081818,
      0.016834957525134087,
      0.016363251954317093,
      0.01576610468327999,
      0.016412632539868355,
      0.016815083101391792,
      0.015889892354607582,
      0.01599368453025818,
      0.015620540827512741,
      0.016279220581054688,
      0.016047844663262367,
      0.015791062265634537,
      0.015934990718960762,
      0.015578707680106163,
      0.015557894483208656,
      0.015611991286277771,
      0.016396410763263702,
      0.0167341697961092,
      0.0159271452575922,
      0.016140250489115715,
      0.015348173677921295,
      0.015320283360779285,
      0.01534329168498516,
      0.015987226739525795,
      0.015451937913894653,
      0.015082976780831814,
      0.0161114651709795,
      0.014623740687966347,
      0.016109997406601906,
      0.015476351603865623,
      0.01553940400481224,
      0.016054747626185417,
      0.015498560853302479,
      0.01525845192372799,
      0.015318728052079678,
      0.015135289169847965,
      0.015544832684099674,
      0.016343295574188232,
      0.014955670572817326,
      0.015632400289177895,
      0.015238258056342602,
      0.015248550102114677,
      0.015642814338207245,
      0.015257738530635834,
      0.01501456554979086,
      0.015446172095835209,
      0.015296080149710178,
      0.015574355609714985,
      0.01528080552816391,
      0.015138068236410618,
      0.015276415273547173,
      0.014453769661486149,
      0.015170862898230553,
      0.014231020584702492,
      0.014422780834138393,
      0.015685519203543663,
      0.01540195569396019,
      0.014798660762608051,
      0.014845095574855804,
      0.014424149878323078,
      0.01596968062222004,
      0.014638573862612247,
      0.014338980428874493,
      0.014646346680819988,
      0.015085305087268353,
      0.014860275201499462,
      0.015324924141168594,
      0.014802167192101479,
      0.014574551023542881,
      0.014148564077913761,
      0.014662515372037888,
      0.014643795788288116,
      0.014730357564985752,
      0.014889063313603401,
      0.014573133550584316,
      0.01466442085802555,
      0.014985896646976471,
      0.015235979110002518,
      0.015433023683726788,
      0.014785734005272388,
      0.01420501247048378,
      0.01462429016828537,
      0.014658420346677303,
      0.014685058034956455,
      0.014511939138174057,
      0.01391936931759119,
      0.014791491441428661,
      0.01451643742620945,
      0.014393658377230167,
      0.014212551526725292,
      0.014068164862692356,
      0.013609123416244984,
      0.014036469161510468,
      0.014828088693320751,
      0.014461887069046497,
      0.014040583744645119,
      0.01425324846059084,
      0.013712639920413494,
      0.014907322824001312,
      0.013816798105835915,
      0.013983319513499737,
      0.014203369617462158,
      0.013787761330604553,
      0.013592315837740898,
      0.014830069616436958,
      0.014118092134594917,
      0.015086818486452103,
      0.014242669567465782,
      0.013442075811326504,
      0.013413902372121811,
      0.01347917877137661,
      0.014584162272512913,
      0.013668683357536793,
      0.014706052839756012,
      0.014132070355117321,
      0.014570252038538456,
      0.013283319771289825,
      0.014362476766109467,
      0.013922863639891148,
      0.014069736935198307,
      0.013946841470897198,
      0.013406628742814064,
      0.013147903606295586,
      0.01442787703126669,
      0.013047349639236927,
      0.014777571894228458,
      0.013232706114649773,
      0.013895852491259575,
      0.013358025811612606,
      0.014172878116369247,
      0.013622806407511234,
      0.014266186393797398,
      0.013913840986788273,
      0.014966388233006,
      0.013378836214542389,
      0.013775506056845188,
      0.013656336814165115,
      0.01396227814257145,
      0.013734057545661926,
      0.013453525491058826,
      0.013736432418227196,
      0.0131840193644166,
      0.013947966508567333,
      0.013319665566086769,
      0.013796715997159481,
      0.013306556269526482,
      0.013421698473393917,
      0.01371777430176735,
      0.013049761764705181,
      0.014583713375031948,
      0.013503463007509708,
      0.01329400110989809,
      0.013448095880448818,
      0.014075432904064655,
      0.013646748848259449,
      0.013449553400278091,
      0.014338418841362,
      0.013265584595501423,
      0.013016661629080772,
      0.01516615692526102,
      0.01340879313647747,
      0.013619694858789444,
      0.013287544250488281,
      0.013656980358064175,
      0.013624200597405434,
      0.013166139833629131,
      0.013510370627045631,
      0.013834157958626747,
      0.01374424435198307,
      0.013348836451768875,
      0.01305234245955944,
      0.013598867692053318,
      0.013302210718393326,
      0.013414191082119942,
      0.013413779437541962,
      0.013808101415634155,
      0.013239920139312744,
      0.013080073520541191,
      0.013054464012384415,
      0.013076632283627987,
      0.013222773559391499,
      0.01369104441255331,
      0.013264483772218227,
      0.013452412560582161,
      0.013579937629401684,
      0.013277323916554451,
      0.012743616476655006,
      0.012647129595279694,
      0.013140224851667881,
