{
   "number_epochs": 300,
   "info_used": "use hypothesis",
   "perc_full_data": 0.015,
   "n_epochs_no_selection": 0,
   "Frequency % cutoff": 0.33,
   "hidden_size": 32,
   "random_state": 5,
   "train_errors": [
      0.027180537581443787,
      0.02278013713657856,
      0.013745267875492573,
      0.014942523092031479,
      0.013371771201491356,
      0.01290297694504261,
      0.013112529180943966,
      0.012835717760026455,
      0.012775246985256672,
      0.012229551561176777,
      0.012281178496778011,
      0.011837823316454887,
      0.011574557982385159,
      0.011313755996525288,
      0.011684787459671497,
      0.011740175075829029,
      0.01137661561369896,
      0.011887972243130207,
      0.012521849945187569,
      0.012120809406042099,
      0.012354490347206593,
      0.012536861933767796,
      0.012731789611279964,
      0.012967314571142197,
      0.013392478227615356,
      0.01397352572530508,
      0.012403115630149841,
      0.012892113998532295,
      0.01332936342805624,
      0.012322959490120411,
      0.012042799033224583,
      0.012767117470502853,
      0.012964341789484024,
      0.012453584000468254,
      0.012428227812051773,
      0.012433312833309174,
      0.012222148478031158,
      0.01273186132311821,
      0.014002849347889423,
      0.012086796574294567,
      0.01289090234786272,
      0.013058304786682129,
      0.01352932769805193,
      0.013818059116601944,
      0.014069861732423306,
      0.013246900402009487,
      0.014059524051845074,
      0.013678056187927723,
      0.014416688121855259,
      0.01376144215464592,
      0.01425972580909729,
      0.015370098873972893,
      0.015032355673611164,
      0.015563209541141987,
      0.014738564379513264,
      0.014868779107928276,
      0.015147366560995579,
      0.015196580439805984,
      0.01583458110690117,
      0.016125334426760674,
      0.015681199729442596,
      0.01635190099477768,
      0.015277396887540817,
      0.015912508592009544,
      0.016352297738194466,
      0.015721581876277924,
      0.015531276352703571,
      0.01587347872555256,
      0.01652255468070507,
      0.015851953998208046,
      0.016359765082597733,
      0.01644989661872387,
      0.01646401174366474,
      0.017613742500543594,
      0.016009055078029633,
      0.016487713903188705,
      0.01701250672340393,
      0.016330890357494354,
      0.01797386072576046,
      0.016426794230937958,
      0.017331913113594055,
      0.017340289428830147,
      0.016963424161076546,
      0.017364628612995148,
      0.016679687425494194,
      0.017050398513674736,
      0.01673748716711998,
      0.018103482201695442,
      0.01730368100106716,
      0.017354704439640045,
      0.016828427091240883,
      0.017675090581178665,
      0.01699862629175186,
      0.01666129007935524,
      0.017462976276874542,
      0.01790471002459526,
      0.017659461125731468,
      0.016812007874250412,
      0.01756102219223976,
      0.017554454505443573,
      0.017828933894634247,
      0.0177335012704134,
      0.01751672849059105,
      0.01732858084142208,
      0.0170736163854599,
      0.017086073756217957,
      0.01731056720018387,
      0.016428060829639435,
      0.016802094876766205,
      0.018430141732096672,
      0.016921471804380417,
      0.016478633508086205,
      0.017714453861117363,
      0.01781853660941124,
      0.018040845170617104,
      0.016441192477941513,
      0.01786610297858715,
      0.017482025548815727,
      0.017692916095256805,
      0.017670296132564545,
      0.017480792477726936,
      0.016947027295827866,
      0.01756417565047741,
      0.016650397330522537,
      0.017739005386829376,
      0.016774363815784454,
      0.018848158419132233,
      0.017788298428058624,
      0.017968636006116867,
      0.017278827726840973,
      0.017083927989006042,
      0.019070995971560478,
      0.015520792454481125,
      0.01800292171537876,
      0.016735581681132317,
      0.016748731955885887,
      0.0170595645904541,
      0.016779210418462753,
      0.01733626425266266,
      0.017526231706142426,
      0.017980044707655907,
      0.017815180122852325,
      0.017564885318279266,
      0.01786242425441742,
      0.01695486158132553,
      0.01759791374206543,
      0.017392929643392563,
      0.01746751181781292,
      0.016921713948249817,
      0.017579935491085052,
      0.017997896298766136,
      0.016813721507787704,
      0.016832955181598663,
      0.016751136630773544,
      0.01697429083287716,
      0.016993513330817223,
      0.017399124801158905,
      0.01691177859902382,
      0.017438344657421112,
      0.01711171492934227,
      0.017448902130126953,
      0.01799955405294895,
      0.01748841442167759,
      0.016525467857718468,
      0.01790563203394413,
      0.016530059278011322,
      0.017672613263130188,
      0.01662272773683071,
      0.01753680594265461,
      0.016298307105898857,
      0.017191044986248016,
      0.01680021546781063,
      0.01616395264863968,
      0.01832328923046589,
      0.016829481348395348,
      0.016717175021767616,
      0.01670266129076481,
      0.015661362558603287,
      0.016077904030680656,
      0.017387203872203827,
      0.01635219156742096,
      0.01818196289241314,
      0.018561221659183502,
      0.016334865242242813,
      0.016752153635025024,
      0.016665557399392128,
      0.017903722822666168,
      0.015636367723345757,
      0.017947902902960777,
      0.016225947067141533,
      0.0158395916223526,
      0.016692735254764557,
      0.016061551868915558,
      0.016485128551721573,
      0.01721799373626709,
      0.016142548993229866,
      0.016154266893863678,
      0.015555079095065594,
      0.017107151448726654,
      0.015811655670404434,
      0.01719404198229313,
      0.016509346663951874,
      0.015683908015489578,
      0.016358353197574615,
      0.016959134489297867,
      0.015279114246368408,
      0.01776009052991867,
      0.01587522216141224,
      0.016958273947238922,
      0.015878848731517792,
      0.015575584024190903,
      0.01718432456254959,
      0.015784194692969322,
      0.017710264772176743,
      0.01699908636510372,
      0.015371590852737427,
      0.017813334241509438,
      0.015340440906584263,
      0.016071947291493416,
      0.01628347672522068,
      0.01648246869444847,
      0.01581311970949173,
      0.016482306644320488,
      0.015744896605610847,
      0.017011020332574844,
      0.01600722037255764,
      0.01677780970931053,
      0.015427859500050545,
      0.0164242722094059,
      0.015600227750837803,
      0.017172763124108315,
      0.01592245325446129,
      0.01584974303841591,
      0.014910746365785599,
      0.01702755130827427,
      0.01562247984111309,
      0.017554910853505135,
      0.01495562307536602,
      0.01689158007502556,
      0.016487248241901398,
      0.014825929887592793,
      0.017163079231977463,
      0.015401233918964863,
      0.016297053545713425,
      0.01688910275697708,
      0.015608229674398899,
      0.016018783673644066,
      0.015318610705435276,
      0.01598636992275715,
      0.01505286619067192,
      0.017460430040955544,
      0.0149340545758605,
      0.01605280488729477,
      0.016333837062120438,
      0.0161423459649086,
      0.01594346947968006,
      0.015618273057043552,
      0.015957526862621307,
      0.015709038823843002,
      0.016701485961675644,
      0.015099853277206421,
      0.016223737969994545,
      0.016279714182019234,
      0.017289070412516594,
      0.015855425968766212,
      0.016249600797891617,
      0.017121756449341774,
      0.015258275903761387,
      0.017441578209400177,
      0.015016117133200169,
      0.016118761152029037,
      0.017372561618685722,
      0.014673935249447823,
      0.017112012952566147,
      0.01440658513456583,
      0.01697159931063652,
      0.01500166580080986,
      0.016263963654637337,
      0.016065629199147224,
      0.016681626439094543,
      0.015835577622056007,
