{
   "number_epochs": 300,
   "info_used": "use hypothesis",
   "perc_full_data": 0.015,
   "n_epochs_no_selection": 0,
   "Frequency % cutoff": 0.33,
   "hidden_size": 32,
   "random_state": 17,
   "train_errors": [
      0.01590166613459587,
      0.009621975012123585,
      0.009840790182352066,
      0.008659269660711288,
      0.008300920017063618,
      0.008669111877679825,
      0.008252834901213646,
      0.008347121998667717,
      0.008127512410283089,
      0.00829671137034893,
      0.00817156583070755,
      0.008126097731292248,
      0.008244848810136318,
      0.008086347952485085,
      0.007974677719175816,
      0.008045840077102184,
      0.008147574961185455,
      0.007889017462730408,
      0.008132178336381912,
      0.00792726967483759,
      0.008096683770418167,
      0.008085448294878006,
      0.008072007447481155,
      0.008019845001399517,
      0.008140568621456623,
      0.008001450449228287,
      0.007853803224861622,
      0.007962048053741455,
      0.008104909211397171,
      0.008060145191848278,
      0.00786450132727623,
      0.008033271878957748,
      0.008108364418148994,
      0.008010681718587875,
      0.00803377851843834,
      0.007936416193842888,
      0.008087888360023499,
      0.00808562058955431,
      0.008052000775933266,
      0.008144509047269821,
      0.007920882664620876,
      0.00797386933118105,
      0.007865559309720993,
      0.007989267818629742,
      0.007974253967404366,
      0.007937941700220108,
      0.008113523945212364,
      0.00800170935690403,
      0.007991218008100986,
      0.008082465268671513,
      0.00805208832025528,
      0.007958530448377132,
      0.008077594451606274,
      0.008130505681037903,
      0.008302337490022182,
      0.008172730915248394,
      0.008010005578398705,
      0.008089693263173103,
      0.008128596469759941,
      0.00812947005033493,
      0.008164854720234871,
      0.008252650499343872,
      0.008282502181828022,
      0.00810062512755394,
      0.008099105209112167,
      0.00809150468558073,
      0.008163499645888805,
      0.008094782009720802,
      0.008131147362291813,
      0.00778973288834095,
      0.008015532977879047,
      0.00794154778122902,
      0.00799386203289032,
      0.008103038184344769,
      0.008060190826654434,
      0.008124814368784428,
      0.008052290417253971,
      0.007925489917397499,
      0.007923341356217861,
      0.008202352561056614,
      0.008234875276684761,
      0.00796319916844368,
      0.007732422091066837,
      0.007957118563354015,
      0.007929271087050438,
      0.008123775944113731,
      0.00802946649491787,
      0.00795234926044941,
      0.00805729627609253,
      0.008079121820628643,
      0.007979419082403183,
      0.007784996647387743,
      0.008107529953122139,
      0.007979633286595345,
      0.00810207985341549,
      0.007954400032758713,
      0.008109784685075283,
      0.007901265285909176,
      0.007944833487272263,
      0.007928292267024517,
      0.00821132492274046,
      0.00821978971362114,
      0.0078664505854249,
      0.008028007112443447,
      0.007839544676244259,
      0.007829339243471622,
      0.008044390007853508,
      0.0078031388111412525,
      0.007980670779943466,
      0.008014927618205547,
      0.008155737072229385,
      0.008334876038134098,
      0.00816415622830391,
      0.00802894588559866,
      0.007985483855009079,
      0.007953817024827003,
      0.008208340033888817,
      0.008023972623050213,
      0.008005071431398392,
      0.007690737023949623,
      0.007983222603797913,
      0.007944930344820023,
      0.00784252304583788,
      0.007960635237395763,
      0.007877456955611706,
      0.008016823790967464,
      0.008034851402044296,
      0.007955774664878845,
      0.008150757290422916,
      0.008099484257400036,
      0.007872636429965496,
      0.007907460443675518,
      0.00783486943691969,
      0.007797198835760355,
      0.007999612018465996,
      0.007823484018445015,
      0.007891489192843437,
      0.008018865250051022,
      0.007841701619327068,
      0.007972235791385174,
      0.007854663766920567,
      0.008040590211749077,
      0.007963437587022781,
      0.008112662471830845,
      0.008040664717555046,
      0.008272561244666576,
      0.008129870519042015,
      0.007891356945037842,
      0.008033107034862041,
      0.008001135662198067,
      0.007990922778844833,
      0.007744938135147095,
      0.007679281290620565,
      0.00781745184212923,
      0.007956337183713913,
      0.008187022060155869,
      0.007959376089274883,
      0.007964923046529293,
      0.007753198500722647,
      0.008036426268517971,
      0.008167777210474014,
      0.007822052575647831,
      0.007748240604996681,
      0.007483641151338816,
      0.007768569048494101,
      0.007770339027047157,
      0.007853072136640549,
      0.008167441003024578,
      0.007788469549268484,
      0.007952122949063778,
      0.008075934834778309,
      0.007937186397612095,
      0.007815266959369183,
      0.007763789966702461,
      0.007846098393201828,
      0.007680018898099661,
      0.007861457765102386,
      0.007804293651133776,
      0.007790595293045044,
      0.00794827938079834,
      0.007766049820929766,
      0.007929057814180851,
      0.007943674921989441,
      0.008073892444372177,
      0.0076929363422095776,
      0.00795474462211132,
      0.008171508088707924,
      0.007979793474078178,
      0.007655763998627663,
      0.007838898338377476,
      0.007612517103552818,
      0.008038235828280449,
      0.008232656866312027,
      0.0076716989278793335,
      0.00800982117652893,
      0.007891606539487839,
      0.007809781469404697,
      0.008134530857205391,
      0.007884331047534943,
      0.007635153830051422,
      0.007962636649608612,
      0.007826047949492931,
      0.007831981405615807,
      0.007600517012178898,
      0.007812405005097389,
      0.007632948458194733,
      0.007868495769798756,
      0.0077157518826425076,
      0.007802173495292664,
      0.007723504677414894,
      0.007751475553959608,
      0.007931563071906567,
      0.007877165451645851,
      0.0076927682384848595,
      0.007869615219533443,
      0.007976622320711613,
      0.007974057458341122,
      0.007891508750617504,
      0.008070850744843483,
      0.007746398448944092,
      0.007847576402127743,
      0.007749504409730434,
      0.007906266488134861,
      0.008086472749710083,
      0.007735447026789188,
      0.007538302801549435,
      0.007836048491299152,
      0.007855410687625408,
      0.007791740819811821,
      0.007661494892090559,
      0.007652873173356056,
      0.008015462197363377,
      0.0077750226482748985,
      0.008008516393601894,
      0.007972405292093754,
      0.007695828098803759,
      0.007690222933888435,
      0.007918044924736023,
      0.007817435078322887,
      0.00795265194028616,
      0.007859463803470135,
      0.007581013720482588,
      0.007559401914477348,
      0.00786373857408762,
      0.007970357313752174,
      0.007764263078570366,
      0.007576858624815941,
      0.007552373688668013,
      0.007957101799547672,
      0.007676087319850922,
      0.007809384725987911,
      0.007793914061039686,
      0.00782450195401907,
      0.00764661468565464,
      0.0075429584830999374,
      0.007806580048054457,
      0.007636755704879761,
      0.007487041875720024,
      0.007774631027132273,
      0.007619451265782118,
      0.0075268130749464035,
      0.007585338316857815,
      0.007422206457704306,
      0.007661261595785618,
      0.007839618250727654,
      0.007623701356351376,
      0.007892075926065445,
      0.007806670386344194,
      0.0078835878521204,
      0.007656300440430641,
      0.007655898574739695,
      0.007632991299033165,
      0.007714518345892429,
      0.007853059098124504,
      0.0076974802650511265,
      0.007757864892482758,
      0.007706216536462307,
      0.0074944281950592995,
      0.00763882789760828,
