{
   "number_epochs": 300,
   "info_used": "use hypothesis",
   "perc_full_data": 0.015,
   "n_epochs_no_selection": 0,
   "Frequency % cutoff": 0.33,
   "hidden_size": 32,
   "random_state": 42,
   "train_errors": [
      0.018000904470682144,
      0.01811627298593521,
      0.015433553606271744,
      0.015347414650022984,
      0.015425246208906174,
      0.01516642328351736,
      0.014739381149411201,
      0.014752962626516819,
      0.01466559711843729,
      0.01497634220868349,
      0.014694567769765854,
      0.014807379804551601,
      0.01448171865195036,
      0.014851142652332783,
      0.014428462833166122,
      0.015319845639169216,
      0.015130279585719109,
      0.015466059558093548,
      0.014790413901209831,
      0.014896899461746216,
      0.015537391416728497,
      0.014896905981004238,
      0.01460220105946064,
      0.014135663397610188,
      0.015414919704198837,
      0.015411358326673508,
      0.016052544116973877,
      0.014071330428123474,
      0.015200870111584663,
      0.014570493251085281,
      0.014382019639015198,
      0.01587134413421154,
      0.014437807723879814,
      0.015153045766055584,
      0.01553298719227314,
      0.015156742185354233,
      0.014634913764894009,
      0.01480459701269865,
      0.014198551885783672,
      0.014368487522006035,
      0.014105048030614853,
      0.01466315146535635,
      0.015104265883564949,
      0.014731277711689472,
      0.01445088442414999,
      0.014469984918832779,
      0.014865110628306866,
      0.013929452747106552,
      0.014636676758527756,
      0.014411047101020813,
      0.013906781561672688,
      0.014879213646054268,
      0.014768236316740513,
      0.0143628204241395,
      0.014638440683484077,
      0.014400352723896503,
      0.014428502880036831,
      0.01484613586217165,
      0.01405938807874918,
      0.014366237446665764,
      0.015106316655874252,
      0.014415300451219082,
      0.014371669851243496,
      0.015482783317565918,
      0.014365803450345993,
      0.014700452797114849,
      0.014771423302590847,
      0.014306819997727871,
      0.014599421061575413,
      0.014755982905626297,
      0.014249765314161777,
      0.01506572961807251,
      0.014378488063812256,
      0.0144249452278018,
      0.01570863276720047,
      0.014711808413267136,
      0.015149136073887348,
      0.014775416813790798,
      0.014781845733523369,
      0.014851192943751812,
      0.015184377320110798,
      0.01503545418381691,
      0.014636531472206116,
      0.014959556981921196,
      0.014879831112921238,
      0.01580400951206684,
      0.01558608841150999,
      0.015494678169488907,
      0.015416602604091167,
      0.014311428181827068,
      0.015368867665529251,
      0.015610367059707642,
      0.015152661129832268,
      0.01585542783141136,
      0.01609552651643753,
      0.015854449942708015,
      0.015825914219021797,
      0.01510534156113863,
      0.015661632642149925,
      0.01586916297674179,
      0.016114836558699608,
      0.015597179532051086,
      0.016019025817513466,
      0.016440551728010178,
      0.01565137878060341,
      0.015744920819997787,
      0.015959160402417183,
      0.01508939266204834,
      0.016103552654385567,
      0.015679482370615005,
      0.015621084719896317,
      0.01662190444767475,
      0.01607479527592659,
      0.016350366175174713,
      0.015809832140803337,
      0.015779681503772736,
      0.016556791961193085,
      0.016045011579990387,
      0.016361061483621597,
      0.016332704573869705,
      0.016888195648789406,
      0.01642461121082306,
      0.016001468524336815,
      0.016931060701608658,
      0.016343822702765465,
      0.01617567613720894,
      0.016681917011737823,
      0.01642058975994587,
      0.015801571309566498,
      0.01654568687081337,
      0.016093311831355095,
      0.016224870458245277,
      0.015988336876034737,
      0.01648326776921749,
      0.01682690531015396,
      0.01685420796275139,
      0.01607072539627552,
      0.016866259276866913,
      0.01577993854880333,
      0.01709860749542713,
      0.01660371758043766,
      0.016411371529102325,
      0.016127072274684906,
      0.01573953777551651,
      0.01642073318362236,
      0.0170303788036108,
      0.01712336391210556,
      0.016615910455584526,
      0.01670704036951065,
      0.016657056286931038,
      0.015840424224734306,
      0.016284234821796417,
      0.016678091138601303,
      0.017085425555706024,
      0.016396164894104004,
      0.016515469178557396,
      0.01568535901606083,
      0.01625186949968338,
      0.01654333434998989,
      0.016623480245471,
      0.016595469787716866,
      0.01656145602464676,
      0.017855459824204445,
      0.016453392803668976,
      0.016117596998810768,
      0.0174302626401186,
      0.016896605491638184,
      0.0163258109241724,
      0.016628535464406013,
      0.016409311443567276,
      0.016151776537299156,
      0.01644206792116165,
      0.017261214554309845,
      0.01600019633769989,
      0.01658131182193756,
      0.016620690003037453,
      0.015540990978479385,
      0.016643309965729713,
      0.01627630740404129,
      0.01569538563489914,
      0.016469845548272133,
      0.016055114567279816,
      0.016025055199861526,
      0.01551749650388956,
      0.016488928347826004,
      0.017095858231186867,
      0.016098253428936005,
      0.01611306145787239,
      0.01610502600669861,
      0.016222484409809113,
      0.016090653836727142,
      0.016168002039194107,
      0.0165427066385746,
      0.016284635290503502,
      0.01631179079413414,
      0.01713208667933941,
      0.015861930325627327,
      0.016303883865475655,
      0.01603524386882782,
      0.01590319722890854,
      0.016221927478909492,
      0.016840368509292603,
      0.0161499734967947,
      0.016689958050847054,
      0.01669458858668804,
      0.015924673527479172,
      0.016776785254478455,
      0.016411971300840378,
      0.01701868325471878,
      0.016738716512918472,
      0.016773050650954247,
      0.016586333513259888,
      0.016999509185552597,
      0.016476202756166458,
      0.01679138094186783,
      0.01684056967496872,
      0.01646207459270954,
      0.016830196604132652,
      0.017450759187340736,
      0.01721734181046486,
      0.01734274812042713,
      0.01628970541059971,
      0.01626044325530529,
      0.01650051213800907,
      0.016558706760406494,
      0.017130684107542038,
      0.016585851088166237,
      0.016850700601935387,
      0.017701439559459686,
      0.017340242862701416,
      0.017733437940478325,
      0.01704045943915844,
      0.01777985319495201,
      0.017689019441604614,
      0.017145995050668716,
      0.017995931208133698,
      0.01709717884659767,
      0.01715087704360485,
      0.01711348071694374,
      0.017411282286047935,
      0.017228271812200546,
      0.01825755462050438,
      0.01754019409418106,
      0.01699286513030529,
      0.01766759157180786,
      0.017030946910381317,
      0.017798656597733498,
      0.018396612256765366,
      0.01729079894721508,
      0.01714877039194107,
      0.018411364406347275,
      0.01864408329129219,
      0.017584634944796562,
      0.017500799149274826,
      0.017457671463489532,
      0.0165836364030838,
      0.018388263881206512,
      0.018089838325977325,
      0.017485065385699272,
      0.01840575784444809,
      0.01795348711311817,
      0.017377730458974838,
      0.018284117802977562,
      0.01734195090830326,
      0.018231766298413277,
      0.017752546817064285,
      0.018107470124959946,
      0.018686965107917786,
      0.01783159375190735,
      0.01853935234248638,
      0.017697500064969063,
      0.019306382164359093,
      0.018742913380265236,
      0.018034465610980988,
      0.01739078015089035,
      0.017128506675362587,
      0.01750842109322548,
      0.017551541328430176,
      0.01733398623764515,
      0.01787682995200157,
      0.017466427758336067,
