{
   "number_epochs": 300,
   "info_used": "use hypothesis",
   "perc_full_data": 0.015,
   "n_epochs_no_selection": 0,
   "Frequency % cutoff": 0.33,
   "hidden_size": 32,
   "random_state": 31,
   "train_errors": [
      0.004480977542698383,
      0.004888641182333231,
      0.005727618932723999,
      0.006083587650209665,
      0.006629821378737688,
      0.00619572214782238,
      0.006412924733012915,
      0.006843715440481901,
      0.006680645514279604,
      0.006994461640715599,
      0.006785005796700716,
      0.0069700381718575954,
      0.006799543742090464,
      0.007497194688767195,
      0.007901348173618317,
      0.007990789599716663,
      0.00767027772963047,
      0.007549916859716177,
      0.00800545234233141,
      0.008380214683711529,
      0.007828276604413986,
      0.008381947875022888,
      0.008715678937733173,
      0.009283004328608513,
      0.008400463499128819,
      0.008470439352095127,
      0.008942985907196999,
      0.008381899446249008,
      0.008955326862633228,
      0.009349668398499489,
      0.008913937956094742,
      0.009494488127529621,
      0.01085714902728796,
      0.010217994451522827,
      0.01005683932453394,
      0.01055203191936016,
      0.0104697709903121,
      0.010531280189752579,
      0.011203489266335964,
      0.010597978718578815,
      0.011262270621955395,
      0.011151322163641453,
      0.011857975274324417,
      0.012589490972459316,
      0.011682074517011642,
      0.012141052633523941,
      0.01218044850975275,
      0.012485204264521599,
      0.011372778564691544,
      0.013159806840121746,
      0.01253452431410551,
      0.012457875534892082,
      0.01328464224934578,
      0.01303756795823574,
      0.012369857169687748,
      0.013617211021482944,
      0.01391838863492012,
      0.012724978849291801,
      0.011606884188950062,
      0.012011384591460228,
      0.013775398023426533,
      0.01366054080426693,
      0.012354176491498947,
      0.0138029670342803,
      0.014357473701238632,
      0.013032183051109314,
      0.013703861273825169,
      0.014226434752345085,
      0.013327490538358688,
      0.01347347442060709,
      0.01302975695580244,
      0.012692221440374851,
      0.012538067065179348,
      0.01350650005042553,
      0.011991492472589016,
      0.013209925033152103,
      0.013281794264912605,
      0.012109854258596897,
      0.013283582404255867,
      0.013945003040134907,
      0.013940155506134033,
      0.014660373330116272,
      0.013564195483922958,
      0.013302791863679886,
      0.014781313017010689,
      0.013320584781467915,
      0.013891790993511677,
      0.014415813609957695,
      0.01458248496055603,
      0.01399168185889721,
      0.014536138623952866,
      0.01269802637398243,
      0.014221357181668282,
      0.014356020838022232,
      0.014031016267836094,
      0.015576321631669998,
      0.014166519045829773,
      0.015300262719392776,
      0.013823755085468292,
      0.015569282695651054,
      0.014608845114707947,
      0.014354556798934937,
      0.015244673006236553,
      0.015912363305687904,
      0.014671479351818562,
      0.015819529071450233,
      0.015105941332876682,
      0.014272289350628853,
      0.01644381321966648,
      0.015209549106657505,
      0.013626147992908955,
      0.01468929834663868,
      0.015900151804089546,
      0.01627086102962494,
      0.014076139777898788,
      0.016132080927491188,
      0.015124009922146797,
      0.01581510901451111,
      0.013257594779133797,
      0.014705870300531387,
      0.01557039562612772,
      0.013541964814066887,
      0.01641523651778698,
      0.014949641190469265,
      0.01410437747836113,
      0.016140200197696686,
      0.01624305732548237,
      0.01610848680138588,
      0.01406305655837059,
      0.015315111726522446,
      0.016513610258698463,
      0.01697736419737339,
      0.015444591641426086,
      0.015969421714544296,
      0.0178060345351696,
      0.01751105859875679,
      0.017172666266560555,
      0.01685401052236557,
      0.017587170004844666,
      0.018267886713147163,
      0.01739480160176754,
      0.018816305324435234,
      0.016880327835679054,
      0.018651651218533516,
      0.01594453863799572,
      0.017129795625805855,
      0.01821880042552948,
      0.01642652042210102,
      0.017018524929881096,
      0.019209368154406548,
      0.017912674695253372,
      0.01756281591951847,
      0.018558941781520844,
      0.018749995157122612,
      0.017555855214595795,
      0.018543459475040436,
      0.017854802310466766,
      0.016872772946953773,
      0.01820039004087448,
      0.01726699434220791,
      0.018448125571012497,
      0.017673900350928307,
      0.017560571432113647,
      0.01713571697473526,
      0.016444209963083267,
      0.01918759196996689,
      0.01719829812645912,
      0.01923709362745285,
      0.0174869392067194,
      0.016996163874864578,
      0.018310170620679855,
      0.01717934012413025,
      0.019221670925617218,
      0.01678442768752575,
      0.017053866758942604,
      0.018748827278614044,
      0.017311133444309235,
      0.020655283704400063,
      0.018588006496429443,
      0.020074862986803055,
      0.018183482810854912,
      0.01940433867275715,
      0.019744765013456345,
      0.018306531012058258,
      0.01730196923017502,
      0.019202424213290215,
      0.018223736435174942,
      0.018831150606274605,
      0.019071640446782112,
      0.01974400132894516,
      0.01979949325323105,
      0.02086012437939644,
      0.019267015159130096,
      0.019588656723499298,
      0.019318655133247375,
      0.019851677119731903,
      0.01881144568324089,
      0.020157834514975548,
      0.019481563940644264,
      0.019922485575079918,
      0.016450367867946625,
      0.020857997238636017,
      0.01877748966217041,
      0.01747073046863079,
      0.01998525857925415,
      0.019792241975665092,
      0.020609455183148384,
      0.020312033593654633,
      0.020211752504110336,
      0.022620506584644318,
      0.019027169793844223,
      0.018411561846733093,
      0.01992516964673996,
      0.018839983269572258,
      0.020292779430747032,
      0.020007146522402763,
      0.020444590598344803,
      0.01885940507054329,
      0.019820157438516617,
      0.02029319480061531,
      0.020296543836593628,
      0.021726515144109726,
      0.019439540803432465,
      0.02093574032187462,
      0.021258635446429253,
      0.020237673074007034,
      0.021457653492689133,
      0.019485237076878548,
      0.020906668156385422,
      0.020030371844768524,
      0.019564978778362274,
      0.0222198236733675,
      0.022097669541835785,
      0.020505012944340706,
      0.02260412462055683,
      0.020566267892718315,
      0.021252863109111786,
      0.01847977563738823,
      0.022502567619085312,
      0.01842031069099903,
      0.020454900339245796,
      0.020479360595345497,
      0.021624144166707993,
      0.02077162265777588,
      0.021944308653473854,
      0.023166872560977936,
      0.02366418018937111,
      0.0212957002222538,
      0.02281729131937027,
      0.021732168272137642,
      0.021715281531214714,
      0.022728700190782547,
      0.02123917080461979,
      0.02112734131515026,
      0.020234476774930954,
      0.02408672496676445,
      0.021481966599822044,
      0.022628054022789,
      0.023330358788371086,
      0.024719156324863434,
      0.02296607755124569,
      0.020068539306521416,
      0.02247009426355362,
      0.02379053272306919,
      0.024151617661118507,
      0.023971648886799812,
      0.023368019610643387,
      0.022077523171901703,
      0.0227965097874403,
      0.022155148908495903,
      0.024207832291722298,
      0.02338387817144394,
      0.023572998121380806,
      0.025717534124851227,
      0.023892518132925034,
      0.023025844246149063,
      0.024168722331523895,
      0.022607117891311646,
      0.023171281442046165,
      0.023364141583442688,
      0.022240174934267998,
