{
   "number_epochs": 300,
   "info_used": "use hypothesis",
   "perc_full_data": 0.015,
   "n_epochs_no_selection": 0,
   "Frequency % cutoff": 0.33,
   "hidden_size": 32,
   "random_state": 38,
   "train_errors": [
      0.011014408431947231,
      0.008829677477478981,
      0.0078265480697155,
      0.0079668452963233,
      0.008077207021415234,
      0.007891264744102955,
      0.007687755860388279,
      0.007682675961405039,
      0.007625657599419355,
      0.007415642961859703,
      0.007509786169975996,
      0.007396308239549398,
      0.007169141434133053,
      0.007218141574412584,
      0.007297011557966471,
      0.007145126815885305,
      0.007176459766924381,
      0.0073834192007780075,
      0.007479893509298563,
      0.0075409868732094765,
      0.007730080746114254,
      0.008106154389679432,
      0.00848125759512186,
      0.008602854795753956,
      0.009322306141257286,
      0.010391815565526485,
      0.011312287300825119,
      0.012923043221235275,
      0.015173805877566338,
      0.014598233625292778,
      0.016951769590377808,
      0.015187891200184822,
      0.017684206366539,
      0.01882321946322918,
      0.018045730888843536,
      0.018987437710165977,
      0.019122442230582237,
      0.020596690475940704,
      0.018599364906549454,
      0.01865219511091709,
      0.01953759789466858,
      0.017575345933437347,
      0.0184455756098032,
      0.018043212592601776,
      0.017663372680544853,
      0.017001165077090263,
      0.018044473603367805,
      0.0182451494038105,
      0.01683531329035759,
      0.01785002276301384,
      0.017515990883111954,
      0.017850007861852646,
      0.0181867815554142,
      0.01693100854754448,
      0.018290482461452484,
      0.01845068670809269,
      0.016371792182326317,
      0.01758093386888504,
      0.018390141427516937,
      0.018347326666116714,
      0.01780097931623459,
      0.01732691563665867,
      0.0171724371612072,
      0.018886007368564606,
      0.018077531829476357,
      0.017781969159841537,
      0.017581820487976074,
      0.018902473151683807,
      0.01847032457590103,
      0.01843404583632946,
      0.01705499179661274,
      0.016686048358678818,
      0.01671208254992962,
      0.01727908104658127,
      0.017199641093611717,
      0.018243899568915367,
      0.018289538100361824,
      0.019039336591959,
      0.01670183055102825,
      0.01825396530330181,
      0.018088435754179955,
      0.01713664084672928,
      0.01788860559463501,
      0.01723702996969223,
      0.01683720014989376,
      0.019696610048413277,
      0.016086913645267487,
      0.01850920170545578,
      0.017735276371240616,
      0.019494762644171715,
      0.017018254846334457,
      0.01783543825149536,
      0.017039809376001358,
      0.017373554408550262,
      0.01822577975690365,
      0.017227934673428535,
      0.01807919517159462,
      0.016427602618932724,
      0.01759149134159088,
      0.017701350152492523,
      0.0176114309579134,
      0.016238579526543617,
      0.01876082643866539,
      0.019507447257637978,
      0.017131397500634193,
      0.020009636878967285,
      0.017145028337836266,
      0.018349414691329002,
      0.017661867663264275,
      0.017850521951913834,
      0.017659856006503105,
      0.017622634768486023,
      0.017554692924022675,
      0.01821266859769821,
      0.01845187321305275,
      0.018072549253702164,
      0.018344305455684662,
      0.01805805042386055,
      0.01769287697970867,
      0.017524603754281998,
      0.018649615347385406,
      0.017553245648741722,
      0.01930217258632183,
      0.01717352122068405,
      0.016160570085048676,
      0.01889348030090332,
      0.018154241144657135,
      0.016512371599674225,
      0.01811324805021286,
      0.019088633358478546,
      0.019035333767533302,
      0.017938481643795967,
      0.019206784665584564,
      0.01788696087896824,
      0.018431013450026512,
      0.017668094485998154,
      0.01814965158700943,
      0.020087264478206635,
      0.017350241541862488,
      0.019918153062462807,
      0.01769224926829338,
      0.017572103068232536,
      0.019105704501271248,
      0.01910034567117691,
      0.01888204924762249,
      0.019019223749637604,
      0.01970774680376053,
      0.019604366272687912,
      0.01976483128964901,
      0.01894591562449932,
      0.017952915281057358,
      0.017887523397803307,
      0.0184769444167614,
      0.018122637644410133,
      0.018334610387682915,
      0.018612606450915337,
      0.018883584067225456,
      0.018371568992733955,
      0.018720360472798347,
      0.019115518778562546,
      0.01738296076655388,
      0.019220709800720215,
      0.017226427793502808,
      0.01809883862733841,
      0.018569353967905045,
      0.0179440900683403,
      0.018607350066304207,
      0.0173359252512455,
      0.01890477165579796,
      0.018161701038479805,
      0.019217031076550484,
      0.01706819422543049,
      0.01751815341413021,
      0.01708907075226307,
      0.016431335359811783,
      0.015898846089839935,
      0.017881548032164574,
      0.018638314679265022,
      0.01743961125612259,
      0.017826611176133156,
      0.017656954005360603,
      0.018488844856619835,
      0.018953746184706688,
      0.01817438378930092,
      0.017252055928111076,
      0.0174514539539814,
      0.016279378905892372,
      0.01786155067384243,
      0.017989538609981537,
      0.018307015299797058,
      0.01774381473660469,
      0.018529612571001053,
      0.0165973249822855,
      0.018041323870420456,
      0.017891474068164825,
      0.017761798575520515,
      0.01750607043504715,
      0.01729676127433777,
      0.01845673657953739,
      0.01732380874454975,
      0.018055962398648262,
      0.0168121550232172,
      0.01820218376815319,
      0.016980182379484177,
      0.017492232844233513,
      0.019654182717204094,
      0.01735828071832657,
      0.017372362315654755,
      0.017478980123996735,
      0.016957558691501617,
      0.01827099174261093,
      0.017642367631196976,
      0.017032526433467865,
      0.017864743247628212,
      0.01690203696489334,
      0.017722755670547485,
      0.01754235476255417,
      0.017458802089095116,
      0.017352117225527763,
      0.01750963181257248,
      0.017314108088612556,
      0.017640091478824615,
      0.017323346808552742,
      0.017661647871136665,
      0.017066175118088722,
      0.01715194806456566,
      0.017100093886256218,
      0.018109643831849098,
      0.017775634303689003,
      0.016686098650097847,
      0.01790742389857769,
      0.017576685175299644,
      0.018079524859786034,
      0.017595089972019196,
      0.01752360910177231,
      0.018470635637640953,
      0.01657486893236637,
      0.017273925244808197,
      0.01775761879980564,
      0.01834953762590885,
      0.01799101196229458,
      0.016929928213357925,
      0.017939100041985512,
      0.01745639182627201,
      0.017685778439044952,
      0.01813800074160099,
      0.017380718141794205,
      0.017757827416062355,
      0.016816774383187294,
      0.01764899119734764,
      0.018367839977145195,
      0.018104951828718185,
      0.01658189855515957,
      0.017568480223417282,
      0.01701314002275467,
      0.01724303513765335,
      0.018524514511227608,
      0.017136963084340096,
      0.01711118407547474,
      0.017502471804618835,
      0.017473600804805756,
      0.017818015068769455,
      0.017404519021511078,
      0.01605749875307083,
      0.017572324723005295,
      0.01632160320878029,
      0.017260335385799408,
      0.017392762005329132,
      0.017664756625890732,
      0.016861559823155403,
      0.017988286912441254,
      0.016684601083397865,
      0.018498871475458145,
      0.016678499057888985,
      0.017571039497852325,
      0.01713947020471096,
      0.01779649406671524,
      0.018699275329709053,
      0.01756495237350464,
      0.01783003844320774,
      0.0186779648065567,
      0.018491629511117935,
