{
   "number_epochs": 300,
   "info_used": "use hypothesis",
   "perc_full_data": 0.015,
   "n_epochs_no_selection": 0,
   "Frequency % cutoff": 0.33,
   "hidden_size": 32,
   "random_state": 26,
   "train_errors": [
      0.010138357058167458,
      0.008275099098682404,
      0.008513174019753933,
      0.00811751838773489,
      0.007869829423725605,
      0.007766130845993757,
      0.00770872738212347,
      0.007698532659560442,
      0.007671930827200413,
      0.007872904650866985,
      0.007589408196508884,
      0.007445923052728176,
      0.007646290119737387,
      0.007642672397196293,
      0.007322703953832388,
      0.007333885412663221,
      0.007698312401771545,
      0.007436908781528473,
      0.007865152321755886,
      0.008287381380796432,
      0.007375629618763924,
      0.007738778833299875,
      0.008115965873003006,
      0.008626390248537064,
      0.00910665187984705,
      0.009400660172104836,
      0.009509695693850517,
      0.009865273721516132,
      0.010487450286746025,
      0.010285118594765663,
      0.010408232919871807,
      0.011462328024208546,
      0.012577937915921211,
      0.011323939077556133,
      0.010592974722385406,
      0.012516176328063011,
      0.013309107162058353,
      0.013116572052240372,
      0.012035148218274117,
      0.012922416441142559,
      0.01344117522239685,
      0.014373979531228542,
      0.014620876871049404,
      0.015736721456050873,
      0.01684335432946682,
      0.016682488843798637,
      0.014204386621713638,
      0.011542096734046936,
      0.017878374084830284,
      0.020355163142085075,
      0.01453047152608633,
      0.017080996185541153,
      0.01821638084948063,
      0.01819138415157795,
      0.01832643896341324,
      0.019276920706033707,
      0.01714741438627243,
      0.017493225634098053,
      0.016047650948166847,
      0.01848725788295269,
      0.013906922191381454,
      0.013914985582232475,
      0.015911748632788658,
      0.016004659235477448,
      0.018244661390781403,
      0.01787201687693596,
      0.013518920168280602,
      0.015669146552681923,
      0.016132527962327003,
      0.015262599103152752,
      0.016510270535945892,
      0.012554081156849861,
      0.012372703291475773,
      0.014706088230013847,
      0.013800708577036858,
      0.013410348445177078,
      0.014980441890656948,
      0.014810032211244106,
      0.014644899405539036,
      0.012364747934043407,
      0.014572812244296074,
      0.01265131775289774,
      0.012836392968893051,
      0.01805443875491619,
      0.011678477749228477,
      0.014072216115891933,
      0.014047899283468723,
      0.012213668785989285,
      0.014653348363935947,
      0.012088772840797901,
      0.01259518414735794,
      0.013087158091366291,
      0.011639806441962719,
      0.012991462834179401,
      0.012468003667891026,
      0.01159756164997816,
      0.012331923469901085,
      0.012555628083646297,
      0.011918319389224052,
      0.01241245400160551,
      0.011045711115002632,
      0.01194627396762371,
      0.011668122373521328,
      0.011453991755843163,
      0.014282386749982834,
      0.014327440410852432,
      0.012626863084733486,
      0.012172597460448742,
      0.012027192860841751,
      0.012415813282132149,
      0.011268895119428635,
      0.012314509600400925,
      0.010904681868851185,
      0.01491011306643486,
      0.011460360139608383,
      0.010346392169594765,
      0.011182640679180622,
      0.011546019464731216,
      0.010931815020740032,
      0.010796989314258099,
      0.011316660791635513,
      0.010619716718792915,
      0.011757110245525837,
      0.0130244055762887,
      0.01011132076382637,
      0.009412143379449844,
      0.010889071971178055,
      0.011147989891469479,
      0.010720469057559967,
      0.011023152619600296,
      0.01176485512405634,
      0.011029116809368134,
      0.0120474798604846,
      0.01150974165648222,
      0.011336149647831917,
      0.010603918693959713,
      0.011476106010377407,
      0.010251272469758987,
      0.011288804933428764,
      0.010663357563316822,
      0.011218548752367496,
      0.011015504598617554,
      0.010470368899405003,
      0.010422303341329098,
      0.011987837962806225,
      0.011534878052771091,
      0.011285219341516495,
      0.01130342110991478,
      0.009997772984206676,
      0.010995997115969658,
      0.011739358305931091,
      0.011213923804461956,
      0.012424449436366558,
      0.012545813806355,
      0.012431983835995197,
      0.01070405077189207,
      0.009741198271512985,
      0.011237305589020252,
      0.01128497812896967,
      0.01138842012733221,
      0.010228755883872509,
      0.011684490367770195,
      0.012065067887306213,
      0.011361271142959595,
      0.013077866286039352,
      0.011799629777669907,
      0.011126660741865635,
      0.012189168483018875,
      0.010721924714744091,
      0.011323117651045322,
      0.011022653430700302,
      0.011481091380119324,
      0.011254262179136276,
      0.011836400255560875,
      0.01044315192848444,
      0.010905478149652481,
      0.011022049933671951,
      0.010102644562721252,
      0.011549378745257854,
      0.01076380256563425,
      0.011067233048379421,
      0.01074559148401022,
      0.010909215547144413,
      0.010374492965638638,
      0.010464455932378769,
      0.010737357661128044,
      0.01034050527960062,
      0.010476972907781601,
      0.012419153936207294,
      0.010805987752974033,
      0.011083639226853848,
      0.010502601973712444,
      0.011104555800557137,
      0.0109519362449646,
      0.010470764711499214,
      0.010529130697250366,
      0.010969915427267551,
      0.010799556970596313,
      0.010660582222044468,
      0.01046698447316885,
      0.01249486580491066,
      0.01280479971319437,
      0.010474965907633305,
      0.010827829129993916,
      0.011045495979487896,
      0.011369813233613968,
      0.010492386296391487,
      0.01244404073804617,
      0.011044957675039768,
      0.012136449106037617,
      0.013338779099285603,
      0.011012529954314232,
      0.009797307662665844,
      0.01136730331927538,
      0.012749355286359787,
      0.01001956406980753,
      0.009603231213986874,
      0.01154851820319891,
      0.013204753398895264,
      0.011636643670499325,
      0.009784821420907974,
      0.01034483127295971,
      0.011764083988964558,
      0.012207075953483582,
      0.011987697333097458,
      0.010273451916873455,
      0.010770454071462154,
      0.011153347790241241,
      0.01168516743928194,
      0.011214268393814564,
      0.011495988816022873,
      0.011674483306705952,
      0.010273237712681293,
      0.012005755677819252,
      0.011820150539278984,
      0.010845381766557693,
      0.012136963196098804,
      0.010950179770588875,
      0.012638351880013943,
      0.011306858621537685,
      0.010713048279285431,
      0.011287749744951725,
      0.011306419037282467,
      0.011514590121805668,
      0.011376945301890373,
      0.012133022770285606,
      0.010187442414462566,
      0.01074055302888155,
      0.011593235656619072,
      0.011213243007659912,
      0.011166736483573914,
      0.01051501277834177,
      0.010894092731177807,
      0.011323665268719196,
      0.012698587030172348,
      0.011549126356840134,
      0.013042669743299484,
      0.013088100589811802,
      0.013379083015024662,
      0.01113362517207861,
      0.009559654630720615,
      0.01221003569662571,
      0.012556752189993858,
      0.012217419221997261,
      0.011472861282527447,
      0.011794790625572205,
      0.012037302367389202,
      0.011450124904513359,
      0.011869712732732296,
      0.01198213268071413,
      0.012189986184239388,
      0.010928931646049023,
      0.0101110078394413,
      0.011039292439818382,
      0.013434257358312607,
      0.01267370954155922,
      0.012072544544935226,
      0.01035971287637949,
      0.010974096134305,
      0.010345841757953167,
